po_id,order_date,store_id,supplier_id,status,total_units,total_cost
PO00001,2025-01-07,S01,SUP002,Received,233,1034.52
PO00002,2025-01-16,S01,SUP006,Received,237,978.81
PO00003,2025-01-27,S01,SUP002,Received,233,1034.52
PO00004,2025-02-05,S01,SUP006,Received,225,929.25
PO00005,2025-02-14,S01,SUP002,Received,231,1025.64
PO00006,2025-02-23,S01,SUP002,Received,244,1083.36
PO00007,2025-03-04,S01,SUP002,Received,227,1007.88
PO00008,2025-03-13,S01,SUP002,Received,239,1061.16
PO00009,2025-03-22,S01,SUP002,Received,247,1096.68
PO00010,2025-03-31,S01,SUP006,Received,224,925.12
PO00011,2025-04-08,S01,SUP002,Received,232,1030.08
PO00012,2025-04-17,S01,SUP006,Received,238,982.94
PO00013,2025-04-26,S01,SUP006,Received,247,1020.11
PO00014,2025-05-05,S01,SUP006,Received,225,929.25
PO00015,2025-05-15,S01,SUP006,Received,249,1028.37
PO00016,2025-05-25,S01,SUP006,Received,248,1024.24
PO00017,2025-06-05,S01,SUP002,Received,248,1101.12
PO00018,2025-06-14,S01,SUP002,Received,229,1016.76
PO00019,2025-06-24,S01,SUP002,Received,226,1003.44
PO00020,2025-07-06,S01,SUP006,Received,232,958.16
PO00021,2025-07-17,S01,SUP006,Received,229,945.77
PO00022,2025-07-27,S01,SUP002,Received,230,1021.2
PO00023,2025-08-07,S01,SUP002,Received,236,1047.84
PO00024,2025-08-18,S01,SUP002,Received,224,994.56
PO00025,2025-09-01,S01,SUP006,Received,242,999.46
PO00026,2025-09-15,S01,SUP006,Received,231,954.03
PO00027,2025-09-28,S01,SUP002,Received,231,1025.64
PO00028,2025-10-11,S01,SUP006,Received,231,954.03
PO00029,2025-10-23,S01,SUP006,Received,225,929.25
PO00030,2025-11-04,S01,SUP006,Received,227,937.51
PO00031,2025-11-16,S01,SUP006,Received,252,1040.76
PO00032,2025-11-28,S01,SUP006,Received,228,941.64
PO00033,2025-12-09,S01,SUP002,Received,228,1012.32
PO00034,2025-12-20,S01,SUP002,Received,236,1047.84
PO00035,2025-12-31,S01,SUP002,Received,233,1034.52
PO00036,2025-01-14,S01,SUP008,Received,262,2986.8
PO00037,2025-02-17,S01,SUP005,Received,271,3482.35
PO00038,2025-03-22,S01,SUP005,Received,271,3482.35
PO00039,2025-04-24,S01,SUP007,Received,263,3016.61
PO00040,2025-05-27,S01,SUP005,Received,270,3469.5
PO00041,2025-07-03,S01,SUP005,Received,260,3341.0
PO00042,2025-08-13,S01,SUP008,Received,270,3078.0
PO00043,2025-09-24,S01,SUP005,Received,265,3405.25
PO00044,2025-11-04,S01,SUP005,Received,263,3379.55
PO00045,2025-12-16,S01,SUP007,Received,264,3028.08
PO00046,2025-01-17,S01,SUP007,Received,241,1821.96
PO00047,2025-02-10,S01,SUP007,Received,234,1769.04
PO00048,2025-03-06,S01,SUP009,Received,237,1933.92
PO00049,2025-03-30,S01,SUP003,Received,244,1632.36
PO00050,2025-04-23,S01,SUP003,Received,240,1605.6
PO00051,2025-05-17,S01,SUP009,Received,240,1958.4
PO00052,2025-06-11,S01,SUP003,Received,243,1625.67
PO00053,2025-07-06,S01,SUP007,Received,234,1769.04
PO00054,2025-08-03,S01,SUP003,Received,242,1618.98
PO00055,2025-08-31,S01,SUP007,Received,239,1806.84
PO00056,2025-10-04,S01,SUP007,Received,239,1806.84
PO00057,2025-11-02,S01,SUP007,Received,243,1837.08
PO00058,2025-12-01,S01,SUP003,Received,235,1572.15
PO00059,2025-12-29,S01,SUP003,Received,236,1578.84
PO00060,2025-01-14,S01,SUP006,Received,168,3129.84
PO00061,2025-02-01,S01,SUP006,Received,161,2999.43
PO00062,2025-02-19,S01,SUP006,Received,160,2980.8
PO00063,2025-03-09,S01,SUP006,Received,166,3092.58
PO00064,2025-03-27,S01,SUP006,Received,167,3111.21
PO00065,2025-04-16,S01,SUP006,Received,163,3036.69
PO00066,2025-05-04,S01,SUP006,Received,160,2980.8
PO00067,2025-05-20,S01,SUP006,Received,160,2980.8
PO00068,2025-06-10,S01,SUP006,Received,162,3018.06
PO00069,2025-06-30,S01,SUP006,Received,168,3129.84
PO00070,2025-07-20,S01,SUP006,Received,168,3129.84
PO00071,2025-08-13,S01,SUP006,Received,164,3055.32
PO00072,2025-09-05,S01,SUP006,Received,160,2980.8
PO00073,2025-09-26,S01,SUP006,Received,167,3111.21
PO00074,2025-10-17,S01,SUP006,Received,165,3073.95
PO00075,2025-11-10,S01,SUP006,Received,162,3018.06
PO00076,2025-12-04,S01,SUP006,Received,167,3111.21
PO00077,2025-12-26,S01,SUP006,Received,160,2980.8
PO00078,2025-02-26,S01,SUP004,Received,474,872.16
PO00079,2025-05-13,S01,SUP004,Received,476,875.84
PO00080,2025-08-07,S01,SUP004,Received,474,872.16
PO00081,2025-11-21,S01,SUP004,Received,477,877.68
PO00082,2025-01-14,S01,SUP004,Received,139,3160.86
PO00083,2025-02-07,S01,SUP003,Received,139,2957.92
PO00084,2025-02-28,S01,SUP003,Received,143,3043.04
PO00085,2025-03-20,S01,SUP003,Received,142,3021.76
PO00086,2025-04-10,S01,SUP003,Received,140,2979.2
PO00087,2025-05-03,S01,SUP003,Received,149,3170.72
PO00088,2025-05-24,S01,SUP004,Received,140,3183.6
PO00089,2025-06-14,S01,SUP003,Received,143,3043.04
PO00090,2025-07-09,S01,SUP004,Received,141,3206.34
PO00091,2025-08-02,S01,SUP003,Received,140,2979.2
PO00092,2025-08-31,S01,SUP003,Received,148,3149.44
PO00093,2025-09-27,S01,SUP004,Received,140,3183.6
PO00094,2025-10-27,S01,SUP004,Received,140,3183.6
PO00095,2025-11-22,S01,SUP003,Received,142,3021.76
PO00096,2025-12-13,S01,SUP004,Received,141,3206.34
PO00097,2025-01-02,S01,SUP006,Received,171,2188.8
PO00098,2025-01-11,S01,SUP006,Received,170,2176.0
PO00099,2025-01-22,S01,SUP006,Received,174,2227.2
PO00100,2025-02-01,S01,SUP006,Received,184,2355.2
PO00101,2025-02-11,S01,SUP006,Received,178,2278.4
PO00102,2025-02-21,S01,SUP006,Received,180,2304.0
PO00103,2025-03-03,S01,SUP006,Received,170,2176.0
PO00104,2025-03-11,S01,SUP006,Received,180,2304.0
PO00105,2025-03-19,S01,SUP006,Received,172,2201.6
PO00106,2025-03-28,S01,SUP006,Received,178,2278.4
PO00107,2025-04-07,S01,SUP006,Received,176,2252.8
PO00108,2025-04-17,S01,SUP006,Received,179,2291.2
PO00109,2025-04-26,S01,SUP006,Received,174,2227.2
PO00110,2025-05-06,S01,SUP006,Received,172,2201.6
PO00111,2025-05-17,S01,SUP006,Received,182,2329.6
PO00112,2025-05-27,S01,SUP006,Received,181,2316.8
PO00113,2025-06-06,S01,SUP006,Received,174,2227.2
PO00114,2025-06-15,S01,SUP006,Received,173,2214.4
PO00115,2025-06-25,S01,SUP006,Received,172,2201.6
PO00116,2025-07-05,S01,SUP006,Received,183,2342.4
PO00117,2025-07-14,S01,SUP006,Received,172,2201.6
PO00118,2025-07-24,S01,SUP006,Received,182,2329.6
PO00119,2025-08-05,S01,SUP006,Received,175,2240.0
PO00120,2025-08-16,S01,SUP006,Received,169,2163.2
PO00121,2025-08-29,S01,SUP006,Received,176,2252.8
PO00122,2025-09-10,S01,SUP006,Received,169,2163.2
PO00123,2025-09-23,S01,SUP006,Received,182,2329.6
PO00124,2025-10-05,S01,SUP006,Received,176,2252.8
PO00125,2025-10-18,S01,SUP006,Received,168,2150.4
PO00126,2025-10-30,S01,SUP006,Received,171,2188.8
PO00127,2025-11-11,S01,SUP006,Received,175,2240.0
PO00128,2025-11-23,S01,SUP006,Received,176,2252.8
PO00129,2025-12-05,S01,SUP006,Received,180,2304.0
PO00130,2025-12-16,S01,SUP006,Received,179,2291.2
PO00131,2025-12-28,S01,SUP006,Received,185,2368.0
PO00132,2025-01-12,S01,SUP003,Received,375,2681.25
PO00133,2025-01-31,S01,SUP003,Received,385,2752.75
PO00134,2025-02-18,S01,SUP003,Received,385,2752.75
PO00135,2025-03-07,S01,SUP003,Received,367,2624.05
PO00136,2025-03-24,S01,SUP003,Received,374,2674.1
PO00137,2025-04-10,S01,SUP003,Received,385,2752.75
PO00138,2025-04-27,S01,SUP003,Received,372,2659.8
PO00139,2025-05-14,S01,SUP003,Received,385,2752.75
PO00140,2025-06-01,S01,SUP003,Received,372,2659.8
PO00141,2025-06-18,S01,SUP003,Received,368,2631.2
PO00142,2025-07-06,S01,SUP003,Received,375,2681.25
PO00143,2025-07-25,S01,SUP003,Received,367,2624.05
PO00144,2025-08-13,S01,SUP003,Received,374,2674.1
PO00145,2025-09-02,S01,SUP003,Received,379,2709.85
PO00146,2025-09-23,S01,SUP003,Received,371,2652.65
PO00147,2025-10-17,S01,SUP003,Received,369,2638.35
PO00148,2025-11-08,S01,SUP003,Received,376,2688.4
PO00149,2025-11-29,S01,SUP003,Received,385,2752.75
PO00150,2025-12-20,S01,SUP003,Received,385,2752.75
PO00151,2025-01-11,S01,SUP003,Received,250,837.5
PO00152,2025-01-24,S01,SUP003,Received,234,783.9
PO00153,2025-02-05,S01,SUP003,Received,245,820.75
PO00154,2025-02-17,S01,SUP003,Received,251,840.85
PO00155,2025-03-03,S01,SUP003,Received,246,824.1
PO00156,2025-03-15,S01,SUP003,Received,252,844.2
PO00157,2025-03-27,S01,SUP003,Received,235,787.25
PO00158,2025-04-07,S01,SUP003,Received,235,787.25
PO00159,2025-04-20,S01,SUP003,Received,248,830.8
PO00160,2025-05-01,S01,SUP003,Received,238,797.3
PO00161,2025-05-13,S01,SUP003,Received,237,793.95
PO00162,2025-05-24,S01,SUP003,Received,231,773.85
PO00163,2025-06-07,S01,SUP003,Received,253,847.55
PO00164,2025-06-19,S01,SUP003,Received,238,797.3
PO00165,2025-07-01,S01,SUP003,Received,230,770.5
PO00166,2025-07-16,S01,SUP003,Received,239,800.65
PO00167,2025-07-31,S01,SUP003,Received,235,787.25
PO00168,2025-08-14,S01,SUP003,Received,235,787.25
PO00169,2025-08-30,S01,SUP003,Received,245,820.75
PO00170,2025-09-14,S01,SUP003,Received,227,760.45
PO00171,2025-09-30,S01,SUP003,Received,231,773.85
PO00172,2025-10-16,S01,SUP003,Received,239,800.65
PO00173,2025-11-02,S01,SUP003,Received,246,824.1
PO00174,2025-11-18,S01,SUP003,Received,233,780.55
PO00175,2025-12-02,S01,SUP003,Received,230,770.5
PO00176,2025-12-16,S01,SUP003,Received,236,790.6
PO00177,2025-12-30,S01,SUP003,Received,233,780.55
PO00178,2025-01-09,S01,SUP003,Received,87,1017.9
PO00179,2025-01-31,S01,SUP003,Received,88,1029.6
PO00180,2025-02-24,S01,SUP003,Received,86,1006.2
PO00181,2025-03-17,S01,SUP003,Received,88,1029.6
PO00182,2025-04-02,S01,SUP003,Received,87,1017.9
PO00183,2025-04-26,S01,SUP003,Received,90,1053.0
PO00184,2025-05-18,S01,SUP003,Received,88,1029.6
PO00185,2025-06-08,S01,SUP003,Received,96,1123.2
PO00186,2025-07-01,S01,SUP003,Received,86,1006.2
PO00187,2025-07-25,S01,SUP003,Received,91,1064.7
PO00188,2025-08-18,S01,SUP003,Received,87,1017.9
PO00189,2025-09-07,S01,SUP003,Received,86,1006.2
PO00190,2025-10-07,S01,SUP003,Received,87,1017.9
PO00191,2025-11-11,S01,SUP003,Received,89,1041.3
PO00192,2025-12-06,S01,SUP003,Received,87,1017.9
PO00193,2025-12-27,S01,SUP003,Received,87,1017.9
PO00194,2025-01-11,S01,SUP008,Received,389,5383.76
PO00195,2025-01-29,S01,SUP009,Received,382,6474.9
PO00196,2025-02-15,S01,SUP008,Received,375,5190.0
PO00197,2025-03-02,S01,SUP009,Received,377,6390.15
PO00198,2025-03-18,S01,SUP008,Received,383,5300.72
PO00199,2025-04-03,S01,SUP002,Received,377,6167.72
PO00200,2025-04-20,S01,SUP002,Received,399,6527.64
PO00201,2025-05-08,S01,SUP009,Received,382,6474.9
PO00202,2025-05-24,S01,SUP008,Received,384,5314.56
PO00203,2025-06-12,S01,SUP008,Received,386,5342.24
PO00204,2025-06-29,S01,SUP009,Received,374,6339.3
PO00205,2025-07-18,S01,SUP002,Received,380,6216.8
PO00206,2025-08-07,S01,SUP002,Received,384,6282.24
PO00207,2025-08-29,S01,SUP002,Received,376,6151.36
PO00208,2025-09-21,S01,SUP009,Received,381,6457.95
PO00209,2025-10-14,S01,SUP002,Received,374,6118.64
PO00210,2025-11-05,S01,SUP009,Received,377,6390.15
PO00211,2025-11-26,S01,SUP009,Received,386,6542.7
PO00212,2025-12-17,S01,SUP002,Received,382,6249.52
PO00213,2025-01-16,S01,SUP001,Received,409,3615.56
PO00214,2025-02-23,S01,SUP001,Received,407,3597.88
PO00215,2025-04-03,S01,SUP001,Received,413,3650.92
PO00216,2025-05-08,S01,SUP001,Received,409,3615.56
PO00217,2025-06-14,S01,SUP001,Received,411,3633.24
PO00218,2025-07-27,S01,SUP001,Received,405,3580.2
PO00219,2025-09-15,S01,SUP001,Received,403,3562.52
PO00220,2025-10-31,S01,SUP001,Received,405,3580.2
PO00221,2025-12-14,S01,SUP001,Received,405,3580.2
PO00222,2025-03-07,S01,SUP008,Received,410,5641.6
PO00223,2025-05-24,S01,SUP008,Received,415,5710.4
PO00224,2025-08-22,S01,SUP008,Received,413,5682.88
PO00225,2025-11-30,S01,SUP008,Received,415,5710.4
PO00226,2025-01-15,S01,SUP003,Received,168,559.44
PO00227,2025-02-04,S01,SUP010,Received,167,470.94
PO00228,2025-02-23,S01,SUP003,Received,171,569.43
PO00229,2025-03-16,S01,SUP010,Received,172,485.04
PO00230,2025-04-05,S01,SUP003,Received,166,552.78
PO00231,2025-04-24,S01,SUP010,Received,169,476.58
PO00232,2025-05-13,S01,SUP003,Received,169,562.77
PO00233,2025-06-02,S01,SUP003,Received,166,552.78
PO00234,2025-06-22,S01,SUP010,Received,170,479.4
PO00235,2025-07-13,S01,SUP003,Received,173,576.09
PO00236,2025-08-05,S01,SUP003,Received,170,566.1
PO00237,2025-08-30,S01,SUP003,Received,168,559.44
PO00238,2025-09-20,S01,SUP010,Received,168,473.76
PO00239,2025-10-19,S01,SUP010,Received,171,482.22
PO00240,2025-11-13,S01,SUP010,Received,168,473.76
PO00241,2025-12-11,S01,SUP003,Received,172,572.76
PO00242,2025-01-16,S01,SUP010,Received,301,6471.5
PO00243,2025-02-16,S01,SUP002,Received,307,6539.1
PO00244,2025-03-15,S01,SUP002,Received,313,6666.9
PO00245,2025-04-09,S01,SUP010,Received,301,6471.5
PO00246,2025-05-06,S01,SUP002,Received,301,6411.3
PO00247,2025-06-03,S01,SUP010,Received,305,6557.5
PO00248,2025-07-02,S01,SUP010,Received,303,6514.5
PO00249,2025-08-02,S01,SUP010,Received,309,6643.5
PO00250,2025-09-06,S01,SUP002,Received,303,6453.9
PO00251,2025-10-15,S01,SUP002,Received,305,6496.5
PO00252,2025-11-16,S01,SUP010,Received,304,6536.0
PO00253,2025-12-20,S01,SUP010,Received,300,6450.0
PO00254,2025-01-08,S01,SUP002,Received,294,1428.84
PO00255,2025-01-29,S01,SUP002,Received,283,1375.38
PO00256,2025-02-19,S01,SUP002,Received,284,1380.24
PO00257,2025-03-10,S01,SUP002,Received,297,1443.42
PO00258,2025-03-30,S01,SUP007,Received,289,1479.68
PO00259,2025-04-17,S01,SUP002,Received,283,1375.38
PO00260,2025-05-06,S01,SUP007,Received,294,1505.28
PO00261,2025-05-25,S01,SUP007,Received,295,1510.4
PO00262,2025-06-13,S01,SUP002,Received,288,1399.68
PO00263,2025-07-05,S01,SUP007,Received,297,1520.64
PO00264,2025-07-26,S01,SUP002,Received,288,1399.68
PO00265,2025-08-20,S01,SUP007,Received,291,1489.92
PO00266,2025-09-11,S01,SUP002,Received,284,1380.24
PO00267,2025-10-06,S01,SUP007,Received,289,1479.68
PO00268,2025-11-01,S01,SUP007,Received,286,1464.32
PO00269,2025-11-26,S01,SUP007,Received,287,1469.44
PO00270,2025-12-19,S01,SUP002,Received,289,1404.54
PO00271,2025-01-03,S01,SUP002,Received,85,731.0
PO00272,2025-01-08,S01,SUP002,Received,85,731.0
PO00273,2025-01-14,S01,SUP002,Received,86,739.6
PO00274,2025-01-19,S01,SUP002,Received,86,739.6
PO00275,2025-01-25,S01,SUP002,Received,86,739.6
PO00276,2025-01-30,S01,SUP002,Received,83,713.8
PO00277,2025-02-04,S01,SUP002,Received,86,739.6
PO00278,2025-02-09,S01,SUP002,Received,85,731.0
PO00279,2025-02-15,S01,SUP002,Received,86,739.6
PO00280,2025-02-20,S01,SUP002,Received,86,739.6
PO00281,2025-02-25,S01,SUP002,Received,86,739.6
PO00282,2025-03-02,S01,SUP002,Received,86,739.6
PO00283,2025-03-07,S01,SUP002,Received,86,739.6
PO00284,2025-03-12,S01,SUP002,Received,86,739.6
PO00285,2025-03-17,S01,SUP002,Received,86,739.6
PO00286,2025-03-22,S01,SUP002,Received,86,739.6
PO00287,2025-03-26,S01,SUP002,Received,84,722.4
PO00288,2025-03-30,S01,SUP002,Received,82,705.2
PO00289,2025-04-04,S01,SUP002,Received,86,739.6
PO00290,2025-04-09,S01,SUP002,Received,86,739.6
PO00291,2025-04-14,S01,SUP002,Received,86,739.6
PO00292,2025-04-19,S01,SUP002,Received,83,713.8
PO00293,2025-04-23,S01,SUP002,Received,86,739.6
PO00294,2025-04-28,S01,SUP002,Received,86,739.6
PO00295,2025-05-03,S01,SUP002,Received,86,739.6
PO00296,2025-05-08,S01,SUP002,Received,86,739.6
PO00297,2025-05-13,S01,SUP002,Received,86,739.6
PO00298,2025-05-17,S01,SUP002,Received,82,705.2
PO00299,2025-05-22,S01,SUP002,Received,86,739.6
PO00300,2025-05-26,S01,SUP002,Received,83,713.8
PO00301,2025-06-01,S01,SUP002,Received,86,739.6
PO00302,2025-06-05,S01,SUP002,Received,86,739.6
PO00303,2025-06-09,S01,SUP002,Received,86,739.6
PO00304,2025-06-14,S01,SUP002,Received,86,739.6
PO00305,2025-06-20,S01,SUP002,Received,86,739.6
PO00306,2025-06-25,S01,SUP002,Received,83,713.8
PO00307,2025-06-30,S01,SUP002,Received,86,739.6
PO00308,2025-07-05,S01,SUP002,Received,86,739.6
PO00309,2025-07-11,S01,SUP002,Received,86,739.6
PO00310,2025-07-17,S01,SUP002,Received,86,739.6
PO00311,2025-07-24,S01,SUP002,Received,86,739.6
PO00312,2025-07-31,S01,SUP002,Received,86,739.6
PO00313,2025-08-06,S01,SUP002,Received,82,705.2
PO00314,2025-08-12,S01,SUP002,Received,86,739.6
PO00315,2025-08-17,S01,SUP002,Received,86,739.6
PO00316,2025-08-23,S01,SUP002,Received,86,739.6
PO00317,2025-08-29,S01,SUP002,Received,86,739.6
PO00318,2025-09-04,S01,SUP002,Received,81,696.6
PO00319,2025-09-10,S01,SUP002,Received,86,739.6
PO00320,2025-09-16,S01,SUP002,Received,84,722.4
PO00321,2025-09-22,S01,SUP002,Received,85,731.0
PO00322,2025-09-28,S01,SUP002,Received,82,705.2
PO00323,2025-10-04,S01,SUP002,Received,86,739.6
PO00324,2025-10-10,S01,SUP002,Received,86,739.6
PO00325,2025-10-16,S01,SUP002,Received,82,705.2
PO00326,2025-10-23,S01,SUP002,Received,83,713.8
PO00327,2025-10-29,S01,SUP002,Received,86,739.6
PO00328,2025-11-03,S01,SUP002,Received,86,739.6
PO00329,2025-11-09,S01,SUP002,Received,86,739.6
PO00330,2025-11-15,S01,SUP002,Received,86,739.6
PO00331,2025-11-22,S01,SUP002,Received,86,739.6
PO00332,2025-11-29,S01,SUP002,Received,86,739.6
PO00333,2025-12-04,S01,SUP002,Received,86,739.6
PO00334,2025-12-10,S01,SUP002,Received,86,739.6
PO00335,2025-12-17,S01,SUP002,Received,86,739.6
PO00336,2025-12-22,S01,SUP002,Received,86,739.6
PO00337,2025-12-28,S01,SUP002,Received,86,739.6
PO00338,2025-01-14,S01,SUP009,Received,314,797.56
PO00339,2025-02-19,S01,SUP001,Received,311,730.85
PO00340,2025-03-24,S01,SUP001,Received,311,730.85
PO00341,2025-04-25,S01,SUP001,Received,308,723.8
PO00342,2025-05-28,S01,SUP009,Received,308,782.32
PO00343,2025-07-05,S01,SUP001,Received,316,742.6
PO00344,2025-08-16,S01,SUP009,Received,312,792.48
PO00345,2025-10-02,S01,SUP009,Received,311,789.94
PO00346,2025-11-15,S01,SUP006,Received,308,711.48
PO00347,2025-12-22,S01,SUP006,Received,314,725.34
PO00348,2025-01-05,S01,SUP003,Received,249,5286.27
PO00349,2025-01-15,S01,SUP003,Received,247,5243.81
PO00350,2025-01-25,S01,SUP003,Received,242,5137.66
PO00351,2025-02-04,S01,SUP003,Received,248,5265.04
PO00352,2025-02-15,S01,SUP003,Received,249,5286.27
PO00353,2025-02-25,S01,SUP003,Received,242,5137.66
PO00354,2025-03-06,S01,SUP003,Received,240,5095.2
PO00355,2025-03-15,S01,SUP003,Received,248,5265.04
PO00356,2025-03-26,S01,SUP003,Received,262,5562.26
PO00357,2025-04-04,S01,SUP003,Received,242,5137.66
PO00358,2025-04-13,S01,SUP003,Received,245,5201.35
PO00359,2025-04-23,S01,SUP003,Received,266,5647.18
PO00360,2025-05-03,S01,SUP003,Received,240,5095.2
PO00361,2025-05-12,S01,SUP003,Received,251,5328.73
PO00362,2025-05-22,S01,SUP003,Received,241,5116.43
PO00363,2025-06-01,S01,SUP003,Received,249,5286.27
PO00364,2025-06-12,S01,SUP003,Received,248,5265.04
PO00365,2025-06-22,S01,SUP003,Received,245,5201.35
PO00366,2025-07-04,S01,SUP003,Received,260,5519.8
PO00367,2025-07-15,S01,SUP003,Received,244,5180.12
PO00368,2025-07-26,S01,SUP003,Received,245,5201.35
PO00369,2025-08-07,S01,SUP003,Received,251,5328.73
PO00370,2025-08-18,S01,SUP003,Received,243,5158.89
PO00371,2025-08-29,S01,SUP003,Received,249,5286.27
PO00372,2025-09-11,S01,SUP003,Received,243,5158.89
PO00373,2025-09-23,S01,SUP003,Received,253,5371.19
PO00374,2025-10-05,S01,SUP003,Received,251,5328.73
PO00375,2025-10-17,S01,SUP003,Received,242,5137.66
PO00376,2025-10-30,S01,SUP003,Received,252,5349.96
PO00377,2025-11-12,S01,SUP003,Received,254,5392.42
PO00378,2025-11-23,S01,SUP003,Received,241,5116.43
PO00379,2025-12-04,S01,SUP003,Received,248,5265.04
PO00380,2025-12-15,S01,SUP003,Received,254,5392.42
PO00381,2025-12-27,S01,SUP003,Received,255,5413.65
PO00382,2025-02-16,S01,SUP006,Received,435,7342.8
PO00383,2025-06-17,S01,SUP006,Received,435,7342.8
PO00384,2025-10-25,S01,SUP002,Received,436,8222.96
PO00385,2025-01-26,S01,SUP006,Received,487,5430.05
PO00386,2025-03-09,S01,SUP005,Received,490,5380.2
PO00387,2025-04-15,S01,SUP005,Received,491,5391.18
PO00388,2025-05-25,S01,SUP006,Received,488,5441.2
PO00389,2025-07-07,S01,SUP006,Received,481,5363.15
PO00390,2025-08-22,S01,SUP006,Received,482,5374.3
PO00391,2025-10-10,S01,SUP006,Received,480,5352.0
PO00392,2025-11-28,S01,SUP005,Received,477,5237.46
PO00393,2025-01-07,S01,SUP007,Received,245,5796.7
PO00394,2025-01-26,S01,SUP007,Received,258,6104.28
PO00395,2025-02-16,S01,SUP009,Received,254,5689.6
PO00396,2025-03-07,S01,SUP007,Received,255,6033.3
PO00397,2025-03-26,S01,SUP004,Received,249,6132.87
PO00398,2025-04-14,S01,SUP009,Received,248,5555.2
PO00399,2025-05-05,S01,SUP007,Received,258,6104.28
PO00400,2025-05-23,S01,SUP009,Received,250,5600.0
PO00401,2025-06-12,S01,SUP007,Received,251,5938.66
PO00402,2025-07-04,S01,SUP004,Received,250,6157.5
PO00403,2025-07-24,S01,SUP004,Received,246,6058.98
PO00404,2025-08-13,S01,SUP004,Received,246,6058.98
PO00405,2025-09-04,S01,SUP007,Received,247,5844.02
PO00406,2025-09-27,S01,SUP007,Received,253,5985.98
PO00407,2025-10-23,S01,SUP007,Received,247,5844.02
PO00408,2025-11-15,S01,SUP009,Received,248,5555.2
PO00409,2025-12-08,S01,SUP009,Received,248,5555.2
PO00410,2025-12-28,S01,SUP004,Received,248,6108.24
PO00411,2025-01-07,S01,SUP008,Received,176,793.76
PO00412,2025-01-16,S01,SUP008,Received,170,766.7
PO00413,2025-01-25,S01,SUP008,Received,182,820.82
PO00414,2025-02-02,S01,SUP007,Received,162,790.56
PO00415,2025-02-11,S01,SUP007,Received,178,868.64
PO00416,2025-02-19,S01,SUP007,Received,186,907.68
PO00417,2025-02-26,S01,SUP007,Received,168,819.84
PO00418,2025-03-06,S01,SUP008,Received,174,784.74
PO00419,2025-03-15,S01,SUP007,Received,178,868.64
PO00420,2025-03-23,S01,SUP008,Received,170,766.7
PO00421,2025-03-31,S01,SUP008,Received,166,748.66
PO00422,2025-04-09,S01,SUP008,Received,171,771.21
PO00423,2025-04-17,S01,SUP008,Received,165,744.15
PO00424,2025-04-27,S01,SUP008,Received,183,825.33
PO00425,2025-05-04,S01,SUP007,Received,172,839.36
PO00426,2025-05-13,S01,SUP008,Received,170,766.7
PO00427,2025-05-22,S01,SUP008,Received,176,793.76
PO00428,2025-05-30,S01,SUP008,Received,170,766.7
PO00429,2025-06-08,S01,SUP007,Received,176,858.88
PO00430,2025-06-17,S01,SUP008,Received,183,825.33
PO00431,2025-06-25,S01,SUP008,Received,164,739.64
PO00432,2025-07-06,S01,SUP008,Received,173,780.23
PO00433,2025-07-17,S01,SUP008,Received,165,744.15
PO00434,2025-07-27,S01,SUP007,Received,162,790.56
PO00435,2025-08-07,S01,SUP008,Received,179,807.29
PO00436,2025-08-17,S01,SUP007,Received,167,814.96
PO00437,2025-08-28,S01,SUP008,Received,167,753.17
PO00438,2025-09-07,S01,SUP007,Received,167,814.96
PO00439,2025-09-18,S01,SUP008,Received,164,739.64
PO00440,2025-09-28,S01,SUP007,Received,180,878.4
PO00441,2025-10-10,S01,SUP008,Received,174,784.74
PO00442,2025-10-21,S01,SUP008,Received,168,757.68
PO00443,2025-11-02,S01,SUP007,Received,165,805.2
PO00444,2025-11-14,S01,SUP007,Received,168,819.84
PO00445,2025-11-23,S01,SUP007,Received,168,819.84
PO00446,2025-12-03,S01,SUP007,Received,177,863.76
PO00447,2025-12-12,S01,SUP007,Received,170,829.6
PO00448,2025-12-22,S01,SUP008,Received,181,816.31
PO00449,2025-12-31,S01,SUP008,Received,176,793.76
PO00450,2025-01-18,S01,SUP008,Received,341,7068.93
PO00451,2025-02-25,S01,SUP008,Received,342,7089.66
PO00452,2025-03-31,S01,SUP008,Received,341,7068.93
PO00453,2025-05-09,S01,SUP010,Received,346,6314.5
PO00454,2025-06-20,S01,SUP010,Received,338,6168.5
PO00455,2025-08-05,S01,SUP010,Received,338,6168.5
PO00456,2025-09-26,S01,SUP008,Received,340,7048.2
PO00457,2025-11-16,S01,SUP008,Received,339,7027.47
PO00458,2025-12-29,S01,SUP008,Received,343,7110.39
PO00459,2025-01-10,S01,SUP003,Received,310,4953.8
PO00460,2025-02-04,S01,SUP003,Received,308,4921.84
PO00461,2025-02-28,S01,SUP003,Received,307,4905.86
PO00462,2025-03-23,S01,SUP003,Received,310,4953.8
PO00463,2025-04-13,S01,SUP003,Received,310,4953.8
PO00464,2025-05-05,S01,SUP003,Received,305,4873.9
PO00465,2025-05-24,S01,SUP003,Received,310,4953.8
PO00466,2025-06-15,S01,SUP003,Received,304,4857.92
PO00467,2025-07-09,S01,SUP003,Received,310,4953.8
PO00468,2025-08-05,S01,SUP003,Received,308,4921.84
PO00469,2025-09-04,S01,SUP003,Received,310,4953.8
PO00470,2025-10-02,S01,SUP003,Received,309,4937.82
PO00471,2025-11-04,S01,SUP003,Received,310,4953.8
PO00472,2025-12-03,S01,SUP003,Received,308,4921.84
PO00473,2025-12-31,S01,SUP003,Received,310,4953.8
PO00474,2025-01-10,S01,SUP007,Received,314,6031.94
PO00475,2025-01-28,S01,SUP003,Received,325,7725.25
PO00476,2025-02-13,S01,SUP003,Received,337,8010.49
PO00477,2025-03-01,S01,SUP007,Received,326,6262.46
PO00478,2025-03-15,S01,SUP003,Received,321,7630.17
PO00479,2025-03-30,S01,SUP003,Received,326,7749.02
PO00480,2025-04-13,S01,SUP003,Received,317,7535.09
PO00481,2025-04-27,S01,SUP003,Received,314,7463.78
PO00482,2025-05-12,S01,SUP003,Received,318,7558.86
PO00483,2025-05-27,S01,SUP007,Received,333,6396.93
PO00484,2025-06-10,S01,SUP007,Received,316,6070.36
PO00485,2025-06-25,S01,SUP007,Received,313,6012.73
PO00486,2025-07-11,S01,SUP003,Received,318,7558.86
PO00487,2025-07-28,S01,SUP003,Received,315,7487.55
PO00488,2025-08-16,S01,SUP003,Received,319,7582.63
PO00489,2025-09-05,S01,SUP007,Received,313,6012.73
PO00490,2025-09-22,S01,SUP007,Received,320,6147.2
PO00491,2025-10-12,S01,SUP003,Received,320,7606.4
PO00492,2025-10-30,S01,SUP003,Received,314,7463.78
PO00493,2025-11-19,S01,SUP007,Received,322,6185.62
PO00494,2025-12-05,S01,SUP007,Received,314,6031.94
PO00495,2025-12-25,S01,SUP003,Received,319,7582.63
PO00496,2025-02-15,S01,SUP001,Received,372,5438.64
PO00497,2025-04-14,S01,SUP001,Received,375,5482.5
PO00498,2025-06-19,S01,SUP007,Received,373,5643.49
PO00499,2025-08-30,S01,SUP007,Received,373,5643.49
PO00500,2025-11-15,S01,SUP010,Received,372,5349.36
PO00501,2025-03-03,S01,SUP006,Received,280,4606.0
PO00502,2025-05-24,S01,SUP006,Received,280,4606.0
PO00503,2025-08-30,S01,SUP006,Received,279,4589.55
PO00504,2025-11-29,S01,SUP002,Received,279,5080.59
PO00505,2025-01-03,S01,SUP009,Received,124,3011.96
PO00506,2025-01-08,S01,SUP009,Received,108,2623.32
PO00507,2025-01-13,S01,SUP009,Received,112,2720.48
PO00508,2025-01-18,S01,SUP009,Received,108,2623.32
PO00509,2025-01-23,S01,SUP009,Received,109,2647.61
PO00510,2025-01-28,S01,SUP009,Received,124,3011.96
PO00511,2025-02-02,S01,SUP009,Received,120,2914.8
PO00512,2025-02-07,S01,SUP009,Received,115,2793.35
PO00513,2025-02-12,S01,SUP009,Received,114,2769.06
PO00514,2025-02-16,S01,SUP009,Received,107,2599.03
PO00515,2025-02-22,S01,SUP009,Received,130,3157.7
PO00516,2025-02-27,S01,SUP009,Received,108,2623.32
PO00517,2025-03-04,S01,SUP009,Received,124,3011.96
PO00518,2025-03-10,S01,SUP009,Received,130,3157.7
PO00519,2025-03-15,S01,SUP009,Received,116,2817.64
PO00520,2025-03-21,S01,SUP009,Received,130,3157.7
PO00521,2025-03-26,S01,SUP009,Received,129,3133.41
PO00522,2025-03-30,S01,SUP009,Received,113,2744.77
PO00523,2025-04-05,S01,SUP009,Received,130,3157.7
PO00524,2025-04-09,S01,SUP009,Received,111,2696.19
PO00525,2025-04-15,S01,SUP009,Received,127,3084.83
PO00526,2025-04-20,S01,SUP009,Received,116,2817.64
PO00527,2025-04-26,S01,SUP009,Received,127,3084.83
PO00528,2025-05-02,S01,SUP009,Received,118,2866.22
PO00529,2025-05-07,S01,SUP009,Received,116,2817.64
PO00530,2025-05-12,S01,SUP009,Received,109,2647.61
PO00531,2025-05-17,S01,SUP009,Received,125,3036.25
PO00532,2025-05-22,S01,SUP009,Received,110,2671.9
PO00533,2025-05-27,S01,SUP009,Received,111,2696.19
PO00534,2025-06-01,S01,SUP009,Received,107,2599.03
PO00535,2025-06-07,S01,SUP009,Received,115,2793.35
PO00536,2025-06-13,S01,SUP009,Received,127,3084.83
PO00537,2025-06-19,S01,SUP009,Received,118,2866.22
PO00538,2025-06-24,S01,SUP009,Received,110,2671.9
PO00539,2025-06-30,S01,SUP009,Received,109,2647.61
PO00540,2025-07-05,S01,SUP009,Received,109,2647.61
PO00541,2025-07-11,S01,SUP009,Received,115,2793.35
PO00542,2025-07-17,S01,SUP009,Received,130,3157.7
PO00543,2025-07-22,S01,SUP009,Received,107,2599.03
PO00544,2025-07-27,S01,SUP009,Received,113,2744.77
PO00545,2025-08-02,S01,SUP009,Received,117,2841.93
PO00546,2025-08-08,S01,SUP009,Received,118,2866.22
PO00547,2025-08-14,S01,SUP009,Received,111,2696.19
PO00548,2025-08-21,S01,SUP009,Received,124,3011.96
PO00549,2025-08-27,S01,SUP009,Received,117,2841.93
PO00550,2025-09-03,S01,SUP009,Received,112,2720.48
PO00551,2025-09-09,S01,SUP009,Received,108,2623.32
PO00552,2025-09-16,S01,SUP009,Received,117,2841.93
PO00553,2025-09-24,S01,SUP009,Received,123,2987.67
PO00554,2025-10-01,S01,SUP009,Received,120,2914.8
PO00555,2025-10-08,S01,SUP009,Received,112,2720.48
PO00556,2025-10-15,S01,SUP009,Received,115,2793.35
PO00557,2025-10-20,S01,SUP009,Received,107,2599.03
PO00558,2025-10-26,S01,SUP009,Received,116,2817.64
PO00559,2025-11-03,S01,SUP009,Received,126,3060.54
PO00560,2025-11-10,S01,SUP009,Received,113,2744.77
PO00561,2025-11-16,S01,SUP009,Received,119,2890.51
PO00562,2025-11-23,S01,SUP009,Received,116,2817.64
PO00563,2025-11-30,S01,SUP009,Received,122,2963.38
PO00564,2025-12-08,S01,SUP009,Received,121,2939.09
PO00565,2025-12-15,S01,SUP009,Received,116,2817.64
PO00566,2025-12-21,S01,SUP009,Received,111,2696.19
PO00567,2025-12-28,S01,SUP009,Received,119,2890.51
PO00568,2025-01-03,S01,SUP003,Received,180,3807.0
PO00569,2025-01-11,S01,SUP006,Received,172,3250.8
PO00570,2025-01-19,S01,SUP006,Received,185,3496.5
PO00571,2025-01-26,S01,SUP003,Received,185,3912.75
PO00572,2025-02-01,S01,SUP006,Received,176,3326.4
PO00573,2025-02-09,S01,SUP003,Received,185,3912.75
PO00574,2025-02-17,S01,SUP003,Received,182,3849.3
PO00575,2025-02-24,S01,SUP003,Received,181,3828.15
PO00576,2025-03-03,S01,SUP006,Received,183,3458.7
PO00577,2025-03-10,S01,SUP003,Received,179,3785.85
PO00578,2025-03-17,S01,SUP003,Received,184,3891.6
PO00579,2025-03-23,S01,SUP006,Received,185,3496.5
PO00580,2025-03-30,S01,SUP003,Received,184,3891.6
PO00581,2025-04-06,S01,SUP006,Received,185,3496.5
PO00582,2025-04-13,S01,SUP006,Received,185,3496.5
PO00583,2025-04-21,S01,SUP006,Received,175,3307.5
PO00584,2025-04-29,S01,SUP003,Received,172,3637.8
PO00585,2025-05-06,S01,SUP006,Received,173,3269.7
PO00586,2025-05-13,S01,SUP006,Received,177,3345.3
PO00587,2025-05-21,S01,SUP003,Received,185,3912.75
PO00588,2025-05-28,S01,SUP006,Received,181,3420.9
PO00589,2025-06-05,S01,SUP003,Received,183,3870.45
PO00590,2025-06-13,S01,SUP003,Received,185,3912.75
PO00591,2025-06-21,S01,SUP006,Received,185,3496.5
PO00592,2025-06-30,S01,SUP006,Received,185,3496.5
PO00593,2025-07-08,S01,SUP003,Received,180,3807.0
PO00594,2025-07-16,S01,SUP006,Received,185,3496.5
PO00595,2025-07-24,S01,SUP003,Received,181,3828.15
PO00596,2025-08-02,S01,SUP006,Received,177,3345.3
PO00597,2025-08-11,S01,SUP003,Received,185,3912.75
PO00598,2025-08-19,S01,SUP003,Received,183,3870.45
PO00599,2025-08-27,S01,SUP003,Received,175,3701.25
PO00600,2025-09-05,S01,SUP006,Received,178,3364.2
PO00601,2025-09-14,S01,SUP003,Received,178,3764.7
PO00602,2025-09-23,S01,SUP003,Received,185,3912.75
PO00603,2025-10-03,S01,SUP006,Received,175,3307.5
PO00604,2025-10-12,S01,SUP006,Received,185,3496.5
PO00605,2025-10-22,S01,SUP006,Received,179,3383.1
PO00606,2025-10-30,S01,SUP006,Received,178,3364.2
PO00607,2025-11-08,S01,SUP006,Received,175,3307.5
PO00608,2025-11-17,S01,SUP003,Received,179,3785.85
PO00609,2025-11-26,S01,SUP003,Received,185,3912.75
PO00610,2025-12-05,S01,SUP003,Received,185,3912.75
PO00611,2025-12-13,S01,SUP006,Received,177,3345.3
PO00612,2025-12-22,S01,SUP003,Received,185,3912.75
PO00613,2025-12-31,S01,SUP003,Received,185,3912.75
PO00614,2025-01-29,S01,SUP009,Received,264,3973.2
PO00615,2025-03-13,S01,SUP010,Received,264,4197.6
PO00616,2025-04-23,S01,SUP009,Received,263,3958.15
PO00617,2025-06-08,S01,SUP010,Received,263,4181.7
PO00618,2025-07-24,S01,SUP009,Received,266,4003.3
PO00619,2025-09-16,S01,SUP009,Received,266,4003.3
PO00620,2025-11-15,S01,SUP010,Received,263,4181.7
PO00621,2025-01-16,S01,SUP009,Received,424,631.76
PO00622,2025-02-07,S01,SUP002,Received,416,723.84
PO00623,2025-02-26,S01,SUP009,Received,424,631.76
PO00624,2025-03-16,S01,SUP009,Received,429,639.21
PO00625,2025-04-05,S01,SUP009,Received,429,639.21
PO00626,2025-04-23,S01,SUP009,Received,423,630.27
PO00627,2025-05-14,S01,SUP002,Received,429,746.46
PO00628,2025-06-02,S01,SUP002,Received,414,720.36
PO00629,2025-06-22,S01,SUP002,Received,428,744.72
PO00630,2025-07-12,S01,SUP002,Received,419,729.06
PO00631,2025-08-04,S01,SUP009,Received,426,634.74
PO00632,2025-08-27,S01,SUP002,Received,417,725.58
PO00633,2025-09-21,S01,SUP002,Received,420,730.8
PO00634,2025-10-18,S01,SUP002,Received,417,725.58
PO00635,2025-11-12,S01,SUP002,Received,429,746.46
PO00636,2025-12-06,S01,SUP009,Received,414,616.86
PO00637,2025-12-28,S01,SUP002,Received,429,746.46
PO00638,2025-01-21,S01,SUP007,Received,322,740.6
PO00639,2025-02-17,S01,SUP008,Received,323,749.36
PO00640,2025-03-18,S01,SUP008,Received,329,763.28
PO00641,2025-04-14,S01,SUP007,Received,337,775.1
PO00642,2025-05-10,S01,SUP001,Received,322,824.32
PO00643,2025-06-07,S01,SUP001,Received,328,839.68
PO00644,2025-07-06,S01,SUP001,Received,324,829.44
PO00645,2025-08-07,S01,SUP007,Received,327,752.1
PO00646,2025-09-12,S01,SUP001,Received,321,821.76
PO00647,2025-10-18,S01,SUP008,Received,324,751.68
PO00648,2025-11-19,S01,SUP008,Received,330,765.6
PO00649,2025-12-21,S01,SUP001,Received,328,839.68
PO00650,2025-01-18,S01,SUP009,Received,399,3926.16
PO00651,2025-02-10,S01,SUP009,Received,393,3867.12
PO00652,2025-03-06,S01,SUP009,Received,384,3778.56
PO00653,2025-03-28,S01,SUP009,Received,382,3758.88
PO00654,2025-04-17,S01,SUP009,Received,382,3758.88
PO00655,2025-05-08,S01,SUP009,Received,382,3758.88
PO00656,2025-05-31,S01,SUP009,Received,399,3926.16
PO00657,2025-06-26,S01,SUP009,Received,382,3758.88
PO00658,2025-07-22,S01,SUP009,Received,388,3817.92
PO00659,2025-08-16,S01,SUP009,Received,397,3906.48
PO00660,2025-09-12,S01,SUP009,Received,395,3886.8
PO00661,2025-10-10,S01,SUP009,Received,384,3778.56
PO00662,2025-11-05,S01,SUP009,Received,390,3837.6
PO00663,2025-12-03,S01,SUP009,Received,385,3788.4
PO00664,2025-12-31,S01,SUP009,Received,391,3847.44
PO00665,2025-01-22,S01,SUP010,Received,487,10426.67
PO00666,2025-02-20,S01,SUP009,Received,487,11147.43
PO00667,2025-03-19,S01,SUP009,Received,486,11124.54
PO00668,2025-04-13,S01,SUP009,Received,486,11124.54
PO00669,2025-05-10,S01,SUP009,Received,492,11261.88
PO00670,2025-06-07,S01,SUP010,Received,481,10298.21
PO00671,2025-07-05,S01,SUP009,Received,485,11101.65
PO00672,2025-08-04,S01,SUP010,Received,479,10255.39
PO00673,2025-09-06,S01,SUP009,Received,476,10895.64
PO00674,2025-10-08,S01,SUP010,Received,482,10319.62
PO00675,2025-11-12,S01,SUP010,Received,487,10426.67
PO00676,2025-12-17,S01,SUP010,Received,476,10191.16
PO00677,2025-01-06,S01,SUP006,Received,111,1790.43
PO00678,2025-01-14,S01,SUP006,Received,109,1758.17
PO00679,2025-01-22,S01,SUP006,Received,113,1822.69
PO00680,2025-01-29,S01,SUP006,Received,118,1903.34
PO00681,2025-02-05,S01,SUP006,Received,122,1967.86
PO00682,2025-02-12,S01,SUP006,Received,110,1774.3
PO00683,2025-02-20,S01,SUP006,Received,113,1822.69
PO00684,2025-02-27,S01,SUP006,Received,112,1806.56
PO00685,2025-03-07,S01,SUP006,Received,115,1854.95
PO00686,2025-03-14,S01,SUP006,Received,113,1822.69
PO00687,2025-03-20,S01,SUP006,Received,109,1758.17
PO00688,2025-03-27,S01,SUP006,Received,112,1806.56
PO00689,2025-04-04,S01,SUP006,Received,125,2016.25
PO00690,2025-04-11,S01,SUP006,Received,114,1838.82
PO00691,2025-04-17,S01,SUP006,Received,109,1758.17
PO00692,2025-04-23,S01,SUP006,Received,130,2096.9
PO00693,2025-04-30,S01,SUP006,Received,111,1790.43
PO00694,2025-05-07,S01,SUP006,Received,115,1854.95
PO00695,2025-05-15,S01,SUP006,Received,116,1871.08
PO00696,2025-05-23,S01,SUP006,Received,119,1919.47
PO00697,2025-05-30,S01,SUP006,Received,109,1758.17
PO00698,2025-06-06,S01,SUP006,Received,124,2000.12
PO00699,2025-06-13,S01,SUP006,Received,109,1758.17
PO00700,2025-06-21,S01,SUP006,Received,118,1903.34
PO00701,2025-06-29,S01,SUP006,Received,125,2016.25
PO00702,2025-07-08,S01,SUP006,Received,118,1903.34
PO00703,2025-07-15,S01,SUP006,Received,113,1822.69
PO00704,2025-07-24,S01,SUP006,Received,117,1887.21
PO00705,2025-08-01,S01,SUP006,Received,111,1790.43
PO00706,2025-08-11,S01,SUP006,Received,120,1935.6
PO00707,2025-08-20,S01,SUP006,Received,121,1951.73
PO00708,2025-08-28,S01,SUP006,Received,113,1822.69
PO00709,2025-09-06,S01,SUP006,Received,111,1790.43
PO00710,2025-09-14,S01,SUP006,Received,109,1758.17
PO00711,2025-09-24,S01,SUP006,Received,113,1822.69
PO00712,2025-10-05,S01,SUP006,Received,114,1838.82
PO00713,2025-10-15,S01,SUP006,Received,122,1967.86
PO00714,2025-10-25,S01,SUP006,Received,119,1919.47
PO00715,2025-11-03,S01,SUP006,Received,114,1838.82
PO00716,2025-11-12,S01,SUP006,Received,121,1951.73
PO00717,2025-11-20,S01,SUP006,Received,112,1806.56
PO00718,2025-11-29,S01,SUP006,Received,118,1903.34
PO00719,2025-12-06,S01,SUP006,Received,115,1854.95
PO00720,2025-12-14,S01,SUP006,Received,110,1774.3
PO00721,2025-12-22,S01,SUP006,Received,125,2016.25
PO00722,2025-12-30,S01,SUP006,Received,119,1919.47
PO00723,2025-01-08,S01,SUP003,Received,146,741.68
PO00724,2025-01-27,S01,SUP006,Received,152,870.96
PO00725,2025-02-11,S01,SUP003,Received,148,751.84
PO00726,2025-02-28,S01,SUP003,Received,149,756.92
PO00727,2025-03-15,S01,SUP006,Received,145,830.85
PO00728,2025-03-30,S01,SUP006,Received,153,876.69
PO00729,2025-04-13,S01,SUP010,Received,159,748.89
PO00730,2025-04-29,S01,SUP006,Received,145,830.85
PO00731,2025-05-17,S01,SUP003,Received,146,741.68
PO00732,2025-06-04,S01,SUP010,Received,146,687.66
PO00733,2025-06-21,S01,SUP010,Received,146,687.66
PO00734,2025-07-10,S01,SUP003,Received,150,762.0
PO00735,2025-07-27,S01,SUP010,Received,147,692.37
PO00736,2025-08-16,S01,SUP006,Received,146,836.58
PO00737,2025-09-05,S01,SUP006,Received,145,830.85
PO00738,2025-09-27,S01,SUP006,Received,155,888.15
PO00739,2025-10-19,S01,SUP006,Received,146,836.58
PO00740,2025-11-10,S01,SUP006,Received,148,848.04
PO00741,2025-11-30,S01,SUP003,Received,148,751.84
PO00742,2025-12-21,S01,SUP010,Received,146,687.66
PO00743,2025-01-10,S01,SUP003,Received,265,1831.15
PO00744,2025-01-23,S01,SUP002,Received,265,1934.5
PO00745,2025-02-06,S01,SUP006,Received,268,2050.2
PO00746,2025-02-19,S01,SUP003,Received,280,1934.8
PO00747,2025-03-04,S01,SUP006,Received,280,2142.0
PO00748,2025-03-17,S01,SUP002,Received,274,2000.2
PO00749,2025-03-30,S01,SUP006,Received,290,2218.5
PO00750,2025-04-12,S01,SUP006,Received,282,2157.3
PO00751,2025-04-24,S01,SUP003,Received,279,1927.89
PO00752,2025-05-07,S01,SUP002,Received,270,1971.0
PO00753,2025-05-20,S01,SUP002,Received,275,2007.5
PO00754,2025-06-02,S01,SUP002,Received,264,1927.2
PO00755,2025-06-15,S01,SUP006,Received,266,2034.9
PO00756,2025-06-28,S01,SUP006,Received,272,2080.8
PO00757,2025-07-12,S01,SUP006,Received,269,2057.85
PO00758,2025-07-26,S01,SUP006,Received,283,2164.95
PO00759,2025-08-11,S01,SUP006,Received,267,2042.55
PO00760,2025-08-27,S01,SUP003,Received,271,1872.61
PO00761,2025-09-12,S01,SUP003,Received,266,1838.06
PO00762,2025-09-27,S01,SUP006,Received,274,2096.1
PO00763,2025-10-14,S01,SUP002,Received,271,1978.3
PO00764,2025-10-28,S01,SUP003,Received,266,1838.06
PO00765,2025-11-10,S01,SUP002,Received,264,1927.2
PO00766,2025-11-26,S01,SUP002,Received,271,1978.3
PO00767,2025-12-10,S01,SUP003,Received,264,1824.24
PO00768,2025-12-25,S01,SUP002,Received,278,2029.4
PO00769,2025-01-15,S01,SUP009,Received,100,371.0
PO00770,2025-02-10,S01,SUP009,Received,100,371.0
PO00771,2025-03-09,S01,SUP002,Received,102,367.2
PO00772,2025-04-06,S01,SUP009,Received,98,363.58
PO00773,2025-05-08,S01,SUP009,Received,101,374.71
PO00774,2025-06-03,S01,SUP009,Received,102,378.42
PO00775,2025-06-29,S01,SUP009,Received,100,371.0
PO00776,2025-08-04,S01,SUP009,Received,102,378.42
PO00777,2025-09-07,S01,SUP002,Received,102,367.2
PO00778,2025-10-14,S01,SUP009,Received,98,363.58
PO00779,2025-11-17,S01,SUP009,Received,98,363.58
PO00780,2025-12-18,S01,SUP009,Received,101,374.71
PO00781,2025-01-01,S01,SUP003,Received,51,707.88
PO00782,2025-01-13,S01,SUP003,Received,51,707.88
PO00783,2025-01-25,S01,SUP003,Received,52,721.76
PO00784,2025-02-09,S01,SUP003,Received,58,805.04
PO00785,2025-02-19,S01,SUP003,Received,52,721.76
PO00786,2025-03-02,S01,SUP003,Received,52,721.76
PO00787,2025-03-15,S01,SUP003,Received,51,707.88
PO00788,2025-03-28,S01,SUP003,Received,51,707.88
PO00789,2025-04-06,S01,SUP003,Received,55,763.4
PO00790,2025-04-15,S01,SUP003,Received,53,735.64
PO00791,2025-04-26,S01,SUP003,Received,51,707.88
PO00792,2025-05-08,S01,SUP003,Received,55,763.4
PO00793,2025-05-18,S01,SUP003,Received,53,735.64
PO00794,2025-05-30,S01,SUP003,Received,51,707.88
PO00795,2025-06-10,S01,SUP003,Received,51,707.88
PO00796,2025-06-22,S01,SUP003,Received,52,721.76
PO00797,2025-07-05,S01,SUP003,Received,54,749.52
PO00798,2025-07-20,S01,SUP003,Received,56,777.28
PO00799,2025-08-02,S01,SUP003,Received,53,735.64
PO00800,2025-08-20,S01,SUP003,Received,53,735.64
PO00801,2025-09-04,S01,SUP003,Received,52,721.76
PO00802,2025-09-19,S01,SUP003,Received,52,721.76
PO00803,2025-10-04,S01,SUP003,Received,53,735.64
PO00804,2025-10-20,S01,SUP003,Received,54,749.52
PO00805,2025-11-05,S01,SUP003,Received,54,749.52
PO00806,2025-11-19,S01,SUP003,Received,55,763.4
PO00807,2025-12-02,S01,SUP003,Received,51,707.88
PO00808,2025-12-16,S01,SUP003,Received,51,707.88
PO00809,2025-12-28,S01,SUP003,Received,57,791.16
PO00810,2025-01-05,S01,SUP007,Received,257,4469.23
PO00811,2025-01-16,S01,SUP007,Received,248,4312.72
PO00812,2025-01-28,S01,SUP007,Received,252,4382.28
PO00813,2025-02-08,S01,SUP007,Received,250,4347.5
PO00814,2025-02-17,S01,SUP007,Received,256,4451.84
PO00815,2025-02-28,S01,SUP007,Received,258,4486.62
PO00816,2025-03-11,S01,SUP007,Received,252,4382.28
PO00817,2025-03-21,S01,SUP007,Received,258,4486.62
PO00818,2025-03-30,S01,SUP007,Received,245,4260.55
PO00819,2025-04-10,S01,SUP007,Received,257,4469.23
PO00820,2025-04-19,S01,SUP007,Received,250,4347.5
PO00821,2025-04-28,S01,SUP007,Received,268,4660.52
PO00822,2025-05-08,S01,SUP007,Received,259,4504.01
PO00823,2025-05-19,S01,SUP007,Received,254,4417.06
PO00824,2025-05-30,S01,SUP007,Received,266,4625.74
PO00825,2025-06-09,S01,SUP007,Received,248,4312.72
PO00826,2025-06-21,S01,SUP007,Received,264,4590.96
PO00827,2025-07-03,S01,SUP007,Received,247,4295.33
PO00828,2025-07-15,S01,SUP007,Received,248,4312.72
PO00829,2025-07-27,S01,SUP007,Received,256,4451.84
PO00830,2025-08-08,S01,SUP007,Received,244,4243.16
PO00831,2025-08-22,S01,SUP007,Received,257,4469.23
PO00832,2025-09-05,S01,SUP007,Received,243,4225.77
PO00833,2025-09-19,S01,SUP007,Received,242,4208.38
PO00834,2025-10-03,S01,SUP007,Received,257,4469.23
PO00835,2025-10-16,S01,SUP007,Received,250,4347.5
PO00836,2025-10-30,S01,SUP007,Received,243,4225.77
PO00837,2025-11-12,S01,SUP007,Received,248,4312.72
PO00838,2025-11-27,S01,SUP007,Received,244,4243.16
PO00839,2025-12-09,S01,SUP007,Received,242,4208.38
PO00840,2025-12-21,S01,SUP007,Received,254,4417.06
PO00841,2025-01-06,S01,SUP008,Received,223,4310.59
PO00842,2025-01-25,S01,SUP005,Received,219,4708.5
PO00843,2025-02-11,S01,SUP005,Received,213,4579.5
PO00844,2025-02-26,S01,SUP008,Received,213,4117.29
PO00845,2025-03-14,S01,SUP008,Received,215,4155.95
PO00846,2025-03-30,S01,SUP005,Received,221,4751.5
PO00847,2025-04-13,S01,SUP004,Received,220,4375.8
PO00848,2025-04-30,S01,SUP004,Received,215,4276.35
PO00849,2025-05-17,S01,SUP004,Received,215,4276.35
PO00850,2025-06-01,S01,SUP008,Received,217,4194.61
PO00851,2025-06-20,S01,SUP005,Received,223,4794.5
PO00852,2025-07-09,S01,SUP008,Received,225,4349.25
PO00853,2025-07-30,S01,SUP005,Received,216,4644.0
PO00854,2025-08-17,S01,SUP008,Received,216,4175.28
PO00855,2025-09-06,S01,SUP008,Received,222,4291.26
PO00856,2025-09-28,S01,SUP004,Received,218,4336.02
PO00857,2025-10-23,S01,SUP004,Received,215,4276.35
PO00858,2025-11-13,S01,SUP004,Received,220,4375.8
PO00859,2025-12-04,S01,SUP005,Received,212,4558.0
PO00860,2025-12-23,S01,SUP005,Received,215,4622.5
PO00861,2025-01-16,S01,SUP010,Received,299,965.77
PO00862,2025-03-05,S01,SUP010,Received,299,965.77
PO00863,2025-04-20,S01,SUP010,Received,297,959.31
PO00864,2025-06-07,S01,SUP010,Received,301,972.23
PO00865,2025-07-31,S01,SUP010,Received,299,965.77
PO00866,2025-10-02,S01,SUP010,Received,300,969.0
PO00867,2025-12-04,S01,SUP010,Received,301,972.23
PO00868,2025-01-10,S01,SUP002,Received,251,1531.1
PO00869,2025-01-22,S01,SUP002,Received,253,1543.3
PO00870,2025-02-01,S01,SUP002,Received,246,1500.6
PO00871,2025-02-11,S01,SUP009,Received,260,1562.6
PO00872,2025-02-22,S01,SUP002,Received,259,1579.9
PO00873,2025-03-04,S01,SUP009,Received,256,1538.56
PO00874,2025-03-14,S01,SUP009,Received,254,1526.54
PO00875,2025-03-23,S01,SUP009,Received,251,1508.51
PO00876,2025-04-01,S01,SUP002,Received,252,1537.2
PO00877,2025-04-10,S01,SUP002,Received,245,1494.5
PO00878,2025-04-20,S01,SUP009,Received,243,1460.43
PO00879,2025-05-02,S01,SUP002,Received,246,1500.6
PO00880,2025-05-12,S01,SUP002,Received,252,1537.2
PO00881,2025-05-22,S01,SUP002,Received,245,1494.5
PO00882,2025-06-01,S01,SUP009,Received,253,1520.53
PO00883,2025-06-11,S01,SUP009,Received,263,1580.63
PO00884,2025-06-22,S01,SUP009,Received,243,1460.43
PO00885,2025-07-03,S01,SUP002,Received,255,1555.5
PO00886,2025-07-15,S01,SUP002,Received,263,1604.3
PO00887,2025-07-28,S01,SUP002,Received,252,1537.2
PO00888,2025-08-10,S01,SUP009,Received,243,1460.43
PO00889,2025-08-23,S01,SUP009,Received,265,1592.65
PO00890,2025-09-05,S01,SUP002,Received,249,1518.9
PO00891,2025-09-19,S01,SUP009,Received,252,1514.52
PO00892,2025-10-02,S01,SUP002,Received,252,1537.2
PO00893,2025-10-16,S01,SUP009,Received,248,1490.48
PO00894,2025-10-30,S01,SUP002,Received,258,1573.8
PO00895,2025-11-13,S01,SUP009,Received,258,1550.58
PO00896,2025-11-26,S01,SUP009,Received,252,1514.52
PO00897,2025-12-08,S01,SUP002,Received,253,1543.3
PO00898,2025-12-20,S01,SUP002,Received,249,1518.9
PO00899,2025-01-17,S01,SUP007,Received,469,1918.21
PO00900,2025-02-08,S01,SUP007,Received,465,1901.85
PO00901,2025-02-26,S01,SUP007,Received,469,1918.21
PO00902,2025-03-18,S01,SUP007,Received,469,1918.21
PO00903,2025-04-08,S01,SUP007,Received,469,1918.21
PO00904,2025-04-28,S01,SUP007,Received,469,1918.21
PO00905,2025-05-19,S01,SUP007,Received,469,1918.21
PO00906,2025-06-10,S01,SUP007,Received,460,1881.4
PO00907,2025-07-05,S01,SUP007,Received,466,1905.94
PO00908,2025-07-30,S01,SUP007,Received,460,1881.4
PO00909,2025-08-27,S01,SUP007,Received,469,1918.21
PO00910,2025-09-26,S01,SUP007,Received,461,1885.49
PO00911,2025-10-23,S01,SUP007,Received,463,1893.67
PO00912,2025-11-20,S01,SUP007,Received,469,1918.21
PO00913,2025-12-14,S01,SUP007,Received,465,1901.85
PO00914,2025-01-18,S01,SUP007,Received,244,868.64
PO00915,2025-02-09,S01,SUP007,Received,232,825.92
PO00916,2025-03-02,S01,SUP007,Received,232,825.92
PO00917,2025-03-22,S01,SUP007,Received,228,811.68
PO00918,2025-04-12,S01,SUP007,Received,228,811.68
PO00919,2025-05-06,S01,SUP007,Received,239,850.84
PO00920,2025-05-28,S01,SUP007,Received,234,833.04
PO00921,2025-06-21,S01,SUP007,Received,237,843.72
PO00922,2025-07-14,S01,SUP007,Received,233,829.48
PO00923,2025-08-07,S01,SUP007,Received,230,818.8
PO00924,2025-09-04,S01,SUP007,Received,233,829.48
PO00925,2025-10-04,S01,SUP007,Received,229,815.24
PO00926,2025-11-03,S01,SUP007,Received,234,833.04
PO00927,2025-11-30,S01,SUP007,Received,239,850.84
PO00928,2025-12-27,S01,SUP007,Received,230,818.8
PO00929,2025-01-16,S01,SUP006,Received,130,772.2
PO00930,2025-02-17,S01,SUP006,Received,134,795.96
PO00931,2025-03-21,S01,SUP006,Received,131,778.14
PO00932,2025-04-21,S01,SUP006,Received,130,772.2
PO00933,2025-05-23,S01,SUP006,Received,131,778.14
PO00934,2025-06-24,S01,SUP006,Received,130,772.2
PO00935,2025-07-30,S01,SUP006,Received,133,790.02
PO00936,2025-09-08,S01,SUP006,Received,131,778.14
PO00937,2025-10-19,S01,SUP006,Received,132,784.08
PO00938,2025-12-02,S01,SUP006,Received,130,772.2
PO00939,2025-01-13,S01,SUP009,Received,366,2060.58
PO00940,2025-02-10,S01,SUP006,Received,365,2076.85
PO00941,2025-03-08,S01,SUP003,Received,357,2102.73
PO00942,2025-04-07,S01,SUP009,Received,363,2043.69
PO00943,2025-05-02,S01,SUP003,Received,357,2102.73
PO00944,2025-05-27,S01,SUP009,Received,360,2026.8
PO00945,2025-06-24,S01,SUP006,Received,360,2048.4
PO00946,2025-07-24,S01,SUP006,Received,367,2088.23
PO00947,2025-08-27,S01,SUP003,Received,359,2114.51
PO00948,2025-10-01,S01,SUP009,Received,360,2026.8
PO00949,2025-11-06,S01,SUP006,Received,366,2082.54
PO00950,2025-12-08,S01,SUP006,Received,357,2031.33
PO00951,2025-01-29,S01,SUP009,Received,249,3090.09
PO00952,2025-03-07,S01,SUP009,Received,249,3090.09
PO00953,2025-04-11,S01,SUP009,Received,247,3065.27
PO00954,2025-05-12,S01,SUP009,Received,250,3102.5
PO00955,2025-06-17,S01,SUP009,Received,252,3127.32
PO00956,2025-07-23,S01,SUP009,Received,246,3052.86
PO00957,2025-08-29,S01,SUP009,Received,245,3040.45
PO00958,2025-10-14,S01,SUP009,Received,248,3077.68
PO00959,2025-11-27,S01,SUP009,Received,249,3090.09
PO00960,2025-01-08,S01,SUP004,Received,175,987.0
PO00961,2025-01-20,S01,SUP005,Received,175,1153.25
PO00962,2025-02-02,S01,SUP005,Received,180,1186.2
PO00963,2025-02-13,S01,SUP004,Received,178,1003.92
PO00964,2025-02-23,S01,SUP004,Received,179,1009.56
PO00965,2025-03-05,S01,SUP005,Received,182,1199.38
PO00966,2025-03-15,S01,SUP005,Received,169,1113.71
PO00967,2025-03-26,S01,SUP005,Received,169,1113.71
PO00968,2025-04-07,S01,SUP005,Received,176,1159.84
PO00969,2025-04-17,S01,SUP005,Received,176,1159.84
PO00970,2025-04-27,S01,SUP005,Received,182,1199.38
PO00971,2025-05-06,S01,SUP005,Received,170,1120.3
PO00972,2025-05-18,S01,SUP004,Received,187,1054.68
PO00973,2025-05-31,S01,SUP005,Received,179,1179.61
PO00974,2025-06-11,S01,SUP004,Received,177,998.28
PO00975,2025-06-23,S01,SUP004,Received,181,1020.84
PO00976,2025-07-05,S01,SUP004,Received,183,1032.12
PO00977,2025-07-15,S01,SUP004,Received,170,958.8
PO00978,2025-07-27,S01,SUP005,Received,175,1153.25
PO00979,2025-08-10,S01,SUP005,Received,182,1199.38
PO00980,2025-08-24,S01,SUP004,Received,180,1015.2
PO00981,2025-09-06,S01,SUP005,Received,175,1153.25
PO00982,2025-09-20,S01,SUP004,Received,174,981.36
PO00983,2025-10-05,S01,SUP004,Received,180,1015.2
PO00984,2025-10-18,S01,SUP005,Received,178,1173.02
PO00985,2025-11-01,S01,SUP005,Received,175,1153.25
PO00986,2025-11-14,S01,SUP004,Received,171,964.44
PO00987,2025-11-27,S01,SUP005,Received,171,1126.89
PO00988,2025-12-09,S01,SUP004,Received,179,1009.56
PO00989,2025-12-20,S01,SUP004,Received,170,958.8
PO00990,2025-01-10,S01,SUP009,Received,260,1024.4
PO00991,2025-01-23,S01,SUP009,Received,262,1032.28
PO00992,2025-02-04,S01,SUP010,Received,254,911.86
PO00993,2025-02-16,S01,SUP009,Received,262,1032.28
PO00994,2025-02-28,S01,SUP009,Received,262,1032.28
PO00995,2025-03-12,S01,SUP010,Received,262,940.58
PO00996,2025-03-23,S01,SUP010,Received,254,911.86
PO00997,2025-04-03,S01,SUP009,Received,255,1004.7
PO00998,2025-04-16,S01,SUP009,Received,262,1032.28
PO00999,2025-04-27,S01,SUP009,Received,262,1032.28
PO01000,2025-05-10,S01,SUP009,Received,262,1032.28
PO01001,2025-05-22,S01,SUP009,Received,259,1020.46
PO01002,2025-06-03,S01,SUP009,Received,262,1032.28
PO01003,2025-06-16,S01,SUP009,Received,262,1032.28
PO01004,2025-06-30,S01,SUP010,Received,260,933.4
PO01005,2025-07-13,S01,SUP010,Received,257,922.63
PO01006,2025-07-28,S01,SUP010,Received,262,940.58
PO01007,2025-08-12,S01,SUP010,Received,257,922.63
PO01008,2025-08-27,S01,SUP009,Received,253,996.82
PO01009,2025-09-10,S01,SUP009,Received,257,1012.58
PO01010,2025-09-25,S01,SUP009,Received,262,1032.28
PO01011,2025-10-13,S01,SUP009,Received,262,1032.28
PO01012,2025-10-27,S01,SUP009,Received,258,1016.52
PO01013,2025-11-09,S01,SUP009,Received,262,1032.28
PO01014,2025-11-24,S01,SUP010,Received,262,940.58
PO01015,2025-12-08,S01,SUP010,Received,253,908.27
PO01016,2025-12-22,S01,SUP009,Received,255,1004.7
PO01017,2025-01-12,S01,SUP002,Received,207,426.42
PO01018,2025-01-30,S01,SUP002,Received,203,418.18
PO01019,2025-02-16,S01,SUP002,Received,211,434.66
PO01020,2025-03-05,S01,SUP002,Received,208,428.48
PO01021,2025-03-21,S01,SUP003,Received,220,448.8
PO01022,2025-04-04,S01,SUP003,Received,211,430.44
PO01023,2025-04-22,S01,SUP002,Received,208,428.48
PO01024,2025-05-10,S01,SUP002,Received,216,444.96
PO01025,2025-05-25,S01,SUP003,Received,219,446.76
PO01026,2025-06-15,S01,SUP002,Received,208,428.48
PO01027,2025-07-04,S01,SUP002,Received,212,436.72
PO01028,2025-07-26,S01,SUP003,Received,208,424.32
PO01029,2025-08-15,S01,SUP003,Received,208,424.32
PO01030,2025-09-08,S01,SUP003,Received,211,430.44
PO01031,2025-09-29,S01,SUP002,Received,204,420.24
PO01032,2025-10-20,S01,SUP003,Received,205,418.2
PO01033,2025-11-11,S01,SUP003,Received,209,426.36
PO01034,2025-12-01,S01,SUP002,Received,208,428.48
PO01035,2025-12-20,S01,SUP003,Received,211,430.44
PO01036,2025-01-10,S01,SUP001,Received,128,3136.0
PO01037,2025-02-16,S01,SUP007,Received,128,2384.64
PO01038,2025-03-25,S01,SUP007,Received,128,2384.64
PO01039,2025-04-28,S01,SUP007,Received,128,2384.64
PO01040,2025-05-27,S01,SUP007,Received,127,2366.01
PO01041,2025-07-10,S01,SUP001,Received,128,3136.0
PO01042,2025-08-16,S01,SUP007,Received,128,2384.64
PO01043,2025-09-30,S01,SUP007,Received,129,2403.27
PO01044,2025-11-11,S01,SUP001,Received,127,3111.5
PO01045,2025-12-22,S01,SUP001,Received,127,3111.5
PO01046,2025-01-02,S01,SUP006,Received,85,709.75
PO01047,2025-01-08,S01,SUP006,Received,82,684.7
PO01048,2025-01-13,S01,SUP006,Received,92,768.2
PO01049,2025-01-19,S01,SUP006,Received,95,793.25
PO01050,2025-01-24,S01,SUP003,Received,98,903.56
PO01051,2025-01-29,S01,SUP003,Received,93,857.46
PO01052,2025-02-03,S01,SUP003,Received,99,912.78
PO01053,2025-02-07,S01,SUP001,Received,82,783.92
PO01054,2025-02-11,S01,SUP003,Received,84,774.48
PO01055,2025-02-16,S01,SUP006,Received,84,701.4
PO01056,2025-02-21,S01,SUP003,Received,90,829.8
PO01057,2025-02-25,S01,SUP003,Received,83,765.26
PO01058,2025-03-01,S01,SUP001,Received,84,803.04
PO01059,2025-03-06,S01,SUP003,Received,95,875.9
PO01060,2025-03-11,S01,SUP003,Received,104,958.88
PO01061,2025-03-16,S01,SUP006,Received,81,676.35
PO01062,2025-03-20,S01,SUP006,Received,88,734.8
PO01063,2025-03-25,S01,SUP006,Received,89,743.15
PO01064,2025-03-30,S01,SUP003,Received,94,866.68
PO01065,2025-04-04,S01,SUP001,Received,84,803.04
PO01066,2025-04-08,S01,SUP003,Received,93,857.46
PO01067,2025-04-13,S01,SUP006,Received,111,926.85
PO01068,2025-04-17,S01,SUP003,Received,81,746.82
PO01069,2025-04-22,S01,SUP003,Received,95,875.9
PO01070,2025-04-27,S01,SUP001,Received,96,917.76
PO01071,2025-05-02,S01,SUP003,Received,96,885.12
PO01072,2025-05-06,S01,SUP003,Received,88,811.36
PO01073,2025-05-10,S01,SUP003,Received,89,820.58
PO01074,2025-05-15,S01,SUP003,Received,94,866.68
PO01075,2025-05-20,S01,SUP003,Received,81,746.82
PO01076,2025-05-25,S01,SUP001,Received,86,822.16
PO01077,2025-05-29,S01,SUP003,Received,85,783.7
PO01078,2025-06-03,S01,SUP001,Received,95,908.2
PO01079,2025-06-08,S01,SUP006,Received,94,784.9
PO01080,2025-06-15,S01,SUP001,Received,99,946.44
PO01081,2025-06-20,S01,SUP006,Received,94,784.9
PO01082,2025-06-24,S01,SUP003,Received,93,857.46
PO01083,2025-06-30,S01,SUP003,Received,86,792.92
PO01084,2025-07-06,S01,SUP001,Received,98,936.88
PO01085,2025-07-11,S01,SUP003,Received,82,756.04
PO01086,2025-07-16,S01,SUP003,Received,84,774.48
PO01087,2025-07-22,S01,SUP003,Received,94,866.68
PO01088,2025-07-27,S01,SUP003,Received,88,811.36
PO01089,2025-08-02,S01,SUP006,Received,95,793.25
PO01090,2025-08-08,S01,SUP006,Received,89,743.15
PO01091,2025-08-14,S01,SUP003,Received,88,811.36
PO01092,2025-08-20,S01,SUP001,Received,87,831.72
PO01093,2025-08-27,S01,SUP003,Received,88,811.36
PO01094,2025-09-01,S01,SUP006,Received,92,768.2
PO01095,2025-09-07,S01,SUP003,Received,96,885.12
PO01096,2025-09-14,S01,SUP003,Received,101,931.22
PO01097,2025-09-21,S01,SUP003,Received,92,848.24
PO01098,2025-09-27,S01,SUP003,Received,93,857.46
PO01099,2025-10-03,S01,SUP006,Received,90,751.5
PO01100,2025-10-08,S01,SUP003,Received,87,802.14
PO01101,2025-10-15,S01,SUP006,Received,85,709.75
PO01102,2025-10-21,S01,SUP003,Received,85,783.7
PO01103,2025-10-26,S01,SUP003,Received,82,756.04
PO01104,2025-11-02,S01,SUP003,Received,98,903.56
PO01105,2025-11-09,S01,SUP006,Received,96,801.6
PO01106,2025-11-15,S01,SUP001,Received,90,860.4
PO01107,2025-11-20,S01,SUP003,Received,83,765.26
PO01108,2025-11-26,S01,SUP006,Received,83,693.05
PO01109,2025-12-01,S01,SUP006,Received,81,676.35
PO01110,2025-12-07,S01,SUP003,Received,92,848.24
PO01111,2025-12-13,S01,SUP003,Received,97,894.34
PO01112,2025-12-19,S01,SUP003,Received,91,839.02
PO01113,2025-12-25,S01,SUP006,Received,86,718.1
PO01114,2025-12-30,S01,SUP003,Received,98,903.56
PO01115,2025-01-16,S01,SUP001,Received,225,2691.0
PO01116,2025-02-16,S01,SUP001,Received,233,2786.68
PO01117,2025-03-20,S01,SUP001,Received,228,2726.88
PO01118,2025-04-23,S01,SUP001,Received,228,2726.88
PO01119,2025-05-28,S01,SUP001,Received,227,2714.92
PO01120,2025-06-30,S01,SUP001,Received,228,2726.88
PO01121,2025-08-05,S01,SUP001,Received,226,2702.96
PO01122,2025-09-17,S01,SUP001,Received,223,2667.08
PO01123,2025-10-31,S01,SUP001,Received,223,2667.08
PO01124,2025-12-06,S01,SUP001,Received,236,2822.56
PO01125,2025-01-19,S01,SUP007,Received,285,5053.05
PO01126,2025-02-25,S01,SUP009,Received,282,5986.86
PO01127,2025-03-27,S01,SUP008,Received,281,5864.47
PO01128,2025-04-30,S01,SUP009,Received,290,6156.7
PO01129,2025-06-06,S01,SUP007,Received,289,5123.97
PO01130,2025-07-16,S01,SUP007,Received,282,4999.86
PO01131,2025-08-31,S01,SUP008,Received,286,5968.82
PO01132,2025-10-15,S01,SUP007,Received,286,5070.78
PO01133,2025-12-02,S01,SUP007,Received,285,5053.05
PO01134,2025-01-19,S01,SUP003,Received,174,2876.22
PO01135,2025-02-12,S01,SUP003,Received,176,2909.28
PO01136,2025-03-08,S01,SUP003,Received,170,2810.1
PO01137,2025-04-03,S01,SUP006,Received,173,2838.93
PO01138,2025-04-26,S01,SUP006,Received,172,2822.52
PO01139,2025-05-20,S01,SUP006,Received,172,2822.52
PO01140,2025-06-15,S01,SUP003,Received,171,2826.63
PO01141,2025-07-08,S01,SUP006,Received,173,2838.93
PO01142,2025-08-01,S01,SUP003,Received,173,2859.69
PO01143,2025-08-29,S01,SUP003,Received,171,2826.63
PO01144,2025-09-28,S01,SUP006,Received,172,2822.52
PO01145,2025-10-26,S01,SUP006,Received,170,2789.7
PO01146,2025-11-29,S01,SUP006,Received,176,2888.16
PO01147,2025-12-26,S01,SUP006,Received,174,2855.34
PO01148,2025-01-05,S01,SUP007,Received,133,1658.51
PO01149,2025-01-21,S01,SUP007,Received,135,1683.45
PO01150,2025-02-06,S01,SUP007,Received,141,1758.27
PO01151,2025-02-20,S01,SUP007,Received,132,1646.04
PO01152,2025-03-07,S01,SUP007,Received,136,1695.92
PO01153,2025-03-22,S01,SUP007,Received,142,1770.74
PO01154,2025-04-06,S01,SUP007,Received,138,1720.86
PO01155,2025-04-20,S01,SUP007,Received,135,1683.45
PO01156,2025-05-04,S01,SUP007,Received,132,1646.04
PO01157,2025-05-18,S01,SUP007,Received,139,1733.33
PO01158,2025-06-01,S01,SUP007,Received,139,1733.33
PO01159,2025-06-16,S01,SUP007,Received,140,1745.8
PO01160,2025-07-03,S01,SUP007,Received,132,1646.04
PO01161,2025-07-19,S01,SUP007,Received,141,1758.27
PO01162,2025-08-04,S01,SUP007,Received,138,1720.86
PO01163,2025-08-20,S01,SUP007,Received,136,1695.92
PO01164,2025-09-08,S01,SUP007,Received,137,1708.39
PO01165,2025-09-29,S01,SUP007,Received,135,1683.45
PO01166,2025-10-19,S01,SUP007,Received,135,1683.45
PO01167,2025-11-06,S01,SUP007,Received,133,1658.51
PO01168,2025-11-22,S01,SUP007,Received,134,1670.98
PO01169,2025-12-08,S01,SUP007,Received,138,1720.86
PO01170,2025-12-25,S01,SUP007,Received,138,1720.86
PO01171,2025-01-12,S01,SUP010,Received,345,6651.6
PO01172,2025-01-27,S01,SUP002,Received,346,5940.82
PO01173,2025-02-12,S01,SUP010,Received,343,6613.04
PO01174,2025-02-27,S01,SUP002,Received,344,5906.48
PO01175,2025-03-14,S01,SUP002,Received,346,5940.82
PO01176,2025-03-28,S01,SUP002,Received,346,5940.82
PO01177,2025-04-12,S01,SUP002,Received,343,5889.31
PO01178,2025-04-26,S01,SUP010,Received,346,6670.88
PO01179,2025-05-10,S01,SUP010,Received,345,6651.6
PO01180,2025-05-25,S01,SUP002,Received,341,5854.97
PO01181,2025-06-10,S01,SUP010,Received,346,6670.88
PO01182,2025-06-27,S01,SUP010,Received,346,6670.88
PO01183,2025-07-14,S01,SUP010,Received,342,6593.76
PO01184,2025-08-02,S01,SUP010,Received,345,6651.6
PO01185,2025-08-20,S01,SUP002,Received,338,5803.46
PO01186,2025-09-06,S01,SUP002,Received,338,5803.46
PO01187,2025-09-24,S01,SUP010,Received,342,6593.76
PO01188,2025-10-14,S01,SUP002,Received,346,5940.82
PO01189,2025-11-02,S01,SUP002,Received,346,5940.82
PO01190,2025-11-22,S01,SUP010,Received,346,6670.88
PO01191,2025-12-10,S01,SUP002,Received,337,5786.29
PO01192,2025-12-27,S01,SUP002,Received,346,5940.82
PO01193,2025-03-29,S01,SUP006,Received,400,2216.0
PO01194,2025-07-20,S01,SUP006,Received,397,2199.38
PO01195,2025-11-24,S01,SUP006,Received,400,2216.0
PO01196,2025-01-24,S01,SUP002,Received,484,6897.0
PO01197,2025-02-23,S01,SUP002,Received,484,6897.0
PO01198,2025-03-22,S01,SUP002,Received,484,6897.0
PO01199,2025-04-17,S01,SUP002,Received,484,6897.0
PO01200,2025-05-13,S01,SUP002,Received,484,6897.0
PO01201,2025-06-06,S01,SUP002,Received,483,6882.75
PO01202,2025-07-07,S01,SUP002,Received,484,6897.0
PO01203,2025-08-09,S01,SUP002,Received,484,6897.0
PO01204,2025-09-12,S01,SUP002,Received,480,6840.0
PO01205,2025-10-21,S01,SUP002,Received,481,6854.25
PO01206,2025-11-23,S01,SUP002,Received,484,6897.0
PO01207,2025-12-26,S01,SUP002,Received,484,6897.0
PO01208,2025-01-06,S01,SUP003,Received,114,2023.5
PO01209,2025-01-20,S01,SUP003,Received,111,1970.25
PO01210,2025-02-01,S01,SUP010,Received,116,2115.84
PO01211,2025-02-14,S01,SUP003,Received,111,1970.25
PO01212,2025-02-26,S01,SUP001,Received,123,1719.54
PO01213,2025-03-11,S01,SUP010,Received,114,2079.36
PO01214,2025-03-24,S01,SUP010,Received,108,1969.92
PO01215,2025-04-06,S01,SUP001,Received,117,1635.66
PO01216,2025-04-17,S01,SUP003,Received,111,1970.25
PO01217,2025-05-01,S01,SUP010,Received,111,2024.64
PO01218,2025-05-13,S01,SUP010,Received,117,2134.08
PO01219,2025-05-26,S01,SUP010,Received,117,2134.08
PO01220,2025-06-07,S01,SUP010,Received,115,2097.6
PO01221,2025-06-22,S01,SUP001,Received,114,1593.72
PO01222,2025-07-05,S01,SUP001,Received,114,1593.72
PO01223,2025-07-19,S01,SUP001,Received,110,1537.8
PO01224,2025-08-01,S01,SUP010,Received,111,2024.64
PO01225,2025-08-15,S01,SUP010,Received,109,1988.16
PO01226,2025-08-30,S01,SUP001,Received,109,1523.82
PO01227,2025-09-15,S01,SUP010,Received,112,2042.88
PO01228,2025-09-30,S01,SUP001,Received,110,1537.8
PO01229,2025-10-19,S01,SUP010,Received,114,2079.36
PO01230,2025-11-03,S01,SUP001,Received,109,1523.82
PO01231,2025-11-19,S01,SUP001,Received,109,1523.82
PO01232,2025-12-03,S01,SUP003,Received,112,1988.0
PO01233,2025-12-17,S01,SUP003,Received,113,2005.75
PO01234,2025-01-17,S01,SUP008,Received,186,3738.6
PO01235,2025-02-05,S01,SUP008,Received,184,3698.4
PO01236,2025-02-24,S01,SUP006,Received,186,4160.82
PO01237,2025-03-15,S01,SUP008,Received,183,3678.3
PO01238,2025-04-04,S01,SUP008,Received,189,3798.9
PO01239,2025-04-21,S01,SUP008,Received,186,3738.6
PO01240,2025-05-10,S01,SUP008,Received,187,3758.7
PO01241,2025-05-30,S01,SUP008,Received,188,3778.8
PO01242,2025-06-16,S01,SUP006,Received,183,4093.71
PO01243,2025-07-05,S01,SUP008,Received,182,3658.2
PO01244,2025-07-28,S01,SUP008,Received,183,3678.3
PO01245,2025-08-23,S01,SUP008,Received,182,3658.2
PO01246,2025-09-17,S01,SUP008,Received,183,3678.3
PO01247,2025-10-14,S01,SUP008,Received,184,3698.4
PO01248,2025-11-07,S01,SUP006,Received,182,4071.34
PO01249,2025-11-29,S01,SUP006,Received,188,4205.56
PO01250,2025-12-20,S01,SUP006,Received,186,4160.82
PO01251,2025-01-14,S01,SUP001,Received,222,284.16
PO01252,2025-02-01,S01,SUP001,Received,228,291.84
PO01253,2025-02-20,S01,SUP001,Received,219,280.32
PO01254,2025-03-08,S01,SUP001,Received,220,281.6
PO01255,2025-03-24,S01,SUP001,Received,222,284.16
PO01256,2025-04-11,S01,SUP001,Received,219,280.32
PO01257,2025-04-30,S01,SUP001,Received,215,275.2
PO01258,2025-05-17,S01,SUP001,Received,226,289.28
PO01259,2025-06-04,S01,SUP001,Received,224,286.72
PO01260,2025-06-22,S01,SUP001,Received,219,280.32
PO01261,2025-07-10,S01,SUP001,Received,216,276.48
PO01262,2025-07-28,S01,SUP001,Received,220,281.6
PO01263,2025-08-21,S01,SUP001,Received,219,280.32
PO01264,2025-09-14,S01,SUP001,Received,216,276.48
PO01265,2025-10-05,S01,SUP001,Received,216,276.48
PO01266,2025-10-28,S01,SUP001,Received,220,281.6
PO01267,2025-11-19,S01,SUP001,Received,217,277.76
PO01268,2025-12-11,S01,SUP001,Received,213,272.64
PO01269,2025-12-31,S01,SUP001,Received,223,285.44
PO01270,2025-01-05,S01,SUP005,Received,279,225.99
PO01271,2025-01-23,S01,SUP005,Received,284,230.04
PO01272,2025-02-10,S01,SUP005,Received,280,226.8
PO01273,2025-03-01,S01,SUP005,Received,271,219.51
PO01274,2025-03-17,S01,SUP005,Received,270,218.7
PO01275,2025-04-04,S01,SUP005,Received,280,226.8
PO01276,2025-04-21,S01,SUP005,Received,278,225.18
PO01277,2025-05-07,S01,SUP005,Received,278,225.18
PO01278,2025-05-24,S01,SUP005,Received,273,221.13
PO01279,2025-06-11,S01,SUP005,Received,271,219.51
PO01280,2025-06-28,S01,SUP005,Received,271,219.51
PO01281,2025-07-18,S01,SUP005,Received,277,224.37
PO01282,2025-08-09,S01,SUP005,Received,276,223.56
PO01283,2025-08-30,S01,SUP005,Received,272,220.32
PO01284,2025-09-20,S01,SUP005,Received,274,221.94
PO01285,2025-10-17,S01,SUP005,Received,285,230.85
PO01286,2025-11-08,S01,SUP005,Received,277,224.37
PO01287,2025-12-01,S01,SUP005,Received,270,218.7
PO01288,2025-12-22,S01,SUP005,Received,275,222.75
PO01289,2025-01-12,S01,SUP008,Received,129,2877.99
PO01290,2025-02-11,S01,SUP004,Received,125,2841.25
PO01291,2025-03-13,S01,SUP005,Received,125,2208.75
PO01292,2025-04-11,S01,SUP008,Received,126,2811.06
PO01293,2025-05-07,S01,SUP004,Received,128,2909.44
PO01294,2025-06-05,S01,SUP005,Received,125,2208.75
PO01295,2025-07-06,S01,SUP005,Received,129,2279.43
PO01296,2025-08-09,S01,SUP008,Received,130,2900.3
PO01297,2025-09-12,S01,SUP008,Received,126,2811.06
PO01298,2025-10-20,S01,SUP004,Received,126,2863.98
PO01299,2025-11-22,S01,SUP005,Received,127,2244.09
PO01300,2025-12-21,S01,SUP004,Received,125,2841.25
PO01301,2025-02-02,S01,SUP009,Received,388,5792.84
PO01302,2025-03-15,S01,SUP010,Received,393,4888.92
PO01303,2025-04-25,S01,SUP009,Received,391,5837.63
PO01304,2025-06-02,S01,SUP010,Received,387,4814.28
PO01305,2025-07-16,S01,SUP009,Received,389,5807.77
PO01306,2025-09-05,S01,SUP005,Received,387,5243.85
PO01307,2025-10-26,S01,SUP010,Received,387,4814.28
PO01308,2025-12-12,S01,SUP009,Received,382,5703.26
PO01309,2025-01-21,S01,SUP006,Received,146,522.68
PO01310,2025-02-14,S01,SUP006,Received,151,540.58
PO01311,2025-03-06,S01,SUP006,Received,150,537.0
PO01312,2025-03-29,S01,SUP003,Received,148,553.52
PO01313,2025-04-20,S01,SUP003,Received,144,538.56
PO01314,2025-05-15,S01,SUP008,Received,146,581.08
PO01315,2025-06-09,S01,SUP008,Received,149,593.02
PO01316,2025-07-05,S01,SUP003,Received,143,534.82
PO01317,2025-08-01,S01,SUP003,Received,147,549.78
PO01318,2025-08-30,S01,SUP008,Received,145,577.1
PO01319,2025-09-25,S01,SUP003,Received,144,538.56
PO01320,2025-10-28,S01,SUP008,Received,144,573.12
PO01321,2025-11-26,S01,SUP008,Received,144,573.12
PO01322,2025-12-27,S01,SUP003,Received,149,557.26
PO01323,2025-01-14,S01,SUP008,Received,275,2345.75
PO01324,2025-02-21,S01,SUP002,Received,273,2096.64
PO01325,2025-03-27,S01,SUP008,Received,275,2345.75
PO01326,2025-04-28,S01,SUP002,Received,274,2104.32
PO01327,2025-06-05,S01,SUP008,Received,273,2328.69
PO01328,2025-07-19,S01,SUP008,Received,276,2354.28
PO01329,2025-08-28,S01,SUP002,Received,276,2119.68
PO01330,2025-10-16,S01,SUP008,Received,276,2354.28
PO01331,2025-12-05,S01,SUP002,Received,273,2096.64
PO01332,2025-01-14,S01,SUP007,Received,493,3781.31
PO01333,2025-02-06,S01,SUP007,Received,496,3804.32
PO01334,2025-02-28,S01,SUP007,Received,494,3788.98
PO01335,2025-03-21,S01,SUP007,Received,496,3804.32
PO01336,2025-04-11,S01,SUP007,Received,496,3804.32
PO01337,2025-05-03,S01,SUP007,Received,496,3804.32
PO01338,2025-05-25,S01,SUP007,Received,496,3804.32
PO01339,2025-06-19,S01,SUP007,Received,496,3804.32
PO01340,2025-07-12,S01,SUP007,Received,496,3804.32
PO01341,2025-08-07,S01,SUP007,Received,495,3796.65
PO01342,2025-09-02,S01,SUP007,Received,488,3742.96
PO01343,2025-09-29,S01,SUP007,Received,496,3804.32
PO01344,2025-10-29,S01,SUP007,Received,494,3788.98
PO01345,2025-11-24,S01,SUP007,Received,493,3781.31
PO01346,2025-12-21,S01,SUP007,Received,496,3804.32
PO01347,2025-01-04,S01,SUP003,Received,75,761.25
PO01348,2025-01-09,S01,SUP003,Received,74,751.1
PO01349,2025-01-15,S01,SUP010,Received,86,1010.5
PO01350,2025-01-21,S01,SUP010,Received,78,916.5
PO01351,2025-01-27,S01,SUP005,Received,79,1009.62
PO01352,2025-02-02,S01,SUP003,Received,83,842.45
PO01353,2025-02-07,S01,SUP005,Received,78,996.84
PO01354,2025-02-12,S01,SUP010,Received,87,1022.25
PO01355,2025-02-17,S01,SUP005,Received,79,1009.62
PO01356,2025-02-23,S01,SUP003,Received,90,913.5
PO01357,2025-03-01,S01,SUP003,Received,84,852.6
PO01358,2025-03-07,S01,SUP003,Received,77,781.55
PO01359,2025-03-13,S01,SUP005,Received,83,1060.74
PO01360,2025-03-18,S01,SUP010,Received,84,987.0
PO01361,2025-03-23,S01,SUP010,Received,81,951.75
PO01362,2025-03-29,S01,SUP003,Received,87,883.05
PO01363,2025-04-03,S01,SUP005,Received,79,1009.62
PO01364,2025-04-07,S01,SUP003,Received,78,791.7
PO01365,2025-04-12,S01,SUP003,Received,76,771.4
PO01366,2025-04-17,S01,SUP010,Received,80,940.0
PO01367,2025-04-23,S01,SUP005,Received,80,1022.4
PO01368,2025-04-28,S01,SUP005,Received,77,984.06
PO01369,2025-05-04,S01,SUP010,Received,82,963.5
PO01370,2025-05-09,S01,SUP005,Received,80,1022.4
PO01371,2025-05-15,S01,SUP010,Received,84,987.0
PO01372,2025-05-20,S01,SUP005,Received,73,932.94
PO01373,2025-05-26,S01,SUP003,Received,80,812.0
PO01374,2025-05-31,S01,SUP003,Received,76,771.4
PO01375,2025-06-06,S01,SUP005,Received,82,1047.96
PO01376,2025-06-11,S01,SUP005,Received,82,1047.96
PO01377,2025-06-16,S01,SUP010,Received,77,904.75
PO01378,2025-06-21,S01,SUP010,Received,82,963.5
PO01379,2025-06-27,S01,SUP010,Received,80,940.0
PO01380,2025-07-03,S01,SUP010,Received,81,951.75
PO01381,2025-07-09,S01,SUP003,Received,76,771.4
PO01382,2025-07-16,S01,SUP003,Received,81,822.15
PO01383,2025-07-23,S01,SUP010,Received,80,940.0
PO01384,2025-07-29,S01,SUP010,Received,86,1010.5
PO01385,2025-08-03,S01,SUP010,Received,81,951.75
PO01386,2025-08-09,S01,SUP005,Received,88,1124.64
PO01387,2025-08-15,S01,SUP003,Received,84,852.6
PO01388,2025-08-22,S01,SUP010,Received,73,857.75
PO01389,2025-08-28,S01,SUP005,Received,76,971.28
PO01390,2025-09-04,S01,SUP005,Received,74,945.72
PO01391,2025-09-11,S01,SUP010,Received,87,1022.25
PO01392,2025-09-18,S01,SUP003,Received,73,740.95
PO01393,2025-09-25,S01,SUP005,Received,82,1047.96
PO01394,2025-10-03,S01,SUP005,Received,83,1060.74
PO01395,2025-10-09,S01,SUP005,Received,73,932.94
PO01396,2025-10-16,S01,SUP005,Received,78,996.84
PO01397,2025-10-21,S01,SUP010,Received,74,869.5
PO01398,2025-10-27,S01,SUP005,Received,77,984.06
PO01399,2025-11-02,S01,SUP010,Received,74,869.5
PO01400,2025-11-08,S01,SUP005,Received,76,971.28
PO01401,2025-11-15,S01,SUP003,Received,86,872.9
PO01402,2025-11-21,S01,SUP003,Received,77,781.55
PO01403,2025-11-27,S01,SUP010,Received,77,904.75
PO01404,2025-12-04,S01,SUP010,Received,84,987.0
PO01405,2025-12-10,S01,SUP003,Received,75,761.25
PO01406,2025-12-16,S01,SUP010,Received,78,916.5
PO01407,2025-12-21,S01,SUP010,Received,80,940.0
PO01408,2025-12-28,S01,SUP010,Received,82,963.5
PO01409,2025-01-04,S01,SUP009,Received,171,2789.01
PO01410,2025-01-16,S01,SUP010,Received,177,2474.46
PO01411,2025-01-27,S01,SUP009,Received,177,2886.87
PO01412,2025-02-06,S01,SUP009,Received,170,2772.7
PO01413,2025-02-16,S01,SUP009,Received,177,2886.87
PO01414,2025-02-26,S01,SUP009,Received,173,2821.63
PO01415,2025-03-09,S01,SUP010,Received,177,2474.46
PO01416,2025-03-19,S01,SUP010,Received,177,2474.46
PO01417,2025-03-29,S01,SUP009,Received,177,2886.87
PO01418,2025-04-07,S01,SUP009,Received,174,2837.94
PO01419,2025-04-17,S01,SUP010,Received,177,2474.46
PO01420,2025-04-27,S01,SUP009,Received,177,2886.87
PO01421,2025-05-09,S01,SUP009,Received,173,2821.63
PO01422,2025-05-19,S01,SUP010,Received,176,2460.48
PO01423,2025-05-30,S01,SUP010,Received,174,2432.52
PO01424,2025-06-12,S01,SUP009,Received,169,2756.39
PO01425,2025-06-25,S01,SUP010,Received,175,2446.5
PO01426,2025-07-05,S01,SUP009,Received,177,2886.87
PO01427,2025-07-16,S01,SUP009,Received,177,2886.87
PO01428,2025-07-28,S01,SUP009,Received,177,2886.87
PO01429,2025-08-08,S01,SUP009,Received,177,2886.87
PO01430,2025-08-19,S01,SUP010,Received,177,2474.46
PO01431,2025-08-30,S01,SUP009,Received,167,2723.77
PO01432,2025-09-13,S01,SUP010,Received,176,2460.48
PO01433,2025-09-25,S01,SUP010,Received,172,2404.56
PO01434,2025-10-07,S01,SUP010,Received,167,2334.66
PO01435,2025-10-19,S01,SUP009,Received,177,2886.87
PO01436,2025-11-02,S01,SUP009,Received,177,2886.87
PO01437,2025-11-14,S01,SUP010,Received,171,2390.58
PO01438,2025-11-25,S01,SUP009,Received,168,2740.08
PO01439,2025-12-06,S01,SUP009,Received,175,2854.25
PO01440,2025-12-17,S01,SUP010,Received,170,2376.6
PO01441,2025-12-28,S01,SUP010,Received,170,2376.6
PO01442,2025-01-11,S01,SUP001,Received,323,2739.04
PO01443,2025-01-27,S01,SUP001,Received,330,2798.4
PO01444,2025-02-11,S01,SUP010,Received,320,3395.2
PO01445,2025-02-26,S01,SUP002,Received,321,3270.99
PO01446,2025-03-12,S01,SUP002,Received,320,3260.8
PO01447,2025-03-28,S01,SUP002,Received,319,3250.61
PO01448,2025-04-12,S01,SUP010,Received,323,3427.03
PO01449,2025-04-27,S01,SUP010,Received,324,3437.64
PO01450,2025-05-12,S01,SUP010,Received,320,3395.2
PO01451,2025-05-28,S01,SUP002,Received,318,3240.42
PO01452,2025-06-13,S01,SUP002,Received,321,3270.99
PO01453,2025-06-30,S01,SUP002,Received,323,3291.37
PO01454,2025-07-17,S01,SUP010,Received,328,3480.08
PO01455,2025-08-04,S01,SUP002,Received,332,3383.08
PO01456,2025-08-23,S01,SUP001,Received,319,2705.12
PO01457,2025-09-11,S01,SUP001,Received,335,2840.8
PO01458,2025-10-01,S01,SUP010,Received,328,3480.08
PO01459,2025-10-21,S01,SUP001,Received,333,2823.84
PO01460,2025-11-10,S01,SUP002,Received,319,3250.61
PO01461,2025-11-26,S01,SUP002,Received,326,3321.94
PO01462,2025-12-15,S01,SUP010,Received,325,3448.25
PO01463,2025-01-06,S01,SUP007,Received,316,1561.04
PO01464,2025-01-22,S01,SUP005,Received,328,1849.92
PO01465,2025-02-08,S01,SUP007,Received,319,1575.86
PO01466,2025-02-22,S01,SUP007,Received,324,1600.56
PO01467,2025-03-09,S01,SUP008,Received,329,1760.15
PO01468,2025-03-24,S01,SUP007,Received,323,1595.62
PO01469,2025-04-09,S01,SUP007,Received,332,1640.08
PO01470,2025-04-23,S01,SUP008,Received,332,1776.2
PO01471,2025-05-07,S01,SUP007,Received,332,1640.08
PO01472,2025-05-23,S01,SUP007,Received,332,1640.08
PO01473,2025-06-07,S01,SUP005,Received,331,1866.84
PO01474,2025-06-24,S01,SUP008,Received,319,1706.65
PO01475,2025-07-10,S01,SUP008,Received,325,1738.75
PO01476,2025-07-27,S01,SUP005,Received,321,1810.44
PO01477,2025-08-15,S01,SUP005,Received,318,1793.52
PO01478,2025-09-01,S01,SUP005,Received,332,1872.48
PO01479,2025-09-20,S01,SUP008,Received,317,1695.95
PO01480,2025-10-11,S01,SUP007,Received,322,1590.68
PO01481,2025-11-02,S01,SUP007,Received,328,1620.32
PO01482,2025-11-20,S01,SUP005,Received,321,1810.44
PO01483,2025-12-08,S01,SUP007,Received,327,1615.38
PO01484,2025-12-26,S01,SUP008,Received,331,1770.85
PO01485,2025-01-13,S01,SUP007,Received,390,7312.5
PO01486,2025-01-31,S01,SUP003,Received,389,6698.58
PO01487,2025-02-16,S01,SUP007,Received,400,7500.0
PO01488,2025-03-03,S01,SUP003,Received,393,6767.46
PO01489,2025-03-18,S01,SUP003,Received,403,6939.66
PO01490,2025-04-03,S01,SUP003,Received,395,6801.9
PO01491,2025-04-17,S01,SUP003,Received,393,6767.46
PO01492,2025-05-03,S01,SUP003,Received,397,6836.34
PO01493,2025-05-19,S01,SUP007,Received,399,7481.25
PO01494,2025-06-04,S01,SUP007,Received,388,7275.0
PO01495,2025-06-21,S01,SUP003,Received,400,6888.0
PO01496,2025-07-10,S01,SUP007,Received,409,7668.75
PO01497,2025-07-29,S01,SUP007,Received,401,7518.75
PO01498,2025-08-15,S01,SUP007,Received,393,7368.75
PO01499,2025-09-03,S01,SUP007,Received,410,7687.5
PO01500,2025-09-23,S01,SUP003,Received,392,6750.24
PO01501,2025-10-14,S01,SUP003,Received,393,6767.46
PO01502,2025-11-02,S01,SUP003,Received,404,6956.88
PO01503,2025-11-22,S01,SUP003,Received,400,6888.0
PO01504,2025-12-10,S01,SUP003,Received,396,6819.12
PO01505,2025-12-27,S01,SUP003,Received,411,7077.42
PO01506,2025-01-01,S01,SUP001,Received,81,472.23
PO01507,2025-01-05,S01,SUP001,Received,103,600.49
PO01508,2025-01-09,S01,SUP001,Received,79,460.57
PO01509,2025-01-13,S01,SUP001,Received,82,478.06
PO01510,2025-01-17,S01,SUP001,Received,80,466.4
PO01511,2025-01-21,S01,SUP001,Received,96,559.68
PO01512,2025-01-25,S01,SUP001,Received,76,443.08
PO01513,2025-01-29,S01,SUP001,Received,83,483.89
PO01514,2025-02-02,S01,SUP001,Received,79,460.57
PO01515,2025-02-07,S01,SUP001,Received,87,507.21
PO01516,2025-02-11,S01,SUP001,Received,84,489.72
PO01517,2025-02-15,S01,SUP001,Received,99,577.17
PO01518,2025-02-20,S01,SUP001,Received,85,495.55
PO01519,2025-02-24,S01,SUP001,Received,90,524.7
PO01520,2025-03-01,S01,SUP001,Received,96,559.68
PO01521,2025-03-05,S01,SUP001,Received,89,518.87
PO01522,2025-03-09,S01,SUP001,Received,85,495.55
PO01523,2025-03-14,S01,SUP001,Received,91,530.53
PO01524,2025-03-17,S01,SUP001,Received,79,460.57
PO01525,2025-03-21,S01,SUP001,Received,86,501.38
PO01526,2025-03-25,S01,SUP001,Received,90,524.7
PO01527,2025-03-29,S01,SUP001,Received,106,617.98
PO01528,2025-04-02,S01,SUP001,Received,88,513.04
PO01529,2025-04-06,S01,SUP001,Received,92,536.36
PO01530,2025-04-10,S01,SUP001,Received,96,559.68
PO01531,2025-04-14,S01,SUP001,Received,82,478.06
PO01532,2025-04-19,S01,SUP001,Received,85,495.55
PO01533,2025-04-23,S01,SUP001,Received,91,530.53
PO01534,2025-04-27,S01,SUP001,Received,95,553.85
PO01535,2025-05-01,S01,SUP001,Received,89,518.87
PO01536,2025-05-05,S01,SUP001,Received,91,530.53
PO01537,2025-05-09,S01,SUP001,Received,89,518.87
PO01538,2025-05-13,S01,SUP001,Received,80,466.4
PO01539,2025-05-17,S01,SUP001,Received,97,565.51
PO01540,2025-05-21,S01,SUP001,Received,78,454.74
PO01541,2025-05-25,S01,SUP001,Received,81,472.23
PO01542,2025-05-29,S01,SUP001,Received,86,501.38
PO01543,2025-06-02,S01,SUP001,Received,88,513.04
PO01544,2025-06-06,S01,SUP001,Received,84,489.72
PO01545,2025-06-10,S01,SUP001,Received,77,448.91
PO01546,2025-06-14,S01,SUP001,Received,78,454.74
PO01547,2025-06-18,S01,SUP001,Received,80,466.4
PO01548,2025-06-22,S01,SUP001,Received,81,472.23
PO01549,2025-06-26,S01,SUP001,Received,92,536.36
PO01550,2025-07-01,S01,SUP001,Received,78,454.74
PO01551,2025-07-05,S01,SUP001,Received,77,448.91
PO01552,2025-07-08,S01,SUP001,Received,81,472.23
PO01553,2025-07-13,S01,SUP001,Received,79,460.57
PO01554,2025-07-18,S01,SUP001,Received,91,530.53
PO01555,2025-07-23,S01,SUP001,Received,78,454.74
PO01556,2025-07-29,S01,SUP001,Received,86,501.38
PO01557,2025-08-03,S01,SUP001,Received,95,553.85
PO01558,2025-08-08,S01,SUP001,Received,84,489.72
PO01559,2025-08-13,S01,SUP001,Received,84,489.72
PO01560,2025-08-19,S01,SUP001,Received,84,489.72
PO01561,2025-08-24,S01,SUP001,Received,87,507.21
PO01562,2025-08-30,S01,SUP001,Received,90,524.7
PO01563,2025-09-04,S01,SUP001,Received,89,518.87
PO01564,2025-09-09,S01,SUP001,Received,87,507.21
PO01565,2025-09-14,S01,SUP001,Received,86,501.38
PO01566,2025-09-19,S01,SUP001,Received,78,454.74
PO01567,2025-09-25,S01,SUP001,Received,87,507.21
PO01568,2025-09-30,S01,SUP001,Received,78,454.74
PO01569,2025-10-06,S01,SUP001,Received,89,518.87
PO01570,2025-10-11,S01,SUP001,Received,83,483.89
PO01571,2025-10-15,S01,SUP001,Received,78,454.74
PO01572,2025-10-20,S01,SUP001,Received,84,489.72
PO01573,2025-10-25,S01,SUP001,Received,78,454.74
PO01574,2025-10-31,S01,SUP001,Received,97,565.51
PO01575,2025-11-05,S01,SUP001,Received,78,454.74
PO01576,2025-11-10,S01,SUP001,Received,93,542.19
PO01577,2025-11-15,S01,SUP001,Received,94,548.02
PO01578,2025-11-20,S01,SUP001,Received,76,443.08
PO01579,2025-11-26,S01,SUP001,Received,88,513.04
PO01580,2025-12-01,S01,SUP001,Received,86,501.38
PO01581,2025-12-06,S01,SUP001,Received,77,448.91
PO01582,2025-12-10,S01,SUP001,Received,82,478.06
PO01583,2025-12-14,S01,SUP001,Received,80,466.4
PO01584,2025-12-20,S01,SUP001,Received,93,542.19
PO01585,2025-12-25,S01,SUP001,Received,89,518.87
PO01586,2025-12-29,S01,SUP001,Received,79,460.57
PO01587,2025-01-05,S01,SUP006,Received,80,203.2
PO01588,2025-01-11,S01,SUP006,Received,82,208.28
PO01589,2025-01-18,S01,SUP006,Received,82,208.28
PO01590,2025-01-25,S01,SUP006,Received,94,238.76
PO01591,2025-02-02,S01,SUP006,Received,91,231.14
PO01592,2025-02-10,S01,SUP006,Received,91,231.14
PO01593,2025-02-16,S01,SUP006,Received,81,205.74
PO01594,2025-02-24,S01,SUP006,Received,93,236.22
PO01595,2025-03-03,S01,SUP006,Received,94,238.76
PO01596,2025-03-10,S01,SUP006,Received,82,208.28
PO01597,2025-03-16,S01,SUP006,Received,92,233.68
PO01598,2025-03-24,S01,SUP006,Received,87,220.98
PO01599,2025-04-01,S01,SUP006,Received,92,233.68
PO01600,2025-04-09,S01,SUP006,Received,89,226.06
PO01601,2025-04-18,S01,SUP006,Received,85,215.9
PO01602,2025-04-26,S01,SUP006,Received,83,210.82
PO01603,2025-05-03,S01,SUP006,Received,82,208.28
PO01604,2025-05-10,S01,SUP006,Received,84,213.36
PO01605,2025-05-17,S01,SUP006,Received,87,220.98
PO01606,2025-05-24,S01,SUP006,Received,80,203.2
PO01607,2025-05-31,S01,SUP006,Received,80,203.2
PO01608,2025-06-08,S01,SUP006,Received,86,218.44
PO01609,2025-06-17,S01,SUP006,Received,83,210.82
PO01610,2025-06-27,S01,SUP006,Received,85,215.9
PO01611,2025-07-04,S01,SUP006,Received,85,215.9
PO01612,2025-07-12,S01,SUP006,Received,83,210.82
PO01613,2025-07-21,S01,SUP006,Received,87,220.98
PO01614,2025-08-01,S01,SUP006,Received,80,203.2
PO01615,2025-08-11,S01,SUP006,Received,83,210.82
PO01616,2025-08-19,S01,SUP006,Received,80,203.2
PO01617,2025-08-30,S01,SUP006,Received,92,233.68
PO01618,2025-09-07,S01,SUP006,Received,86,218.44
PO01619,2025-09-17,S01,SUP006,Received,86,218.44
PO01620,2025-09-27,S01,SUP006,Received,88,223.52
PO01621,2025-10-06,S01,SUP006,Received,80,203.2
PO01622,2025-10-16,S01,SUP006,Received,85,215.9
PO01623,2025-10-25,S01,SUP006,Received,85,215.9
PO01624,2025-11-05,S01,SUP006,Received,84,213.36
PO01625,2025-11-14,S01,SUP006,Received,85,215.9
PO01626,2025-11-23,S01,SUP006,Received,84,213.36
PO01627,2025-12-01,S01,SUP006,Received,81,205.74
PO01628,2025-12-12,S01,SUP006,Received,84,213.36
PO01629,2025-12-20,S01,SUP006,Received,90,228.6
PO01630,2025-12-27,S01,SUP006,Received,95,241.3
PO01631,2025-01-11,S01,SUP008,Received,406,5951.96
PO01632,2025-02-08,S01,SUP008,Received,412,6039.92
PO01633,2025-03-05,S01,SUP008,Received,394,5776.04
PO01634,2025-04-01,S01,SUP008,Received,408,5981.28
PO01635,2025-04-24,S01,SUP008,Received,397,5820.02
PO01636,2025-05-20,S01,SUP008,Received,399,5849.34
PO01637,2025-06-15,S01,SUP008,Received,402,5893.32
PO01638,2025-07-12,S01,SUP008,Received,405,5937.3
PO01639,2025-08-09,S01,SUP008,Received,403,5907.98
PO01640,2025-09-13,S01,SUP008,Received,400,5864.0
PO01641,2025-10-14,S01,SUP008,Received,402,5893.32
PO01642,2025-11-14,S01,SUP008,Received,394,5776.04
PO01643,2025-12-17,S01,SUP008,Received,400,5864.0
PO01644,2025-01-19,S01,SUP002,Received,423,2364.57
PO01645,2025-02-17,S01,SUP001,Received,425,2945.25
PO01646,2025-03-19,S01,SUP002,Received,430,2403.7
PO01647,2025-04-16,S01,SUP002,Received,429,2398.11
PO01648,2025-05-14,S01,SUP002,Received,436,2437.24
PO01649,2025-06-14,S01,SUP001,Received,427,2959.11
PO01650,2025-07-19,S01,SUP001,Received,429,2972.97
PO01651,2025-08-24,S01,SUP001,Received,428,2966.04
PO01652,2025-10-02,S01,SUP002,Received,425,2375.75
PO01653,2025-11-09,S01,SUP002,Received,423,2364.57
PO01654,2025-12-15,S01,SUP001,Received,428,2966.04
PO01655,2025-01-06,S01,SUP010,Received,241,2978.76
PO01656,2025-01-16,S01,SUP008,Received,245,3608.85
PO01657,2025-01-27,S01,SUP010,Received,235,2904.6
PO01658,2025-02-07,S01,SUP010,Received,235,2904.6
PO01659,2025-02-16,S01,SUP010,Received,237,2929.32
PO01660,2025-02-26,S01,SUP008,Received,239,3520.47
PO01661,2025-03-07,S01,SUP010,Received,242,2991.12
PO01662,2025-03-16,S01,SUP008,Received,231,3402.63
PO01663,2025-03-26,S01,SUP010,Received,235,2904.6
PO01664,2025-04-05,S01,SUP008,Received,240,3535.2
PO01665,2025-04-15,S01,SUP008,Received,249,3667.77
PO01666,2025-04-26,S01,SUP010,Received,251,3102.36
PO01667,2025-05-07,S01,SUP008,Received,251,3697.23
PO01668,2025-05-17,S01,SUP010,Received,232,2867.52
PO01669,2025-05-29,S01,SUP008,Received,249,3667.77
PO01670,2025-06-08,S01,SUP010,Received,237,2929.32
PO01671,2025-06-21,S01,SUP008,Received,252,3711.96
PO01672,2025-07-02,S01,SUP010,Received,235,2904.6
PO01673,2025-07-13,S01,SUP010,Received,249,3077.64
PO01674,2025-07-25,S01,SUP010,Received,243,3003.48
PO01675,2025-08-06,S01,SUP008,Received,244,3594.12
PO01676,2025-08-18,S01,SUP008,Received,252,3711.96
PO01677,2025-08-30,S01,SUP010,Received,249,3077.64
PO01678,2025-09-11,S01,SUP010,Received,232,2867.52
PO01679,2025-09-24,S01,SUP008,Received,239,3520.47
PO01680,2025-10-09,S01,SUP008,Received,243,3579.39
PO01681,2025-10-22,S01,SUP008,Received,236,3476.28
PO01682,2025-11-04,S01,SUP010,Received,235,2904.6
PO01683,2025-11-18,S01,SUP010,Received,247,3052.92
PO01684,2025-11-30,S01,SUP010,Received,253,3127.08
PO01685,2025-12-12,S01,SUP010,Received,246,3040.56
PO01686,2025-12-24,S01,SUP008,Received,235,3461.55
PO01687,2025-01-19,S01,SUP007,Received,375,3045.0
PO01688,2025-02-16,S01,SUP001,Received,385,2887.5
PO01689,2025-03-16,S01,SUP001,Received,379,2842.5
PO01690,2025-04-09,S01,SUP007,Received,378,3069.36
PO01691,2025-05-05,S01,SUP001,Received,374,2805.0
PO01692,2025-06-04,S01,SUP001,Received,378,2835.0
PO01693,2025-07-02,S01,SUP001,Received,388,2910.0
PO01694,2025-08-02,S01,SUP001,Received,386,2895.0
PO01695,2025-09-06,S01,SUP001,Received,375,2812.5
PO01696,2025-10-08,S01,SUP007,Received,376,3053.12
PO01697,2025-11-07,S01,SUP007,Received,378,3069.36
PO01698,2025-12-08,S01,SUP001,Received,385,2887.5
PO01699,2025-01-21,S01,SUP010,Received,435,1026.6
PO01700,2025-02-26,S01,SUP010,Received,437,1031.32
PO01701,2025-04-03,S01,SUP002,Received,439,1338.95
PO01702,2025-05-07,S01,SUP002,Received,436,1329.8
PO01703,2025-06-10,S01,SUP002,Received,440,1342.0
PO01704,2025-07-21,S01,SUP010,Received,442,1043.12
PO01705,2025-08-30,S01,SUP002,Received,436,1329.8
PO01706,2025-10-16,S01,SUP002,Received,445,1357.25
PO01707,2025-12-03,S01,SUP002,Received,437,1332.85
PO01708,2025-01-13,S01,SUP010,Received,150,766.5
PO01709,2025-02-03,S01,SUP010,Received,151,771.61
PO01710,2025-02-23,S01,SUP010,Received,154,786.94
PO01711,2025-03-15,S01,SUP010,Received,153,781.83
PO01712,2025-04-05,S01,SUP010,Received,152,776.72
PO01713,2025-04-23,S01,SUP010,Received,148,756.28
PO01714,2025-05-14,S01,SUP010,Received,151,771.61
PO01715,2025-06-04,S01,SUP010,Received,153,781.83
PO01716,2025-06-26,S01,SUP010,Received,154,786.94
PO01717,2025-07-18,S01,SUP010,Received,146,746.06
PO01718,2025-08-10,S01,SUP010,Received,151,771.61
PO01719,2025-09-04,S01,SUP010,Received,147,751.17
PO01720,2025-10-02,S01,SUP010,Received,152,776.72
PO01721,2025-10-27,S01,SUP010,Received,146,746.06
PO01722,2025-11-23,S01,SUP010,Received,148,756.28
PO01723,2025-12-15,S01,SUP010,Received,149,761.39
PO01724,2025-01-01,S01,SUP006,Received,81,1951.29
PO01725,2025-01-10,S01,SUP006,Received,88,2119.92
PO01726,2025-01-19,S01,SUP006,Received,90,2168.1
PO01727,2025-01-28,S01,SUP006,Received,84,2023.56
PO01728,2025-02-04,S01,SUP006,Received,83,1999.47
PO01729,2025-02-13,S01,SUP006,Received,85,2047.65
PO01730,2025-02-21,S01,SUP006,Received,86,2071.74
PO01731,2025-03-01,S01,SUP006,Received,81,1951.29
PO01732,2025-03-09,S01,SUP006,Received,90,2168.1
PO01733,2025-03-16,S01,SUP006,Received,86,2071.74
PO01734,2025-03-24,S01,SUP006,Received,83,1999.47
PO01735,2025-03-31,S01,SUP006,Received,88,2119.92
PO01736,2025-04-09,S01,SUP006,Received,86,2071.74
PO01737,2025-04-17,S01,SUP006,Received,83,1999.47
PO01738,2025-04-25,S01,SUP006,Received,85,2047.65
PO01739,2025-05-03,S01,SUP006,Received,90,2168.1
PO01740,2025-05-11,S01,SUP006,Received,89,2144.01
PO01741,2025-05-20,S01,SUP006,Received,88,2119.92
PO01742,2025-05-28,S01,SUP006,Received,86,2071.74
PO01743,2025-06-06,S01,SUP006,Received,90,2168.1
PO01744,2025-06-15,S01,SUP006,Received,84,2023.56
PO01745,2025-06-22,S01,SUP006,Received,81,1951.29
PO01746,2025-07-02,S01,SUP006,Received,82,1975.38
PO01747,2025-07-11,S01,SUP006,Received,85,2047.65
PO01748,2025-07-20,S01,SUP006,Received,87,2095.83
PO01749,2025-07-30,S01,SUP006,Received,82,1975.38
PO01750,2025-08-09,S01,SUP006,Received,92,2216.28
PO01751,2025-08-19,S01,SUP006,Received,84,2023.56
PO01752,2025-08-29,S01,SUP006,Received,93,2240.37
PO01753,2025-09-06,S01,SUP006,Received,81,1951.29
PO01754,2025-09-16,S01,SUP006,Received,85,2047.65
PO01755,2025-09-26,S01,SUP006,Received,83,1999.47
PO01756,2025-10-04,S01,SUP006,Received,87,2095.83
PO01757,2025-10-15,S01,SUP006,Received,85,2047.65
PO01758,2025-10-26,S01,SUP006,Received,84,2023.56
PO01759,2025-11-06,S01,SUP006,Received,82,1975.38
PO01760,2025-11-16,S01,SUP006,Received,88,2119.92
PO01761,2025-11-27,S01,SUP006,Received,83,1999.47
PO01762,2025-12-07,S01,SUP006,Received,88,2119.92
PO01763,2025-12-16,S01,SUP006,Received,88,2119.92
PO01764,2025-12-26,S01,SUP006,Received,91,2192.19
PO01765,2025-01-17,S01,SUP003,Received,371,2003.4
PO01766,2025-03-04,S01,SUP009,Received,379,2141.35
PO01767,2025-04-15,S01,SUP006,Received,373,2245.46
PO01768,2025-06-02,S01,SUP009,Received,370,2090.5
PO01769,2025-07-22,S01,SUP009,Received,375,2118.75
PO01770,2025-09-14,S01,SUP003,Received,374,2019.6
PO01771,2025-11-14,S01,SUP009,Received,371,2096.15
PO01772,2025-01-01,S01,SUP002,Received,96,2190.72
PO01773,2025-01-05,S01,SUP005,Received,109,2340.23
PO01774,2025-01-08,S01,SUP005,Received,88,1889.36
PO01775,2025-01-12,S01,SUP007,Received,109,2123.32
PO01776,2025-01-16,S01,SUP002,Received,84,1916.88
PO01777,2025-01-21,S01,SUP002,Received,106,2418.92
PO01778,2025-01-26,S01,SUP007,Received,107,2084.36
PO01779,2025-01-30,S01,SUP005,Received,93,1996.71
PO01780,2025-02-03,S01,SUP002,Received,89,2030.98
PO01781,2025-02-07,S01,SUP007,Received,89,1733.72
PO01782,2025-02-11,S01,SUP002,Received,90,2053.8
PO01783,2025-02-16,S01,SUP002,Received,106,2418.92
PO01784,2025-02-20,S01,SUP002,Received,102,2327.64
PO01785,2025-02-24,S01,SUP005,Received,98,2104.06
PO01786,2025-02-28,S01,SUP005,Received,89,1910.83
PO01787,2025-03-04,S01,SUP007,Received,109,2123.32
PO01788,2025-03-08,S01,SUP005,Received,105,2254.35
PO01789,2025-03-12,S01,SUP002,Received,114,2601.48
PO01790,2025-03-16,S01,SUP007,Received,98,1909.04
PO01791,2025-03-20,S01,SUP005,Received,89,1910.83
PO01792,2025-03-23,S01,SUP002,Received,87,1985.34
PO01793,2025-03-27,S01,SUP007,Received,100,1948.0
PO01794,2025-03-31,S01,SUP007,Received,95,1850.6
PO01795,2025-04-04,S01,SUP007,Received,94,1831.12
PO01796,2025-04-08,S01,SUP007,Received,106,2064.88
PO01797,2025-04-12,S01,SUP002,Received,106,2418.92
PO01798,2025-04-16,S01,SUP002,Received,105,2396.1
PO01799,2025-04-19,S01,SUP005,Received,84,1803.48
PO01800,2025-04-23,S01,SUP005,Received,96,2061.12
PO01801,2025-04-27,S01,SUP007,Received,95,1850.6
PO01802,2025-05-01,S01,SUP002,Received,94,2145.08
PO01803,2025-05-05,S01,SUP007,Received,105,2045.4
PO01804,2025-05-10,S01,SUP002,Received,102,2327.64
PO01805,2025-05-13,S01,SUP002,Received,92,2099.44
PO01806,2025-05-17,S01,SUP002,Received,106,2418.92
PO01807,2025-05-21,S01,SUP002,Received,100,2282.0
PO01808,2025-05-25,S01,SUP002,Received,95,2167.9
PO01809,2025-05-30,S01,SUP005,Received,114,2447.58
PO01810,2025-06-03,S01,SUP007,Received,87,1694.76
PO01811,2025-06-08,S01,SUP002,Received,98,2236.36
PO01812,2025-06-12,S01,SUP005,Received,87,1867.89
PO01813,2025-06-16,S01,SUP002,Received,100,2282.0
PO01814,2025-06-21,S01,SUP007,Received,97,1889.56
PO01815,2025-06-25,S01,SUP007,Received,88,1714.24
PO01816,2025-06-29,S01,SUP002,Received,95,2167.9
PO01817,2025-07-04,S01,SUP007,Received,97,1889.56
PO01818,2025-07-09,S01,SUP007,Received,100,1948.0
PO01819,2025-07-14,S01,SUP005,Received,110,2361.7
PO01820,2025-07-19,S01,SUP005,Received,89,1910.83
PO01821,2025-07-24,S01,SUP007,Received,99,1928.52
PO01822,2025-07-29,S01,SUP007,Received,94,1831.12
PO01823,2025-08-03,S01,SUP007,Received,109,2123.32
PO01824,2025-08-08,S01,SUP005,Received,100,2147.0
PO01825,2025-08-13,S01,SUP007,Received,89,1733.72
PO01826,2025-08-18,S01,SUP005,Received,96,2061.12
PO01827,2025-08-23,S01,SUP007,Received,96,1870.08
PO01828,2025-08-29,S01,SUP002,Received,110,2510.2
PO01829,2025-09-03,S01,SUP002,Received,108,2464.56
PO01830,2025-09-07,S01,SUP005,Received,91,1953.77
PO01831,2025-09-12,S01,SUP005,Received,89,1910.83
PO01832,2025-09-17,S01,SUP005,Received,87,1867.89
PO01833,2025-09-22,S01,SUP005,Received,87,1867.89
PO01834,2025-09-27,S01,SUP007,Received,94,1831.12
PO01835,2025-10-03,S01,SUP002,Received,96,2190.72
PO01836,2025-10-07,S01,SUP005,Received,90,1932.3
PO01837,2025-10-12,S01,SUP007,Received,101,1967.48
PO01838,2025-10-18,S01,SUP005,Received,93,1996.71
PO01839,2025-10-23,S01,SUP007,Received,89,1733.72
PO01840,2025-10-28,S01,SUP005,Received,88,1889.36
PO01841,2025-11-02,S01,SUP002,Received,93,2122.26
PO01842,2025-11-07,S01,SUP005,Received,88,1889.36
PO01843,2025-11-11,S01,SUP007,Received,94,1831.12
PO01844,2025-11-16,S01,SUP005,Received,92,1975.24
PO01845,2025-11-21,S01,SUP007,Received,108,2103.84
PO01846,2025-11-26,S01,SUP002,Received,91,2076.62
PO01847,2025-12-01,S01,SUP005,Received,96,2061.12
PO01848,2025-12-06,S01,SUP005,Received,92,1975.24
PO01849,2025-12-11,S01,SUP007,Received,97,1889.56
PO01850,2025-12-16,S01,SUP002,Received,93,2122.26
PO01851,2025-12-21,S01,SUP007,Received,104,2025.92
PO01852,2025-12-25,S01,SUP007,Received,86,1675.28
PO01853,2025-12-29,S01,SUP002,Received,105,2396.1
PO01854,2025-01-09,S01,SUP001,Received,439,9420.94
PO01855,2025-02-01,S01,SUP001,Received,438,9399.48
PO01856,2025-02-22,S01,SUP004,Received,441,8820.0
PO01857,2025-03-14,S01,SUP002,Received,439,10000.42
PO01858,2025-04-04,S01,SUP004,Received,438,8760.0
PO01859,2025-04-23,S01,SUP001,Received,434,9313.64
PO01860,2025-05-13,S01,SUP002,Received,453,10319.34
PO01861,2025-06-04,S01,SUP002,Received,436,9932.08
PO01862,2025-06-29,S01,SUP004,Received,448,8960.0
PO01863,2025-07-23,S01,SUP001,Received,427,9163.42
PO01864,2025-08-17,S01,SUP002,Received,431,9818.18
PO01865,2025-09-12,S01,SUP004,Received,430,8600.0
PO01866,2025-10-10,S01,SUP001,Received,431,9249.26
PO01867,2025-11-05,S01,SUP004,Received,438,8760.0
PO01868,2025-11-30,S01,SUP002,Received,438,9977.64
PO01869,2025-12-26,S01,SUP002,Received,448,10205.44
PO01870,2025-01-19,S01,SUP004,Received,262,4430.42
PO01871,2025-03-19,S01,SUP009,Received,258,3423.66
PO01872,2025-05-11,S01,SUP004,Received,259,4379.69
PO01873,2025-07-04,S01,SUP006,Received,258,3996.42
PO01874,2025-09-14,S01,SUP006,Received,260,4027.4
PO01875,2025-11-17,S01,SUP006,Received,259,4011.91
PO01876,2025-01-05,S01,SUP004,Received,221,2406.69
PO01877,2025-01-14,S01,SUP004,Received,226,2461.14
PO01878,2025-01-23,S01,SUP004,Received,221,2406.69
PO01879,2025-02-01,S01,SUP004,Received,211,2297.79
PO01880,2025-02-10,S01,SUP004,Received,226,2461.14
PO01881,2025-02-19,S01,SUP004,Received,221,2406.69
PO01882,2025-02-28,S01,SUP004,Received,212,2308.68
PO01883,2025-03-09,S01,SUP004,Received,206,2243.34
PO01884,2025-03-17,S01,SUP004,Received,206,2243.34
PO01885,2025-03-26,S01,SUP004,Received,227,2472.03
PO01886,2025-04-05,S01,SUP004,Received,215,2341.35
PO01887,2025-04-13,S01,SUP004,Received,220,2395.8
PO01888,2025-04-20,S01,SUP004,Received,220,2395.8
PO01889,2025-04-29,S01,SUP004,Received,217,2363.13
PO01890,2025-05-07,S01,SUP004,Received,208,2265.12
PO01891,2025-05-16,S01,SUP004,Received,217,2363.13
PO01892,2025-05-25,S01,SUP004,Received,216,2352.24
PO01893,2025-06-03,S01,SUP004,Received,222,2417.58
PO01894,2025-06-13,S01,SUP004,Received,216,2352.24
PO01895,2025-06-21,S01,SUP004,Received,216,2352.24
PO01896,2025-06-30,S01,SUP004,Received,213,2319.57
PO01897,2025-07-09,S01,SUP004,Received,212,2308.68
PO01898,2025-07-19,S01,SUP004,Received,225,2450.25
PO01899,2025-07-29,S01,SUP004,Received,216,2352.24
PO01900,2025-08-09,S01,SUP004,Received,218,2374.02
PO01901,2025-08-19,S01,SUP004,Received,211,2297.79
PO01902,2025-08-28,S01,SUP004,Received,219,2384.91
PO01903,2025-09-09,S01,SUP004,Received,222,2417.58
PO01904,2025-09-20,S01,SUP004,Received,223,2428.47
PO01905,2025-10-02,S01,SUP004,Received,212,2308.68
PO01906,2025-10-13,S01,SUP004,Received,210,2286.9
PO01907,2025-10-24,S01,SUP004,Received,223,2428.47
PO01908,2025-11-02,S01,SUP004,Received,206,2243.34
PO01909,2025-11-12,S01,SUP004,Received,206,2243.34
PO01910,2025-11-22,S01,SUP004,Received,217,2363.13
PO01911,2025-12-01,S01,SUP004,Received,210,2286.9
PO01912,2025-12-11,S01,SUP004,Received,223,2428.47
PO01913,2025-12-21,S01,SUP004,Received,226,2461.14
PO01914,2025-12-31,S01,SUP004,Received,213,2319.57
PO01915,2025-01-19,S01,SUP004,Received,420,5170.2
PO01916,2025-02-16,S01,SUP004,Received,413,5084.03
PO01917,2025-03-15,S01,SUP004,Received,418,5145.58
PO01918,2025-04-11,S01,SUP005,Received,408,5214.24
PO01919,2025-05-08,S01,SUP004,Received,413,5084.03
PO01920,2025-06-04,S01,SUP005,Received,419,5354.82
PO01921,2025-07-03,S01,SUP005,Received,413,5278.14
PO01922,2025-08-03,S01,SUP004,Received,416,5120.96
PO01923,2025-09-06,S01,SUP004,Received,416,5120.96
PO01924,2025-10-10,S01,SUP004,Received,413,5084.03
PO01925,2025-11-16,S01,SUP005,Received,417,5329.26
PO01926,2025-12-20,S01,SUP004,Received,409,5034.79
PO01927,2025-01-13,S01,SUP009,Received,319,8440.74
PO01928,2025-01-27,S01,SUP007,Received,308,6963.88
PO01929,2025-02-12,S01,SUP007,Received,308,6963.88
PO01930,2025-02-28,S01,SUP009,Received,319,8440.74
PO01931,2025-03-15,S01,SUP010,Received,319,7569.87
PO01932,2025-03-29,S01,SUP010,Received,316,7498.68
PO01933,2025-04-13,S01,SUP007,Received,309,6986.49
PO01934,2025-04-28,S01,SUP009,Received,319,8440.74
PO01935,2025-05-11,S01,SUP009,Received,313,8281.98
PO01936,2025-05-28,S01,SUP009,Received,317,8387.82
PO01937,2025-06-13,S01,SUP010,Received,319,7569.87
PO01938,2025-06-29,S01,SUP007,Received,311,7031.71
PO01939,2025-07-16,S01,SUP010,Received,310,7356.3
PO01940,2025-08-05,S01,SUP009,Received,313,8281.98
PO01941,2025-08-23,S01,SUP009,Received,319,8440.74
PO01942,2025-09-13,S01,SUP007,Received,315,7122.15
PO01943,2025-10-04,S01,SUP010,Received,319,7569.87
PO01944,2025-10-25,S01,SUP009,Received,319,8440.74
PO01945,2025-11-12,S01,SUP007,Received,313,7076.93
PO01946,2025-11-30,S01,SUP009,Received,319,8440.74
PO01947,2025-12-18,S01,SUP010,Received,317,7522.41
PO01948,2025-01-11,S01,SUP009,Received,378,9639.0
PO01949,2025-01-25,S01,SUP010,Received,369,7749.0
PO01950,2025-02-09,S01,SUP010,Received,384,8064.0
PO01951,2025-02-23,S01,SUP009,Received,386,9843.0
PO01952,2025-03-08,S01,SUP005,Received,361,7804.82
PO01953,2025-03-22,S01,SUP005,Received,379,8193.98
PO01954,2025-04-05,S01,SUP010,Received,383,8043.0
PO01955,2025-04-19,S01,SUP005,Received,390,8431.8
PO01956,2025-05-03,S01,SUP009,Received,362,9231.0
PO01957,2025-05-18,S01,SUP005,Received,395,8539.9
PO01958,2025-06-03,S01,SUP009,Received,363,9256.5
PO01959,2025-06-17,S01,SUP010,Received,372,7812.0
PO01960,2025-07-03,S01,SUP009,Received,369,9409.5
PO01961,2025-07-19,S01,SUP009,Received,388,9894.0
PO01962,2025-08-05,S01,SUP009,Received,369,9409.5
PO01963,2025-08-23,S01,SUP005,Received,376,8129.12
PO01964,2025-09-12,S01,SUP009,Received,367,9358.5
PO01965,2025-09-29,S01,SUP010,Received,364,7644.0
PO01966,2025-10-17,S01,SUP009,Received,360,9180.0
PO01967,2025-11-06,S01,SUP010,Received,374,7854.0
PO01968,2025-11-24,S01,SUP005,Received,369,7977.78
PO01969,2025-12-11,S01,SUP005,Received,364,7869.68
PO01970,2025-12-29,S01,SUP010,Received,384,8064.0
PO01971,2025-01-01,S01,SUP003,Received,54,990.9
PO01972,2025-01-03,S01,SUP003,Received,41,752.35
PO01973,2025-01-05,S01,SUP003,Received,55,1009.25
PO01974,2025-01-07,S01,SUP003,Received,37,678.95
PO01975,2025-01-09,S01,SUP003,Received,44,807.4
PO01976,2025-01-11,S01,SUP003,Received,49,899.15
PO01977,2025-01-13,S01,SUP003,Received,39,715.65
PO01978,2025-01-15,S01,SUP003,Received,39,715.65
PO01979,2025-01-17,S01,SUP003,Received,41,752.35
PO01980,2025-01-18,S01,SUP003,Received,29,532.15
PO01981,2025-01-19,S01,SUP003,Received,33,605.55
PO01982,2025-01-20,S01,SUP003,Received,32,587.2
PO01983,2025-01-22,S01,SUP003,Received,47,862.45
PO01984,2025-01-24,S01,SUP003,Received,48,880.8
PO01985,2025-01-25,S01,SUP003,Received,46,844.1
PO01986,2025-01-27,S01,SUP003,Received,49,899.15
PO01987,2025-01-28,S01,SUP003,Received,29,532.15
PO01988,2025-01-29,S01,SUP003,Received,29,532.15
PO01989,2025-01-31,S01,SUP003,Received,47,862.45
PO01990,2025-02-02,S01,SUP003,Received,47,862.45
PO01991,2025-02-04,S01,SUP003,Received,38,697.3
PO01992,2025-02-06,S01,SUP003,Received,51,935.85
PO01993,2025-02-08,S01,SUP003,Received,47,862.45
PO01994,2025-02-09,S01,SUP003,Received,33,605.55
PO01995,2025-02-11,S01,SUP003,Received,41,752.35
PO01996,2025-02-12,S01,SUP003,Received,29,532.15
PO01997,2025-02-14,S01,SUP003,Received,54,990.9
PO01998,2025-02-15,S01,SUP003,Received,33,605.55
PO01999,2025-02-16,S01,SUP003,Received,33,605.55
PO02000,2025-02-18,S01,SUP003,Received,44,807.4
PO02001,2025-02-20,S01,SUP003,Received,40,734.0
PO02002,2025-02-22,S01,SUP003,Received,51,935.85
PO02003,2025-02-24,S01,SUP003,Received,49,899.15
PO02004,2025-02-25,S01,SUP003,Received,32,587.2
PO02005,2025-02-27,S01,SUP003,Received,60,1101.0
PO02006,2025-03-01,S01,SUP003,Received,48,880.8
PO02007,2025-03-02,S01,SUP003,Received,33,605.55
PO02008,2025-03-04,S01,SUP003,Received,48,880.8
PO02009,2025-03-06,S01,SUP003,Received,47,862.45
PO02010,2025-03-08,S01,SUP003,Received,47,862.45
PO02011,2025-03-10,S01,SUP003,Received,52,954.2
PO02012,2025-03-12,S01,SUP003,Received,64,1174.4
PO02013,2025-03-14,S01,SUP003,Received,42,770.7
PO02014,2025-03-16,S01,SUP003,Received,58,1064.3
PO02015,2025-03-18,S01,SUP003,Received,42,770.7
PO02016,2025-03-19,S01,SUP003,Received,29,532.15
PO02017,2025-03-21,S01,SUP003,Received,49,899.15
PO02018,2025-03-23,S01,SUP003,Received,56,1027.6
PO02019,2025-03-25,S01,SUP003,Received,47,862.45
PO02020,2025-03-27,S01,SUP003,Received,43,789.05
PO02021,2025-03-29,S01,SUP003,Received,56,1027.6
PO02022,2025-03-31,S01,SUP003,Received,52,954.2
PO02023,2025-04-01,S01,SUP003,Received,35,642.25
PO02024,2025-04-03,S01,SUP003,Received,55,1009.25
PO02025,2025-04-05,S01,SUP003,Received,51,935.85
PO02026,2025-04-07,S01,SUP003,Received,47,862.45
PO02027,2025-04-09,S01,SUP003,Received,45,825.75
PO02028,2025-04-11,S01,SUP003,Received,51,935.85
PO02029,2025-04-13,S01,SUP003,Received,52,954.2
PO02030,2025-04-14,S01,SUP003,Received,33,605.55
PO02031,2025-04-16,S01,SUP003,Received,45,825.75
PO02032,2025-04-18,S01,SUP003,Received,56,1027.6
PO02033,2025-04-20,S01,SUP003,Received,58,1064.3
PO02034,2025-04-22,S01,SUP003,Received,48,880.8
PO02035,2025-04-24,S01,SUP003,Received,46,844.1
PO02036,2025-04-26,S01,SUP003,Received,47,862.45
PO02037,2025-04-27,S01,SUP003,Received,34,623.9
PO02038,2025-04-29,S01,SUP003,Received,49,899.15
PO02039,2025-05-01,S01,SUP003,Received,40,734.0
PO02040,2025-05-03,S01,SUP003,Received,51,935.85
PO02041,2025-05-05,S01,SUP003,Received,52,954.2
PO02042,2025-05-07,S01,SUP003,Received,49,899.15
PO02043,2025-05-09,S01,SUP003,Received,54,990.9
PO02044,2025-05-11,S01,SUP003,Received,68,1247.8
PO02045,2025-05-13,S01,SUP003,Received,32,587.2
PO02046,2025-05-15,S01,SUP003,Received,44,807.4
PO02047,2025-05-17,S01,SUP003,Received,50,917.5
PO02048,2025-05-18,S01,SUP003,Received,37,678.95
PO02049,2025-05-20,S01,SUP003,Received,47,862.45
PO02050,2025-05-22,S01,SUP003,Received,41,752.35
PO02051,2025-05-23,S01,SUP003,Received,29,532.15
PO02052,2025-05-25,S01,SUP003,Received,43,789.05
PO02053,2025-05-27,S01,SUP003,Received,50,917.5
PO02054,2025-05-29,S01,SUP003,Received,40,734.0
PO02055,2025-05-31,S01,SUP003,Received,48,880.8
PO02056,2025-06-02,S01,SUP003,Received,54,990.9
PO02057,2025-06-03,S01,SUP003,Received,33,605.55
PO02058,2025-06-05,S01,SUP003,Received,50,917.5
PO02059,2025-06-07,S01,SUP003,Received,53,972.55
PO02060,2025-06-08,S01,SUP003,Received,36,660.6
PO02061,2025-06-10,S01,SUP003,Received,51,935.85
PO02062,2025-06-12,S01,SUP003,Received,52,954.2
PO02063,2025-06-14,S01,SUP003,Received,50,917.5
PO02064,2025-06-16,S01,SUP003,Received,44,807.4
PO02065,2025-06-18,S01,SUP003,Received,51,935.85
PO02066,2025-06-20,S01,SUP003,Received,43,789.05
PO02067,2025-06-21,S01,SUP003,Received,30,550.5
PO02068,2025-06-23,S01,SUP003,Received,52,954.2
PO02069,2025-06-25,S01,SUP003,Received,39,715.65
PO02070,2025-06-27,S01,SUP003,Received,51,935.85
PO02071,2025-06-28,S01,SUP003,Received,33,605.55
PO02072,2025-06-29,S01,SUP003,Received,33,605.55
PO02073,2025-07-01,S01,SUP003,Received,38,697.3
PO02074,2025-07-03,S01,SUP003,Received,34,623.9
PO02075,2025-07-05,S01,SUP003,Received,45,825.75
PO02076,2025-07-06,S01,SUP003,Received,30,550.5
PO02077,2025-07-08,S01,SUP003,Received,38,697.3
PO02078,2025-07-10,S01,SUP003,Received,45,825.75
PO02079,2025-07-12,S01,SUP003,Received,50,917.5
PO02080,2025-07-14,S01,SUP003,Received,40,734.0
PO02081,2025-07-16,S01,SUP003,Received,46,844.1
PO02082,2025-07-19,S01,SUP003,Received,52,954.2
PO02083,2025-07-21,S01,SUP003,Received,34,623.9
PO02084,2025-07-23,S01,SUP003,Received,41,752.35
PO02085,2025-07-25,S01,SUP003,Received,44,807.4
PO02086,2025-07-27,S01,SUP003,Received,32,587.2
PO02087,2025-07-29,S01,SUP003,Received,53,972.55
PO02088,2025-07-31,S01,SUP003,Received,47,862.45
PO02089,2025-08-02,S01,SUP003,Received,47,862.45
PO02090,2025-08-03,S01,SUP003,Received,30,550.5
PO02091,2025-08-05,S01,SUP003,Received,48,880.8
PO02092,2025-08-06,S01,SUP003,Received,32,587.2
PO02093,2025-08-08,S01,SUP003,Received,35,642.25
PO02094,2025-08-10,S01,SUP003,Received,39,715.65
PO02095,2025-08-12,S01,SUP003,Received,36,660.6
PO02096,2025-08-14,S01,SUP003,Received,36,660.6
PO02097,2025-08-16,S01,SUP003,Received,40,734.0
PO02098,2025-08-18,S01,SUP003,Received,33,605.55
PO02099,2025-08-20,S01,SUP003,Received,40,734.0
PO02100,2025-08-22,S01,SUP003,Received,34,623.9
PO02101,2025-08-24,S01,SUP003,Received,39,715.65
PO02102,2025-08-26,S01,SUP003,Received,32,587.2
PO02103,2025-08-28,S01,SUP003,Received,30,550.5
PO02104,2025-08-30,S01,SUP003,Received,52,954.2
PO02105,2025-09-01,S01,SUP003,Received,35,642.25
PO02106,2025-09-03,S01,SUP003,Received,37,678.95
PO02107,2025-09-05,S01,SUP003,Received,36,660.6
PO02108,2025-09-07,S01,SUP003,Received,52,954.2
PO02109,2025-09-09,S01,SUP003,Received,39,715.65
PO02110,2025-09-11,S01,SUP003,Received,38,697.3
PO02111,2025-09-13,S01,SUP003,Received,45,825.75
PO02112,2025-09-15,S01,SUP003,Received,37,678.95
PO02113,2025-09-17,S01,SUP003,Received,41,752.35
PO02114,2025-09-19,S01,SUP003,Received,32,587.2
PO02115,2025-09-21,S01,SUP003,Received,48,880.8
PO02116,2025-09-23,S01,SUP003,Received,36,660.6
PO02117,2025-09-25,S01,SUP003,Received,38,697.3
PO02118,2025-09-27,S01,SUP003,Received,39,715.65
PO02119,2025-09-29,S01,SUP003,Received,46,844.1
PO02120,2025-10-01,S01,SUP003,Received,32,587.2
PO02121,2025-10-03,S01,SUP003,Received,36,660.6
PO02122,2025-10-05,S01,SUP003,Received,39,715.65
PO02123,2025-10-07,S01,SUP003,Received,35,642.25
PO02124,2025-10-09,S01,SUP003,Received,44,807.4
PO02125,2025-10-11,S01,SUP003,Received,37,678.95
PO02126,2025-10-13,S01,SUP003,Received,38,697.3
PO02127,2025-10-16,S01,SUP003,Received,54,990.9
PO02128,2025-10-18,S01,SUP003,Received,40,734.0
PO02129,2025-10-20,S01,SUP003,Received,45,825.75
PO02130,2025-10-22,S01,SUP003,Received,32,587.2
PO02131,2025-10-24,S01,SUP003,Received,41,752.35
PO02132,2025-10-26,S01,SUP003,Received,50,917.5
PO02133,2025-10-28,S01,SUP003,Received,42,770.7
PO02134,2025-10-30,S01,SUP003,Received,40,734.0
PO02135,2025-11-01,S01,SUP003,Received,45,825.75
PO02136,2025-11-02,S01,SUP003,Received,32,587.2
PO02137,2025-11-04,S01,SUP003,Received,38,697.3
PO02138,2025-11-06,S01,SUP003,Received,39,715.65
PO02139,2025-11-08,S01,SUP003,Received,55,1009.25
PO02140,2025-11-10,S01,SUP003,Received,41,752.35
PO02141,2025-11-12,S01,SUP003,Received,31,568.85
PO02142,2025-11-14,S01,SUP003,Received,41,752.35
PO02143,2025-11-16,S01,SUP003,Received,53,972.55
PO02144,2025-11-18,S01,SUP003,Received,33,605.55
PO02145,2025-11-20,S01,SUP003,Received,43,789.05
PO02146,2025-11-22,S01,SUP003,Received,41,752.35
PO02147,2025-11-24,S01,SUP003,Received,41,752.35
PO02148,2025-11-26,S01,SUP003,Received,38,697.3
PO02149,2025-11-29,S01,SUP003,Received,50,917.5
PO02150,2025-12-01,S01,SUP003,Received,33,605.55
PO02151,2025-12-03,S01,SUP003,Received,41,752.35
PO02152,2025-12-05,S01,SUP003,Received,40,734.0
PO02153,2025-12-07,S01,SUP003,Received,45,825.75
PO02154,2025-12-09,S01,SUP003,Received,42,770.7
PO02155,2025-12-11,S01,SUP003,Received,40,734.0
PO02156,2025-12-13,S01,SUP003,Received,51,935.85
PO02157,2025-12-15,S01,SUP003,Received,45,825.75
PO02158,2025-12-17,S01,SUP003,Received,37,678.95
PO02159,2025-12-19,S01,SUP003,Received,42,770.7
PO02160,2025-12-21,S01,SUP003,Received,47,862.45
PO02161,2025-12-23,S01,SUP003,Received,43,789.05
PO02162,2025-12-25,S01,SUP003,Received,37,678.95
PO02163,2025-12-27,S01,SUP003,Received,47,862.45
PO02164,2025-12-28,S01,SUP003,Received,30,550.5
PO02165,2025-12-30,S01,SUP003,Received,47,862.45
PO02166,2025-01-10,S01,SUP008,Received,103,300.76
PO02167,2025-02-02,S01,SUP008,Received,103,300.76
PO02168,2025-02-22,S01,SUP004,Received,109,256.15
PO02169,2025-03-13,S01,SUP004,Received,105,246.75
PO02170,2025-04-04,S01,SUP008,Received,106,309.52
PO02171,2025-04-22,S01,SUP008,Received,105,306.6
PO02172,2025-05-11,S01,SUP004,Received,107,251.45
PO02173,2025-05-28,S01,SUP008,Received,102,297.84
PO02174,2025-06-16,S01,SUP004,Received,102,239.7
PO02175,2025-07-07,S01,SUP004,Received,107,251.45
PO02176,2025-07-27,S01,SUP008,Received,110,321.2
PO02177,2025-08-17,S01,SUP004,Received,103,242.05
PO02178,2025-09-14,S01,SUP004,Received,103,242.05
PO02179,2025-10-06,S01,SUP004,Received,107,251.45
PO02180,2025-10-30,S01,SUP004,Received,107,251.45
PO02181,2025-11-27,S01,SUP004,Received,103,242.05
PO02182,2025-12-21,S01,SUP004,Received,106,249.1
PO02183,2025-01-07,S01,SUP009,Received,223,1837.52
PO02184,2025-01-22,S01,SUP009,Received,236,1944.64
PO02185,2025-02-04,S01,SUP009,Received,224,1845.76
PO02186,2025-02-16,S01,SUP009,Received,238,1961.12
PO02187,2025-03-02,S01,SUP009,Received,238,1961.12
PO02188,2025-03-15,S01,SUP009,Received,225,1854.0
PO02189,2025-03-27,S01,SUP009,Received,235,1936.4
PO02190,2025-04-09,S01,SUP009,Received,227,1870.48
PO02191,2025-04-22,S01,SUP009,Received,226,1862.24
PO02192,2025-05-05,S01,SUP009,Received,224,1845.76
PO02193,2025-05-20,S01,SUP009,Received,232,1911.68
PO02194,2025-06-02,S01,SUP009,Received,228,1878.72
PO02195,2025-06-16,S01,SUP009,Received,229,1886.96
PO02196,2025-06-29,S01,SUP009,Received,233,1919.92
PO02197,2025-07-14,S01,SUP009,Received,235,1936.4
PO02198,2025-07-30,S01,SUP009,Received,235,1936.4
PO02199,2025-08-16,S01,SUP009,Received,231,1903.44
PO02200,2025-09-01,S01,SUP009,Received,222,1829.28
PO02201,2025-09-17,S01,SUP009,Received,226,1862.24
PO02202,2025-10-02,S01,SUP009,Received,227,1870.48
PO02203,2025-10-19,S01,SUP009,Received,228,1878.72
PO02204,2025-11-05,S01,SUP009,Received,229,1886.96
PO02205,2025-11-22,S01,SUP009,Received,236,1944.64
PO02206,2025-12-08,S01,SUP009,Received,232,1911.68
PO02207,2025-12-24,S01,SUP009,Received,229,1886.96
PO02208,2025-01-02,S01,SUP007,Received,82,1995.88
PO02209,2025-01-12,S01,SUP007,Received,90,2190.6
PO02210,2025-01-23,S01,SUP007,Received,91,2214.94
PO02211,2025-02-01,S01,SUP007,Received,84,2044.56
PO02212,2025-02-11,S01,SUP007,Received,85,2068.9
PO02213,2025-02-19,S01,SUP007,Received,82,1995.88
PO02214,2025-03-01,S01,SUP007,Received,94,2287.96
PO02215,2025-03-10,S01,SUP007,Received,81,1971.54
PO02216,2025-03-18,S01,SUP007,Received,87,2117.58
PO02217,2025-03-27,S01,SUP007,Received,81,1971.54
PO02218,2025-04-05,S01,SUP007,Received,87,2117.58
PO02219,2025-04-14,S01,SUP007,Received,91,2214.94
PO02220,2025-04-23,S01,SUP007,Received,81,1971.54
PO02221,2025-05-03,S01,SUP007,Received,84,2044.56
PO02222,2025-05-14,S01,SUP007,Received,89,2166.26
PO02223,2025-05-24,S01,SUP007,Received,90,2190.6
PO02224,2025-06-04,S01,SUP007,Received,86,2093.24
PO02225,2025-06-15,S01,SUP007,Received,89,2166.26
PO02226,2025-06-25,S01,SUP007,Received,84,2044.56
PO02227,2025-07-04,S01,SUP007,Received,84,2044.56
PO02228,2025-07-12,S01,SUP007,Received,81,1971.54
PO02229,2025-07-21,S01,SUP007,Received,89,2166.26
PO02230,2025-08-03,S01,SUP007,Received,85,2068.9
PO02231,2025-08-13,S01,SUP007,Received,90,2190.6
PO02232,2025-08-23,S01,SUP007,Received,91,2214.94
PO02233,2025-09-03,S01,SUP007,Received,85,2068.9
PO02234,2025-09-16,S01,SUP007,Received,82,1995.88
PO02235,2025-09-28,S01,SUP007,Received,83,2020.22
PO02236,2025-10-10,S01,SUP007,Received,85,2068.9
PO02237,2025-10-22,S01,SUP007,Received,82,1995.88
PO02238,2025-11-02,S01,SUP007,Received,84,2044.56
PO02239,2025-11-14,S01,SUP007,Received,91,2214.94
PO02240,2025-11-23,S01,SUP007,Received,84,2044.56
PO02241,2025-12-05,S01,SUP007,Received,83,2020.22
PO02242,2025-12-16,S01,SUP007,Received,82,1995.88
PO02243,2025-12-28,S01,SUP007,Received,88,2141.92
PO02244,2025-01-08,S01,SUP008,Received,296,5638.8
PO02245,2025-01-21,S01,SUP008,Received,286,5448.3
PO02246,2025-02-04,S01,SUP008,Received,297,5657.85
PO02247,2025-02-16,S01,SUP003,Received,285,4092.6
PO02248,2025-03-01,S01,SUP003,Received,287,4121.32
PO02249,2025-03-14,S01,SUP003,Received,285,4092.6
PO02250,2025-03-28,S01,SUP008,Received,301,5734.05
PO02251,2025-04-10,S01,SUP008,Received,286,5448.3
PO02252,2025-04-23,S01,SUP008,Received,297,5657.85
PO02253,2025-05-07,S01,SUP008,Received,296,5638.8
PO02254,2025-05-19,S01,SUP008,Received,289,5505.45
PO02255,2025-06-01,S01,SUP003,Received,307,4408.52
PO02256,2025-06-12,S01,SUP008,Received,289,5505.45
PO02257,2025-06-27,S01,SUP008,Received,281,5353.05
PO02258,2025-07-12,S01,SUP003,Received,283,4063.88
PO02259,2025-07-26,S01,SUP003,Received,282,4049.52
PO02260,2025-08-10,S01,SUP003,Received,295,4236.2
PO02261,2025-08-27,S01,SUP008,Received,287,5467.35
PO02262,2025-09-13,S01,SUP008,Received,289,5505.45
PO02263,2025-10-01,S01,SUP003,Received,290,4164.4
PO02264,2025-10-18,S01,SUP008,Received,301,5734.05
PO02265,2025-11-04,S01,SUP008,Received,296,5638.8
PO02266,2025-11-21,S01,SUP003,Received,291,4178.76
PO02267,2025-12-06,S01,SUP003,Received,294,4221.84
PO02268,2025-12-21,S01,SUP003,Received,289,4150.04
PO02269,2025-01-14,S01,SUP005,Received,451,4049.98
PO02270,2025-02-03,S01,SUP005,Received,460,4130.8
PO02271,2025-02-23,S01,SUP008,Received,470,3275.9
PO02272,2025-03-15,S01,SUP005,Received,459,4121.82
PO02273,2025-04-03,S01,SUP005,Received,468,4202.64
PO02274,2025-04-20,S01,SUP008,Received,451,3143.47
PO02275,2025-05-10,S01,SUP008,Received,467,3254.99
PO02276,2025-05-30,S01,SUP005,Received,464,4166.72
PO02277,2025-06-19,S01,SUP005,Received,456,4094.88
PO02278,2025-07-10,S01,SUP005,Received,457,4103.86
PO02279,2025-08-01,S01,SUP008,Received,453,3157.41
PO02280,2025-08-23,S01,SUP005,Received,459,4121.82
PO02281,2025-09-16,S01,SUP008,Received,457,3185.29
PO02282,2025-10-12,S01,SUP005,Received,459,4121.82
PO02283,2025-11-06,S01,SUP005,Received,461,4139.78
PO02284,2025-11-29,S01,SUP008,Received,451,3143.47
PO02285,2025-12-22,S01,SUP005,Received,462,4148.76
PO02286,2025-01-21,S01,SUP006,Received,152,861.84
PO02287,2025-02-27,S01,SUP006,Received,153,867.51
PO02288,2025-04-02,S01,SUP006,Received,154,873.18
PO02289,2025-05-07,S01,SUP006,Received,152,861.84
PO02290,2025-06-06,S01,SUP006,Received,155,878.85
PO02291,2025-07-17,S01,SUP006,Received,154,873.18
PO02292,2025-08-24,S01,SUP006,Received,154,873.18
PO02293,2025-10-11,S01,SUP006,Received,154,873.18
PO02294,2025-11-19,S01,SUP006,Received,156,884.52
PO02295,2025-01-11,S01,SUP006,Received,407,6357.34
PO02296,2025-01-27,S01,SUP006,Received,392,6123.04
PO02297,2025-02-11,S01,SUP006,Received,402,6279.24
PO02298,2025-02-26,S01,SUP006,Received,403,6294.86
PO02299,2025-03-13,S01,SUP006,Received,388,6060.56
PO02300,2025-03-28,S01,SUP006,Received,413,6451.06
PO02301,2025-04-12,S01,SUP006,Received,407,6357.34
PO02302,2025-04-26,S01,SUP006,Received,393,6138.66
PO02303,2025-05-11,S01,SUP006,Received,414,6466.68
PO02304,2025-05-26,S01,SUP006,Received,392,6123.04
PO02305,2025-06-10,S01,SUP006,Received,396,6185.52
PO02306,2025-06-25,S01,SUP006,Received,390,6091.8
PO02307,2025-07-13,S01,SUP006,Received,404,6310.48
PO02308,2025-07-30,S01,SUP006,Received,391,6107.42
PO02309,2025-08-20,S01,SUP006,Received,410,6404.2
PO02310,2025-09-09,S01,SUP006,Received,397,6201.14
PO02311,2025-09-29,S01,SUP006,Received,398,6216.76
PO02312,2025-10-19,S01,SUP006,Received,412,6435.44
PO02313,2025-11-08,S01,SUP006,Received,420,6560.4
PO02314,2025-11-29,S01,SUP006,Received,405,6326.1
PO02315,2025-12-18,S01,SUP006,Received,403,6294.86
PO02316,2025-01-03,S02,SUP006,Received,229,945.77
PO02317,2025-01-11,S02,SUP006,Received,251,1036.63
PO02318,2025-01-18,S02,SUP006,Received,252,1040.76
PO02319,2025-01-24,S02,SUP006,Received,232,958.16
PO02320,2025-01-31,S02,SUP002,Received,227,1007.88
PO02321,2025-02-07,S02,SUP006,Received,252,1040.76
PO02322,2025-02-14,S02,SUP002,Received,254,1127.76
PO02323,2025-02-20,S02,SUP006,Received,240,991.2
PO02324,2025-02-26,S02,SUP002,Received,231,1025.64
PO02325,2025-03-05,S02,SUP002,Received,247,1096.68
PO02326,2025-03-12,S02,SUP002,Received,236,1047.84
PO02327,2025-03-19,S02,SUP002,Received,239,1061.16
PO02328,2025-03-25,S02,SUP006,Received,235,970.55
PO02329,2025-03-31,S02,SUP006,Received,237,978.81
PO02330,2025-04-06,S02,SUP002,Received,228,1012.32
PO02331,2025-04-13,S02,SUP006,Received,258,1065.54
PO02332,2025-04-19,S02,SUP002,Received,229,1016.76
PO02333,2025-04-26,S02,SUP006,Received,245,1011.85
PO02334,2025-05-02,S02,SUP002,Received,229,1016.76
PO02335,2025-05-09,S02,SUP002,Received,227,1007.88
PO02336,2025-05-16,S02,SUP006,Received,257,1061.41
PO02337,2025-05-23,S02,SUP006,Received,253,1044.89
PO02338,2025-05-30,S02,SUP002,Received,254,1127.76
PO02339,2025-06-06,S02,SUP002,Received,249,1105.56
PO02340,2025-06-13,S02,SUP002,Received,244,1083.36
PO02341,2025-06-20,S02,SUP006,Received,235,970.55
PO02342,2025-06-28,S02,SUP002,Received,265,1176.6
PO02343,2025-07-06,S02,SUP002,Received,240,1065.6
PO02344,2025-07-14,S02,SUP006,Received,260,1073.8
PO02345,2025-07-23,S02,SUP006,Received,228,941.64
PO02346,2025-07-31,S02,SUP006,Received,239,987.07
PO02347,2025-08-08,S02,SUP006,Received,226,933.38
PO02348,2025-08-16,S02,SUP006,Received,231,954.03
PO02349,2025-08-25,S02,SUP006,Received,250,1032.5
PO02350,2025-09-02,S02,SUP002,Received,252,1118.88
PO02351,2025-09-11,S02,SUP002,Received,238,1056.72
PO02352,2025-09-20,S02,SUP002,Received,255,1132.2
PO02353,2025-09-29,S02,SUP006,Received,225,929.25
PO02354,2025-10-09,S02,SUP006,Received,236,974.68
PO02355,2025-10-18,S02,SUP002,Received,258,1145.52
PO02356,2025-10-25,S02,SUP006,Received,224,925.12
PO02357,2025-11-02,S02,SUP006,Received,248,1024.24
PO02358,2025-11-11,S02,SUP006,Received,234,966.42
PO02359,2025-11-19,S02,SUP006,Received,249,1028.37
PO02360,2025-11-27,S02,SUP006,Received,257,1061.41
PO02361,2025-12-05,S02,SUP002,Received,251,1114.44
PO02362,2025-12-13,S02,SUP006,Received,256,1057.28
PO02363,2025-12-21,S02,SUP002,Received,243,1078.92
PO02364,2025-12-29,S02,SUP006,Received,226,933.38
PO02365,2025-01-11,S02,SUP007,Received,270,3096.9
PO02366,2025-02-04,S02,SUP007,Received,260,2982.2
PO02367,2025-03-01,S02,SUP008,Received,261,2975.4
PO02368,2025-03-22,S02,SUP008,Received,265,3021.0
PO02369,2025-04-15,S02,SUP007,Received,261,2993.67
PO02370,2025-05-08,S02,SUP008,Received,269,3066.6
PO02371,2025-06-02,S02,SUP007,Received,268,3073.96
PO02372,2025-06-29,S02,SUP007,Received,269,3085.43
PO02373,2025-07-26,S02,SUP008,Received,269,3066.6
PO02374,2025-08-24,S02,SUP008,Received,266,3032.4
PO02375,2025-09-21,S02,SUP008,Received,262,2986.8
PO02376,2025-10-20,S02,SUP005,Received,261,3353.85
PO02377,2025-11-19,S02,SUP008,Received,263,2998.2
PO02378,2025-12-15,S02,SUP007,Received,264,3028.08
PO02379,2025-01-14,S02,SUP003,Received,237,1585.53
PO02380,2025-01-31,S02,SUP009,Received,242,1974.72
PO02381,2025-02-16,S02,SUP007,Received,240,1814.4
PO02382,2025-03-05,S02,SUP009,Received,239,1950.24
PO02383,2025-03-25,S02,SUP007,Received,244,1844.64
PO02384,2025-04-11,S02,SUP009,Received,244,1991.04
PO02385,2025-04-28,S02,SUP003,Received,240,1605.6
PO02386,2025-05-12,S02,SUP009,Received,235,1917.6
PO02387,2025-05-31,S02,SUP007,Received,235,1776.6
PO02388,2025-06-16,S02,SUP003,Received,242,1618.98
PO02389,2025-07-04,S02,SUP007,Received,240,1814.4
PO02390,2025-07-22,S02,SUP009,Received,240,1958.4
PO02391,2025-08-10,S02,SUP003,Received,243,1625.67
PO02392,2025-08-31,S02,SUP009,Received,241,1966.56
PO02393,2025-09-21,S02,SUP009,Received,235,1917.6
PO02394,2025-10-18,S02,SUP003,Received,239,1598.91
PO02395,2025-11-09,S02,SUP009,Received,244,1991.04
PO02396,2025-11-28,S02,SUP003,Received,240,1605.6
PO02397,2025-12-18,S02,SUP007,Received,236,1784.16
PO02398,2025-01-05,S02,SUP006,Received,160,2980.8
PO02399,2025-01-19,S02,SUP006,Received,174,3241.62
PO02400,2025-02-02,S02,SUP006,Received,170,3167.1
PO02401,2025-02-15,S02,SUP006,Received,167,3111.21
PO02402,2025-02-27,S02,SUP006,Received,168,3129.84
PO02403,2025-03-10,S02,SUP006,Received,162,3018.06
PO02404,2025-03-21,S02,SUP006,Received,167,3111.21
PO02405,2025-04-02,S02,SUP006,Received,169,3148.47
PO02406,2025-04-14,S02,SUP006,Received,171,3185.73
PO02407,2025-04-26,S02,SUP006,Received,167,3111.21
PO02408,2025-05-09,S02,SUP006,Received,163,3036.69
PO02409,2025-05-22,S02,SUP006,Received,165,3073.95
PO02410,2025-06-02,S02,SUP006,Received,161,2999.43
PO02411,2025-06-18,S02,SUP006,Received,166,3092.58
PO02412,2025-07-02,S02,SUP006,Received,160,2980.8
PO02413,2025-07-17,S02,SUP006,Received,177,3297.51
PO02414,2025-08-01,S02,SUP006,Received,166,3092.58
PO02415,2025-08-16,S02,SUP006,Received,166,3092.58
PO02416,2025-09-03,S02,SUP006,Received,165,3073.95
PO02417,2025-09-19,S02,SUP006,Received,163,3036.69
PO02418,2025-10-06,S02,SUP006,Received,162,3018.06
PO02419,2025-10-22,S02,SUP006,Received,169,3148.47
PO02420,2025-11-06,S02,SUP006,Received,164,3055.32
PO02421,2025-11-22,S02,SUP006,Received,168,3129.84
PO02422,2025-12-08,S02,SUP006,Received,163,3036.69
PO02423,2025-12-23,S02,SUP006,Received,167,3111.21
PO02424,2025-01-28,S02,SUP002,Received,474,701.52
PO02425,2025-03-26,S02,SUP004,Received,474,872.16
PO02426,2025-05-20,S02,SUP004,Received,474,872.16
PO02427,2025-07-21,S02,SUP002,Received,476,704.48
PO02428,2025-10-04,S02,SUP004,Received,481,885.04
PO02429,2025-12-13,S02,SUP004,Received,477,877.68
PO02430,2025-01-13,S02,SUP004,Received,141,3206.34
PO02431,2025-01-30,S02,SUP004,Received,142,3229.08
PO02432,2025-02-15,S02,SUP004,Received,148,3365.52
PO02433,2025-03-04,S02,SUP003,Received,140,2979.2
PO02434,2025-03-20,S02,SUP004,Received,144,3274.56
PO02435,2025-04-04,S02,SUP004,Received,143,3251.82
PO02436,2025-04-18,S02,SUP003,Received,152,3234.56
PO02437,2025-05-02,S02,SUP003,Received,145,3085.6
PO02438,2025-05-19,S02,SUP004,Received,151,3433.74
PO02439,2025-06-03,S02,SUP004,Received,142,3229.08
PO02440,2025-06-19,S02,SUP004,Received,143,3251.82
PO02441,2025-07-06,S02,SUP003,Received,142,3021.76
PO02442,2025-07-22,S02,SUP004,Received,140,3183.6
PO02443,2025-08-08,S02,SUP004,Received,139,3160.86
PO02444,2025-08-28,S02,SUP003,Received,142,3021.76
PO02445,2025-09-16,S02,SUP004,Received,139,3160.86
PO02446,2025-10-07,S02,SUP003,Received,140,2979.2
PO02447,2025-10-28,S02,SUP004,Received,142,3229.08
PO02448,2025-11-17,S02,SUP004,Received,140,3183.6
PO02449,2025-12-06,S02,SUP003,Received,145,3085.6
PO02450,2025-12-25,S02,SUP003,Received,141,3000.48
PO02451,2025-01-02,S02,SUP006,Received,172,2201.6
PO02452,2025-01-09,S02,SUP006,Received,176,2252.8
PO02453,2025-01-16,S02,SUP006,Received,170,2176.0
PO02454,2025-01-24,S02,SUP006,Received,170,2176.0
PO02455,2025-01-31,S02,SUP006,Received,182,2329.6
PO02456,2025-02-07,S02,SUP006,Received,176,2252.8
PO02457,2025-02-15,S02,SUP006,Received,196,2508.8
PO02458,2025-02-22,S02,SUP006,Received,191,2444.8
PO02459,2025-03-01,S02,SUP006,Received,169,2163.2
PO02460,2025-03-07,S02,SUP006,Received,181,2316.8
PO02461,2025-03-14,S02,SUP006,Received,170,2176.0
PO02462,2025-03-21,S02,SUP006,Received,181,2316.8
PO02463,2025-03-29,S02,SUP006,Received,194,2483.2
PO02464,2025-04-05,S02,SUP006,Received,198,2534.4
PO02465,2025-04-12,S02,SUP006,Received,187,2393.6
PO02466,2025-04-19,S02,SUP006,Received,201,2572.8
PO02467,2025-04-26,S02,SUP006,Received,188,2406.4
PO02468,2025-05-03,S02,SUP006,Received,180,2304.0
PO02469,2025-05-10,S02,SUP006,Received,189,2419.2
PO02470,2025-05-17,S02,SUP006,Received,195,2496.0
PO02471,2025-05-25,S02,SUP006,Received,195,2496.0
PO02472,2025-06-01,S02,SUP006,Received,192,2457.6
PO02473,2025-06-08,S02,SUP006,Received,189,2419.2
PO02474,2025-06-15,S02,SUP006,Received,179,2291.2
PO02475,2025-06-22,S02,SUP006,Received,179,2291.2
PO02476,2025-06-29,S02,SUP006,Received,185,2368.0
PO02477,2025-07-06,S02,SUP006,Received,170,2176.0
PO02478,2025-07-14,S02,SUP006,Received,181,2316.8
PO02479,2025-07-22,S02,SUP006,Received,186,2380.8
PO02480,2025-07-30,S02,SUP006,Received,178,2278.4
PO02481,2025-08-07,S02,SUP006,Received,174,2227.2
PO02482,2025-08-15,S02,SUP006,Received,176,2252.8
PO02483,2025-08-23,S02,SUP006,Received,180,2304.0
PO02484,2025-08-31,S02,SUP006,Received,176,2252.8
PO02485,2025-09-10,S02,SUP006,Received,183,2342.4
PO02486,2025-09-18,S02,SUP006,Received,193,2470.4
PO02487,2025-09-27,S02,SUP006,Received,174,2227.2
PO02488,2025-10-05,S02,SUP006,Received,177,2265.6
PO02489,2025-10-13,S02,SUP006,Received,177,2265.6
PO02490,2025-10-21,S02,SUP006,Received,177,2265.6
PO02491,2025-10-29,S02,SUP006,Received,168,2150.4
PO02492,2025-11-07,S02,SUP006,Received,174,2227.2
PO02493,2025-11-15,S02,SUP006,Received,173,2214.4
PO02494,2025-11-23,S02,SUP006,Received,187,2393.6
PO02495,2025-12-02,S02,SUP006,Received,172,2201.6
PO02496,2025-12-09,S02,SUP006,Received,175,2240.0
PO02497,2025-12-17,S02,SUP006,Received,175,2240.0
PO02498,2025-12-25,S02,SUP006,Received,174,2227.2
PO02499,2025-01-06,S02,SUP003,Received,385,2752.75
PO02500,2025-01-19,S02,SUP003,Received,367,2624.05
PO02501,2025-02-02,S02,SUP003,Received,385,2752.75
PO02502,2025-02-15,S02,SUP003,Received,385,2752.75
PO02503,2025-02-26,S02,SUP003,Received,368,2631.2
PO02504,2025-03-10,S02,SUP003,Received,376,2688.4
PO02505,2025-03-22,S02,SUP003,Received,377,2695.55
PO02506,2025-04-03,S02,SUP003,Received,385,2752.75
PO02507,2025-04-15,S02,SUP003,Received,385,2752.75
PO02508,2025-04-28,S02,SUP003,Received,376,2688.4
PO02509,2025-05-09,S02,SUP003,Received,385,2752.75
PO02510,2025-05-21,S02,SUP003,Received,385,2752.75
PO02511,2025-06-02,S02,SUP003,Received,372,2659.8
PO02512,2025-06-15,S02,SUP003,Received,370,2645.5
PO02513,2025-06-28,S02,SUP003,Received,374,2674.1
PO02514,2025-07-12,S02,SUP003,Received,385,2752.75
PO02515,2025-07-27,S02,SUP003,Received,385,2752.75
PO02516,2025-08-11,S02,SUP003,Received,378,2702.7
PO02517,2025-08-24,S02,SUP003,Received,377,2695.55
PO02518,2025-09-09,S02,SUP003,Received,369,2638.35
PO02519,2025-09-24,S02,SUP003,Received,369,2638.35
PO02520,2025-10-08,S02,SUP003,Received,376,2688.4
PO02521,2025-10-23,S02,SUP003,Received,385,2752.75
PO02522,2025-11-06,S02,SUP003,Received,369,2638.35
PO02523,2025-11-21,S02,SUP003,Received,380,2717.0
PO02524,2025-12-06,S02,SUP003,Received,376,2688.4
PO02525,2025-12-20,S02,SUP003,Received,385,2752.75
PO02526,2025-01-05,S02,SUP003,Received,247,827.45
PO02527,2025-01-15,S02,SUP003,Received,254,850.9
PO02528,2025-01-24,S02,SUP003,Received,248,830.8
PO02529,2025-02-02,S02,SUP003,Received,230,770.5
PO02530,2025-02-11,S02,SUP003,Received,244,817.4
PO02531,2025-02-20,S02,SUP003,Received,253,847.55
PO02532,2025-03-01,S02,SUP003,Received,244,817.4
PO02533,2025-03-09,S02,SUP003,Received,244,817.4
PO02534,2025-03-18,S02,SUP003,Received,241,807.35
PO02535,2025-03-27,S02,SUP003,Received,239,800.65
PO02536,2025-04-05,S02,SUP003,Received,239,800.65
PO02537,2025-04-14,S02,SUP003,Received,247,827.45
PO02538,2025-04-23,S02,SUP003,Received,232,777.2
PO02539,2025-05-01,S02,SUP003,Received,254,850.9
PO02540,2025-05-10,S02,SUP003,Received,267,894.45
PO02541,2025-05-18,S02,SUP003,Received,255,854.25
PO02542,2025-05-27,S02,SUP003,Received,237,793.95
PO02543,2025-06-07,S02,SUP003,Received,247,827.45
PO02544,2025-06-15,S02,SUP003,Received,231,773.85
PO02545,2025-06-25,S02,SUP003,Received,228,763.8
PO02546,2025-07-04,S02,SUP003,Received,244,817.4
PO02547,2025-07-14,S02,SUP003,Received,237,793.95
PO02548,2025-07-26,S02,SUP003,Received,242,810.7
PO02549,2025-08-06,S02,SUP003,Received,232,777.2
PO02550,2025-08-17,S02,SUP003,Received,236,790.6
PO02551,2025-08-28,S02,SUP003,Received,243,814.05
PO02552,2025-09-09,S02,SUP003,Received,229,767.15
PO02553,2025-09-20,S02,SUP003,Received,234,783.9
PO02554,2025-09-30,S02,SUP003,Received,238,797.3
PO02555,2025-10-11,S02,SUP003,Received,228,763.8
PO02556,2025-10-22,S02,SUP003,Received,238,797.3
PO02557,2025-11-04,S02,SUP003,Received,246,824.1
PO02558,2025-11-15,S02,SUP003,Received,251,840.85
PO02559,2025-11-26,S02,SUP003,Received,241,807.35
PO02560,2025-12-06,S02,SUP003,Received,243,814.05
PO02561,2025-12-16,S02,SUP003,Received,236,790.6
PO02562,2025-12-27,S02,SUP003,Received,252,844.2
PO02563,2025-01-08,S02,SUP003,Received,89,1041.3
PO02564,2025-01-25,S02,SUP003,Received,88,1029.6
PO02565,2025-02-10,S02,SUP003,Received,92,1076.4
PO02566,2025-02-25,S02,SUP003,Received,91,1064.7
PO02567,2025-03-11,S02,SUP003,Received,91,1064.7
PO02568,2025-03-26,S02,SUP003,Received,90,1053.0
PO02569,2025-04-10,S02,SUP003,Received,86,1006.2
PO02570,2025-04-23,S02,SUP003,Received,94,1099.8
PO02571,2025-05-11,S02,SUP003,Received,96,1123.2
PO02572,2025-05-25,S02,SUP003,Received,90,1053.0
PO02573,2025-06-07,S02,SUP003,Received,86,1006.2
PO02574,2025-06-20,S02,SUP003,Received,86,1006.2
PO02575,2025-07-07,S02,SUP003,Received,92,1076.4
PO02576,2025-07-27,S02,SUP003,Received,91,1064.7
PO02577,2025-08-15,S02,SUP003,Received,93,1088.1
PO02578,2025-09-01,S02,SUP003,Received,95,1111.5
PO02579,2025-09-23,S02,SUP003,Received,87,1017.9
PO02580,2025-10-14,S02,SUP003,Received,87,1017.9
PO02581,2025-11-03,S02,SUP003,Received,88,1029.6
PO02582,2025-11-21,S02,SUP003,Received,86,1006.2
PO02583,2025-12-11,S02,SUP003,Received,88,1029.6
PO02584,2025-12-27,S02,SUP003,Received,88,1029.6
PO02585,2025-01-08,S02,SUP008,Received,385,5328.4
PO02586,2025-01-20,S02,SUP008,Received,393,5439.12
PO02587,2025-02-02,S02,SUP008,Received,398,5508.32
PO02588,2025-02-15,S02,SUP002,Received,388,6347.68
PO02589,2025-02-27,S02,SUP008,Received,388,5369.92
PO02590,2025-03-09,S02,SUP002,Received,377,6167.72
PO02591,2025-03-21,S02,SUP009,Received,393,6661.35
PO02592,2025-04-01,S02,SUP008,Received,385,5328.4
PO02593,2025-04-13,S02,SUP008,Received,381,5273.04
PO02594,2025-04-26,S02,SUP002,Received,390,6380.4
PO02595,2025-05-08,S02,SUP002,Received,371,6069.56
PO02596,2025-05-21,S02,SUP009,Received,379,6424.05
PO02597,2025-06-02,S02,SUP009,Received,377,6390.15
PO02598,2025-06-14,S02,SUP009,Received,380,6441.0
PO02599,2025-06-27,S02,SUP008,Received,382,5286.88
PO02600,2025-07-12,S02,SUP008,Received,393,5439.12
PO02601,2025-07-26,S02,SUP002,Received,372,6085.92
PO02602,2025-08-09,S02,SUP008,Received,373,5162.32
PO02603,2025-08-23,S02,SUP002,Received,374,6118.64
PO02604,2025-09-09,S02,SUP002,Received,390,6380.4
PO02605,2025-09-23,S02,SUP002,Received,371,6069.56
PO02606,2025-10-08,S02,SUP008,Received,384,5314.56
PO02607,2025-10-25,S02,SUP008,Received,376,5203.84
PO02608,2025-11-10,S02,SUP002,Received,378,6184.08
PO02609,2025-11-25,S02,SUP009,Received,392,6644.4
PO02610,2025-12-09,S02,SUP008,Received,373,5162.32
PO02611,2025-12-23,S02,SUP008,Received,388,5369.92
PO02612,2025-01-22,S02,SUP001,Received,412,3642.08
PO02613,2025-02-18,S02,SUP001,Received,407,3597.88
PO02614,2025-03-15,S02,SUP001,Received,410,3624.4
PO02615,2025-04-07,S02,SUP001,Received,405,3580.2
PO02616,2025-05-03,S02,SUP001,Received,407,3597.88
PO02617,2025-05-31,S02,SUP001,Received,410,3624.4
PO02618,2025-06-28,S02,SUP001,Received,413,3650.92
PO02619,2025-07-28,S02,SUP001,Received,416,3677.44
PO02620,2025-08-31,S02,SUP001,Received,415,3668.6
PO02621,2025-10-04,S02,SUP001,Received,410,3624.4
PO02622,2025-11-08,S02,SUP001,Received,417,3686.28
PO02623,2025-12-11,S02,SUP001,Received,408,3606.72
PO02624,2025-01-21,S02,SUP008,Received,411,5655.36
PO02625,2025-03-14,S02,SUP008,Received,415,5710.4
PO02626,2025-05-04,S02,SUP008,Received,412,5669.12
PO02627,2025-07-02,S02,SUP008,Received,413,5682.88
PO02628,2025-09-14,S02,SUP008,Received,413,5682.88
PO02629,2025-11-23,S02,SUP008,Received,414,5696.64
PO02630,2025-01-10,S02,SUP003,Received,169,562.77
PO02631,2025-01-25,S02,SUP010,Received,167,470.94
PO02632,2025-02-08,S02,SUP003,Received,173,576.09
PO02633,2025-02-21,S02,SUP010,Received,173,487.86
PO02634,2025-03-07,S02,SUP010,Received,166,468.12
PO02635,2025-03-20,S02,SUP010,Received,168,473.76
PO02636,2025-04-02,S02,SUP010,Received,171,482.22
PO02637,2025-04-16,S02,SUP010,Received,170,479.4
PO02638,2025-04-29,S02,SUP003,Received,167,556.11
PO02639,2025-05-13,S02,SUP010,Received,169,476.58
PO02640,2025-05-26,S02,SUP010,Received,173,487.86
PO02641,2025-06-09,S02,SUP003,Received,165,549.45
PO02642,2025-06-24,S02,SUP010,Received,173,487.86
PO02643,2025-07-09,S02,SUP003,Received,173,576.09
PO02644,2025-07-25,S02,SUP010,Received,173,487.86
PO02645,2025-08-10,S02,SUP003,Received,173,576.09
PO02646,2025-08-28,S02,SUP003,Received,173,576.09
PO02647,2025-09-12,S02,SUP003,Received,166,552.78
PO02648,2025-09-29,S02,SUP003,Received,165,549.45
PO02649,2025-10-19,S02,SUP010,Received,167,470.94
PO02650,2025-11-04,S02,SUP003,Received,173,576.09
PO02651,2025-11-22,S02,SUP003,Received,168,559.44
PO02652,2025-12-09,S02,SUP003,Received,171,569.43
PO02653,2025-12-27,S02,SUP010,Received,173,487.86
PO02654,2025-01-14,S02,SUP002,Received,308,6560.4
PO02655,2025-02-04,S02,SUP010,Received,311,6686.5
PO02656,2025-02-24,S02,SUP010,Received,301,6471.5
PO02657,2025-03-17,S02,SUP002,Received,312,6645.6
PO02658,2025-04-04,S02,SUP010,Received,308,6622.0
PO02659,2025-04-22,S02,SUP002,Received,309,6581.7
PO02660,2025-05-10,S02,SUP002,Received,305,6496.5
PO02661,2025-05-28,S02,SUP010,Received,305,6557.5
PO02662,2025-06-19,S02,SUP010,Received,302,6493.0
PO02663,2025-07-10,S02,SUP010,Received,309,6643.5
PO02664,2025-08-01,S02,SUP010,Received,308,6622.0
PO02665,2025-08-23,S02,SUP010,Received,317,6815.5
PO02666,2025-09-16,S02,SUP002,Received,308,6560.4
PO02667,2025-10-12,S02,SUP002,Received,314,6688.2
PO02668,2025-11-07,S02,SUP002,Received,304,6475.2
PO02669,2025-12-01,S02,SUP010,Received,302,6493.0
PO02670,2025-12-22,S02,SUP002,Received,304,6475.2
PO02671,2025-01-08,S02,SUP002,Received,313,1521.18
PO02672,2025-01-22,S02,SUP007,Received,282,1443.84
PO02673,2025-02-06,S02,SUP002,Received,301,1462.86
PO02674,2025-02-20,S02,SUP002,Received,290,1409.4
PO02675,2025-03-05,S02,SUP007,Received,295,1510.4
PO02676,2025-03-17,S02,SUP007,Received,284,1454.08
PO02677,2025-03-30,S02,SUP002,Received,293,1423.98
PO02678,2025-04-13,S02,SUP002,Received,298,1448.28
PO02679,2025-04-25,S02,SUP007,Received,283,1448.96
PO02680,2025-05-09,S02,SUP007,Received,295,1510.4
PO02681,2025-05-23,S02,SUP002,Received,290,1409.4
PO02682,2025-06-06,S02,SUP002,Received,289,1404.54
PO02683,2025-06-22,S02,SUP007,Received,295,1510.4
PO02684,2025-07-09,S02,SUP002,Received,290,1409.4
PO02685,2025-07-25,S02,SUP002,Received,290,1409.4
PO02686,2025-08-11,S02,SUP002,Received,297,1443.42
PO02687,2025-08-28,S02,SUP002,Received,286,1389.96
PO02688,2025-09-15,S02,SUP007,Received,300,1536.0
PO02689,2025-10-04,S02,SUP002,Received,290,1409.4
PO02690,2025-10-22,S02,SUP007,Received,286,1464.32
PO02691,2025-11-09,S02,SUP007,Received,289,1479.68
PO02692,2025-11-26,S02,SUP002,Received,298,1448.28
PO02693,2025-12-13,S02,SUP002,Received,293,1423.98
PO02694,2025-12-27,S02,SUP002,Received,286,1389.96
PO02695,2025-01-02,S02,SUP002,Received,86,739.6
PO02696,2025-01-06,S02,SUP002,Received,86,739.6
PO02697,2025-01-11,S02,SUP002,Received,86,739.6
PO02698,2025-01-14,S02,SUP002,Received,86,739.6
PO02699,2025-01-18,S02,SUP002,Received,86,739.6
PO02700,2025-01-21,S02,SUP002,Received,86,739.6
PO02701,2025-01-25,S02,SUP002,Received,86,739.6
PO02702,2025-01-29,S02,SUP002,Received,86,739.6
PO02703,2025-02-02,S02,SUP002,Received,86,739.6
PO02704,2025-02-06,S02,SUP002,Received,86,739.6
PO02705,2025-02-09,S02,SUP002,Received,86,739.6
PO02706,2025-02-13,S02,SUP002,Received,86,739.6
PO02707,2025-02-16,S02,SUP002,Received,86,739.6
PO02708,2025-02-20,S02,SUP002,Received,86,739.6
PO02709,2025-02-23,S02,SUP002,Received,86,739.6
PO02710,2025-02-27,S02,SUP002,Received,86,739.6
PO02711,2025-03-02,S02,SUP002,Received,81,696.6
PO02712,2025-03-06,S02,SUP002,Received,86,739.6
PO02713,2025-03-10,S02,SUP002,Received,86,739.6
PO02714,2025-03-13,S02,SUP002,Received,86,739.6
PO02715,2025-03-16,S02,SUP002,Received,86,739.6
PO02716,2025-03-20,S02,SUP002,Received,86,739.6
PO02717,2025-03-24,S02,SUP002,Received,86,739.6
PO02718,2025-03-28,S02,SUP002,Received,86,739.6
PO02719,2025-04-01,S02,SUP002,Received,86,739.6
PO02720,2025-04-05,S02,SUP002,Received,86,739.6
PO02721,2025-04-09,S02,SUP002,Received,86,739.6
PO02722,2025-04-12,S02,SUP002,Received,86,739.6
PO02723,2025-04-15,S02,SUP002,Received,81,696.6
PO02724,2025-04-19,S02,SUP002,Received,86,739.6
PO02725,2025-04-22,S02,SUP002,Received,86,739.6
PO02726,2025-04-25,S02,SUP002,Received,86,739.6
PO02727,2025-04-28,S02,SUP002,Received,86,739.6
PO02728,2025-05-02,S02,SUP002,Received,86,739.6
PO02729,2025-05-06,S02,SUP002,Received,86,739.6
PO02730,2025-05-10,S02,SUP002,Received,86,739.6
PO02731,2025-05-13,S02,SUP002,Received,81,696.6
PO02732,2025-05-17,S02,SUP002,Received,86,739.6
PO02733,2025-05-20,S02,SUP002,Received,82,705.2
PO02734,2025-05-23,S02,SUP002,Received,84,722.4
PO02735,2025-05-26,S02,SUP002,Received,86,739.6
PO02736,2025-05-30,S02,SUP002,Received,86,739.6
PO02737,2025-06-02,S02,SUP002,Received,86,739.6
PO02738,2025-06-04,S02,SUP002,Received,86,739.6
PO02739,2025-06-07,S02,SUP002,Received,86,739.6
PO02740,2025-06-11,S02,SUP002,Received,86,739.6
PO02741,2025-06-15,S02,SUP002,Received,86,739.6
PO02742,2025-06-19,S02,SUP002,Received,82,705.2
PO02743,2025-06-23,S02,SUP002,Received,86,739.6
PO02744,2025-06-27,S02,SUP002,Received,86,739.6
PO02745,2025-06-30,S02,SUP002,Received,86,739.6
PO02746,2025-07-04,S02,SUP002,Received,84,722.4
PO02747,2025-07-08,S02,SUP002,Received,86,739.6
PO02748,2025-07-12,S02,SUP002,Received,86,739.6
PO02749,2025-07-16,S02,SUP002,Received,86,739.6
PO02750,2025-07-20,S02,SUP002,Received,86,739.6
PO02751,2025-07-25,S02,SUP002,Received,86,739.6
PO02752,2025-07-28,S02,SUP002,Received,82,705.2
PO02753,2025-08-01,S02,SUP002,Received,82,705.2
PO02754,2025-08-05,S02,SUP002,Received,86,739.6
PO02755,2025-08-09,S02,SUP002,Received,86,739.6
PO02756,2025-08-13,S02,SUP002,Received,86,739.6
PO02757,2025-08-17,S02,SUP002,Received,86,739.6
PO02758,2025-08-22,S02,SUP002,Received,86,739.6
PO02759,2025-08-27,S02,SUP002,Received,86,739.6
PO02760,2025-08-31,S02,SUP002,Received,86,739.6
PO02761,2025-09-05,S02,SUP002,Received,86,739.6
PO02762,2025-09-09,S02,SUP002,Received,86,739.6
PO02763,2025-09-14,S02,SUP002,Received,86,739.6
PO02764,2025-09-18,S02,SUP002,Received,86,739.6
PO02765,2025-09-22,S02,SUP002,Received,85,731.0
PO02766,2025-09-26,S02,SUP002,Received,82,705.2
PO02767,2025-09-30,S02,SUP002,Received,86,739.6
PO02768,2025-10-05,S02,SUP002,Received,86,739.6
PO02769,2025-10-09,S02,SUP002,Received,86,739.6
PO02770,2025-10-14,S02,SUP002,Received,86,739.6
PO02771,2025-10-19,S02,SUP002,Received,86,739.6
PO02772,2025-10-24,S02,SUP002,Received,86,739.6
PO02773,2025-10-28,S02,SUP002,Received,86,739.6
PO02774,2025-11-02,S02,SUP002,Received,86,739.6
PO02775,2025-11-06,S02,SUP002,Received,83,713.8
PO02776,2025-11-10,S02,SUP002,Received,85,731.0
PO02777,2025-11-14,S02,SUP002,Received,85,731.0
PO02778,2025-11-18,S02,SUP002,Received,86,739.6
PO02779,2025-11-22,S02,SUP002,Received,85,731.0
PO02780,2025-11-26,S02,SUP002,Received,86,739.6
PO02781,2025-11-30,S02,SUP002,Received,82,705.2
PO02782,2025-12-04,S02,SUP002,Received,86,739.6
PO02783,2025-12-08,S02,SUP002,Received,86,739.6
PO02784,2025-12-12,S02,SUP002,Received,86,739.6
PO02785,2025-12-16,S02,SUP002,Received,86,739.6
PO02786,2025-12-20,S02,SUP002,Received,86,739.6
PO02787,2025-12-24,S02,SUP002,Received,86,739.6
PO02788,2025-12-28,S02,SUP002,Received,86,739.6
PO02789,2025-01-19,S02,SUP006,Received,310,716.1
PO02790,2025-02-14,S02,SUP006,Received,319,736.89
PO02791,2025-03-13,S02,SUP006,Received,315,727.65
PO02792,2025-04-03,S02,SUP009,Received,320,812.8
PO02793,2025-04-25,S02,SUP009,Received,324,822.96
PO02794,2025-05-20,S02,SUP001,Received,310,728.5
PO02795,2025-06-15,S02,SUP009,Received,317,805.18
PO02796,2025-07-10,S02,SUP001,Received,308,723.8
PO02797,2025-08-08,S02,SUP001,Received,311,730.85
PO02798,2025-09-04,S02,SUP001,Received,310,728.5
PO02799,2025-10-07,S02,SUP006,Received,315,727.65
PO02800,2025-11-04,S02,SUP001,Received,311,730.85
PO02801,2025-12-06,S02,SUP006,Received,311,718.41
PO02802,2025-01-03,S02,SUP003,Received,260,5519.8
PO02803,2025-01-12,S02,SUP003,Received,266,5647.18
PO02804,2025-01-20,S02,SUP003,Received,266,5647.18
PO02805,2025-01-27,S02,SUP003,Received,260,5519.8
PO02806,2025-02-04,S02,SUP003,Received,266,5647.18
PO02807,2025-02-11,S02,SUP003,Received,263,5583.49
PO02808,2025-02-18,S02,SUP003,Received,256,5434.88
PO02809,2025-02-24,S02,SUP003,Received,248,5265.04
PO02810,2025-03-03,S02,SUP003,Received,256,5434.88
PO02811,2025-03-10,S02,SUP003,Received,256,5434.88
PO02812,2025-03-17,S02,SUP003,Received,264,5604.72
PO02813,2025-03-24,S02,SUP003,Received,266,5647.18
PO02814,2025-03-31,S02,SUP003,Received,247,5243.81
PO02815,2025-04-07,S02,SUP003,Received,266,5647.18
PO02816,2025-04-13,S02,SUP003,Received,248,5265.04
PO02817,2025-04-19,S02,SUP003,Received,249,5286.27
PO02818,2025-04-26,S02,SUP003,Received,252,5349.96
PO02819,2025-05-03,S02,SUP003,Received,252,5349.96
PO02820,2025-05-10,S02,SUP003,Received,261,5541.03
PO02821,2025-05-17,S02,SUP003,Received,253,5371.19
PO02822,2025-05-24,S02,SUP003,Received,251,5328.73
PO02823,2025-05-31,S02,SUP003,Received,266,5647.18
PO02824,2025-06-07,S02,SUP003,Received,258,5477.34
PO02825,2025-06-14,S02,SUP003,Received,253,5371.19
PO02826,2025-06-21,S02,SUP003,Received,248,5265.04
PO02827,2025-06-29,S02,SUP003,Received,266,5647.18
PO02828,2025-07-06,S02,SUP003,Received,249,5286.27
PO02829,2025-07-13,S02,SUP003,Received,250,5307.5
PO02830,2025-07-21,S02,SUP003,Received,240,5095.2
PO02831,2025-07-30,S02,SUP003,Received,266,5647.18
PO02832,2025-08-07,S02,SUP003,Received,248,5265.04
PO02833,2025-08-15,S02,SUP003,Received,251,5328.73
PO02834,2025-08-24,S02,SUP003,Received,259,5498.57
PO02835,2025-09-01,S02,SUP003,Received,240,5095.2
PO02836,2025-09-10,S02,SUP003,Received,248,5265.04
PO02837,2025-09-20,S02,SUP003,Received,256,5434.88
PO02838,2025-09-29,S02,SUP003,Received,243,5158.89
PO02839,2025-10-07,S02,SUP003,Received,243,5158.89
PO02840,2025-10-16,S02,SUP003,Received,247,5243.81
PO02841,2025-10-24,S02,SUP003,Received,240,5095.2
PO02842,2025-11-02,S02,SUP003,Received,262,5562.26
PO02843,2025-11-10,S02,SUP003,Received,242,5137.66
PO02844,2025-11-18,S02,SUP003,Received,249,5286.27
PO02845,2025-11-27,S02,SUP003,Received,248,5265.04
PO02846,2025-12-06,S02,SUP003,Received,256,5434.88
PO02847,2025-12-14,S02,SUP003,Received,241,5116.43
PO02848,2025-12-22,S02,SUP003,Received,263,5583.49
PO02849,2025-12-30,S02,SUP003,Received,255,5413.65
PO02850,2025-03-04,S02,SUP006,Received,433,7309.04
PO02851,2025-05-21,S02,SUP005,Received,438,7573.02
PO02852,2025-08-16,S02,SUP005,Received,434,7503.86
PO02853,2025-11-27,S02,SUP005,Received,437,7555.73
PO02854,2025-01-10,S02,SUP006,Received,477,5318.55
PO02855,2025-02-07,S02,SUP005,Received,488,5358.24
PO02856,2025-03-08,S02,SUP005,Received,497,5457.06
PO02857,2025-04-06,S02,SUP005,Received,495,5435.1
PO02858,2025-05-04,S02,SUP005,Received,485,5325.3
PO02859,2025-05-30,S02,SUP005,Received,493,5413.14
PO02860,2025-06-29,S02,SUP005,Received,492,5402.16
PO02861,2025-08-01,S02,SUP006,Received,485,5407.75
PO02862,2025-09-07,S02,SUP006,Received,484,5396.6
PO02863,2025-10-12,S02,SUP005,Received,489,5369.22
PO02864,2025-11-16,S02,SUP005,Received,478,5248.44
PO02865,2025-12-18,S02,SUP005,Received,478,5248.44
PO02866,2025-01-07,S02,SUP004,Received,258,6354.54
PO02867,2025-01-21,S02,SUP007,Received,245,5796.7
PO02868,2025-02-04,S02,SUP004,Received,251,6182.13
PO02869,2025-02-17,S02,SUP009,Received,258,5779.2
PO02870,2025-03-01,S02,SUP007,Received,249,5891.34
PO02871,2025-03-15,S02,SUP004,Received,258,6354.54
PO02872,2025-03-27,S02,SUP007,Received,258,6104.28
PO02873,2025-04-09,S02,SUP009,Received,243,5443.2
PO02874,2025-04-22,S02,SUP009,Received,250,5600.0
PO02875,2025-05-05,S02,SUP009,Received,244,5465.6
PO02876,2025-05-18,S02,SUP007,Received,256,6056.96
PO02877,2025-06-01,S02,SUP007,Received,257,6080.62
PO02878,2025-06-14,S02,SUP004,Received,244,6009.72
PO02879,2025-06-30,S02,SUP004,Received,253,6231.39
PO02880,2025-07-14,S02,SUP009,Received,246,5510.4
PO02881,2025-07-27,S02,SUP004,Received,255,6280.65
PO02882,2025-08-12,S02,SUP004,Received,251,6182.13
PO02883,2025-08-29,S02,SUP004,Received,243,5985.09
PO02884,2025-09-14,S02,SUP007,Received,243,5749.38
PO02885,2025-10-01,S02,SUP009,Received,253,5667.2
PO02886,2025-10-19,S02,SUP007,Received,250,5915.0
PO02887,2025-11-03,S02,SUP004,Received,243,5985.09
PO02888,2025-11-18,S02,SUP009,Received,255,5712.0
PO02889,2025-12-02,S02,SUP009,Received,248,5555.2
PO02890,2025-12-18,S02,SUP007,Received,250,5915.0
PO02891,2025-01-03,S02,SUP008,Received,172,775.72
PO02892,2025-01-10,S02,SUP007,Received,179,873.52
PO02893,2025-01-17,S02,SUP008,Received,167,753.17
PO02894,2025-01-23,S02,SUP007,Received,168,819.84
PO02895,2025-01-29,S02,SUP008,Received,182,820.82
PO02896,2025-02-04,S02,SUP007,Received,173,844.24
PO02897,2025-02-11,S02,SUP007,Received,171,834.48
PO02898,2025-02-17,S02,SUP008,Received,185,834.35
PO02899,2025-02-23,S02,SUP007,Received,182,888.16
PO02900,2025-03-01,S02,SUP008,Received,166,748.66
PO02901,2025-03-07,S02,SUP008,Received,162,730.62
PO02902,2025-03-15,S02,SUP007,Received,196,956.48
PO02903,2025-03-20,S02,SUP008,Received,171,771.21
PO02904,2025-03-26,S02,SUP007,Received,173,844.24
PO02905,2025-04-02,S02,SUP007,Received,184,897.92
PO02906,2025-04-08,S02,SUP008,Received,172,775.72
PO02907,2025-04-14,S02,SUP008,Received,164,739.64
PO02908,2025-04-19,S02,SUP008,Received,165,744.15
PO02909,2025-04-25,S02,SUP008,Received,168,757.68
PO02910,2025-05-01,S02,SUP008,Received,179,807.29
PO02911,2025-05-06,S02,SUP008,Received,170,766.7
PO02912,2025-05-13,S02,SUP007,Received,180,878.4
PO02913,2025-05-19,S02,SUP008,Received,185,834.35
PO02914,2025-05-25,S02,SUP007,Received,182,888.16
PO02915,2025-05-31,S02,SUP007,Received,167,814.96
PO02916,2025-06-07,S02,SUP007,Received,178,868.64
PO02917,2025-06-13,S02,SUP008,Received,167,753.17
PO02918,2025-06-19,S02,SUP007,Received,163,795.44
PO02919,2025-06-26,S02,SUP007,Received,171,834.48
PO02920,2025-07-03,S02,SUP007,Received,167,814.96
PO02921,2025-07-09,S02,SUP008,Received,168,757.68
PO02922,2025-07-15,S02,SUP007,Received,168,819.84
PO02923,2025-07-22,S02,SUP008,Received,164,739.64
PO02924,2025-07-29,S02,SUP008,Received,183,825.33
PO02925,2025-08-05,S02,SUP008,Received,172,775.72
PO02926,2025-08-13,S02,SUP007,Received,177,863.76
PO02927,2025-08-21,S02,SUP007,Received,162,790.56
PO02928,2025-08-29,S02,SUP007,Received,180,878.4
PO02929,2025-09-06,S02,SUP007,Received,176,858.88
PO02930,2025-09-14,S02,SUP007,Received,170,829.6
PO02931,2025-09-23,S02,SUP007,Received,165,805.2
PO02932,2025-10-01,S02,SUP007,Received,167,814.96
PO02933,2025-10-09,S02,SUP008,Received,171,771.21
PO02934,2025-10-17,S02,SUP007,Received,166,810.08
PO02935,2025-10-24,S02,SUP008,Received,164,739.64
PO02936,2025-10-31,S02,SUP008,Received,165,744.15
PO02937,2025-11-09,S02,SUP007,Received,180,878.4
PO02938,2025-11-16,S02,SUP007,Received,165,805.2
PO02939,2025-11-24,S02,SUP008,Received,170,766.7
PO02940,2025-12-02,S02,SUP007,Received,182,888.16
PO02941,2025-12-09,S02,SUP008,Received,163,735.13
PO02942,2025-12-15,S02,SUP007,Received,163,795.44
PO02943,2025-12-22,S02,SUP008,Received,166,748.66
PO02944,2025-12-29,S02,SUP007,Received,168,819.84
PO02945,2025-01-13,S02,SUP010,Received,345,6296.25
PO02946,2025-02-12,S02,SUP008,Received,340,7048.2
PO02947,2025-03-11,S02,SUP010,Received,342,6241.5
PO02948,2025-04-07,S02,SUP010,Received,343,6259.75
PO02949,2025-05-03,S02,SUP010,Received,338,6168.5
PO02950,2025-05-29,S02,SUP008,Received,346,7172.58
PO02951,2025-06-27,S02,SUP008,Received,339,7027.47
PO02952,2025-08-02,S02,SUP010,Received,343,6259.75
PO02953,2025-09-05,S02,SUP008,Received,339,7027.47
PO02954,2025-10-08,S02,SUP010,Received,338,6168.5
PO02955,2025-11-11,S02,SUP010,Received,341,6223.25
PO02956,2025-12-15,S02,SUP010,Received,345,6296.25
PO02957,2025-01-12,S02,SUP003,Received,310,4953.8
PO02958,2025-01-29,S02,SUP003,Received,302,4825.96
PO02959,2025-02-14,S02,SUP003,Received,309,4937.82
PO02960,2025-03-02,S02,SUP003,Received,310,4953.8
PO02961,2025-03-19,S02,SUP003,Received,310,4953.8
PO02962,2025-04-02,S02,SUP003,Received,310,4953.8
PO02963,2025-04-17,S02,SUP003,Received,310,4953.8
PO02964,2025-05-03,S02,SUP003,Received,307,4905.86
PO02965,2025-05-18,S02,SUP003,Received,307,4905.86
PO02966,2025-06-04,S02,SUP003,Received,309,4937.82
PO02967,2025-06-22,S02,SUP003,Received,305,4873.9
PO02968,2025-07-11,S02,SUP003,Received,306,4889.88
PO02969,2025-07-29,S02,SUP003,Received,310,4953.8
PO02970,2025-08-19,S02,SUP003,Received,310,4953.8
PO02971,2025-09-07,S02,SUP003,Received,305,4873.9
PO02972,2025-09-26,S02,SUP003,Received,302,4825.96
PO02973,2025-10-18,S02,SUP003,Received,302,4825.96
PO02974,2025-11-10,S02,SUP003,Received,310,4953.8
PO02975,2025-12-01,S02,SUP003,Received,310,4953.8
PO02976,2025-12-21,S02,SUP003,Received,310,4953.8
PO02977,2025-01-07,S02,SUP003,Received,317,7535.09
PO02978,2025-01-19,S02,SUP003,Received,339,8058.03
PO02979,2025-02-01,S02,SUP003,Received,343,8153.11
PO02980,2025-02-12,S02,SUP003,Received,328,7796.56
PO02981,2025-02-23,S02,SUP007,Received,343,6589.03
PO02982,2025-03-06,S02,SUP007,Received,320,6147.2
PO02983,2025-03-16,S02,SUP003,Received,317,7535.09
PO02984,2025-03-27,S02,SUP007,Received,338,6492.98
PO02985,2025-04-07,S02,SUP003,Received,333,7915.41
PO02986,2025-04-17,S02,SUP003,Received,312,7416.24
PO02987,2025-04-27,S02,SUP003,Received,314,7463.78
PO02988,2025-05-07,S02,SUP007,Received,316,6070.36
PO02989,2025-05-18,S02,SUP007,Received,343,6589.03
PO02990,2025-05-29,S02,SUP003,Received,324,7701.48
PO02991,2025-06-08,S02,SUP003,Received,325,7725.25
PO02992,2025-06-19,S02,SUP007,Received,323,6204.83
PO02993,2025-07-01,S02,SUP003,Received,328,7796.56
PO02994,2025-07-13,S02,SUP007,Received,334,6416.14
PO02995,2025-07-25,S02,SUP003,Received,326,7749.02
PO02996,2025-08-06,S02,SUP007,Received,312,5993.52
PO02997,2025-08-20,S02,SUP007,Received,327,6281.67
PO02998,2025-09-01,S02,SUP003,Received,315,7487.55
PO02999,2025-09-14,S02,SUP007,Received,312,5993.52
PO03000,2025-09-28,S02,SUP003,Received,333,7915.41
PO03001,2025-10-12,S02,SUP007,Received,323,6204.83
PO03002,2025-10-27,S02,SUP007,Received,325,6243.25
PO03003,2025-11-08,S02,SUP003,Received,320,7606.4
PO03004,2025-11-21,S02,SUP007,Received,323,6204.83
PO03005,2025-12-05,S02,SUP003,Received,322,7653.94
PO03006,2025-12-17,S02,SUP003,Received,315,7487.55
PO03007,2025-12-29,S02,SUP007,Received,330,6339.3
PO03008,2025-01-28,S02,SUP001,Received,375,5482.5
PO03009,2025-03-14,S02,SUP001,Received,373,5453.26
PO03010,2025-04-25,S02,SUP007,Received,374,5658.62
PO03011,2025-06-05,S02,SUP007,Received,370,5598.1
PO03012,2025-07-22,S02,SUP001,Received,370,5409.4
PO03013,2025-09-11,S02,SUP007,Received,370,5598.1
PO03014,2025-11-05,S02,SUP010,Received,373,5363.74
PO03015,2025-12-28,S02,SUP001,Received,381,5570.22
PO03016,2025-01-29,S02,SUP008,Received,281,4675.84
PO03017,2025-03-24,S02,SUP006,Received,279,4589.55
PO03018,2025-05-20,S02,SUP008,Received,283,4709.12
PO03019,2025-07-26,S02,SUP002,Received,280,5098.8
PO03020,2025-10-11,S02,SUP002,Received,282,5135.22
PO03021,2025-12-16,S02,SUP002,Received,283,5153.43
PO03022,2025-01-02,S02,SUP009,Received,130,3157.7
PO03023,2025-01-07,S02,SUP009,Received,130,3157.7
PO03024,2025-01-11,S02,SUP009,Received,109,2647.61
PO03025,2025-01-15,S02,SUP009,Received,118,2866.22
PO03026,2025-01-19,S02,SUP009,Received,130,3157.7
PO03027,2025-01-24,S02,SUP009,Received,123,2987.67
PO03028,2025-01-28,S02,SUP009,Received,115,2793.35
PO03029,2025-02-01,S02,SUP009,Received,123,2987.67
PO03030,2025-02-05,S02,SUP009,Received,115,2793.35
PO03031,2025-02-08,S02,SUP009,Received,107,2599.03
PO03032,2025-02-13,S02,SUP009,Received,125,3036.25
PO03033,2025-02-17,S02,SUP009,Received,122,2963.38
PO03034,2025-02-21,S02,SUP009,Received,130,3157.7
PO03035,2025-02-25,S02,SUP009,Received,130,3157.7
PO03036,2025-03-01,S02,SUP009,Received,127,3084.83
PO03037,2025-03-05,S02,SUP009,Received,114,2769.06
PO03038,2025-03-09,S02,SUP009,Received,121,2939.09
PO03039,2025-03-12,S02,SUP009,Received,108,2623.32
PO03040,2025-03-15,S02,SUP009,Received,130,3157.7
PO03041,2025-03-18,S02,SUP009,Received,125,3036.25
PO03042,2025-03-22,S02,SUP009,Received,123,2987.67
PO03043,2025-03-26,S02,SUP009,Received,116,2817.64
PO03044,2025-03-30,S02,SUP009,Received,130,3157.7
PO03045,2025-04-03,S02,SUP009,Received,126,3060.54
PO03046,2025-04-07,S02,SUP009,Received,130,3157.7
PO03047,2025-04-11,S02,SUP009,Received,130,3157.7
PO03048,2025-04-15,S02,SUP009,Received,130,3157.7
PO03049,2025-04-19,S02,SUP009,Received,123,2987.67
PO03050,2025-04-23,S02,SUP009,Received,130,3157.7
PO03051,2025-04-27,S02,SUP009,Received,130,3157.7
PO03052,2025-05-01,S02,SUP009,Received,111,2696.19
PO03053,2025-05-04,S02,SUP009,Received,110,2671.9
PO03054,2025-05-08,S02,SUP009,Received,130,3157.7
PO03055,2025-05-11,S02,SUP009,Received,122,2963.38
PO03056,2025-05-14,S02,SUP009,Received,109,2647.61
PO03057,2025-05-18,S02,SUP009,Received,121,2939.09
PO03058,2025-05-23,S02,SUP009,Received,116,2817.64
PO03059,2025-05-27,S02,SUP009,Received,130,3157.7
PO03060,2025-05-31,S02,SUP009,Received,110,2671.9
PO03061,2025-06-04,S02,SUP009,Received,107,2599.03
PO03062,2025-06-08,S02,SUP009,Received,110,2671.9
PO03063,2025-06-13,S02,SUP009,Received,117,2841.93
PO03064,2025-06-17,S02,SUP009,Received,128,3109.12
PO03065,2025-06-21,S02,SUP009,Received,122,2963.38
PO03066,2025-06-25,S02,SUP009,Received,119,2890.51
PO03067,2025-06-29,S02,SUP009,Received,117,2841.93
PO03068,2025-07-03,S02,SUP009,Received,110,2671.9
PO03069,2025-07-07,S02,SUP009,Received,130,3157.7
PO03070,2025-07-12,S02,SUP009,Received,121,2939.09
PO03071,2025-07-17,S02,SUP009,Received,128,3109.12
PO03072,2025-07-21,S02,SUP009,Received,113,2744.77
PO03073,2025-07-25,S02,SUP009,Received,111,2696.19
PO03074,2025-07-30,S02,SUP009,Received,116,2817.64
PO03075,2025-08-03,S02,SUP009,Received,111,2696.19
PO03076,2025-08-08,S02,SUP009,Received,129,3133.41
PO03077,2025-08-13,S02,SUP009,Received,113,2744.77
PO03078,2025-08-17,S02,SUP009,Received,108,2623.32
PO03079,2025-08-22,S02,SUP009,Received,130,3157.7
PO03080,2025-08-27,S02,SUP009,Received,114,2769.06
PO03081,2025-09-01,S02,SUP009,Received,108,2623.32
PO03082,2025-09-06,S02,SUP009,Received,120,2914.8
PO03083,2025-09-10,S02,SUP009,Received,109,2647.61
PO03084,2025-09-14,S02,SUP009,Received,107,2599.03
PO03085,2025-09-20,S02,SUP009,Received,130,3157.7
PO03086,2025-09-24,S02,SUP009,Received,110,2671.9
PO03087,2025-09-29,S02,SUP009,Received,118,2866.22
PO03088,2025-10-04,S02,SUP009,Received,129,3133.41
PO03089,2025-10-09,S02,SUP009,Received,124,3011.96
PO03090,2025-10-15,S02,SUP009,Received,126,3060.54
PO03091,2025-10-20,S02,SUP009,Received,109,2647.61
PO03092,2025-10-25,S02,SUP009,Received,127,3084.83
PO03093,2025-10-29,S02,SUP009,Received,112,2720.48
PO03094,2025-11-03,S02,SUP009,Received,126,3060.54
PO03095,2025-11-08,S02,SUP009,Received,111,2696.19
PO03096,2025-11-13,S02,SUP009,Received,115,2793.35
PO03097,2025-11-17,S02,SUP009,Received,114,2769.06
PO03098,2025-11-22,S02,SUP009,Received,121,2939.09
PO03099,2025-11-26,S02,SUP009,Received,122,2963.38
PO03100,2025-11-30,S02,SUP009,Received,118,2866.22
PO03101,2025-12-05,S02,SUP009,Received,115,2793.35
PO03102,2025-12-09,S02,SUP009,Received,114,2769.06
PO03103,2025-12-14,S02,SUP009,Received,129,3133.41
PO03104,2025-12-20,S02,SUP009,Received,130,3157.7
PO03105,2025-12-25,S02,SUP009,Received,127,3084.83
PO03106,2025-12-29,S02,SUP009,Received,120,2914.8
PO03107,2025-01-02,S02,SUP003,Received,185,3912.75
PO03108,2025-01-08,S02,SUP006,Received,185,3496.5
PO03109,2025-01-13,S02,SUP003,Received,176,3722.4
PO03110,2025-01-19,S02,SUP003,Received,185,3912.75
PO03111,2025-01-24,S02,SUP003,Received,185,3912.75
PO03112,2025-01-29,S02,SUP006,Received,185,3496.5
PO03113,2025-02-03,S02,SUP003,Received,185,3912.75
PO03114,2025-02-08,S02,SUP003,Received,185,3912.75
PO03115,2025-02-13,S02,SUP006,Received,185,3496.5
PO03116,2025-02-18,S02,SUP003,Received,177,3743.55
PO03117,2025-02-23,S02,SUP003,Received,185,3912.75
PO03118,2025-02-28,S02,SUP006,Received,185,3496.5
PO03119,2025-03-05,S02,SUP006,Received,185,3496.5
PO03120,2025-03-10,S02,SUP003,Received,178,3764.7
PO03121,2025-03-16,S02,SUP003,Received,185,3912.75
PO03122,2025-03-22,S02,SUP006,Received,185,3496.5
PO03123,2025-03-28,S02,SUP006,Received,185,3496.5
PO03124,2025-04-02,S02,SUP003,Received,185,3912.75
PO03125,2025-04-07,S02,SUP006,Received,185,3496.5
PO03126,2025-04-12,S02,SUP006,Received,185,3496.5
PO03127,2025-04-18,S02,SUP006,Received,185,3496.5
PO03128,2025-04-23,S02,SUP003,Received,185,3912.75
PO03129,2025-04-29,S02,SUP006,Received,185,3496.5
PO03130,2025-05-04,S02,SUP003,Received,185,3912.75
PO03131,2025-05-10,S02,SUP006,Received,185,3496.5
PO03132,2025-05-15,S02,SUP003,Received,172,3637.8
PO03133,2025-05-20,S02,SUP003,Received,185,3912.75
PO03134,2025-05-26,S02,SUP006,Received,179,3383.1
PO03135,2025-06-01,S02,SUP003,Received,185,3912.75
PO03136,2025-06-06,S02,SUP006,Received,183,3458.7
PO03137,2025-06-11,S02,SUP003,Received,183,3870.45
PO03138,2025-06-17,S02,SUP006,Received,185,3496.5
PO03139,2025-06-22,S02,SUP006,Received,178,3364.2
PO03140,2025-06-28,S02,SUP006,Received,185,3496.5
PO03141,2025-07-04,S02,SUP003,Received,185,3912.75
PO03142,2025-07-10,S02,SUP006,Received,182,3439.8
PO03143,2025-07-16,S02,SUP003,Received,182,3849.3
PO03144,2025-07-23,S02,SUP003,Received,185,3912.75
PO03145,2025-07-30,S02,SUP006,Received,183,3458.7
PO03146,2025-08-04,S02,SUP003,Received,180,3807.0
PO03147,2025-08-10,S02,SUP003,Received,177,3743.55
PO03148,2025-08-16,S02,SUP006,Received,185,3496.5
PO03149,2025-08-23,S02,SUP006,Received,185,3496.5
PO03150,2025-08-28,S02,SUP003,Received,185,3912.75
PO03151,2025-09-02,S02,SUP006,Received,185,3496.5
PO03152,2025-09-08,S02,SUP003,Received,185,3912.75
PO03153,2025-09-14,S02,SUP006,Received,181,3420.9
PO03154,2025-09-21,S02,SUP006,Received,185,3496.5
PO03155,2025-09-28,S02,SUP006,Received,185,3496.5
PO03156,2025-10-05,S02,SUP006,Received,185,3496.5
PO03157,2025-10-12,S02,SUP003,Received,185,3912.75
PO03158,2025-10-18,S02,SUP006,Received,175,3307.5
PO03159,2025-10-25,S02,SUP003,Received,179,3785.85
PO03160,2025-11-01,S02,SUP006,Received,185,3496.5
PO03161,2025-11-08,S02,SUP003,Received,185,3912.75
PO03162,2025-11-15,S02,SUP003,Received,185,3912.75
PO03163,2025-11-21,S02,SUP006,Received,177,3345.3
PO03164,2025-11-28,S02,SUP006,Received,185,3496.5
PO03165,2025-12-03,S02,SUP006,Received,174,3288.6
PO03166,2025-12-10,S02,SUP003,Received,185,3912.75
PO03167,2025-12-16,S02,SUP003,Received,185,3912.75
PO03168,2025-12-21,S02,SUP003,Received,185,3912.75
PO03169,2025-12-27,S02,SUP003,Received,185,3912.75
PO03170,2025-01-13,S02,SUP010,Received,266,4229.4
PO03171,2025-02-15,S02,SUP010,Received,263,4181.7
PO03172,2025-03-17,S02,SUP009,Received,267,4018.35
PO03173,2025-04-18,S02,SUP008,Received,270,4360.5
PO03174,2025-05-17,S02,SUP008,Received,267,4312.05
PO03175,2025-06-15,S02,SUP009,Received,265,3988.25
PO03176,2025-07-19,S02,SUP010,Received,263,4181.7
PO03177,2025-08-27,S02,SUP010,Received,263,4181.7
PO03178,2025-10-07,S02,SUP009,Received,264,3973.2
PO03179,2025-11-15,S02,SUP009,Received,264,3973.2
PO03180,2025-12-23,S02,SUP008,Received,267,4312.05
PO03181,2025-01-09,S02,SUP002,Received,418,727.32
PO03182,2025-01-23,S02,SUP002,Received,422,734.28
PO03183,2025-02-07,S02,SUP002,Received,429,746.46
PO03184,2025-02-21,S02,SUP002,Received,429,746.46
PO03185,2025-03-07,S02,SUP002,Received,416,723.84
PO03186,2025-03-20,S02,SUP009,Received,426,634.74
PO03187,2025-04-03,S02,SUP009,Received,429,639.21
PO03188,2025-04-17,S02,SUP009,Received,429,639.21
PO03189,2025-05-01,S02,SUP009,Received,429,639.21
PO03190,2025-05-14,S02,SUP002,Received,427,742.98
PO03191,2025-05-26,S02,SUP009,Received,416,619.84
PO03192,2025-06-08,S02,SUP009,Received,418,622.82
PO03193,2025-06-22,S02,SUP009,Received,429,639.21
PO03194,2025-07-09,S02,SUP002,Received,428,744.72
PO03195,2025-07-25,S02,SUP009,Received,419,624.31
PO03196,2025-08-11,S02,SUP002,Received,429,746.46
PO03197,2025-08-27,S02,SUP002,Received,429,746.46
PO03198,2025-09-13,S02,SUP009,Received,414,616.86
PO03199,2025-09-30,S02,SUP009,Received,429,639.21
PO03200,2025-10-18,S02,SUP002,Received,418,727.32
PO03201,2025-11-05,S02,SUP009,Received,429,639.21
PO03202,2025-11-23,S02,SUP002,Received,426,741.24
PO03203,2025-12-10,S02,SUP009,Received,420,625.8
PO03204,2025-12-25,S02,SUP002,Received,429,746.46
PO03205,2025-01-14,S02,SUP008,Received,321,744.72
PO03206,2025-02-04,S02,SUP001,Received,329,842.24
PO03207,2025-02-24,S02,SUP007,Received,321,738.3
PO03208,2025-03-14,S02,SUP007,Received,322,740.6
PO03209,2025-04-02,S02,SUP001,Received,331,847.36
PO03210,2025-04-19,S02,SUP008,Received,323,749.36
PO03211,2025-05-08,S02,SUP001,Received,335,857.6
PO03212,2025-05-28,S02,SUP007,Received,328,754.4
PO03213,2025-06-17,S02,SUP001,Received,324,829.44
PO03214,2025-07-09,S02,SUP007,Received,327,752.1
PO03215,2025-08-03,S02,SUP001,Received,333,852.48
PO03216,2025-08-27,S02,SUP001,Received,324,829.44
PO03217,2025-09-21,S02,SUP007,Received,328,754.4
PO03218,2025-10-16,S02,SUP007,Received,325,747.5
PO03219,2025-11-10,S02,SUP008,Received,328,760.96
PO03220,2025-12-05,S02,SUP001,Received,332,849.92
PO03221,2025-12-28,S02,SUP007,Received,336,772.8
PO03222,2025-01-07,S02,SUP009,Received,399,3926.16
PO03223,2025-01-24,S02,SUP009,Received,390,3837.6
PO03224,2025-02-10,S02,SUP009,Received,399,3926.16
PO03225,2025-02-26,S02,SUP009,Received,399,3926.16
PO03226,2025-03-13,S02,SUP009,Received,394,3876.96
PO03227,2025-03-29,S02,SUP009,Received,399,3926.16
PO03228,2025-04-14,S02,SUP009,Received,399,3926.16
PO03229,2025-04-29,S02,SUP009,Received,386,3798.24
PO03230,2025-05-14,S02,SUP009,Received,393,3867.12
PO03231,2025-05-30,S02,SUP009,Received,393,3867.12
PO03232,2025-06-15,S02,SUP009,Received,391,3847.44
PO03233,2025-07-02,S02,SUP009,Received,383,3768.72
PO03234,2025-07-20,S02,SUP009,Received,399,3926.16
PO03235,2025-08-07,S02,SUP009,Received,389,3827.76
PO03236,2025-08-27,S02,SUP009,Received,389,3827.76
PO03237,2025-09-17,S02,SUP009,Received,393,3867.12
PO03238,2025-10-08,S02,SUP009,Received,388,3817.92
PO03239,2025-10-30,S02,SUP009,Received,392,3857.28
PO03240,2025-11-18,S02,SUP009,Received,382,3758.88
PO03241,2025-12-07,S02,SUP009,Received,399,3926.16
PO03242,2025-12-27,S02,SUP009,Received,398,3916.32
PO03243,2025-01-11,S02,SUP010,Received,492,10533.72
PO03244,2025-02-01,S02,SUP010,Received,492,10533.72
PO03245,2025-02-21,S02,SUP009,Received,484,11078.76
PO03246,2025-03-12,S02,SUP009,Received,476,10895.64
PO03247,2025-04-01,S02,SUP009,Received,481,11010.09
PO03248,2025-04-19,S02,SUP009,Received,488,11170.32
PO03249,2025-05-08,S02,SUP010,Received,478,10233.98
PO03250,2025-05-28,S02,SUP009,Received,475,10872.75
PO03251,2025-06-17,S02,SUP009,Received,490,11216.1
PO03252,2025-07-09,S02,SUP009,Received,491,11238.99
PO03253,2025-07-30,S02,SUP010,Received,487,10426.67
PO03254,2025-08-21,S02,SUP010,Received,479,10255.39
PO03255,2025-09-14,S02,SUP010,Received,472,10105.52
PO03256,2025-10-07,S02,SUP010,Received,486,10405.26
PO03257,2025-11-01,S02,SUP010,Received,486,10405.26
PO03258,2025-11-23,S02,SUP009,Received,478,10941.42
PO03259,2025-12-14,S02,SUP009,Received,479,10964.31
PO03260,2025-01-02,S02,SUP006,Received,112,1806.56
PO03261,2025-01-08,S02,SUP006,Received,125,2016.25
PO03262,2025-01-13,S02,SUP006,Received,113,1822.69
PO03263,2025-01-18,S02,SUP006,Received,123,1983.99
PO03264,2025-01-23,S02,SUP006,Received,112,1806.56
PO03265,2025-01-29,S02,SUP006,Received,127,2048.51
PO03266,2025-02-04,S02,SUP006,Received,109,1758.17
PO03267,2025-02-09,S02,SUP006,Received,109,1758.17
PO03268,2025-02-15,S02,SUP006,Received,129,2080.77
PO03269,2025-02-20,S02,SUP006,Received,124,2000.12
PO03270,2025-02-25,S02,SUP006,Received,118,1903.34
PO03271,2025-03-02,S02,SUP006,Received,112,1806.56
PO03272,2025-03-07,S02,SUP006,Received,126,2032.38
PO03273,2025-03-12,S02,SUP006,Received,125,2016.25
PO03274,2025-03-17,S02,SUP006,Received,113,1822.69
PO03275,2025-03-22,S02,SUP006,Received,115,1854.95
PO03276,2025-03-27,S02,SUP006,Received,125,2016.25
PO03277,2025-04-01,S02,SUP006,Received,111,1790.43
PO03278,2025-04-06,S02,SUP006,Received,120,1935.6
PO03279,2025-04-11,S02,SUP006,Received,114,1838.82
PO03280,2025-04-16,S02,SUP006,Received,128,2064.64
PO03281,2025-04-21,S02,SUP006,Received,130,2096.9
PO03282,2025-04-27,S02,SUP006,Received,131,2113.03
PO03283,2025-05-03,S02,SUP006,Received,131,2113.03
PO03284,2025-05-08,S02,SUP006,Received,112,1806.56
PO03285,2025-05-13,S02,SUP006,Received,123,1983.99
PO03286,2025-05-18,S02,SUP006,Received,110,1774.3
PO03287,2025-05-24,S02,SUP006,Received,131,2113.03
PO03288,2025-05-28,S02,SUP006,Received,111,1790.43
PO03289,2025-06-02,S02,SUP006,Received,115,1854.95
PO03290,2025-06-08,S02,SUP006,Received,130,2096.9
PO03291,2025-06-13,S02,SUP006,Received,109,1758.17
PO03292,2025-06-18,S02,SUP006,Received,119,1919.47
PO03293,2025-06-23,S02,SUP006,Received,120,1935.6
PO03294,2025-06-29,S02,SUP006,Received,122,1967.86
PO03295,2025-07-05,S02,SUP006,Received,115,1854.95
PO03296,2025-07-11,S02,SUP006,Received,110,1774.3
PO03297,2025-07-17,S02,SUP006,Received,127,2048.51
PO03298,2025-07-23,S02,SUP006,Received,127,2048.51
PO03299,2025-07-29,S02,SUP006,Received,115,1854.95
PO03300,2025-08-04,S02,SUP006,Received,116,1871.08
PO03301,2025-08-10,S02,SUP006,Received,114,1838.82
PO03302,2025-08-17,S02,SUP006,Received,124,2000.12
PO03303,2025-08-24,S02,SUP006,Received,119,1919.47
PO03304,2025-08-30,S02,SUP006,Received,111,1790.43
PO03305,2025-09-06,S02,SUP006,Received,129,2080.77
PO03306,2025-09-13,S02,SUP006,Received,121,1951.73
PO03307,2025-09-19,S02,SUP006,Received,114,1838.82
PO03308,2025-09-25,S02,SUP006,Received,111,1790.43
PO03309,2025-10-01,S02,SUP006,Received,109,1758.17
PO03310,2025-10-07,S02,SUP006,Received,121,1951.73
PO03311,2025-10-13,S02,SUP006,Received,109,1758.17
PO03312,2025-10-20,S02,SUP006,Received,118,1903.34
PO03313,2025-10-27,S02,SUP006,Received,116,1871.08
PO03314,2025-11-03,S02,SUP006,Received,119,1919.47
PO03315,2025-11-09,S02,SUP006,Received,131,2113.03
PO03316,2025-11-14,S02,SUP006,Received,114,1838.82
PO03317,2025-11-20,S02,SUP006,Received,114,1838.82
PO03318,2025-11-26,S02,SUP006,Received,114,1838.82
PO03319,2025-12-01,S02,SUP006,Received,115,1854.95
PO03320,2025-12-07,S02,SUP006,Received,128,2064.64
PO03321,2025-12-13,S02,SUP006,Received,115,1854.95
PO03322,2025-12-19,S02,SUP006,Received,116,1871.08
PO03323,2025-12-24,S02,SUP006,Received,131,2113.03
PO03324,2025-12-30,S02,SUP006,Received,129,2080.77
PO03325,2025-01-05,S02,SUP010,Received,150,706.5
PO03326,2025-01-18,S02,SUP010,Received,150,706.5
PO03327,2025-01-31,S02,SUP006,Received,150,859.5
PO03328,2025-02-12,S02,SUP003,Received,150,762.0
PO03329,2025-02-23,S02,SUP006,Received,161,922.53
PO03330,2025-03-06,S02,SUP003,Received,154,782.32
PO03331,2025-03-18,S02,SUP003,Received,150,762.0
PO03332,2025-03-29,S02,SUP006,Received,146,836.58
PO03333,2025-04-10,S02,SUP010,Received,150,706.5
PO03334,2025-04-21,S02,SUP003,Received,163,828.04
PO03335,2025-05-01,S02,SUP010,Received,145,682.95
PO03336,2025-05-12,S02,SUP003,Received,162,822.96
PO03337,2025-05-24,S02,SUP010,Received,149,701.79
PO03338,2025-06-05,S02,SUP003,Received,154,782.32
PO03339,2025-06-17,S02,SUP006,Received,153,876.69
PO03340,2025-07-02,S02,SUP006,Received,151,865.23
PO03341,2025-07-17,S02,SUP006,Received,154,882.42
PO03342,2025-07-30,S02,SUP006,Received,147,842.31
PO03343,2025-08-12,S02,SUP003,Received,155,787.4
PO03344,2025-08-29,S02,SUP006,Received,149,853.77
PO03345,2025-09-12,S02,SUP003,Received,149,756.92
PO03346,2025-09-28,S02,SUP003,Received,151,767.08
PO03347,2025-10-13,S02,SUP003,Received,147,746.76
PO03348,2025-10-28,S02,SUP003,Received,146,741.68
PO03349,2025-11-10,S02,SUP006,Received,148,848.04
PO03350,2025-11-24,S02,SUP006,Received,152,870.96
PO03351,2025-12-08,S02,SUP010,Received,149,701.79
PO03352,2025-12-20,S02,SUP010,Received,150,706.5
PO03353,2025-01-06,S02,SUP003,Received,270,1865.7
PO03354,2025-01-17,S02,SUP006,Received,277,2119.05
PO03355,2025-01-26,S02,SUP003,Received,274,1893.34
PO03356,2025-02-04,S02,SUP003,Received,269,1858.79
PO03357,2025-02-13,S02,SUP003,Received,286,1976.26
PO03358,2025-02-22,S02,SUP002,Received,289,2109.7
PO03359,2025-03-04,S02,SUP006,Received,274,2096.1
PO03360,2025-03-13,S02,SUP002,Received,286,2087.8
PO03361,2025-03-21,S02,SUP003,Received,264,1824.24
PO03362,2025-03-29,S02,SUP006,Received,278,2126.7
PO03363,2025-04-06,S02,SUP002,Received,279,2036.7
PO03364,2025-04-14,S02,SUP003,Received,290,2003.9
PO03365,2025-04-23,S02,SUP003,Received,297,2052.27
PO03366,2025-05-02,S02,SUP003,Received,279,1927.89
PO03367,2025-05-11,S02,SUP003,Received,307,2121.37
PO03368,2025-05-20,S02,SUP002,Received,297,2168.1
PO03369,2025-05-30,S02,SUP003,Received,277,1914.07
PO03370,2025-06-08,S02,SUP002,Received,285,2080.5
PO03371,2025-06-19,S02,SUP006,Received,289,2210.85
PO03372,2025-06-28,S02,SUP002,Received,276,2014.8
PO03373,2025-07-08,S02,SUP003,Received,268,1851.88
PO03374,2025-07-18,S02,SUP002,Received,268,1956.4
PO03375,2025-07-29,S02,SUP002,Received,294,2146.2
PO03376,2025-08-09,S02,SUP002,Received,291,2124.3
PO03377,2025-08-21,S02,SUP003,Received,276,1907.16
PO03378,2025-09-01,S02,SUP002,Received,279,2036.7
PO03379,2025-09-12,S02,SUP003,Received,272,1879.52
PO03380,2025-09-24,S02,SUP002,Received,278,2029.4
PO03381,2025-10-06,S02,SUP003,Received,269,1858.79
PO03382,2025-10-18,S02,SUP006,Received,269,2057.85
PO03383,2025-10-28,S02,SUP006,Received,264,2019.6
PO03384,2025-11-08,S02,SUP002,Received,288,2102.4
PO03385,2025-11-19,S02,SUP006,Received,273,2088.45
PO03386,2025-11-30,S02,SUP002,Received,282,2058.6
PO03387,2025-12-11,S02,SUP006,Received,275,2103.75
PO03388,2025-12-21,S02,SUP006,Received,266,2034.9
PO03389,2025-01-16,S02,SUP009,Received,100,371.0
PO03390,2025-02-06,S02,SUP009,Received,98,363.58
PO03391,2025-02-24,S02,SUP002,Received,104,374.4
PO03392,2025-03-14,S02,SUP002,Received,100,360.0
PO03393,2025-03-30,S02,SUP009,Received,99,367.29
PO03394,2025-04-19,S02,SUP009,Received,98,363.58
PO03395,2025-05-06,S02,SUP009,Received,101,374.71
PO03396,2025-05-26,S02,SUP009,Received,99,367.29
PO03397,2025-06-16,S02,SUP009,Received,101,374.71
PO03398,2025-07-10,S02,SUP009,Received,101,374.71
PO03399,2025-08-02,S02,SUP009,Received,104,385.84
PO03400,2025-08-22,S02,SUP002,Received,101,363.6
PO03401,2025-09-08,S02,SUP002,Received,103,370.8
PO03402,2025-10-06,S02,SUP009,Received,98,363.58
PO03403,2025-10-26,S02,SUP009,Received,100,371.0
PO03404,2025-11-24,S02,SUP002,Received,99,356.4
PO03405,2025-12-19,S02,SUP002,Received,103,370.8
PO03406,2025-01-02,S02,SUP003,Received,53,735.64
PO03407,2025-01-10,S02,SUP003,Received,52,721.76
PO03408,2025-01-19,S02,SUP003,Received,56,777.28
PO03409,2025-01-28,S02,SUP003,Received,57,791.16
PO03410,2025-02-06,S02,SUP003,Received,57,791.16
PO03411,2025-02-13,S02,SUP003,Received,53,735.64
PO03412,2025-02-21,S02,SUP003,Received,54,749.52
PO03413,2025-03-02,S02,SUP003,Received,53,735.64
PO03414,2025-03-10,S02,SUP003,Received,51,707.88
PO03415,2025-03-18,S02,SUP003,Received,52,721.76
PO03416,2025-03-26,S02,SUP003,Received,53,735.64
PO03417,2025-04-03,S02,SUP003,Received,52,721.76
PO03418,2025-04-12,S02,SUP003,Received,59,818.92
PO03419,2025-04-20,S02,SUP003,Received,51,707.88
PO03420,2025-04-27,S02,SUP003,Received,52,721.76
PO03421,2025-05-06,S02,SUP003,Received,55,763.4
PO03422,2025-05-14,S02,SUP003,Received,53,735.64
PO03423,2025-05-22,S02,SUP003,Received,54,749.52
PO03424,2025-05-30,S02,SUP003,Received,52,721.76
PO03425,2025-06-07,S02,SUP003,Received,55,763.4
PO03426,2025-06-18,S02,SUP003,Received,54,749.52
PO03427,2025-06-26,S02,SUP003,Received,52,721.76
PO03428,2025-07-06,S02,SUP003,Received,55,763.4
PO03429,2025-07-15,S02,SUP003,Received,56,777.28
PO03430,2025-07-27,S02,SUP003,Received,51,707.88
PO03431,2025-08-07,S02,SUP003,Received,53,735.64
PO03432,2025-08-17,S02,SUP003,Received,56,777.28
PO03433,2025-08-28,S02,SUP003,Received,51,707.88
PO03434,2025-09-06,S02,SUP003,Received,52,721.76
PO03435,2025-09-17,S02,SUP003,Received,53,735.64
PO03436,2025-09-27,S02,SUP003,Received,53,735.64
PO03437,2025-10-06,S02,SUP003,Received,53,735.64
PO03438,2025-10-17,S02,SUP003,Received,63,874.44
PO03439,2025-10-28,S02,SUP003,Received,60,832.8
PO03440,2025-11-04,S02,SUP003,Received,51,707.88
PO03441,2025-11-14,S02,SUP003,Received,53,735.64
PO03442,2025-11-24,S02,SUP003,Received,56,777.28
PO03443,2025-12-03,S02,SUP003,Received,61,846.68
PO03444,2025-12-13,S02,SUP003,Received,57,791.16
PO03445,2025-12-21,S02,SUP003,Received,59,818.92
PO03446,2025-01-03,S02,SUP007,Received,263,4573.57
PO03447,2025-01-11,S02,SUP007,Received,260,4521.4
PO03448,2025-01-19,S02,SUP007,Received,259,4504.01
PO03449,2025-01-27,S02,SUP007,Received,244,4243.16
PO03450,2025-02-04,S02,SUP007,Received,261,4538.79
PO03451,2025-02-12,S02,SUP007,Received,254,4417.06
PO03452,2025-02-19,S02,SUP007,Received,251,4364.89
PO03453,2025-02-27,S02,SUP007,Received,247,4295.33
PO03454,2025-03-06,S02,SUP007,Received,251,4364.89
PO03455,2025-03-14,S02,SUP007,Received,270,4695.3
PO03456,2025-03-22,S02,SUP007,Received,270,4695.3
PO03457,2025-03-29,S02,SUP007,Received,251,4364.89
PO03458,2025-04-05,S02,SUP007,Received,259,4504.01
PO03459,2025-04-12,S02,SUP007,Received,254,4417.06
PO03460,2025-04-20,S02,SUP007,Received,270,4695.3
PO03461,2025-04-29,S02,SUP007,Received,254,4417.06
PO03462,2025-05-07,S02,SUP007,Received,244,4243.16
PO03463,2025-05-13,S02,SUP007,Received,249,4330.11
PO03464,2025-05-20,S02,SUP007,Received,243,4225.77
PO03465,2025-05-28,S02,SUP007,Received,245,4260.55
PO03466,2025-06-05,S02,SUP007,Received,242,4208.38
PO03467,2025-06-14,S02,SUP007,Received,262,4556.18
PO03468,2025-06-23,S02,SUP007,Received,270,4695.3
PO03469,2025-07-02,S02,SUP007,Received,258,4486.62
PO03470,2025-07-11,S02,SUP007,Received,247,4295.33
PO03471,2025-07-20,S02,SUP007,Received,260,4521.4
PO03472,2025-07-30,S02,SUP007,Received,264,4590.96
PO03473,2025-08-08,S02,SUP007,Received,258,4486.62
PO03474,2025-08-18,S02,SUP007,Received,254,4417.06
PO03475,2025-08-27,S02,SUP007,Received,262,4556.18
PO03476,2025-09-05,S02,SUP007,Received,249,4330.11
PO03477,2025-09-14,S02,SUP007,Received,257,4469.23
PO03478,2025-09-24,S02,SUP007,Received,262,4556.18
PO03479,2025-10-04,S02,SUP007,Received,264,4590.96
PO03480,2025-10-14,S02,SUP007,Received,260,4521.4
PO03481,2025-10-24,S02,SUP007,Received,249,4330.11
PO03482,2025-11-03,S02,SUP007,Received,262,4556.18
PO03483,2025-11-12,S02,SUP007,Received,243,4225.77
PO03484,2025-11-22,S02,SUP007,Received,266,4625.74
PO03485,2025-12-01,S02,SUP007,Received,254,4417.06
PO03486,2025-12-11,S02,SUP007,Received,267,4643.13
PO03487,2025-12-20,S02,SUP007,Received,270,4695.3
PO03488,2025-12-29,S02,SUP007,Received,270,4695.3
PO03489,2025-01-04,S02,SUP008,Received,227,4387.91
PO03490,2025-01-17,S02,SUP004,Received,214,4256.46
PO03491,2025-01-30,S02,SUP005,Received,216,4644.0
PO03492,2025-02-12,S02,SUP004,Received,222,4415.58
PO03493,2025-02-23,S02,SUP005,Received,219,4708.5
PO03494,2025-03-07,S02,SUP008,Received,222,4291.26
PO03495,2025-03-17,S02,SUP008,Received,212,4097.96
PO03496,2025-03-28,S02,SUP004,Received,219,4355.91
PO03497,2025-04-08,S02,SUP004,Received,224,4455.36
PO03498,2025-04-20,S02,SUP004,Received,231,4594.59
PO03499,2025-05-03,S02,SUP008,Received,226,4368.58
PO03500,2025-05-15,S02,SUP004,Received,223,4435.47
PO03501,2025-05-26,S02,SUP008,Received,227,4387.91
PO03502,2025-06-08,S02,SUP004,Received,230,4574.7
PO03503,2025-06-21,S02,SUP008,Received,221,4271.93
PO03504,2025-07-03,S02,SUP005,Received,218,4687.0
PO03505,2025-07-16,S02,SUP008,Received,215,4155.95
PO03506,2025-07-31,S02,SUP004,Received,214,4256.46
PO03507,2025-08-13,S02,SUP005,Received,216,4644.0
PO03508,2025-08-30,S02,SUP004,Received,221,4395.69
PO03509,2025-09-14,S02,SUP005,Received,213,4579.5
PO03510,2025-09-29,S02,SUP008,Received,216,4175.28
PO03511,2025-10-13,S02,SUP004,Received,214,4256.46
PO03512,2025-10-29,S02,SUP004,Received,220,4375.8
PO03513,2025-11-12,S02,SUP004,Received,214,4256.46
PO03514,2025-11-27,S02,SUP004,Received,229,4554.81
PO03515,2025-12-10,S02,SUP004,Received,220,4375.8
PO03516,2025-12-21,S02,SUP008,Received,212,4097.96
PO03517,2025-01-17,S02,SUP010,Received,301,972.23
PO03518,2025-02-22,S02,SUP010,Received,307,991.61
PO03519,2025-03-26,S02,SUP010,Received,300,969.0
PO03520,2025-04-29,S02,SUP010,Received,303,978.69
PO03521,2025-06-02,S02,SUP010,Received,306,988.38
PO03522,2025-07-09,S02,SUP010,Received,302,975.46
PO03523,2025-08-15,S02,SUP010,Received,297,959.31
PO03524,2025-09-24,S02,SUP010,Received,299,965.77
PO03525,2025-11-09,S02,SUP010,Received,303,978.69
PO03526,2025-12-23,S02,SUP010,Received,302,975.46
PO03527,2025-01-03,S02,SUP009,Received,264,1586.64
PO03528,2025-01-11,S02,SUP002,Received,245,1494.5
PO03529,2025-01-19,S02,SUP002,Received,266,1622.6
PO03530,2025-01-26,S02,SUP002,Received,242,1476.2
PO03531,2025-02-03,S02,SUP009,Received,260,1562.6
PO03532,2025-02-11,S02,SUP002,Received,247,1506.7
PO03533,2025-02-18,S02,SUP009,Received,254,1526.54
PO03534,2025-02-25,S02,SUP009,Received,256,1538.56
PO03535,2025-03-04,S02,SUP009,Received,258,1550.58
PO03536,2025-03-13,S02,SUP009,Received,271,1628.71
PO03537,2025-03-21,S02,SUP009,Received,260,1562.6
PO03538,2025-03-29,S02,SUP009,Received,264,1586.64
PO03539,2025-04-05,S02,SUP009,Received,250,1502.5
PO03540,2025-04-12,S02,SUP002,Received,260,1586.0
PO03541,2025-04-19,S02,SUP009,Received,246,1478.46
PO03542,2025-04-27,S02,SUP002,Received,276,1683.6
PO03543,2025-05-04,S02,SUP002,Received,256,1561.6
PO03544,2025-05-11,S02,SUP002,Received,254,1549.4
PO03545,2025-05-18,S02,SUP002,Received,243,1482.3
PO03546,2025-05-26,S02,SUP009,Received,266,1598.66
PO03547,2025-06-03,S02,SUP009,Received,246,1478.46
PO03548,2025-06-11,S02,SUP002,Received,259,1579.9
PO03549,2025-06-18,S02,SUP009,Received,245,1472.45
PO03550,2025-06-26,S02,SUP009,Received,247,1484.47
PO03551,2025-07-04,S02,SUP009,Received,249,1496.49
PO03552,2025-07-12,S02,SUP009,Received,248,1490.48
PO03553,2025-07-20,S02,SUP009,Received,263,1580.63
PO03554,2025-07-28,S02,SUP002,Received,261,1592.1
PO03555,2025-08-06,S02,SUP009,Received,243,1460.43
PO03556,2025-08-15,S02,SUP002,Received,259,1579.9
PO03557,2025-08-23,S02,SUP002,Received,259,1579.9
PO03558,2025-09-01,S02,SUP009,Received,274,1646.74
PO03559,2025-09-10,S02,SUP002,Received,251,1531.1
PO03560,2025-09-20,S02,SUP009,Received,262,1574.62
PO03561,2025-09-30,S02,SUP002,Received,257,1567.7
PO03562,2025-10-08,S02,SUP002,Received,250,1525.0
PO03563,2025-10-18,S02,SUP009,Received,260,1562.6
PO03564,2025-10-27,S02,SUP009,Received,253,1520.53
PO03565,2025-11-05,S02,SUP002,Received,261,1592.1
PO03566,2025-11-15,S02,SUP002,Received,252,1537.2
PO03567,2025-11-24,S02,SUP002,Received,270,1647.0
PO03568,2025-12-03,S02,SUP002,Received,267,1628.7
PO03569,2025-12-11,S02,SUP009,Received,242,1454.42
PO03570,2025-12-20,S02,SUP002,Received,253,1543.3
PO03571,2025-12-28,S02,SUP002,Received,257,1567.7
PO03572,2025-01-12,S02,SUP007,Received,459,1877.31
PO03573,2025-01-28,S02,SUP007,Received,469,1918.21
PO03574,2025-02-12,S02,SUP007,Received,469,1918.21
PO03575,2025-02-26,S02,SUP007,Received,464,1897.76
PO03576,2025-03-13,S02,SUP007,Received,460,1881.4
PO03577,2025-03-29,S02,SUP007,Received,469,1918.21
PO03578,2025-04-12,S02,SUP007,Received,467,1910.03
PO03579,2025-04-28,S02,SUP007,Received,469,1918.21
PO03580,2025-05-12,S02,SUP007,Received,462,1889.58
PO03581,2025-05-28,S02,SUP007,Received,469,1918.21
PO03582,2025-06-12,S02,SUP007,Received,469,1918.21
PO03583,2025-06-28,S02,SUP007,Received,469,1918.21
PO03584,2025-07-14,S02,SUP007,Received,469,1918.21
PO03585,2025-07-31,S02,SUP007,Received,469,1918.21
PO03586,2025-08-18,S02,SUP007,Received,469,1918.21
PO03587,2025-09-06,S02,SUP007,Received,460,1881.4
PO03588,2025-09-26,S02,SUP007,Received,469,1918.21
PO03589,2025-10-14,S02,SUP007,Received,461,1885.49
PO03590,2025-11-03,S02,SUP007,Received,469,1918.21
PO03591,2025-11-20,S02,SUP007,Received,464,1897.76
PO03592,2025-12-10,S02,SUP007,Received,469,1918.21
PO03593,2025-12-27,S02,SUP007,Received,459,1877.31
PO03594,2025-01-06,S02,SUP007,Received,230,818.8
PO03595,2025-01-22,S02,SUP007,Received,231,822.36
PO03596,2025-02-07,S02,SUP007,Received,235,836.6
PO03597,2025-02-23,S02,SUP007,Received,229,815.24
PO03598,2025-03-12,S02,SUP007,Received,231,822.36
PO03599,2025-03-27,S02,SUP007,Received,238,847.28
PO03600,2025-04-11,S02,SUP007,Received,231,822.36
PO03601,2025-04-26,S02,SUP007,Received,239,850.84
PO03602,2025-05-11,S02,SUP007,Received,237,843.72
PO03603,2025-05-26,S02,SUP007,Received,229,815.24
PO03604,2025-06-11,S02,SUP007,Received,240,854.4
PO03605,2025-06-27,S02,SUP007,Received,234,833.04
PO03606,2025-07-13,S02,SUP007,Received,228,811.68
PO03607,2025-07-31,S02,SUP007,Received,235,836.6
PO03608,2025-08-21,S02,SUP007,Received,232,825.92
PO03609,2025-09-09,S02,SUP007,Received,233,829.48
PO03610,2025-09-27,S02,SUP007,Received,228,811.68
PO03611,2025-10-17,S02,SUP007,Received,237,843.72
PO03612,2025-11-05,S02,SUP007,Received,229,815.24
PO03613,2025-11-25,S02,SUP007,Received,237,843.72
PO03614,2025-12-14,S02,SUP007,Received,233,829.48
PO03615,2025-12-31,S02,SUP007,Received,235,836.6
PO03616,2025-01-12,S02,SUP006,Received,133,790.02
PO03617,2025-02-09,S02,SUP006,Received,131,778.14
PO03618,2025-03-07,S02,SUP006,Received,131,778.14
PO03619,2025-03-26,S02,SUP006,Received,136,807.84
PO03620,2025-04-18,S02,SUP006,Received,131,778.14
PO03621,2025-05-08,S02,SUP006,Received,136,807.84
PO03622,2025-05-29,S02,SUP006,Received,132,784.08
PO03623,2025-06-21,S02,SUP006,Received,133,790.02
PO03624,2025-07-13,S02,SUP006,Received,132,784.08
PO03625,2025-08-12,S02,SUP006,Received,132,784.08
PO03626,2025-09-08,S02,SUP006,Received,130,772.2
PO03627,2025-10-04,S02,SUP006,Received,130,772.2
PO03628,2025-11-03,S02,SUP006,Received,132,784.08
PO03629,2025-12-06,S02,SUP006,Received,130,772.2
PO03630,2025-01-11,S02,SUP009,Received,362,2038.06
PO03631,2025-01-30,S02,SUP003,Received,359,2114.51
PO03632,2025-02-19,S02,SUP003,Received,376,2214.64
PO03633,2025-03-12,S02,SUP006,Received,372,2116.68
PO03634,2025-03-31,S02,SUP009,Received,358,2015.54
PO03635,2025-04-18,S02,SUP006,Received,367,2088.23
PO03636,2025-05-07,S02,SUP003,Received,368,2167.52
PO03637,2025-05-27,S02,SUP003,Received,368,2167.52
PO03638,2025-06-15,S02,SUP003,Received,388,2285.32
PO03639,2025-07-07,S02,SUP009,Received,369,2077.47
PO03640,2025-07-28,S02,SUP003,Received,363,2138.07
PO03641,2025-08-18,S02,SUP009,Received,363,2043.69
PO03642,2025-09-10,S02,SUP009,Received,373,2099.99
PO03643,2025-10-04,S02,SUP006,Received,361,2054.09
PO03644,2025-10-27,S02,SUP009,Received,366,2060.58
PO03645,2025-11-21,S02,SUP009,Received,369,2077.47
PO03646,2025-12-12,S02,SUP003,Received,357,2102.73
PO03647,2025-01-18,S02,SUP009,Received,248,3077.68
PO03648,2025-02-11,S02,SUP009,Received,245,3040.45
PO03649,2025-03-11,S02,SUP009,Received,252,3127.32
PO03650,2025-04-03,S02,SUP009,Received,247,3065.27
PO03651,2025-04-29,S02,SUP009,Received,247,3065.27
PO03652,2025-05-23,S02,SUP009,Received,249,3090.09
PO03653,2025-06-21,S02,SUP009,Received,255,3164.55
PO03654,2025-07-18,S02,SUP009,Received,252,3127.32
PO03655,2025-08-16,S02,SUP009,Received,254,3152.14
PO03656,2025-09-16,S02,SUP009,Received,245,3040.45
PO03657,2025-10-19,S02,SUP009,Received,245,3040.45
PO03658,2025-11-21,S02,SUP009,Received,251,3114.91
PO03659,2025-12-18,S02,SUP009,Received,245,3040.45
PO03660,2025-01-03,S02,SUP005,Received,171,1126.89
PO03661,2025-01-11,S02,SUP004,Received,189,1065.96
PO03662,2025-01-20,S02,SUP005,Received,188,1238.92
PO03663,2025-01-30,S02,SUP004,Received,184,1037.76
PO03664,2025-02-06,S02,SUP004,Received,175,987.0
PO03665,2025-02-14,S02,SUP005,Received,182,1199.38
PO03666,2025-02-22,S02,SUP004,Received,170,958.8
PO03667,2025-03-02,S02,SUP004,Received,175,987.0
PO03668,2025-03-09,S02,SUP005,Received,170,1120.3
PO03669,2025-03-17,S02,SUP004,Received,177,998.28
PO03670,2025-03-26,S02,SUP004,Received,180,1015.2
PO03671,2025-04-03,S02,SUP005,Received,183,1205.97
PO03672,2025-04-10,S02,SUP005,Received,184,1212.56
PO03673,2025-04-18,S02,SUP005,Received,178,1173.02
PO03674,2025-04-27,S02,SUP005,Received,184,1212.56
PO03675,2025-05-04,S02,SUP005,Received,177,1166.43
PO03676,2025-05-11,S02,SUP005,Received,189,1245.51
PO03677,2025-05-19,S02,SUP004,Received,183,1032.12
PO03678,2025-05-27,S02,SUP005,Received,177,1166.43
PO03679,2025-06-04,S02,SUP004,Received,171,964.44
PO03680,2025-06-13,S02,SUP005,Received,186,1225.74
PO03681,2025-06-21,S02,SUP005,Received,187,1232.33
PO03682,2025-06-29,S02,SUP005,Received,180,1186.2
PO03683,2025-07-08,S02,SUP005,Received,170,1120.3
PO03684,2025-07-18,S02,SUP004,Received,189,1065.96
PO03685,2025-07-27,S02,SUP004,Received,189,1065.96
PO03686,2025-08-05,S02,SUP004,Received,181,1020.84
PO03687,2025-08-14,S02,SUP004,Received,188,1060.32
PO03688,2025-08-23,S02,SUP004,Received,179,1009.56
PO03689,2025-09-03,S02,SUP004,Received,178,1003.92
PO03690,2025-09-13,S02,SUP004,Received,184,1037.76
PO03691,2025-09-23,S02,SUP004,Received,171,964.44
PO03692,2025-10-04,S02,SUP004,Received,174,981.36
PO03693,2025-10-13,S02,SUP005,Received,172,1133.48
PO03694,2025-10-23,S02,SUP005,Received,187,1232.33
PO03695,2025-11-02,S02,SUP005,Received,189,1245.51
PO03696,2025-11-12,S02,SUP004,Received,174,981.36
PO03697,2025-11-22,S02,SUP004,Received,173,975.72
PO03698,2025-12-02,S02,SUP005,Received,171,1126.89
PO03699,2025-12-12,S02,SUP005,Received,185,1219.15
PO03700,2025-12-20,S02,SUP004,Received,173,975.72
PO03701,2025-12-30,S02,SUP004,Received,185,1043.4
PO03702,2025-01-06,S02,SUP010,Received,262,940.58
PO03703,2025-01-16,S02,SUP009,Received,262,1032.28
PO03704,2025-01-25,S02,SUP009,Received,262,1032.28
PO03705,2025-02-03,S02,SUP010,Received,261,936.99
PO03706,2025-02-12,S02,SUP010,Received,262,940.58
PO03707,2025-02-21,S02,SUP010,Received,262,940.58
PO03708,2025-03-01,S02,SUP010,Received,259,929.81
PO03709,2025-03-09,S02,SUP009,Received,262,1032.28
PO03710,2025-03-18,S02,SUP009,Received,262,1032.28
PO03711,2025-03-27,S02,SUP010,Received,256,919.04
PO03712,2025-04-04,S02,SUP010,Received,262,940.58
PO03713,2025-04-12,S02,SUP010,Received,254,911.86
PO03714,2025-04-20,S02,SUP009,Received,262,1032.28
PO03715,2025-04-28,S02,SUP009,Received,260,1024.4
PO03716,2025-05-07,S02,SUP010,Received,262,940.58
PO03717,2025-05-16,S02,SUP010,Received,262,940.58
PO03718,2025-05-26,S02,SUP009,Received,262,1032.28
PO03719,2025-06-03,S02,SUP010,Received,256,919.04
PO03720,2025-06-13,S02,SUP009,Received,262,1032.28
PO03721,2025-06-22,S02,SUP009,Received,262,1032.28
PO03722,2025-07-02,S02,SUP009,Received,262,1032.28
PO03723,2025-07-12,S02,SUP010,Received,262,940.58
PO03724,2025-07-23,S02,SUP009,Received,262,1032.28
PO03725,2025-08-02,S02,SUP010,Received,262,940.58
PO03726,2025-08-12,S02,SUP010,Received,255,915.45
PO03727,2025-08-23,S02,SUP009,Received,262,1032.28
PO03728,2025-09-03,S02,SUP009,Received,262,1032.28
PO03729,2025-09-14,S02,SUP010,Received,262,940.58
PO03730,2025-09-25,S02,SUP010,Received,262,940.58
PO03731,2025-10-06,S02,SUP010,Received,257,922.63
PO03732,2025-10-18,S02,SUP009,Received,253,996.82
PO03733,2025-10-28,S02,SUP010,Received,262,940.58
PO03734,2025-11-08,S02,SUP009,Received,262,1032.28
PO03735,2025-11-19,S02,SUP009,Received,262,1032.28
PO03736,2025-11-29,S02,SUP009,Received,262,1032.28
PO03737,2025-12-09,S02,SUP009,Received,262,1032.28
PO03738,2025-12-19,S02,SUP010,Received,262,940.58
PO03739,2025-12-28,S02,SUP010,Received,258,926.22
PO03740,2025-01-04,S02,SUP002,Received,205,422.3
PO03741,2025-01-17,S02,SUP002,Received,207,426.42
PO03742,2025-01-30,S02,SUP002,Received,219,451.14
PO03743,2025-02-11,S02,SUP003,Received,211,430.44
PO03744,2025-02-25,S02,SUP002,Received,220,453.2
PO03745,2025-03-08,S02,SUP002,Received,205,422.3
PO03746,2025-03-21,S02,SUP003,Received,216,440.64
PO03747,2025-04-02,S02,SUP003,Received,208,424.32
PO03748,2025-04-14,S02,SUP002,Received,218,449.08
PO03749,2025-04-27,S02,SUP002,Received,206,424.36
PO03750,2025-05-10,S02,SUP002,Received,209,430.54
PO03751,2025-05-22,S02,SUP003,Received,210,428.4
PO03752,2025-06-05,S02,SUP002,Received,222,457.32
PO03753,2025-06-18,S02,SUP003,Received,220,448.8
PO03754,2025-06-30,S02,SUP003,Received,203,414.12
PO03755,2025-07-14,S02,SUP003,Received,209,426.36
PO03756,2025-07-26,S02,SUP003,Received,213,434.52
PO03757,2025-08-10,S02,SUP003,Received,203,414.12
PO03758,2025-08-26,S02,SUP003,Received,212,432.48
PO03759,2025-09-11,S02,SUP003,Received,222,452.88
PO03760,2025-09-28,S02,SUP002,Received,210,432.6
PO03761,2025-10-15,S02,SUP002,Received,205,422.3
PO03762,2025-10-30,S02,SUP003,Received,206,420.24
PO03763,2025-11-14,S02,SUP002,Received,210,432.6
PO03764,2025-11-26,S02,SUP003,Received,209,426.36
PO03765,2025-12-10,S02,SUP002,Received,214,440.84
PO03766,2025-12-26,S02,SUP003,Received,213,434.52
PO03767,2025-01-21,S02,SUP001,Received,127,3111.5
PO03768,2025-02-15,S02,SUP007,Received,129,2403.27
PO03769,2025-03-08,S02,SUP001,Received,127,3111.5
PO03770,2025-03-31,S02,SUP007,Received,126,2347.38
PO03771,2025-04-23,S02,SUP007,Received,126,2347.38
PO03772,2025-05-18,S02,SUP001,Received,129,3160.5
PO03773,2025-06-15,S02,SUP007,Received,130,2421.9
PO03774,2025-07-10,S02,SUP001,Received,131,3209.5
PO03775,2025-08-06,S02,SUP007,Received,129,2403.27
PO03776,2025-09-04,S02,SUP001,Received,127,3111.5
PO03777,2025-10-06,S02,SUP001,Received,127,3111.5
PO03778,2025-11-08,S02,SUP007,Received,128,2384.64
PO03779,2025-12-06,S02,SUP007,Received,126,2347.38
PO03780,2025-01-02,S02,SUP003,Received,105,968.1
PO03781,2025-01-06,S02,SUP001,Received,96,917.76
PO03782,2025-01-10,S02,SUP003,Received,85,783.7
PO03783,2025-01-13,S02,SUP006,Received,83,693.05
PO03784,2025-01-17,S02,SUP001,Received,88,841.28
PO03785,2025-01-20,S02,SUP006,Received,94,784.9
PO03786,2025-01-24,S02,SUP003,Received,93,857.46
PO03787,2025-01-27,S02,SUP006,Received,94,784.9
PO03788,2025-01-31,S02,SUP001,Received,97,927.32
PO03789,2025-02-03,S02,SUP006,Received,87,726.45
PO03790,2025-02-06,S02,SUP001,Received,89,850.84
PO03791,2025-02-09,S02,SUP001,Received,91,869.96
PO03792,2025-02-13,S02,SUP003,Received,84,774.48
PO03793,2025-02-16,S02,SUP006,Received,83,693.05
PO03794,2025-02-20,S02,SUP003,Received,96,885.12
PO03795,2025-02-23,S02,SUP003,Received,89,820.58
PO03796,2025-02-27,S02,SUP006,Received,94,784.9
PO03797,2025-03-02,S02,SUP001,Received,92,879.52
PO03798,2025-03-05,S02,SUP003,Received,83,765.26
PO03799,2025-03-09,S02,SUP003,Received,103,949.66
PO03800,2025-03-13,S02,SUP006,Received,102,851.7
PO03801,2025-03-16,S02,SUP001,Received,88,841.28
PO03802,2025-03-19,S02,SUP006,Received,91,759.85
PO03803,2025-03-22,S02,SUP006,Received,81,676.35
PO03804,2025-03-26,S02,SUP006,Received,99,826.65
PO03805,2025-03-29,S02,SUP003,Received,83,765.26
PO03806,2025-04-02,S02,SUP003,Received,90,829.8
PO03807,2025-04-06,S02,SUP006,Received,109,910.15
PO03808,2025-04-10,S02,SUP003,Received,88,811.36
PO03809,2025-04-13,S02,SUP003,Received,96,885.12
PO03810,2025-04-16,S02,SUP003,Received,85,783.7
PO03811,2025-04-20,S02,SUP001,Received,107,1022.92
PO03812,2025-04-22,S02,SUP003,Received,83,765.26
PO03813,2025-04-25,S02,SUP003,Received,88,811.36
PO03814,2025-04-28,S02,SUP006,Received,96,801.6
PO03815,2025-05-02,S02,SUP001,Received,104,994.24
PO03816,2025-05-05,S02,SUP003,Received,102,940.44
PO03817,2025-05-08,S02,SUP001,Received,83,793.48
PO03818,2025-05-11,S02,SUP003,Received,88,811.36
PO03819,2025-05-15,S02,SUP003,Received,92,848.24
PO03820,2025-05-18,S02,SUP001,Received,96,917.76
PO03821,2025-05-22,S02,SUP003,Received,103,949.66
PO03822,2025-05-26,S02,SUP006,Received,105,876.75
PO03823,2025-05-29,S02,SUP006,Received,82,684.7
PO03824,2025-06-01,S02,SUP006,Received,96,801.6
PO03825,2025-06-05,S02,SUP003,Received,95,875.9
PO03826,2025-06-08,S02,SUP006,Received,108,901.8
PO03827,2025-06-12,S02,SUP001,Received,85,812.6
PO03828,2025-06-16,S02,SUP006,Received,101,843.35
PO03829,2025-06-20,S02,SUP001,Received,81,774.36
PO03830,2025-06-24,S02,SUP006,Received,88,734.8
PO03831,2025-06-28,S02,SUP003,Received,85,783.7
PO03832,2025-07-02,S02,SUP001,Received,92,879.52
PO03833,2025-07-06,S02,SUP001,Received,104,994.24
PO03834,2025-07-10,S02,SUP003,Received,86,792.92
PO03835,2025-07-14,S02,SUP006,Received,97,809.95
PO03836,2025-07-18,S02,SUP001,Received,90,860.4
PO03837,2025-07-22,S02,SUP003,Received,91,839.02
PO03838,2025-07-26,S02,SUP003,Received,100,922.0
PO03839,2025-07-30,S02,SUP006,Received,99,826.65
PO03840,2025-08-03,S02,SUP003,Received,92,848.24
PO03841,2025-08-07,S02,SUP006,Received,99,826.65
PO03842,2025-08-11,S02,SUP006,Received,103,860.05
PO03843,2025-08-15,S02,SUP003,Received,84,774.48
PO03844,2025-08-19,S02,SUP001,Received,99,946.44
PO03845,2025-08-24,S02,SUP003,Received,89,820.58
PO03846,2025-08-28,S02,SUP001,Received,93,889.08
PO03847,2025-09-01,S02,SUP001,Received,94,898.64
PO03848,2025-09-06,S02,SUP003,Received,98,903.56
PO03849,2025-09-11,S02,SUP003,Received,89,820.58
PO03850,2025-09-16,S02,SUP003,Received,88,811.36
PO03851,2025-09-21,S02,SUP001,Received,104,994.24
PO03852,2025-09-25,S02,SUP006,Received,84,701.4
PO03853,2025-09-29,S02,SUP006,Received,96,801.6
PO03854,2025-10-03,S02,SUP003,Received,86,792.92
PO03855,2025-10-07,S02,SUP003,Received,90,829.8
PO03856,2025-10-12,S02,SUP006,Received,82,684.7
PO03857,2025-10-17,S02,SUP001,Received,90,860.4
PO03858,2025-10-21,S02,SUP001,Received,90,860.4
PO03859,2025-10-26,S02,SUP001,Received,101,965.56
PO03860,2025-10-31,S02,SUP001,Received,103,984.68
PO03861,2025-11-04,S02,SUP003,Received,94,866.68
PO03862,2025-11-08,S02,SUP006,Received,88,734.8
PO03863,2025-11-12,S02,SUP003,Received,93,857.46
PO03864,2025-11-16,S02,SUP003,Received,83,765.26
PO03865,2025-11-21,S02,SUP006,Received,94,784.9
PO03866,2025-11-26,S02,SUP003,Received,92,848.24
PO03867,2025-11-30,S02,SUP006,Received,98,818.3
PO03868,2025-12-05,S02,SUP006,Received,85,709.75
PO03869,2025-12-09,S02,SUP003,Received,98,903.56
PO03870,2025-12-14,S02,SUP001,Received,98,936.88
PO03871,2025-12-18,S02,SUP003,Received,97,894.34
PO03872,2025-12-22,S02,SUP003,Received,92,848.24
PO03873,2025-12-26,S02,SUP006,Received,99,826.65
PO03874,2025-12-30,S02,SUP006,Received,87,726.45
PO03875,2025-01-12,S02,SUP001,Received,232,2774.72
PO03876,2025-02-02,S02,SUP001,Received,228,2726.88
PO03877,2025-02-26,S02,SUP001,Received,224,2679.04
PO03878,2025-03-22,S02,SUP001,Received,231,2762.76
PO03879,2025-04-16,S02,SUP001,Received,230,2750.8
PO03880,2025-05-13,S02,SUP001,Received,224,2679.04
PO03881,2025-06-04,S02,SUP001,Received,230,2750.8
PO03882,2025-06-27,S02,SUP001,Received,231,2762.76
PO03883,2025-07-24,S02,SUP001,Received,232,2774.72
PO03884,2025-08-20,S02,SUP001,Received,223,2667.08
PO03885,2025-09-17,S02,SUP001,Received,223,2667.08
PO03886,2025-10-12,S02,SUP001,Received,223,2667.08
PO03887,2025-11-10,S02,SUP001,Received,224,2679.04
PO03888,2025-12-09,S02,SUP001,Received,227,2714.92
PO03889,2025-01-12,S02,SUP008,Received,285,5947.95
PO03890,2025-02-03,S02,SUP008,Received,280,5843.6
PO03891,2025-02-27,S02,SUP009,Received,290,6156.7
PO03892,2025-03-22,S02,SUP007,Received,285,5053.05
PO03893,2025-04-16,S02,SUP008,Received,285,5947.95
PO03894,2025-05-11,S02,SUP007,Received,288,5106.24
PO03895,2025-06-05,S02,SUP007,Received,287,5088.51
PO03896,2025-07-02,S02,SUP009,Received,284,6029.32
PO03897,2025-08-02,S02,SUP009,Received,290,6156.7
PO03898,2025-08-31,S02,SUP007,Received,282,4999.86
PO03899,2025-10-01,S02,SUP009,Received,288,6114.24
PO03900,2025-10-31,S02,SUP008,Received,290,6052.3
PO03901,2025-12-07,S02,SUP009,Received,290,6156.7
PO03902,2025-01-10,S02,SUP003,Received,176,2909.28
PO03903,2025-01-27,S02,SUP003,Received,171,2826.63
PO03904,2025-02-14,S02,SUP006,Received,176,2888.16
PO03905,2025-03-02,S02,SUP003,Received,175,2892.75
PO03906,2025-03-19,S02,SUP006,Received,176,2888.16
PO03907,2025-04-04,S02,SUP003,Received,173,2859.69
PO03908,2025-04-20,S02,SUP003,Received,176,2909.28
PO03909,2025-05-05,S02,SUP003,Received,171,2826.63
PO03910,2025-05-20,S02,SUP003,Received,170,2810.1
PO03911,2025-06-05,S02,SUP006,Received,176,2888.16
PO03912,2025-06-25,S02,SUP006,Received,176,2888.16
PO03913,2025-07-14,S02,SUP003,Received,170,2810.1
PO03914,2025-08-06,S02,SUP006,Received,173,2838.93
PO03915,2025-08-26,S02,SUP003,Received,175,2892.75
PO03916,2025-09-14,S02,SUP006,Received,175,2871.75
PO03917,2025-10-04,S02,SUP003,Received,174,2876.22
PO03918,2025-10-25,S02,SUP006,Received,173,2838.93
PO03919,2025-11-15,S02,SUP006,Received,175,2871.75
PO03920,2025-12-05,S02,SUP003,Received,173,2859.69
PO03921,2025-12-26,S02,SUP003,Received,172,2843.16
PO03922,2025-01-03,S02,SUP007,Received,136,1695.92
PO03923,2025-01-14,S02,SUP007,Received,135,1683.45
PO03924,2025-01-25,S02,SUP007,Received,136,1695.92
PO03925,2025-02-05,S02,SUP007,Received,138,1720.86
PO03926,2025-02-16,S02,SUP007,Received,142,1770.74
PO03927,2025-02-27,S02,SUP007,Received,149,1858.03
PO03928,2025-03-10,S02,SUP007,Received,138,1720.86
PO03929,2025-03-21,S02,SUP007,Received,138,1720.86
PO03930,2025-03-29,S02,SUP007,Received,136,1695.92
PO03931,2025-04-09,S02,SUP007,Received,140,1745.8
PO03932,2025-04-17,S02,SUP007,Received,132,1646.04
PO03933,2025-04-27,S02,SUP007,Received,149,1858.03
PO03934,2025-05-08,S02,SUP007,Received,141,1758.27
PO03935,2025-05-18,S02,SUP007,Received,138,1720.86
PO03936,2025-05-29,S02,SUP007,Received,134,1670.98
PO03937,2025-06-10,S02,SUP007,Received,134,1670.98
PO03938,2025-06-21,S02,SUP007,Received,133,1658.51
PO03939,2025-07-01,S02,SUP007,Received,139,1733.33
PO03940,2025-07-13,S02,SUP007,Received,138,1720.86
PO03941,2025-07-27,S02,SUP007,Received,139,1733.33
PO03942,2025-08-09,S02,SUP007,Received,137,1708.39
PO03943,2025-08-20,S02,SUP007,Received,132,1646.04
PO03944,2025-09-02,S02,SUP007,Received,139,1733.33
PO03945,2025-09-16,S02,SUP007,Received,138,1720.86
PO03946,2025-10-02,S02,SUP007,Received,135,1683.45
PO03947,2025-10-14,S02,SUP007,Received,133,1658.51
PO03948,2025-10-29,S02,SUP007,Received,142,1770.74
PO03949,2025-11-11,S02,SUP007,Received,140,1745.8
PO03950,2025-11-23,S02,SUP007,Received,146,1820.62
PO03951,2025-12-05,S02,SUP007,Received,137,1708.39
PO03952,2025-12-17,S02,SUP007,Received,143,1783.21
PO03953,2025-12-28,S02,SUP007,Received,138,1720.86
PO03954,2025-01-06,S02,SUP010,Received,346,6670.88
PO03955,2025-01-18,S02,SUP010,Received,344,6632.32
PO03956,2025-01-29,S02,SUP002,Received,346,5940.82
PO03957,2025-02-09,S02,SUP010,Received,346,6670.88
PO03958,2025-02-19,S02,SUP010,Received,335,6458.8
PO03959,2025-03-01,S02,SUP010,Received,346,6670.88
PO03960,2025-03-12,S02,SUP010,Received,346,6670.88
PO03961,2025-03-23,S02,SUP002,Received,346,5940.82
PO03962,2025-04-03,S02,SUP002,Received,346,5940.82
PO03963,2025-04-14,S02,SUP010,Received,346,6670.88
PO03964,2025-04-25,S02,SUP010,Received,346,6670.88
PO03965,2025-05-05,S02,SUP010,Received,335,6458.8
PO03966,2025-05-15,S02,SUP002,Received,342,5872.14
PO03967,2025-05-25,S02,SUP010,Received,346,6670.88
PO03968,2025-06-05,S02,SUP010,Received,346,6670.88
PO03969,2025-06-16,S02,SUP002,Received,346,5940.82
PO03970,2025-06-28,S02,SUP002,Received,346,5940.82
PO03971,2025-07-08,S02,SUP010,Received,342,6593.76
PO03972,2025-07-20,S02,SUP010,Received,345,6651.6
PO03973,2025-08-02,S02,SUP002,Received,344,5906.48
PO03974,2025-08-16,S02,SUP002,Received,346,5940.82
PO03975,2025-08-29,S02,SUP002,Received,337,5786.29
PO03976,2025-09-11,S02,SUP010,Received,337,6497.36
PO03977,2025-09-25,S02,SUP002,Received,346,5940.82
PO03978,2025-10-08,S02,SUP010,Received,335,6458.8
PO03979,2025-10-21,S02,SUP010,Received,346,6670.88
PO03980,2025-11-04,S02,SUP002,Received,342,5872.14
PO03981,2025-11-17,S02,SUP010,Received,346,6670.88
PO03982,2025-11-29,S02,SUP002,Received,341,5854.97
PO03983,2025-12-11,S02,SUP002,Received,346,5940.82
PO03984,2025-12-24,S02,SUP010,Received,346,6670.88
PO03985,2025-01-23,S02,SUP006,Received,397,2199.38
PO03986,2025-04-04,S02,SUP006,Received,396,2193.84
PO03987,2025-06-15,S02,SUP006,Received,403,2232.62
PO03988,2025-09-04,S02,SUP006,Received,398,2204.92
PO03989,2025-12-03,S02,SUP006,Received,397,2199.38
PO03990,2025-01-15,S02,SUP002,Received,482,6868.5
PO03991,2025-02-06,S02,SUP002,Received,484,6897.0
PO03992,2025-02-26,S02,SUP002,Received,484,6897.0
PO03993,2025-03-18,S02,SUP002,Received,484,6897.0
PO03994,2025-04-06,S02,SUP002,Received,480,6840.0
PO03995,2025-04-27,S02,SUP002,Received,484,6897.0
PO03996,2025-05-17,S02,SUP002,Received,484,6897.0
PO03997,2025-06-07,S02,SUP002,Received,483,6882.75
PO03998,2025-06-29,S02,SUP002,Received,482,6868.5
PO03999,2025-07-21,S02,SUP002,Received,484,6897.0
PO04000,2025-08-16,S02,SUP002,Received,484,6897.0
PO04001,2025-09-10,S02,SUP002,Received,484,6897.0
PO04002,2025-10-07,S02,SUP002,Received,483,6882.75
PO04003,2025-11-02,S02,SUP002,Received,484,6897.0
PO04004,2025-11-27,S02,SUP002,Received,484,6897.0
PO04005,2025-12-20,S02,SUP002,Received,484,6897.0
PO04006,2025-01-04,S02,SUP003,Received,110,1952.5
PO04007,2025-01-14,S02,SUP010,Received,109,1988.16
PO04008,2025-01-24,S02,SUP003,Received,117,2076.75
PO04009,2025-02-02,S02,SUP001,Received,110,1537.8
PO04010,2025-02-11,S02,SUP003,Received,109,1934.75
PO04011,2025-02-19,S02,SUP003,Received,108,1917.0
PO04012,2025-02-26,S02,SUP003,Received,108,1917.0
PO04013,2025-03-07,S02,SUP003,Received,108,1917.0
PO04014,2025-03-15,S02,SUP003,Received,108,1917.0
PO04015,2025-03-23,S02,SUP010,Received,113,2061.12
PO04016,2025-04-01,S02,SUP003,Received,110,1952.5
PO04017,2025-04-10,S02,SUP010,Received,111,2024.64
PO04018,2025-04-19,S02,SUP001,Received,114,1593.72
PO04019,2025-04-27,S02,SUP001,Received,121,1691.58
PO04020,2025-05-07,S02,SUP001,Received,116,1621.68
PO04021,2025-05-17,S02,SUP001,Received,112,1565.76
PO04022,2025-05-27,S02,SUP003,Received,111,1970.25
PO04023,2025-06-06,S02,SUP010,Received,113,2061.12
PO04024,2025-06-15,S02,SUP001,Received,113,1579.74
PO04025,2025-06-26,S02,SUP001,Received,114,1593.72
PO04026,2025-07-07,S02,SUP001,Received,108,1509.84
PO04027,2025-07-17,S02,SUP003,Received,115,2041.25
PO04028,2025-07-29,S02,SUP010,Received,117,2134.08
PO04029,2025-08-09,S02,SUP003,Received,123,2183.25
PO04030,2025-08-20,S02,SUP010,Received,113,2061.12
PO04031,2025-08-31,S02,SUP010,Received,117,2134.08
PO04032,2025-09-12,S02,SUP001,Received,112,1565.76
PO04033,2025-09-24,S02,SUP003,Received,111,1970.25
PO04034,2025-10-05,S02,SUP010,Received,109,1988.16
PO04035,2025-10-19,S02,SUP001,Received,122,1705.56
PO04036,2025-10-30,S02,SUP010,Received,116,2115.84
PO04037,2025-11-10,S02,SUP010,Received,122,2225.28
PO04038,2025-11-21,S02,SUP010,Received,111,2024.64
PO04039,2025-12-02,S02,SUP003,Received,118,2094.5
PO04040,2025-12-14,S02,SUP001,Received,125,1747.5
PO04041,2025-12-25,S02,SUP001,Received,114,1593.72
PO04042,2025-01-05,S02,SUP008,Received,183,3678.3
PO04043,2025-01-20,S02,SUP006,Received,184,4116.08
PO04044,2025-02-04,S02,SUP008,Received,192,3859.2
PO04045,2025-02-20,S02,SUP008,Received,192,3859.2
PO04046,2025-03-04,S02,SUP006,Received,192,4295.04
PO04047,2025-03-18,S02,SUP006,Received,184,4116.08
PO04048,2025-03-30,S02,SUP006,Received,184,4116.08
PO04049,2025-04-12,S02,SUP008,Received,192,3859.2
PO04050,2025-04-25,S02,SUP006,Received,184,4116.08
PO04051,2025-05-09,S02,SUP008,Received,192,3859.2
PO04052,2025-05-21,S02,SUP008,Received,184,3698.4
PO04053,2025-06-03,S02,SUP008,Received,187,3758.7
PO04054,2025-06-18,S02,SUP008,Received,188,3778.8
PO04055,2025-07-03,S02,SUP006,Received,192,4295.04
PO04056,2025-07-17,S02,SUP006,Received,188,4205.56
PO04057,2025-08-03,S02,SUP006,Received,184,4116.08
PO04058,2025-08-17,S02,SUP008,Received,185,3718.5
PO04059,2025-09-03,S02,SUP008,Received,188,3778.8
PO04060,2025-09-19,S02,SUP008,Received,190,3819.0
PO04061,2025-10-07,S02,SUP008,Received,182,3658.2
PO04062,2025-10-25,S02,SUP008,Received,189,3798.9
PO04063,2025-11-11,S02,SUP006,Received,184,4116.08
PO04064,2025-11-26,S02,SUP008,Received,188,3778.8
PO04065,2025-12-12,S02,SUP006,Received,184,4116.08
PO04066,2025-12-27,S02,SUP008,Received,192,3859.2
PO04067,2025-01-06,S02,SUP001,Received,226,289.28
PO04068,2025-01-18,S02,SUP001,Received,224,286.72
PO04069,2025-02-01,S02,SUP001,Received,216,276.48
PO04070,2025-02-14,S02,SUP001,Received,213,272.64
PO04071,2025-02-26,S02,SUP001,Received,222,284.16
PO04072,2025-03-10,S02,SUP001,Received,213,272.64
PO04073,2025-03-22,S02,SUP001,Received,224,286.72
PO04074,2025-04-04,S02,SUP001,Received,223,285.44
PO04075,2025-04-16,S02,SUP001,Received,231,295.68
PO04076,2025-04-29,S02,SUP001,Received,223,285.44
PO04077,2025-05-11,S02,SUP001,Received,223,285.44
PO04078,2025-05-23,S02,SUP001,Received,218,279.04
PO04079,2025-06-04,S02,SUP001,Received,216,276.48
PO04080,2025-06-17,S02,SUP001,Received,227,290.56
PO04081,2025-07-01,S02,SUP001,Received,219,280.32
PO04082,2025-07-15,S02,SUP001,Received,223,285.44
PO04083,2025-07-30,S02,SUP001,Received,218,279.04
PO04084,2025-08-13,S02,SUP001,Received,216,276.48
PO04085,2025-08-28,S02,SUP001,Received,216,276.48
PO04086,2025-09-11,S02,SUP001,Received,216,276.48
PO04087,2025-09-28,S02,SUP001,Received,228,291.84
PO04088,2025-10-14,S02,SUP001,Received,224,286.72
PO04089,2025-10-29,S02,SUP001,Received,217,277.76
PO04090,2025-11-13,S02,SUP001,Received,216,276.48
PO04091,2025-11-27,S02,SUP001,Received,218,279.04
PO04092,2025-12-11,S02,SUP001,Received,219,280.32
PO04093,2025-12-23,S02,SUP001,Received,213,272.64
PO04094,2025-01-08,S02,SUP005,Received,285,230.85
PO04095,2025-01-22,S02,SUP005,Received,287,232.47
PO04096,2025-02-04,S02,SUP005,Received,270,218.7
PO04097,2025-02-16,S02,SUP005,Received,286,231.66
PO04098,2025-03-01,S02,SUP005,Received,276,223.56
PO04099,2025-03-14,S02,SUP005,Received,286,231.66
PO04100,2025-03-26,S02,SUP005,Received,269,217.89
PO04101,2025-04-07,S02,SUP005,Received,273,221.13
PO04102,2025-04-20,S02,SUP005,Received,281,227.61
PO04103,2025-05-03,S02,SUP005,Received,273,221.13
PO04104,2025-05-16,S02,SUP005,Received,280,226.8
PO04105,2025-05-30,S02,SUP005,Received,285,230.85
PO04106,2025-06-13,S02,SUP005,Received,273,221.13
PO04107,2025-06-25,S02,SUP005,Received,277,224.37
PO04108,2025-07-09,S02,SUP005,Received,280,226.8
PO04109,2025-07-23,S02,SUP005,Received,278,225.18
PO04110,2025-08-08,S02,SUP005,Received,276,223.56
PO04111,2025-08-24,S02,SUP005,Received,278,225.18
PO04112,2025-09-09,S02,SUP005,Received,284,230.04
PO04113,2025-09-26,S02,SUP005,Received,279,225.99
PO04114,2025-10-12,S02,SUP005,Received,275,222.75
PO04115,2025-10-27,S02,SUP005,Received,285,230.85
PO04116,2025-11-12,S02,SUP005,Received,282,228.42
PO04117,2025-11-26,S02,SUP005,Received,286,231.66
PO04118,2025-12-13,S02,SUP005,Received,292,236.52
PO04119,2025-12-28,S02,SUP005,Received,272,220.32
PO04120,2025-01-14,S02,SUP008,Received,125,2788.75
PO04121,2025-02-08,S02,SUP008,Received,126,2811.06
PO04122,2025-03-01,S02,SUP005,Received,126,2226.42
PO04123,2025-03-19,S02,SUP004,Received,126,2863.98
PO04124,2025-04-02,S02,SUP005,Received,125,2208.75
PO04125,2025-04-21,S02,SUP004,Received,128,2909.44
PO04126,2025-05-10,S02,SUP008,Received,128,2855.68
PO04127,2025-05-29,S02,SUP005,Received,128,2261.76
PO04128,2025-06-17,S02,SUP008,Received,126,2811.06
PO04129,2025-07-06,S02,SUP004,Received,125,2841.25
PO04130,2025-07-30,S02,SUP005,Received,126,2226.42
PO04131,2025-08-23,S02,SUP004,Received,131,2977.63
PO04132,2025-09-20,S02,SUP005,Received,126,2226.42
PO04133,2025-10-14,S02,SUP004,Received,125,2841.25
PO04134,2025-11-06,S02,SUP004,Received,126,2863.98
PO04135,2025-12-01,S02,SUP004,Received,126,2863.98
PO04136,2025-12-21,S02,SUP008,Received,126,2811.06
PO04137,2025-01-19,S02,SUP009,Received,396,5912.28
PO04138,2025-02-17,S02,SUP010,Received,393,4888.92
PO04139,2025-03-18,S02,SUP010,Received,391,4864.04
PO04140,2025-04-15,S02,SUP009,Received,389,5807.77
PO04141,2025-05-16,S02,SUP009,Received,383,5718.19
PO04142,2025-06-16,S02,SUP005,Received,387,5243.85
PO04143,2025-07-14,S02,SUP009,Received,383,5718.19
PO04144,2025-08-20,S02,SUP009,Received,391,5837.63
PO04145,2025-09-25,S02,SUP010,Received,385,4789.4
PO04146,2025-10-31,S02,SUP005,Received,388,5257.4
PO04147,2025-12-05,S02,SUP005,Received,386,5230.3
PO04148,2025-01-09,S02,SUP008,Received,145,577.1
PO04149,2025-01-26,S02,SUP003,Received,156,583.44
PO04150,2025-02-14,S02,SUP003,Received,149,557.26
PO04151,2025-03-01,S02,SUP006,Received,150,537.0
PO04152,2025-03-19,S02,SUP008,Received,150,597.0
PO04153,2025-04-05,S02,SUP008,Received,156,620.88
PO04154,2025-04-20,S02,SUP003,Received,143,534.82
PO04155,2025-05-08,S02,SUP008,Received,149,593.02
PO04156,2025-05-26,S02,SUP008,Received,144,573.12
PO04157,2025-06-13,S02,SUP008,Received,150,597.0
PO04158,2025-07-02,S02,SUP006,Received,148,529.84
PO04159,2025-07-22,S02,SUP008,Received,144,573.12
PO04160,2025-08-10,S02,SUP008,Received,145,577.1
PO04161,2025-08-29,S02,SUP008,Received,143,569.14
PO04162,2025-09-19,S02,SUP008,Received,145,577.1
PO04163,2025-10-11,S02,SUP008,Received,143,569.14
PO04164,2025-10-31,S02,SUP003,Received,143,534.82
PO04165,2025-11-23,S02,SUP006,Received,148,529.84
PO04166,2025-12-11,S02,SUP003,Received,146,546.04
PO04167,2025-12-29,S02,SUP008,Received,148,589.04
PO04168,2025-01-18,S02,SUP002,Received,279,2142.72
PO04169,2025-02-15,S02,SUP008,Received,283,2413.99
PO04170,2025-03-10,S02,SUP002,Received,273,2096.64
PO04171,2025-04-03,S02,SUP002,Received,277,2127.36
PO04172,2025-04-29,S02,SUP008,Received,278,2371.34
PO04173,2025-05-27,S02,SUP002,Received,275,2112.0
PO04174,2025-06-22,S02,SUP008,Received,282,2405.46
PO04175,2025-07-18,S02,SUP008,Received,274,2337.22
PO04176,2025-08-17,S02,SUP008,Received,284,2422.52
PO04177,2025-09-21,S02,SUP002,Received,283,2173.44
PO04178,2025-10-25,S02,SUP002,Received,280,2150.4
PO04179,2025-11-27,S02,SUP008,Received,277,2362.81
PO04180,2025-12-29,S02,SUP008,Received,280,2388.4
PO04181,2025-01-11,S02,SUP007,Received,496,3804.32
PO04182,2025-01-28,S02,SUP007,Received,496,3804.32
PO04183,2025-02-12,S02,SUP007,Received,496,3804.32
PO04184,2025-02-27,S02,SUP007,Received,496,3804.32
PO04185,2025-03-14,S02,SUP007,Received,485,3719.95
PO04186,2025-03-29,S02,SUP007,Received,496,3804.32
PO04187,2025-04-13,S02,SUP007,Received,496,3804.32
PO04188,2025-04-27,S02,SUP007,Received,496,3804.32
PO04189,2025-05-12,S02,SUP007,Received,493,3781.31
PO04190,2025-05-27,S02,SUP007,Received,496,3804.32
PO04191,2025-06-12,S02,SUP007,Received,496,3804.32
PO04192,2025-06-27,S02,SUP007,Received,491,3765.97
PO04193,2025-07-13,S02,SUP007,Received,486,3727.62
PO04194,2025-08-01,S02,SUP007,Received,493,3781.31
PO04195,2025-08-18,S02,SUP007,Received,496,3804.32
PO04196,2025-09-06,S02,SUP007,Received,490,3758.3
PO04197,2025-09-27,S02,SUP007,Received,489,3750.63
PO04198,2025-10-16,S02,SUP007,Received,487,3735.29
PO04199,2025-11-06,S02,SUP007,Received,496,3804.32
PO04200,2025-11-25,S02,SUP007,Received,496,3804.32
PO04201,2025-12-14,S02,SUP007,Received,496,3804.32
PO04202,2025-12-29,S02,SUP007,Received,485,3719.95
PO04203,2025-01-02,S02,SUP005,Received,88,1124.64
PO04204,2025-01-07,S02,SUP005,Received,89,1137.42
PO04205,2025-01-11,S02,SUP005,Received,83,1060.74
PO04206,2025-01-15,S02,SUP003,Received,76,771.4
PO04207,2025-01-19,S02,SUP010,Received,79,928.25
PO04208,2025-01-24,S02,SUP005,Received,85,1086.3
PO04209,2025-01-28,S02,SUP003,Received,88,893.2
PO04210,2025-02-01,S02,SUP003,Received,88,893.2
PO04211,2025-02-05,S02,SUP010,Received,75,881.25
PO04212,2025-02-09,S02,SUP005,Received,93,1188.54
PO04213,2025-02-13,S02,SUP010,Received,81,951.75
PO04214,2025-02-16,S02,SUP005,Received,76,971.28
PO04215,2025-02-20,S02,SUP005,Received,80,1022.4
PO04216,2025-02-23,S02,SUP010,Received,73,857.75
PO04217,2025-02-28,S02,SUP003,Received,93,943.95
PO04218,2025-03-04,S02,SUP010,Received,83,975.25
PO04219,2025-03-07,S02,SUP003,Received,78,791.7
PO04220,2025-03-11,S02,SUP010,Received,92,1081.0
PO04221,2025-03-15,S02,SUP005,Received,94,1201.32
PO04222,2025-03-18,S02,SUP005,Received,75,958.5
PO04223,2025-03-22,S02,SUP010,Received,98,1151.5
PO04224,2025-03-25,S02,SUP010,Received,74,869.5
PO04225,2025-03-28,S02,SUP003,Received,84,852.6
PO04226,2025-04-01,S02,SUP010,Received,80,940.0
PO04227,2025-04-05,S02,SUP005,Received,82,1047.96
PO04228,2025-04-08,S02,SUP005,Received,81,1035.18
PO04229,2025-04-12,S02,SUP005,Received,93,1188.54
PO04230,2025-04-16,S02,SUP010,Received,87,1022.25
PO04231,2025-04-19,S02,SUP003,Received,74,751.1
PO04232,2025-04-23,S02,SUP005,Received,82,1047.96
PO04233,2025-04-26,S02,SUP003,Received,82,832.3
PO04234,2025-04-29,S02,SUP010,Received,81,951.75
PO04235,2025-05-04,S02,SUP005,Received,102,1303.56
PO04236,2025-05-08,S02,SUP005,Received,75,958.5
PO04237,2025-05-13,S02,SUP005,Received,89,1137.42
PO04238,2025-05-17,S02,SUP003,Received,96,974.4
PO04239,2025-05-21,S02,SUP003,Received,83,842.45
PO04240,2025-05-26,S02,SUP010,Received,82,963.5
PO04241,2025-05-30,S02,SUP003,Received,75,761.25
PO04242,2025-06-03,S02,SUP010,Received,82,963.5
PO04243,2025-06-07,S02,SUP003,Received,89,903.35
PO04244,2025-06-10,S02,SUP005,Received,74,945.72
PO04245,2025-06-14,S02,SUP010,Received,79,928.25
PO04246,2025-06-18,S02,SUP010,Received,92,1081.0
PO04247,2025-06-23,S02,SUP005,Received,79,1009.62
PO04248,2025-06-27,S02,SUP003,Received,80,812.0
PO04249,2025-07-01,S02,SUP010,Received,82,963.5
PO04250,2025-07-05,S02,SUP005,Received,82,1047.96
PO04251,2025-07-09,S02,SUP005,Received,75,958.5
PO04252,2025-07-13,S02,SUP003,Received,76,771.4
PO04253,2025-07-18,S02,SUP005,Received,95,1214.1
PO04254,2025-07-22,S02,SUP010,Received,86,1010.5
PO04255,2025-07-27,S02,SUP005,Received,92,1175.76
PO04256,2025-08-01,S02,SUP010,Received,82,963.5
PO04257,2025-08-05,S02,SUP010,Received,80,940.0
PO04258,2025-08-10,S02,SUP005,Received,93,1188.54
PO04259,2025-08-15,S02,SUP010,Received,83,975.25
PO04260,2025-08-19,S02,SUP010,Received,83,975.25
PO04261,2025-08-23,S02,SUP010,Received,80,940.0
PO04262,2025-08-27,S02,SUP005,Received,73,932.94
PO04263,2025-09-02,S02,SUP003,Received,81,822.15
PO04264,2025-09-06,S02,SUP005,Received,75,958.5
PO04265,2025-09-11,S02,SUP003,Received,74,751.1
PO04266,2025-09-15,S02,SUP003,Received,74,751.1
PO04267,2025-09-20,S02,SUP005,Received,81,1035.18
PO04268,2025-09-25,S02,SUP003,Received,78,791.7
PO04269,2025-09-29,S02,SUP003,Received,77,781.55
PO04270,2025-10-04,S02,SUP010,Received,75,881.25
PO04271,2025-10-09,S02,SUP010,Received,80,940.0
PO04272,2025-10-13,S02,SUP003,Received,74,751.1
PO04273,2025-10-18,S02,SUP005,Received,78,996.84
PO04274,2025-10-24,S02,SUP005,Received,93,1188.54
PO04275,2025-10-29,S02,SUP010,Received,75,881.25
PO04276,2025-11-03,S02,SUP010,Received,81,951.75
PO04277,2025-11-08,S02,SUP003,Received,92,933.8
PO04278,2025-11-14,S02,SUP003,Received,80,812.0
PO04279,2025-11-18,S02,SUP003,Received,79,801.85
PO04280,2025-11-23,S02,SUP003,Received,76,771.4
PO04281,2025-11-27,S02,SUP010,Received,74,869.5
PO04282,2025-12-01,S02,SUP005,Received,76,971.28
PO04283,2025-12-06,S02,SUP005,Received,82,1047.96
PO04284,2025-12-11,S02,SUP010,Received,76,893.0
PO04285,2025-12-15,S02,SUP010,Received,79,928.25
PO04286,2025-12-20,S02,SUP010,Received,91,1069.25
PO04287,2025-12-25,S02,SUP005,Received,93,1188.54
PO04288,2025-12-28,S02,SUP010,Received,78,916.5
PO04289,2025-01-05,S02,SUP009,Received,177,2886.87
PO04290,2025-01-13,S02,SUP010,Received,177,2474.46
PO04291,2025-01-19,S02,SUP010,Received,168,2348.64
PO04292,2025-01-26,S02,SUP009,Received,177,2886.87
PO04293,2025-02-03,S02,SUP010,Received,177,2474.46
PO04294,2025-02-11,S02,SUP009,Received,171,2789.01
PO04295,2025-02-18,S02,SUP010,Received,175,2446.5
PO04296,2025-02-25,S02,SUP009,Received,177,2886.87
PO04297,2025-03-04,S02,SUP010,Received,177,2474.46
PO04298,2025-03-11,S02,SUP009,Received,177,2886.87
PO04299,2025-03-18,S02,SUP010,Received,175,2446.5
PO04300,2025-03-25,S02,SUP009,Received,177,2886.87
PO04301,2025-04-02,S02,SUP010,Received,174,2432.52
PO04302,2025-04-09,S02,SUP010,Received,177,2474.46
PO04303,2025-04-16,S02,SUP010,Received,173,2418.54
PO04304,2025-04-23,S02,SUP009,Received,175,2854.25
PO04305,2025-04-30,S02,SUP009,Received,177,2886.87
PO04306,2025-05-07,S02,SUP009,Received,177,2886.87
PO04307,2025-05-14,S02,SUP009,Received,177,2886.87
PO04308,2025-05-22,S02,SUP009,Received,169,2756.39
PO04309,2025-05-29,S02,SUP010,Received,177,2474.46
PO04310,2025-06-05,S02,SUP009,Received,172,2805.32
PO04311,2025-06-13,S02,SUP009,Received,171,2789.01
PO04312,2025-06-21,S02,SUP010,Received,176,2460.48
PO04313,2025-06-28,S02,SUP009,Received,174,2837.94
PO04314,2025-07-06,S02,SUP010,Received,177,2474.46
PO04315,2025-07-13,S02,SUP010,Received,177,2474.46
PO04316,2025-07-21,S02,SUP010,Received,174,2432.52
PO04317,2025-07-30,S02,SUP010,Received,177,2474.46
PO04318,2025-08-07,S02,SUP009,Received,177,2886.87
PO04319,2025-08-15,S02,SUP010,Received,177,2474.46
PO04320,2025-08-24,S02,SUP010,Received,177,2474.46
PO04321,2025-09-02,S02,SUP009,Received,177,2886.87
PO04322,2025-09-11,S02,SUP010,Received,177,2474.46
PO04323,2025-09-20,S02,SUP010,Received,177,2474.46
PO04324,2025-09-29,S02,SUP010,Received,168,2348.64
PO04325,2025-10-10,S02,SUP010,Received,173,2418.54
PO04326,2025-10-19,S02,SUP010,Received,176,2460.48
PO04327,2025-10-28,S02,SUP010,Received,177,2474.46
PO04328,2025-11-07,S02,SUP010,Received,177,2474.46
PO04329,2025-11-16,S02,SUP010,Received,173,2418.54
PO04330,2025-11-25,S02,SUP010,Received,177,2474.46
PO04331,2025-12-04,S02,SUP009,Received,177,2886.87
PO04332,2025-12-13,S02,SUP010,Received,177,2474.46
PO04333,2025-12-22,S02,SUP009,Received,177,2886.87
PO04334,2025-12-30,S02,SUP009,Received,177,2886.87
PO04335,2025-01-08,S02,SUP001,Received,331,2806.88
PO04336,2025-01-20,S02,SUP002,Received,329,3352.51
PO04337,2025-02-01,S02,SUP010,Received,339,3596.79
PO04338,2025-02-13,S02,SUP010,Received,340,3607.4
PO04339,2025-02-24,S02,SUP001,Received,333,2823.84
PO04340,2025-03-07,S02,SUP001,Received,332,2815.36
PO04341,2025-03-18,S02,SUP001,Received,337,2857.76
PO04342,2025-03-28,S02,SUP010,Received,330,3501.3
PO04343,2025-04-08,S02,SUP010,Received,341,3618.01
PO04344,2025-04-20,S02,SUP010,Received,341,3618.01
PO04345,2025-05-02,S02,SUP010,Received,331,3511.91
PO04346,2025-05-13,S02,SUP001,Received,322,2730.56
PO04347,2025-05-23,S02,SUP001,Received,325,2756.0
PO04348,2025-06-03,S02,SUP010,Received,333,3533.13
PO04349,2025-06-15,S02,SUP010,Received,339,3596.79
PO04350,2025-06-28,S02,SUP001,Received,325,2756.0
PO04351,2025-07-10,S02,SUP002,Received,325,3311.75
PO04352,2025-07-23,S02,SUP001,Received,326,2764.48
PO04353,2025-08-06,S02,SUP010,Received,337,3575.57
PO04354,2025-08-19,S02,SUP002,Received,330,3362.7
PO04355,2025-09-02,S02,SUP002,Received,336,3423.84
PO04356,2025-09-15,S02,SUP001,Received,319,2705.12
PO04357,2025-09-29,S02,SUP002,Received,328,3342.32
PO04358,2025-10-13,S02,SUP010,Received,327,3469.47
PO04359,2025-10-26,S02,SUP002,Received,338,3444.22
PO04360,2025-11-08,S02,SUP001,Received,320,2713.6
PO04361,2025-11-21,S02,SUP001,Received,319,2705.12
PO04362,2025-12-04,S02,SUP010,Received,334,3543.74
PO04363,2025-12-16,S02,SUP001,Received,323,2739.04
PO04364,2025-12-28,S02,SUP001,Received,319,2705.12
PO04365,2025-01-06,S02,SUP005,Received,324,1827.36
PO04366,2025-01-18,S02,SUP005,Received,324,1827.36
PO04367,2025-01-29,S02,SUP007,Received,332,1640.08
PO04368,2025-02-10,S02,SUP008,Received,332,1776.2
PO04369,2025-02-20,S02,SUP008,Received,332,1776.2
PO04370,2025-03-02,S02,SUP007,Received,332,1640.08
PO04371,2025-03-13,S02,SUP005,Received,327,1844.28
PO04372,2025-03-23,S02,SUP007,Received,320,1580.8
PO04373,2025-04-03,S02,SUP007,Received,330,1630.2
PO04374,2025-04-13,S02,SUP008,Received,329,1760.15
PO04375,2025-04-25,S02,SUP005,Received,328,1849.92
PO04376,2025-05-05,S02,SUP005,Received,325,1833.0
PO04377,2025-05-16,S02,SUP005,Received,324,1827.36
PO04378,2025-05-27,S02,SUP007,Received,332,1640.08
PO04379,2025-06-08,S02,SUP005,Received,332,1872.48
PO04380,2025-06-19,S02,SUP007,Received,322,1590.68
PO04381,2025-07-01,S02,SUP005,Received,332,1872.48
PO04382,2025-07-12,S02,SUP007,Received,317,1565.98
PO04383,2025-07-25,S02,SUP008,Received,332,1776.2
PO04384,2025-08-06,S02,SUP005,Received,332,1872.48
PO04385,2025-08-20,S02,SUP008,Received,332,1776.2
PO04386,2025-09-02,S02,SUP008,Received,318,1701.3
PO04387,2025-09-18,S02,SUP008,Received,320,1712.0
PO04388,2025-10-02,S02,SUP005,Received,323,1821.72
PO04389,2025-10-15,S02,SUP005,Received,326,1838.64
PO04390,2025-10-25,S02,SUP008,Received,321,1717.35
PO04391,2025-11-08,S02,SUP008,Received,332,1776.2
PO04392,2025-11-21,S02,SUP007,Received,331,1635.14
PO04393,2025-12-03,S02,SUP005,Received,332,1872.48
PO04394,2025-12-16,S02,SUP007,Received,318,1570.92
PO04395,2025-12-29,S02,SUP005,Received,332,1872.48
PO04396,2025-01-09,S02,SUP003,Received,406,6991.32
PO04397,2025-01-21,S02,SUP003,Received,411,7077.42
PO04398,2025-02-02,S02,SUP003,Received,411,7077.42
PO04399,2025-02-13,S02,SUP003,Received,411,7077.42
PO04400,2025-02-24,S02,SUP003,Received,396,6819.12
PO04401,2025-03-06,S02,SUP007,Received,390,7312.5
PO04402,2025-03-17,S02,SUP003,Received,411,7077.42
PO04403,2025-03-29,S02,SUP003,Received,411,7077.42
PO04404,2025-04-08,S02,SUP003,Received,389,6698.58
PO04405,2025-04-18,S02,SUP007,Received,388,7275.0
PO04406,2025-04-29,S02,SUP007,Received,405,7593.75
PO04407,2025-05-10,S02,SUP007,Received,390,7312.5
PO04408,2025-05-22,S02,SUP003,Received,411,7077.42
PO04409,2025-06-03,S02,SUP007,Received,408,7650.0
PO04410,2025-06-15,S02,SUP007,Received,411,7706.25
PO04411,2025-06-26,S02,SUP003,Received,404,6956.88
PO04412,2025-07-09,S02,SUP007,Received,389,7293.75
PO04413,2025-07-21,S02,SUP007,Received,393,7368.75
PO04414,2025-08-03,S02,SUP007,Received,402,7537.5
PO04415,2025-08-17,S02,SUP003,Received,411,7077.42
PO04416,2025-08-31,S02,SUP003,Received,411,7077.42
PO04417,2025-09-13,S02,SUP003,Received,391,6733.02
PO04418,2025-09-28,S02,SUP003,Received,402,6922.44
PO04419,2025-10-12,S02,SUP007,Received,411,7706.25
PO04420,2025-10-26,S02,SUP003,Received,404,6956.88
PO04421,2025-11-09,S02,SUP007,Received,411,7706.25
PO04422,2025-11-23,S02,SUP007,Received,400,7500.0
PO04423,2025-12-06,S02,SUP003,Received,397,6836.34
PO04424,2025-12-19,S02,SUP003,Received,391,6733.02
PO04425,2025-12-31,S02,SUP003,Received,411,7077.42
PO04426,2025-01-02,S02,SUP001,Received,97,565.51
PO04427,2025-01-05,S02,SUP001,Received,82,478.06
PO04428,2025-01-08,S02,SUP001,Received,83,483.89
PO04429,2025-01-11,S02,SUP001,Received,87,507.21
PO04430,2025-01-14,S02,SUP001,Received,76,443.08
PO04431,2025-01-18,S02,SUP001,Received,101,588.83
PO04432,2025-01-21,S02,SUP001,Received,80,466.4
PO04433,2025-01-25,S02,SUP001,Received,96,559.68
PO04434,2025-01-28,S02,SUP001,Received,82,478.06
PO04435,2025-01-31,S02,SUP001,Received,78,454.74
PO04436,2025-02-03,S02,SUP001,Received,99,577.17
PO04437,2025-02-06,S02,SUP001,Received,86,501.38
PO04438,2025-02-08,S02,SUP001,Received,83,483.89
PO04439,2025-02-11,S02,SUP001,Received,102,594.66
PO04440,2025-02-14,S02,SUP001,Received,85,495.55
PO04441,2025-02-17,S02,SUP001,Received,96,559.68
PO04442,2025-02-20,S02,SUP001,Received,91,530.53
PO04443,2025-02-23,S02,SUP001,Received,95,553.85
PO04444,2025-02-26,S02,SUP001,Received,108,629.64
PO04445,2025-03-01,S02,SUP001,Received,94,548.02
PO04446,2025-03-04,S02,SUP001,Received,82,478.06
PO04447,2025-03-07,S02,SUP001,Received,93,542.19
PO04448,2025-03-10,S02,SUP001,Received,98,571.34
PO04449,2025-03-13,S02,SUP001,Received,82,478.06
PO04450,2025-03-16,S02,SUP001,Received,100,583.0
PO04451,2025-03-20,S02,SUP001,Received,102,594.66
PO04452,2025-03-23,S02,SUP001,Received,89,518.87
PO04453,2025-03-26,S02,SUP001,Received,93,542.19
PO04454,2025-03-29,S02,SUP001,Received,103,600.49
PO04455,2025-04-01,S02,SUP001,Received,93,542.19
PO04456,2025-04-05,S02,SUP001,Received,107,623.81
PO04457,2025-04-08,S02,SUP001,Received,97,565.51
PO04458,2025-04-11,S02,SUP001,Received,79,460.57
PO04459,2025-04-14,S02,SUP001,Received,95,553.85
PO04460,2025-04-17,S02,SUP001,Received,100,583.0
PO04461,2025-04-20,S02,SUP001,Received,85,495.55
PO04462,2025-04-23,S02,SUP001,Received,80,466.4
PO04463,2025-04-26,S02,SUP001,Received,93,542.19
PO04464,2025-04-29,S02,SUP001,Received,87,507.21
PO04465,2025-05-02,S02,SUP001,Received,82,478.06
PO04466,2025-05-05,S02,SUP001,Received,92,536.36
PO04467,2025-05-08,S02,SUP001,Received,83,483.89
PO04468,2025-05-11,S02,SUP001,Received,95,553.85
PO04469,2025-05-14,S02,SUP001,Received,94,548.02
PO04470,2025-05-17,S02,SUP001,Received,103,600.49
PO04471,2025-05-20,S02,SUP001,Received,94,548.02
PO04472,2025-05-24,S02,SUP001,Received,108,629.64
PO04473,2025-05-28,S02,SUP001,Received,92,536.36
PO04474,2025-06-01,S02,SUP001,Received,108,629.64
PO04475,2025-06-05,S02,SUP001,Received,87,507.21
PO04476,2025-06-08,S02,SUP001,Received,97,565.51
PO04477,2025-06-11,S02,SUP001,Received,92,536.36
PO04478,2025-06-14,S02,SUP001,Received,97,565.51
PO04479,2025-06-17,S02,SUP001,Received,81,472.23
PO04480,2025-06-21,S02,SUP001,Received,105,612.15
PO04481,2025-06-24,S02,SUP001,Received,83,483.89
PO04482,2025-06-27,S02,SUP001,Received,88,513.04
PO04483,2025-06-30,S02,SUP001,Received,97,565.51
PO04484,2025-07-04,S02,SUP001,Received,99,577.17
PO04485,2025-07-07,S02,SUP001,Received,97,565.51
PO04486,2025-07-11,S02,SUP001,Received,92,536.36
PO04487,2025-07-14,S02,SUP001,Received,76,443.08
PO04488,2025-07-18,S02,SUP001,Received,92,536.36
PO04489,2025-07-21,S02,SUP001,Received,81,472.23
PO04490,2025-07-25,S02,SUP001,Received,90,524.7
PO04491,2025-07-28,S02,SUP001,Received,84,489.72
PO04492,2025-08-01,S02,SUP001,Received,84,489.72
PO04493,2025-08-04,S02,SUP001,Received,78,454.74
PO04494,2025-08-08,S02,SUP001,Received,92,536.36
PO04495,2025-08-11,S02,SUP001,Received,82,478.06
PO04496,2025-08-15,S02,SUP001,Received,91,530.53
PO04497,2025-08-19,S02,SUP001,Received,93,542.19
PO04498,2025-08-23,S02,SUP001,Received,97,565.51
PO04499,2025-08-26,S02,SUP001,Received,83,483.89
PO04500,2025-08-30,S02,SUP001,Received,96,559.68
PO04501,2025-09-03,S02,SUP001,Received,92,536.36
PO04502,2025-09-06,S02,SUP001,Received,86,501.38
PO04503,2025-09-10,S02,SUP001,Received,78,454.74
PO04504,2025-09-13,S02,SUP001,Received,86,501.38
PO04505,2025-09-17,S02,SUP001,Received,80,466.4
PO04506,2025-09-21,S02,SUP001,Received,94,548.02
PO04507,2025-09-24,S02,SUP001,Received,79,460.57
PO04508,2025-09-27,S02,SUP001,Received,76,443.08
PO04509,2025-10-01,S02,SUP001,Received,96,559.68
PO04510,2025-10-05,S02,SUP001,Received,83,483.89
PO04511,2025-10-09,S02,SUP001,Received,88,513.04
PO04512,2025-10-12,S02,SUP001,Received,77,448.91
PO04513,2025-10-15,S02,SUP001,Received,78,454.74
PO04514,2025-10-19,S02,SUP001,Received,86,501.38
PO04515,2025-10-23,S02,SUP001,Received,91,530.53
PO04516,2025-10-26,S02,SUP001,Received,76,443.08
PO04517,2025-10-30,S02,SUP001,Received,91,530.53
PO04518,2025-11-02,S02,SUP001,Received,76,443.08
PO04519,2025-11-06,S02,SUP001,Received,92,536.36
PO04520,2025-11-09,S02,SUP001,Received,76,443.08
PO04521,2025-11-13,S02,SUP001,Received,94,548.02
PO04522,2025-11-16,S02,SUP001,Received,83,483.89
PO04523,2025-11-20,S02,SUP001,Received,90,524.7
PO04524,2025-11-24,S02,SUP001,Received,87,507.21
PO04525,2025-11-27,S02,SUP001,Received,76,443.08
PO04526,2025-11-30,S02,SUP001,Received,85,495.55
PO04527,2025-12-04,S02,SUP001,Received,96,559.68
PO04528,2025-12-07,S02,SUP001,Received,78,454.74
PO04529,2025-12-11,S02,SUP001,Received,93,542.19
PO04530,2025-12-14,S02,SUP001,Received,76,443.08
PO04531,2025-12-18,S02,SUP001,Received,102,594.66
PO04532,2025-12-22,S02,SUP001,Received,98,571.34
PO04533,2025-12-25,S02,SUP001,Received,81,472.23
PO04534,2025-12-28,S02,SUP001,Received,92,536.36
PO04535,2025-12-31,S02,SUP001,Received,92,536.36
PO04536,2025-01-01,S02,SUP006,Received,82,208.28
PO04537,2025-01-07,S02,SUP006,Received,87,220.98
PO04538,2025-01-13,S02,SUP006,Received,86,218.44
PO04539,2025-01-19,S02,SUP006,Received,81,205.74
PO04540,2025-01-25,S02,SUP006,Received,93,236.22
PO04541,2025-01-31,S02,SUP006,Received,97,246.38
PO04542,2025-02-05,S02,SUP006,Received,85,215.9
PO04543,2025-02-10,S02,SUP006,Received,80,203.2
PO04544,2025-02-16,S02,SUP006,Received,85,215.9
PO04545,2025-02-22,S02,SUP006,Received,93,236.22
PO04546,2025-02-28,S02,SUP006,Received,94,238.76
PO04547,2025-03-05,S02,SUP006,Received,92,233.68
PO04548,2025-03-11,S02,SUP006,Received,80,203.2
PO04549,2025-03-17,S02,SUP006,Received,88,223.52
PO04550,2025-03-22,S02,SUP006,Received,87,220.98
PO04551,2025-03-27,S02,SUP006,Received,80,203.2
PO04552,2025-04-02,S02,SUP006,Received,80,203.2
PO04553,2025-04-07,S02,SUP006,Received,84,213.36
PO04554,2025-04-12,S02,SUP006,Received,81,205.74
PO04555,2025-04-19,S02,SUP006,Received,87,220.98
PO04556,2025-04-24,S02,SUP006,Received,80,203.2
PO04557,2025-04-29,S02,SUP006,Received,81,205.74
PO04558,2025-05-05,S02,SUP006,Received,82,208.28
PO04559,2025-05-12,S02,SUP006,Received,84,213.36
PO04560,2025-05-17,S02,SUP006,Received,92,233.68
PO04561,2025-05-23,S02,SUP006,Received,91,231.14
PO04562,2025-05-27,S02,SUP006,Received,80,203.2
PO04563,2025-06-01,S02,SUP006,Received,89,226.06
PO04564,2025-06-07,S02,SUP006,Received,91,231.14
PO04565,2025-06-13,S02,SUP006,Received,92,233.68
PO04566,2025-06-19,S02,SUP006,Received,80,203.2
PO04567,2025-06-24,S02,SUP006,Received,86,218.44
PO04568,2025-06-30,S02,SUP006,Received,84,213.36
PO04569,2025-07-06,S02,SUP006,Received,86,218.44
PO04570,2025-07-12,S02,SUP006,Received,82,208.28
PO04571,2025-07-18,S02,SUP006,Received,88,223.52
PO04572,2025-07-24,S02,SUP006,Received,82,208.28
PO04573,2025-07-30,S02,SUP006,Received,81,205.74
PO04574,2025-08-05,S02,SUP006,Received,85,215.9
PO04575,2025-08-12,S02,SUP006,Received,90,228.6
PO04576,2025-08-18,S02,SUP006,Received,81,205.74
PO04577,2025-08-24,S02,SUP006,Received,81,205.74
PO04578,2025-08-31,S02,SUP006,Received,92,233.68
PO04579,2025-09-08,S02,SUP006,Received,90,228.6
PO04580,2025-09-15,S02,SUP006,Received,86,218.44
PO04581,2025-09-23,S02,SUP006,Received,82,208.28
PO04582,2025-09-29,S02,SUP006,Received,83,210.82
PO04583,2025-10-05,S02,SUP006,Received,85,215.9
PO04584,2025-10-12,S02,SUP006,Received,85,215.9
PO04585,2025-10-20,S02,SUP006,Received,80,203.2
PO04586,2025-10-27,S02,SUP006,Received,92,233.68
PO04587,2025-11-03,S02,SUP006,Received,91,231.14
PO04588,2025-11-10,S02,SUP006,Received,90,228.6
PO04589,2025-11-16,S02,SUP006,Received,88,223.52
PO04590,2025-11-23,S02,SUP006,Received,82,208.28
PO04591,2025-11-30,S02,SUP006,Received,84,213.36
PO04592,2025-12-07,S02,SUP006,Received,88,223.52
PO04593,2025-12-13,S02,SUP006,Received,85,215.9
PO04594,2025-12-19,S02,SUP006,Received,83,210.82
PO04595,2025-12-24,S02,SUP006,Received,82,208.28
PO04596,2025-12-30,S02,SUP006,Received,91,231.14
PO04597,2025-01-16,S02,SUP008,Received,403,5907.98
PO04598,2025-02-03,S02,SUP008,Received,394,5776.04
PO04599,2025-02-21,S02,SUP008,Received,395,5790.7
PO04600,2025-03-09,S02,SUP008,Received,400,5864.0
PO04601,2025-03-28,S02,SUP008,Received,413,6054.58
PO04602,2025-04-13,S02,SUP008,Received,398,5834.68
PO04603,2025-05-03,S02,SUP008,Received,418,6127.88
PO04604,2025-05-21,S02,SUP008,Received,412,6039.92
PO04605,2025-06-09,S02,SUP008,Received,403,5907.98
PO04606,2025-06-28,S02,SUP008,Received,399,5849.34
PO04607,2025-07-19,S02,SUP008,Received,420,6157.2
PO04608,2025-08-10,S02,SUP008,Received,409,5995.94
PO04609,2025-09-03,S02,SUP008,Received,394,5776.04
PO04610,2025-09-24,S02,SUP008,Received,394,5776.04
PO04611,2025-10-18,S02,SUP008,Received,397,5820.02
PO04612,2025-11-08,S02,SUP008,Received,400,5864.0
PO04613,2025-11-30,S02,SUP008,Received,394,5776.04
PO04614,2025-12-20,S02,SUP008,Received,398,5834.68
PO04615,2025-01-14,S02,SUP001,Received,436,3021.48
PO04616,2025-02-06,S02,SUP001,Received,442,3063.06
PO04617,2025-02-28,S02,SUP001,Received,430,2979.9
PO04618,2025-03-20,S02,SUP002,Received,438,2448.42
PO04619,2025-04-10,S02,SUP002,Received,434,2426.06
PO04620,2025-04-30,S02,SUP002,Received,433,2420.47
PO04621,2025-05-21,S02,SUP001,Received,431,2986.83
PO04622,2025-06-11,S02,SUP001,Received,426,2952.18
PO04623,2025-07-05,S02,SUP001,Received,431,2986.83
PO04624,2025-07-30,S02,SUP001,Received,425,2945.25
PO04625,2025-08-24,S02,SUP002,Received,434,2426.06
PO04626,2025-09-20,S02,SUP002,Received,439,2454.01
PO04627,2025-10-19,S02,SUP001,Received,436,3021.48
PO04628,2025-11-16,S02,SUP001,Received,441,3056.13
PO04629,2025-12-11,S02,SUP002,Received,430,2403.7
PO04630,2025-01-04,S02,SUP008,Received,249,3667.77
PO04631,2025-01-12,S02,SUP010,Received,261,3225.96
PO04632,2025-01-20,S02,SUP010,Received,250,3090.0
PO04633,2025-01-27,S02,SUP010,Received,236,2916.96
PO04634,2025-02-04,S02,SUP008,Received,259,3815.07
PO04635,2025-02-12,S02,SUP008,Received,256,3770.88
PO04636,2025-02-19,S02,SUP008,Received,246,3623.58
PO04637,2025-02-26,S02,SUP010,Received,247,3052.92
PO04638,2025-03-05,S02,SUP010,Received,249,3077.64
PO04639,2025-03-12,S02,SUP008,Received,243,3579.39
PO04640,2025-03-19,S02,SUP008,Received,250,3682.5
PO04641,2025-03-26,S02,SUP008,Received,260,3829.8
PO04642,2025-04-02,S02,SUP010,Received,236,2916.96
PO04643,2025-04-09,S02,SUP008,Received,246,3623.58
PO04644,2025-04-17,S02,SUP010,Received,273,3374.28
PO04645,2025-04-25,S02,SUP010,Received,257,3176.52
PO04646,2025-05-03,S02,SUP010,Received,256,3164.16
PO04647,2025-05-10,S02,SUP010,Received,251,3102.36
PO04648,2025-05-17,S02,SUP008,Received,253,3726.69
PO04649,2025-05-25,S02,SUP010,Received,240,2966.4
PO04650,2025-06-01,S02,SUP008,Received,231,3402.63
PO04651,2025-06-08,S02,SUP008,Received,244,3594.12
PO04652,2025-06-15,S02,SUP008,Received,241,3549.93
PO04653,2025-06-23,S02,SUP008,Received,245,3608.85
PO04654,2025-06-30,S02,SUP010,Received,231,2855.16
PO04655,2025-07-08,S02,SUP008,Received,231,3402.63
PO04656,2025-07-16,S02,SUP010,Received,251,3102.36
PO04657,2025-07-24,S02,SUP010,Received,238,2941.68
PO04658,2025-08-02,S02,SUP010,Received,251,3102.36
PO04659,2025-08-11,S02,SUP008,Received,259,3815.07
PO04660,2025-08-19,S02,SUP010,Received,248,3065.28
PO04661,2025-08-29,S02,SUP010,Received,256,3164.16
PO04662,2025-09-07,S02,SUP010,Received,237,2929.32
PO04663,2025-09-16,S02,SUP010,Received,238,2941.68
PO04664,2025-09-26,S02,SUP008,Received,236,3476.28
PO04665,2025-10-05,S02,SUP008,Received,249,3667.77
PO04666,2025-10-14,S02,SUP010,Received,232,2867.52
PO04667,2025-10-23,S02,SUP010,Received,248,3065.28
PO04668,2025-11-02,S02,SUP008,Received,249,3667.77
PO04669,2025-11-11,S02,SUP010,Received,245,3028.2
PO04670,2025-11-21,S02,SUP010,Received,263,3250.68
PO04671,2025-11-30,S02,SUP010,Received,244,3015.84
PO04672,2025-12-10,S02,SUP008,Received,252,3711.96
PO04673,2025-12-19,S02,SUP010,Received,260,3213.6
PO04674,2025-12-28,S02,SUP010,Received,266,3287.76
PO04675,2025-01-15,S02,SUP007,Received,384,3118.08
PO04676,2025-02-03,S02,SUP007,Received,379,3077.48
PO04677,2025-02-22,S02,SUP007,Received,391,3174.92
PO04678,2025-03-15,S02,SUP001,Received,380,2850.0
PO04679,2025-04-03,S02,SUP007,Received,383,3109.96
PO04680,2025-04-20,S02,SUP001,Received,393,2947.5
PO04681,2025-05-07,S02,SUP007,Received,387,3142.44
PO04682,2025-05-25,S02,SUP001,Received,374,2805.0
PO04683,2025-06-13,S02,SUP001,Received,379,2842.5
PO04684,2025-07-03,S02,SUP001,Received,378,2835.0
PO04685,2025-07-22,S02,SUP001,Received,376,2820.0
PO04686,2025-08-13,S02,SUP001,Received,378,2835.0
PO04687,2025-09-07,S02,SUP007,Received,385,3126.2
PO04688,2025-10-02,S02,SUP007,Received,383,3109.96
PO04689,2025-10-27,S02,SUP007,Received,376,3053.12
PO04690,2025-11-21,S02,SUP007,Received,386,3134.32
PO04691,2025-12-11,S02,SUP001,Received,374,2805.0
PO04692,2025-01-18,S02,SUP010,Received,451,1064.36
PO04693,2025-02-14,S02,SUP010,Received,442,1043.12
PO04694,2025-03-11,S02,SUP010,Received,449,1059.64
PO04695,2025-04-05,S02,SUP010,Received,439,1036.04
PO04696,2025-04-30,S02,SUP002,Received,457,1393.85
PO04697,2025-05-24,S02,SUP010,Received,452,1066.72
PO04698,2025-06-21,S02,SUP002,Received,447,1363.35
PO04699,2025-07-20,S02,SUP010,Received,449,1059.64
PO04700,2025-08-21,S02,SUP002,Received,442,1348.1
PO04701,2025-09-25,S02,SUP002,Received,440,1342.0
PO04702,2025-10-29,S02,SUP002,Received,445,1357.25
PO04703,2025-11-30,S02,SUP010,Received,440,1038.4
PO04704,2025-12-29,S02,SUP010,Received,439,1036.04
PO04705,2025-01-10,S02,SUP010,Received,146,746.06
PO04706,2025-01-25,S02,SUP010,Received,154,786.94
PO04707,2025-02-10,S02,SUP010,Received,149,761.39
PO04708,2025-02-25,S02,SUP010,Received,146,746.06
PO04709,2025-03-12,S02,SUP010,Received,149,761.39
PO04710,2025-03-25,S02,SUP010,Received,151,771.61
PO04711,2025-04-10,S02,SUP010,Received,150,766.5
PO04712,2025-04-25,S02,SUP010,Received,153,781.83
PO04713,2025-05-10,S02,SUP010,Received,154,786.94
PO04714,2025-05-23,S02,SUP010,Received,147,751.17
PO04715,2025-06-07,S02,SUP010,Received,148,756.28
PO04716,2025-06-22,S02,SUP010,Received,150,766.5
PO04717,2025-07-08,S02,SUP010,Received,146,746.06
PO04718,2025-07-28,S02,SUP010,Received,152,776.72
PO04719,2025-08-15,S02,SUP010,Received,151,771.61
PO04720,2025-09-02,S02,SUP010,Received,150,766.5
PO04721,2025-09-21,S02,SUP010,Received,146,746.06
PO04722,2025-10-12,S02,SUP010,Received,153,781.83
PO04723,2025-10-30,S02,SUP010,Received,154,786.94
PO04724,2025-11-19,S02,SUP010,Received,150,766.5
PO04725,2025-12-07,S02,SUP010,Received,154,786.94
PO04726,2025-12-24,S02,SUP010,Received,153,781.83
PO04727,2025-01-03,S02,SUP006,Received,86,2071.74
PO04728,2025-01-10,S02,SUP006,Received,94,2264.46
PO04729,2025-01-17,S02,SUP006,Received,83,1999.47
PO04730,2025-01-24,S02,SUP006,Received,81,1951.29
PO04731,2025-01-30,S02,SUP006,Received,88,2119.92
PO04732,2025-02-05,S02,SUP006,Received,95,2288.55
PO04733,2025-02-12,S02,SUP006,Received,93,2240.37
PO04734,2025-02-17,S02,SUP006,Received,87,2095.83
PO04735,2025-02-23,S02,SUP006,Received,90,2168.1
PO04736,2025-03-02,S02,SUP006,Received,83,1999.47
PO04737,2025-03-08,S02,SUP006,Received,92,2216.28
PO04738,2025-03-14,S02,SUP006,Received,82,1975.38
PO04739,2025-03-20,S02,SUP006,Received,86,2071.74
PO04740,2025-03-26,S02,SUP006,Received,85,2047.65
PO04741,2025-04-01,S02,SUP006,Received,86,2071.74
PO04742,2025-04-07,S02,SUP006,Received,95,2288.55
PO04743,2025-04-13,S02,SUP006,Received,102,2457.18
PO04744,2025-04-19,S02,SUP006,Received,87,2095.83
PO04745,2025-04-25,S02,SUP006,Received,88,2119.92
PO04746,2025-05-01,S02,SUP006,Received,99,2384.91
PO04747,2025-05-07,S02,SUP006,Received,88,2119.92
PO04748,2025-05-12,S02,SUP006,Received,82,1975.38
PO04749,2025-05-18,S02,SUP006,Received,91,2192.19
PO04750,2025-05-24,S02,SUP006,Received,91,2192.19
PO04751,2025-05-30,S02,SUP006,Received,91,2192.19
PO04752,2025-06-05,S02,SUP006,Received,83,1999.47
PO04753,2025-06-11,S02,SUP006,Received,88,2119.92
PO04754,2025-06-16,S02,SUP006,Received,89,2144.01
PO04755,2025-06-24,S02,SUP006,Received,97,2336.73
PO04756,2025-06-30,S02,SUP006,Received,87,2095.83
PO04757,2025-07-06,S02,SUP006,Received,88,2119.92
PO04758,2025-07-12,S02,SUP006,Received,85,2047.65
PO04759,2025-07-19,S02,SUP006,Received,86,2071.74
PO04760,2025-07-26,S02,SUP006,Received,97,2336.73
PO04761,2025-08-02,S02,SUP006,Received,85,2047.65
PO04762,2025-08-09,S02,SUP006,Received,86,2071.74
PO04763,2025-08-17,S02,SUP006,Received,86,2071.74
PO04764,2025-08-24,S02,SUP006,Received,82,1975.38
PO04765,2025-09-01,S02,SUP006,Received,86,2071.74
PO04766,2025-09-10,S02,SUP006,Received,90,2168.1
PO04767,2025-09-18,S02,SUP006,Received,85,2047.65
PO04768,2025-09-26,S02,SUP006,Received,90,2168.1
PO04769,2025-10-03,S02,SUP006,Received,88,2119.92
PO04770,2025-10-09,S02,SUP006,Received,85,2047.65
PO04771,2025-10-14,S02,SUP006,Received,81,1951.29
PO04772,2025-10-21,S02,SUP006,Received,85,2047.65
PO04773,2025-10-29,S02,SUP006,Received,91,2192.19
PO04774,2025-11-05,S02,SUP006,Received,81,1951.29
PO04775,2025-11-12,S02,SUP006,Received,90,2168.1
PO04776,2025-11-20,S02,SUP006,Received,91,2192.19
PO04777,2025-11-28,S02,SUP006,Received,92,2216.28
PO04778,2025-12-05,S02,SUP006,Received,91,2192.19
PO04779,2025-12-12,S02,SUP006,Received,85,2047.65
PO04780,2025-12-19,S02,SUP006,Received,93,2240.37
PO04781,2025-12-25,S02,SUP006,Received,93,2240.37
PO04782,2025-01-12,S02,SUP006,Received,371,2233.42
PO04783,2025-02-14,S02,SUP003,Received,370,1998.0
PO04784,2025-03-19,S02,SUP006,Received,374,2251.48
PO04785,2025-04-20,S02,SUP006,Received,375,2257.5
PO04786,2025-05-24,S02,SUP003,Received,377,2035.8
PO04787,2025-06-29,S02,SUP003,Received,372,2008.8
PO04788,2025-08-07,S02,SUP009,Received,371,2096.15
PO04789,2025-09-15,S02,SUP003,Received,370,1998.0
PO04790,2025-10-30,S02,SUP003,Received,373,2014.2
PO04791,2025-12-07,S02,SUP009,Received,374,2113.1
PO04792,2025-01-02,S02,SUP002,Received,97,2213.54
PO04793,2025-01-05,S02,SUP005,Received,103,2211.41
PO04794,2025-01-08,S02,SUP005,Received,104,2232.88
PO04795,2025-01-12,S02,SUP007,Received,119,2318.12
PO04796,2025-01-15,S02,SUP002,Received,94,2145.08
PO04797,2025-01-18,S02,SUP002,Received,84,1916.88
PO04798,2025-01-21,S02,SUP005,Received,87,1867.89
PO04799,2025-01-24,S02,SUP005,Received,101,2168.47
PO04800,2025-01-27,S02,SUP005,Received,104,2232.88
PO04801,2025-01-29,S02,SUP005,Received,89,1910.83
PO04802,2025-01-31,S02,SUP007,Received,86,1675.28
PO04803,2025-02-02,S02,SUP002,Received,97,2213.54
PO04804,2025-02-04,S02,SUP005,Received,110,2361.7
PO04805,2025-02-06,S02,SUP007,Received,95,1850.6
PO04806,2025-02-09,S02,SUP002,Received,101,2304.82
PO04807,2025-02-12,S02,SUP005,Received,93,1996.71
PO04808,2025-02-15,S02,SUP002,Received,100,2282.0
PO04809,2025-02-18,S02,SUP002,Received,89,2030.98
PO04810,2025-02-21,S02,SUP005,Received,91,1953.77
PO04811,2025-02-24,S02,SUP005,Received,114,2447.58
PO04812,2025-02-27,S02,SUP005,Received,91,1953.77
PO04813,2025-03-02,S02,SUP005,Received,103,2211.41
PO04814,2025-03-06,S02,SUP007,Received,120,2337.6
PO04815,2025-03-09,S02,SUP007,Received,100,1948.0
PO04816,2025-03-12,S02,SUP007,Received,111,2162.28
PO04817,2025-03-15,S02,SUP007,Received,115,2240.2
PO04818,2025-03-18,S02,SUP007,Received,86,1675.28
PO04819,2025-03-21,S02,SUP007,Received,104,2025.92
PO04820,2025-03-24,S02,SUP007,Received,107,2084.36
PO04821,2025-03-27,S02,SUP002,Received,92,2099.44
PO04822,2025-03-30,S02,SUP007,Received,91,1772.68
PO04823,2025-04-02,S02,SUP005,Received,97,2082.59
PO04824,2025-04-05,S02,SUP002,Received,111,2533.02
PO04825,2025-04-08,S02,SUP007,Received,101,1967.48
PO04826,2025-04-11,S02,SUP002,Received,114,2601.48
PO04827,2025-04-14,S02,SUP005,Received,115,2469.05
PO04828,2025-04-17,S02,SUP007,Received,91,1772.68
PO04829,2025-04-19,S02,SUP007,Received,85,1655.8
PO04830,2025-04-22,S02,SUP005,Received,98,2104.06
PO04831,2025-04-25,S02,SUP005,Received,89,1910.83
PO04832,2025-04-27,S02,SUP002,Received,85,1939.7
PO04833,2025-04-30,S02,SUP002,Received,96,2190.72
PO04834,2025-05-03,S02,SUP002,Received,116,2647.12
PO04835,2025-05-06,S02,SUP002,Received,91,2076.62
PO04836,2025-05-09,S02,SUP002,Received,97,2213.54
PO04837,2025-05-12,S02,SUP002,Received,105,2396.1
PO04838,2025-05-15,S02,SUP002,Received,87,1985.34
PO04839,2025-05-18,S02,SUP002,Received,97,2213.54
PO04840,2025-05-22,S02,SUP007,Received,104,2025.92
PO04841,2025-05-25,S02,SUP007,Received,108,2103.84
PO04842,2025-05-28,S02,SUP007,Received,105,2045.4
PO04843,2025-05-31,S02,SUP005,Received,93,1996.71
PO04844,2025-06-03,S02,SUP005,Received,100,2147.0
PO04845,2025-06-06,S02,SUP005,Received,99,2125.53
PO04846,2025-06-09,S02,SUP002,Received,113,2578.66
PO04847,2025-06-12,S02,SUP002,Received,92,2099.44
PO04848,2025-06-15,S02,SUP002,Received,108,2464.56
PO04849,2025-06-18,S02,SUP007,Received,100,1948.0
PO04850,2025-06-21,S02,SUP002,Received,86,1962.52
PO04851,2025-06-24,S02,SUP007,Received,108,2103.84
PO04852,2025-06-27,S02,SUP005,Received,90,1932.3
PO04853,2025-06-30,S02,SUP002,Received,86,1962.52
PO04854,2025-07-03,S02,SUP007,Received,86,1675.28
PO04855,2025-07-06,S02,SUP002,Received,86,1962.52
PO04856,2025-07-09,S02,SUP007,Received,85,1655.8
PO04857,2025-07-12,S02,SUP007,Received,90,1753.2
PO04858,2025-07-15,S02,SUP005,Received,90,1932.3
PO04859,2025-07-18,S02,SUP005,Received,87,1867.89
PO04860,2025-07-21,S02,SUP005,Received,87,1867.89
PO04861,2025-07-24,S02,SUP007,Received,89,1733.72
PO04862,2025-07-28,S02,SUP007,Received,115,2240.2
PO04863,2025-08-01,S02,SUP002,Received,100,2282.0
PO04864,2025-08-05,S02,SUP007,Received,102,1986.96
PO04865,2025-08-09,S02,SUP002,Received,117,2669.94
PO04866,2025-08-12,S02,SUP007,Received,97,1889.56
PO04867,2025-08-16,S02,SUP007,Received,89,1733.72
PO04868,2025-08-20,S02,SUP005,Received,98,2104.06
PO04869,2025-08-24,S02,SUP002,Received,110,2510.2
PO04870,2025-08-29,S02,SUP002,Received,105,2396.1
PO04871,2025-09-02,S02,SUP002,Received,96,2190.72
PO04872,2025-09-06,S02,SUP005,Received,110,2361.7
PO04873,2025-09-10,S02,SUP002,Received,103,2350.46
PO04874,2025-09-14,S02,SUP002,Received,101,2304.82
PO04875,2025-09-18,S02,SUP007,Received,112,2181.76
PO04876,2025-09-22,S02,SUP005,Received,98,2104.06
PO04877,2025-09-26,S02,SUP007,Received,90,1753.2
PO04878,2025-09-30,S02,SUP007,Received,91,1772.68
PO04879,2025-10-04,S02,SUP005,Received,109,2340.23
PO04880,2025-10-09,S02,SUP007,Received,106,2064.88
PO04881,2025-10-12,S02,SUP007,Received,100,1948.0
PO04882,2025-10-16,S02,SUP005,Received,95,2039.65
PO04883,2025-10-19,S02,SUP005,Received,85,1824.95
PO04884,2025-10-23,S02,SUP007,Received,92,1792.16
PO04885,2025-10-26,S02,SUP002,Received,95,2167.9
PO04886,2025-10-30,S02,SUP002,Received,102,2327.64
PO04887,2025-11-02,S02,SUP005,Received,90,1932.3
PO04888,2025-11-05,S02,SUP002,Received,85,1939.7
PO04889,2025-11-09,S02,SUP002,Received,106,2418.92
PO04890,2025-11-12,S02,SUP005,Received,89,1910.83
PO04891,2025-11-15,S02,SUP005,Received,95,2039.65
PO04892,2025-11-19,S02,SUP005,Received,105,2254.35
PO04893,2025-11-22,S02,SUP002,Received,93,2122.26
PO04894,2025-11-26,S02,SUP005,Received,104,2232.88
PO04895,2025-11-30,S02,SUP005,Received,107,2297.29
PO04896,2025-12-04,S02,SUP002,Received,101,2304.82
PO04897,2025-12-07,S02,SUP002,Received,99,2259.18
PO04898,2025-12-10,S02,SUP007,Received,92,1792.16
PO04899,2025-12-13,S02,SUP005,Received,90,1932.3
PO04900,2025-12-16,S02,SUP002,Received,112,2555.84
PO04901,2025-12-19,S02,SUP002,Received,84,1916.88
PO04902,2025-12-21,S02,SUP007,Received,86,1675.28
PO04903,2025-12-24,S02,SUP007,Received,98,1909.04
PO04904,2025-12-27,S02,SUP002,Received,96,2190.72
PO04905,2025-12-30,S02,SUP007,Received,89,1733.72
PO04906,2025-01-08,S02,SUP001,Received,453,9721.38
PO04907,2025-01-23,S02,SUP002,Received,436,9932.08
PO04908,2025-02-07,S02,SUP002,Received,428,9749.84
PO04909,2025-02-22,S02,SUP002,Received,440,10023.2
PO04910,2025-03-09,S02,SUP002,Received,432,9840.96
PO04911,2025-03-24,S02,SUP002,Received,450,10251.0
PO04912,2025-04-08,S02,SUP001,Received,441,9463.86
PO04913,2025-04-23,S02,SUP004,Received,435,8700.0
PO04914,2025-05-08,S02,SUP004,Received,442,8840.0
PO04915,2025-05-23,S02,SUP004,Received,441,8820.0
PO04916,2025-06-08,S02,SUP004,Received,438,8760.0
PO04917,2025-06-26,S02,SUP002,Received,437,9954.86
PO04918,2025-07-12,S02,SUP002,Received,440,10023.2
PO04919,2025-07-29,S02,SUP004,Received,427,8540.0
PO04920,2025-08-16,S02,SUP002,Received,440,10023.2
PO04921,2025-09-05,S02,SUP002,Received,438,9977.64
PO04922,2025-09-23,S02,SUP002,Received,428,9749.84
PO04923,2025-10-12,S02,SUP002,Received,438,9977.64
PO04924,2025-10-31,S02,SUP004,Received,427,8540.0
PO04925,2025-11-19,S02,SUP001,Received,439,9420.94
PO04926,2025-12-06,S02,SUP004,Received,448,8960.0
PO04927,2025-12-24,S02,SUP004,Received,443,8860.0
PO04928,2025-02-01,S02,SUP004,Received,263,4447.33
PO04929,2025-03-16,S02,SUP009,Received,259,3436.93
PO04930,2025-04-28,S02,SUP004,Received,259,4379.69
PO04931,2025-06-15,S02,SUP006,Received,259,4011.91
PO04932,2025-07-31,S02,SUP009,Received,262,3476.74
PO04933,2025-09-14,S02,SUP006,Received,258,3996.42
PO04934,2025-11-10,S02,SUP006,Received,258,3996.42
PO04935,2025-12-31,S02,SUP004,Received,262,4430.42
PO04936,2025-01-05,S02,SUP004,Received,222,2417.58
PO04937,2025-01-12,S02,SUP004,Received,221,2406.69
PO04938,2025-01-18,S02,SUP004,Received,211,2297.79
PO04939,2025-01-25,S02,SUP004,Received,227,2472.03
PO04940,2025-02-01,S02,SUP004,Received,244,2657.16
PO04941,2025-02-07,S02,SUP004,Received,225,2450.25
PO04942,2025-02-13,S02,SUP004,Received,208,2265.12
PO04943,2025-02-18,S02,SUP004,Received,206,2243.34
PO04944,2025-02-24,S02,SUP004,Received,224,2439.36
PO04945,2025-03-02,S02,SUP004,Received,229,2493.81
PO04946,2025-03-08,S02,SUP004,Received,237,2580.93
PO04947,2025-03-15,S02,SUP004,Received,246,2678.94
PO04948,2025-03-21,S02,SUP004,Received,234,2548.26
PO04949,2025-03-26,S02,SUP004,Received,214,2330.46
PO04950,2025-04-01,S02,SUP004,Received,223,2428.47
PO04951,2025-04-07,S02,SUP004,Received,217,2363.13
PO04952,2025-04-14,S02,SUP004,Received,239,2602.71
PO04953,2025-04-20,S02,SUP004,Received,210,2286.9
PO04954,2025-04-26,S02,SUP004,Received,230,2504.7
PO04955,2025-05-02,S02,SUP004,Received,215,2341.35
PO04956,2025-05-08,S02,SUP004,Received,225,2450.25
PO04957,2025-05-14,S02,SUP004,Received,238,2591.82
PO04958,2025-05-19,S02,SUP004,Received,205,2232.45
PO04959,2025-05-25,S02,SUP004,Received,220,2395.8
PO04960,2025-05-31,S02,SUP004,Received,224,2439.36
PO04961,2025-06-06,S02,SUP004,Received,208,2265.12
PO04962,2025-06-12,S02,SUP004,Received,237,2580.93
PO04963,2025-06-19,S02,SUP004,Received,236,2570.04
PO04964,2025-06-26,S02,SUP004,Received,225,2450.25
PO04965,2025-07-03,S02,SUP004,Received,224,2439.36
PO04966,2025-07-10,S02,SUP004,Received,226,2461.14
PO04967,2025-07-17,S02,SUP004,Received,220,2395.8
PO04968,2025-07-24,S02,SUP004,Received,224,2439.36
PO04969,2025-07-31,S02,SUP004,Received,210,2286.9
PO04970,2025-08-07,S02,SUP004,Received,211,2297.79
PO04971,2025-08-14,S02,SUP004,Received,227,2472.03
PO04972,2025-08-21,S02,SUP004,Received,217,2363.13
PO04973,2025-08-29,S02,SUP004,Received,215,2341.35
PO04974,2025-09-05,S02,SUP004,Received,220,2395.8
PO04975,2025-09-10,S02,SUP004,Received,208,2265.12
PO04976,2025-09-17,S02,SUP004,Received,211,2297.79
PO04977,2025-09-25,S02,SUP004,Received,210,2286.9
PO04978,2025-10-02,S02,SUP004,Received,207,2254.23
PO04979,2025-10-10,S02,SUP004,Received,221,2406.69
PO04980,2025-10-17,S02,SUP004,Received,209,2276.01
PO04981,2025-10-25,S02,SUP004,Received,232,2526.48
PO04982,2025-11-03,S02,SUP004,Received,229,2493.81
PO04983,2025-11-11,S02,SUP004,Received,230,2504.7
PO04984,2025-11-19,S02,SUP004,Received,220,2395.8
PO04985,2025-11-26,S02,SUP004,Received,224,2439.36
PO04986,2025-12-02,S02,SUP004,Received,232,2526.48
PO04987,2025-12-07,S02,SUP004,Received,233,2537.37
PO04988,2025-12-15,S02,SUP004,Received,224,2439.36
PO04989,2025-12-22,S02,SUP004,Received,209,2276.01
PO04990,2025-12-29,S02,SUP004,Received,223,2428.47
PO04991,2025-01-16,S02,SUP005,Received,420,5367.6
PO04992,2025-02-06,S02,SUP005,Received,425,5431.5
PO04993,2025-02-23,S02,SUP005,Received,416,5316.48
PO04994,2025-03-13,S02,SUP005,Received,413,5278.14
PO04995,2025-04-01,S02,SUP004,Received,416,5120.96
PO04996,2025-04-20,S02,SUP004,Received,414,5096.34
PO04997,2025-05-10,S02,SUP005,Received,429,5482.62
PO04998,2025-05-29,S02,SUP004,Received,425,5231.75
PO04999,2025-06-18,S02,SUP005,Received,421,5380.38
PO05000,2025-07-10,S02,SUP004,Received,420,5170.2
PO05001,2025-08-01,S02,SUP004,Received,419,5157.89
PO05002,2025-08-24,S02,SUP005,Received,426,5444.28
PO05003,2025-09-17,S02,SUP004,Received,417,5133.27
PO05004,2025-10-12,S02,SUP005,Received,422,5393.16
PO05005,2025-11-04,S02,SUP004,Received,411,5059.41
PO05006,2025-11-28,S02,SUP005,Received,418,5342.04
PO05007,2025-12-21,S02,SUP005,Received,417,5329.26
PO05008,2025-01-05,S02,SUP009,Received,319,8440.74
PO05009,2025-01-17,S02,SUP007,Received,308,6963.88
PO05010,2025-01-28,S02,SUP009,Received,311,8229.06
PO05011,2025-02-08,S02,SUP009,Received,319,8440.74
PO05012,2025-02-19,S02,SUP010,Received,319,7569.87
PO05013,2025-03-02,S02,SUP010,Received,319,7569.87
PO05014,2025-03-13,S02,SUP007,Received,318,7189.98
PO05015,2025-03-24,S02,SUP007,Received,319,7212.59
PO05016,2025-04-04,S02,SUP007,Received,319,7212.59
PO05017,2025-04-14,S02,SUP007,Received,316,7144.76
PO05018,2025-04-25,S02,SUP009,Received,319,8440.74
PO05019,2025-05-05,S02,SUP009,Received,310,8202.6
PO05020,2025-05-17,S02,SUP007,Received,319,7212.59
PO05021,2025-05-27,S02,SUP009,Received,308,8149.68
PO05022,2025-06-08,S02,SUP007,Received,319,7212.59
PO05023,2025-06-21,S02,SUP009,Received,319,8440.74
PO05024,2025-07-02,S02,SUP010,Received,319,7569.87
PO05025,2025-07-14,S02,SUP007,Received,312,7054.32
PO05026,2025-07-27,S02,SUP009,Received,319,8440.74
PO05027,2025-08-10,S02,SUP007,Received,319,7212.59
PO05028,2025-08-22,S02,SUP009,Received,308,8149.68
PO05029,2025-09-04,S02,SUP007,Received,312,7054.32
PO05030,2025-09-18,S02,SUP007,Received,311,7031.71
PO05031,2025-10-01,S02,SUP010,Received,308,7308.84
PO05032,2025-10-14,S02,SUP010,Received,317,7522.41
PO05033,2025-10-29,S02,SUP009,Received,319,8440.74
PO05034,2025-11-11,S02,SUP007,Received,309,6986.49
PO05035,2025-11-24,S02,SUP009,Received,319,8440.74
PO05036,2025-12-08,S02,SUP010,Received,314,7451.22
PO05037,2025-12-21,S02,SUP010,Received,319,7569.87
PO05038,2025-01-06,S02,SUP009,Received,388,9894.0
PO05039,2025-01-18,S02,SUP010,Received,379,7959.0
PO05040,2025-01-29,S02,SUP010,Received,368,7728.0
PO05041,2025-02-09,S02,SUP005,Received,364,7869.68
PO05042,2025-02-20,S02,SUP010,Received,398,8358.0
PO05043,2025-03-01,S02,SUP010,Received,382,8022.0
PO05044,2025-03-11,S02,SUP010,Received,362,7602.0
PO05045,2025-03-21,S02,SUP005,Received,360,7783.2
PO05046,2025-03-31,S02,SUP010,Received,381,8001.0
PO05047,2025-04-10,S02,SUP010,Received,398,8358.0
PO05048,2025-04-20,S02,SUP009,Received,361,9205.5
PO05049,2025-04-30,S02,SUP005,Received,360,7783.2
PO05050,2025-05-10,S02,SUP005,Received,388,8388.56
PO05051,2025-05-21,S02,SUP009,Received,372,9486.0
PO05052,2025-05-31,S02,SUP010,Received,360,7560.0
PO05053,2025-06-11,S02,SUP010,Received,376,7896.0
PO05054,2025-06-23,S02,SUP005,Received,391,8453.42
PO05055,2025-07-04,S02,SUP005,Received,403,8712.86
PO05056,2025-07-17,S02,SUP009,Received,394,10047.0
PO05057,2025-07-29,S02,SUP010,Received,378,7938.0
PO05058,2025-08-11,S02,SUP010,Received,374,7854.0
PO05059,2025-08-24,S02,SUP010,Received,382,8022.0
PO05060,2025-09-06,S02,SUP005,Received,379,8193.98
PO05061,2025-09-19,S02,SUP009,Received,382,9741.0
PO05062,2025-10-03,S02,SUP009,Received,376,9588.0
PO05063,2025-10-16,S02,SUP009,Received,374,9537.0
PO05064,2025-10-30,S02,SUP005,Received,379,8193.98
PO05065,2025-11-10,S02,SUP009,Received,362,9231.0
PO05066,2025-11-23,S02,SUP005,Received,385,8323.7
PO05067,2025-12-06,S02,SUP010,Received,396,8316.0
PO05068,2025-12-18,S02,SUP009,Received,370,9435.0
PO05069,2025-12-29,S02,SUP009,Received,363,9256.5
PO05070,2025-01-01,S02,SUP003,Received,54,990.9
PO05071,2025-01-02,S02,SUP003,Received,35,642.25
PO05072,2025-01-03,S02,SUP003,Received,38,697.3
PO05073,2025-01-04,S02,SUP003,Received,38,697.3
PO05074,2025-01-05,S02,SUP003,Received,40,734.0
PO05075,2025-01-06,S02,SUP003,Received,29,532.15
PO05076,2025-01-07,S02,SUP003,Received,36,660.6
PO05077,2025-01-08,S02,SUP003,Received,29,532.15
PO05078,2025-01-09,S02,SUP003,Received,33,605.55
PO05079,2025-01-10,S02,SUP003,Received,40,734.0
PO05080,2025-01-11,S02,SUP003,Received,33,605.55
PO05081,2025-01-12,S02,SUP003,Received,41,752.35
PO05082,2025-01-14,S02,SUP003,Received,62,1137.7
PO05083,2025-01-15,S02,SUP003,Received,33,605.55
PO05084,2025-01-16,S02,SUP003,Received,39,715.65
PO05085,2025-01-17,S02,SUP003,Received,33,605.55
PO05086,2025-01-18,S02,SUP003,Received,42,770.7
PO05087,2025-01-19,S02,SUP003,Received,34,623.9
PO05088,2025-01-21,S02,SUP003,Received,49,899.15
PO05089,2025-01-23,S02,SUP003,Received,66,1211.1
PO05090,2025-01-24,S02,SUP003,Received,35,642.25
PO05091,2025-01-25,S02,SUP003,Received,46,844.1
PO05092,2025-01-26,S02,SUP003,Received,32,587.2
PO05093,2025-01-28,S02,SUP003,Received,60,1101.0
PO05094,2025-01-29,S02,SUP003,Received,30,550.5
PO05095,2025-01-31,S02,SUP003,Received,62,1137.7
PO05096,2025-02-01,S02,SUP003,Received,41,752.35
PO05097,2025-02-02,S02,SUP003,Received,54,990.9
PO05098,2025-02-03,S02,SUP003,Received,45,825.75
PO05099,2025-02-04,S02,SUP003,Received,32,587.2
PO05100,2025-02-05,S02,SUP003,Received,37,678.95
PO05101,2025-02-06,S02,SUP003,Received,32,587.2
PO05102,2025-02-08,S02,SUP003,Received,68,1247.8
PO05103,2025-02-09,S02,SUP003,Received,42,770.7
PO05104,2025-02-10,S02,SUP003,Received,32,587.2
PO05105,2025-02-11,S02,SUP003,Received,29,532.15
PO05106,2025-02-12,S02,SUP003,Received,29,532.15
PO05107,2025-02-13,S02,SUP003,Received,31,568.85
PO05108,2025-02-14,S02,SUP003,Received,38,697.3
PO05109,2025-02-15,S02,SUP003,Received,38,697.3
PO05110,2025-02-16,S02,SUP003,Received,48,880.8
PO05111,2025-02-17,S02,SUP003,Received,31,568.85
PO05112,2025-02-18,S02,SUP003,Received,37,678.95
PO05113,2025-02-19,S02,SUP003,Received,37,678.95
PO05114,2025-02-20,S02,SUP003,Received,29,532.15
PO05115,2025-02-21,S02,SUP003,Received,36,660.6
PO05116,2025-02-22,S02,SUP003,Received,34,623.9
PO05117,2025-02-23,S02,SUP003,Received,36,660.6
PO05118,2025-02-24,S02,SUP003,Received,33,605.55
PO05119,2025-02-26,S02,SUP003,Received,56,1027.6
PO05120,2025-02-27,S02,SUP003,Received,32,587.2
PO05121,2025-02-28,S02,SUP003,Received,39,715.65
PO05122,2025-03-01,S02,SUP003,Received,48,880.8
PO05123,2025-03-02,S02,SUP003,Received,38,697.3
PO05124,2025-03-03,S02,SUP003,Received,37,678.95
PO05125,2025-03-04,S02,SUP003,Received,40,734.0
PO05126,2025-03-05,S02,SUP003,Received,35,642.25
PO05127,2025-03-06,S02,SUP003,Received,35,642.25
PO05128,2025-03-07,S02,SUP003,Received,36,660.6
PO05129,2025-03-08,S02,SUP003,Received,36,660.6
PO05130,2025-03-09,S02,SUP003,Received,51,935.85
PO05131,2025-03-10,S02,SUP003,Received,30,550.5
PO05132,2025-03-11,S02,SUP003,Received,48,880.8
PO05133,2025-03-12,S02,SUP003,Received,34,623.9
PO05134,2025-03-13,S02,SUP003,Received,32,587.2
PO05135,2025-03-14,S02,SUP003,Received,30,550.5
PO05136,2025-03-15,S02,SUP003,Received,34,623.9
PO05137,2025-03-16,S02,SUP003,Received,45,825.75
PO05138,2025-03-17,S02,SUP003,Received,35,642.25
PO05139,2025-03-19,S02,SUP003,Received,66,1211.1
PO05140,2025-03-20,S02,SUP003,Received,37,678.95
PO05141,2025-03-21,S02,SUP003,Received,32,587.2
PO05142,2025-03-22,S02,SUP003,Received,59,1082.65
PO05143,2025-03-23,S02,SUP003,Received,36,660.6
PO05144,2025-03-24,S02,SUP003,Received,30,550.5
PO05145,2025-03-25,S02,SUP003,Received,43,789.05
PO05146,2025-03-26,S02,SUP003,Received,37,678.95
PO05147,2025-03-27,S02,SUP003,Received,37,678.95
PO05148,2025-03-28,S02,SUP003,Received,37,678.95
PO05149,2025-03-29,S02,SUP003,Received,39,715.65
PO05150,2025-03-30,S02,SUP003,Received,51,935.85
PO05151,2025-03-31,S02,SUP003,Received,38,697.3
PO05152,2025-04-01,S02,SUP003,Received,36,660.6
PO05153,2025-04-02,S02,SUP003,Received,36,660.6
PO05154,2025-04-03,S02,SUP003,Received,37,678.95
PO05155,2025-04-04,S02,SUP003,Received,43,789.05
PO05156,2025-04-05,S02,SUP003,Received,47,862.45
PO05157,2025-04-06,S02,SUP003,Received,41,752.35
PO05158,2025-04-07,S02,SUP003,Received,43,789.05
PO05159,2025-04-08,S02,SUP003,Received,31,568.85
PO05160,2025-04-09,S02,SUP003,Received,34,623.9
PO05161,2025-04-10,S02,SUP003,Received,40,734.0
PO05162,2025-04-11,S02,SUP003,Received,56,1027.6
PO05163,2025-04-12,S02,SUP003,Received,51,935.85
PO05164,2025-04-13,S02,SUP003,Received,31,568.85
PO05165,2025-04-14,S02,SUP003,Received,41,752.35
PO05166,2025-04-15,S02,SUP003,Received,30,550.5
PO05167,2025-04-17,S02,SUP003,Received,55,1009.25
PO05168,2025-04-18,S02,SUP003,Received,30,550.5
PO05169,2025-04-19,S02,SUP003,Received,39,715.65
PO05170,2025-04-20,S02,SUP003,Received,39,715.65
PO05171,2025-04-21,S02,SUP003,Received,34,623.9
PO05172,2025-04-22,S02,SUP003,Received,41,752.35
PO05173,2025-04-23,S02,SUP003,Received,38,697.3
PO05174,2025-04-24,S02,SUP003,Received,33,605.55
PO05175,2025-04-25,S02,SUP003,Received,34,623.9
PO05176,2025-04-26,S02,SUP003,Received,47,862.45
PO05177,2025-04-27,S02,SUP003,Received,50,917.5
PO05178,2025-04-28,S02,SUP003,Received,31,568.85
PO05179,2025-04-29,S02,SUP003,Received,42,770.7
PO05180,2025-04-30,S02,SUP003,Received,29,532.15
PO05181,2025-05-01,S02,SUP003,Received,38,697.3
PO05182,2025-05-03,S02,SUP003,Received,66,1211.1
PO05183,2025-05-04,S02,SUP003,Received,34,623.9
PO05184,2025-05-05,S02,SUP003,Received,31,568.85
PO05185,2025-05-06,S02,SUP003,Received,35,642.25
PO05186,2025-05-07,S02,SUP003,Received,36,660.6
PO05187,2025-05-08,S02,SUP003,Received,34,623.9
PO05188,2025-05-09,S02,SUP003,Received,30,550.5
PO05189,2025-05-10,S02,SUP003,Received,45,825.75
PO05190,2025-05-11,S02,SUP003,Received,51,935.85
PO05191,2025-05-12,S02,SUP003,Received,31,568.85
PO05192,2025-05-13,S02,SUP003,Received,38,697.3
PO05193,2025-05-14,S02,SUP003,Received,41,752.35
PO05194,2025-05-15,S02,SUP003,Received,46,844.1
PO05195,2025-05-16,S02,SUP003,Received,32,587.2
PO05196,2025-05-17,S02,SUP003,Received,53,972.55
PO05197,2025-05-18,S02,SUP003,Received,33,605.55
PO05198,2025-05-19,S02,SUP003,Received,36,660.6
PO05199,2025-05-20,S02,SUP003,Received,29,532.15
PO05200,2025-05-22,S02,SUP003,Received,56,1027.6
PO05201,2025-05-23,S02,SUP003,Received,30,550.5
PO05202,2025-05-25,S02,SUP003,Received,61,1119.35
PO05203,2025-05-26,S02,SUP003,Received,41,752.35
PO05204,2025-05-27,S02,SUP003,Received,38,697.3
PO05205,2025-05-28,S02,SUP003,Received,33,605.55
PO05206,2025-05-29,S02,SUP003,Received,30,550.5
PO05207,2025-05-30,S02,SUP003,Received,32,587.2
PO05208,2025-05-31,S02,SUP003,Received,36,660.6
PO05209,2025-06-01,S02,SUP003,Received,35,642.25
PO05210,2025-06-02,S02,SUP003,Received,34,623.9
PO05211,2025-06-03,S02,SUP003,Received,32,587.2
PO05212,2025-06-04,S02,SUP003,Received,30,550.5
PO05213,2025-06-05,S02,SUP003,Received,37,678.95
PO05214,2025-06-06,S02,SUP003,Received,31,568.85
PO05215,2025-06-07,S02,SUP003,Received,37,678.95
PO05216,2025-06-08,S02,SUP003,Received,47,862.45
PO05217,2025-06-09,S02,SUP003,Received,38,697.3
PO05218,2025-06-11,S02,SUP003,Received,60,1101.0
PO05219,2025-06-12,S02,SUP003,Received,48,880.8
PO05220,2025-06-13,S02,SUP003,Received,31,568.85
PO05221,2025-06-14,S02,SUP003,Received,35,642.25
PO05222,2025-06-15,S02,SUP003,Received,32,587.2
PO05223,2025-06-16,S02,SUP003,Received,31,568.85
PO05224,2025-06-17,S02,SUP003,Received,33,605.55
PO05225,2025-06-18,S02,SUP003,Received,29,532.15
PO05226,2025-06-20,S02,SUP003,Received,57,1045.95
PO05227,2025-06-21,S02,SUP003,Received,40,734.0
PO05228,2025-06-22,S02,SUP003,Received,31,568.85
PO05229,2025-06-23,S02,SUP003,Received,31,568.85
PO05230,2025-06-24,S02,SUP003,Received,31,568.85
PO05231,2025-06-25,S02,SUP003,Received,30,550.5
PO05232,2025-06-26,S02,SUP003,Received,32,587.2
PO05233,2025-06-28,S02,SUP003,Received,60,1101.0
PO05234,2025-06-29,S02,SUP003,Received,32,587.2
PO05235,2025-07-01,S02,SUP003,Received,61,1119.35
PO05236,2025-07-02,S02,SUP003,Received,33,605.55
PO05237,2025-07-04,S02,SUP003,Received,61,1119.35
PO05238,2025-07-05,S02,SUP003,Received,37,678.95
PO05239,2025-07-06,S02,SUP003,Received,40,734.0
PO05240,2025-07-08,S02,SUP003,Received,51,935.85
PO05241,2025-07-09,S02,SUP003,Received,32,587.2
PO05242,2025-07-10,S02,SUP003,Received,33,605.55
PO05243,2025-07-11,S02,SUP003,Received,31,568.85
PO05244,2025-07-12,S02,SUP003,Received,39,715.65
PO05245,2025-07-13,S02,SUP003,Received,37,678.95
PO05246,2025-07-15,S02,SUP003,Received,51,935.85
PO05247,2025-07-16,S02,SUP003,Received,36,660.6
PO05248,2025-07-18,S02,SUP003,Received,59,1082.65
PO05249,2025-07-20,S02,SUP003,Received,58,1064.3
PO05250,2025-07-21,S02,SUP003,Received,29,532.15
PO05251,2025-07-22,S02,SUP003,Received,40,734.0
PO05252,2025-07-23,S02,SUP003,Received,31,568.85
PO05253,2025-07-25,S02,SUP003,Received,56,1027.6
PO05254,2025-07-27,S02,SUP003,Received,58,1064.3
PO05255,2025-07-28,S02,SUP003,Received,37,678.95
PO05256,2025-07-30,S02,SUP003,Received,65,1192.75
PO05257,2025-07-31,S02,SUP003,Received,32,587.2
PO05258,2025-08-02,S02,SUP003,Received,50,917.5
PO05259,2025-08-03,S02,SUP003,Received,40,734.0
PO05260,2025-08-04,S02,SUP003,Received,38,697.3
PO05261,2025-08-06,S02,SUP003,Received,51,935.85
PO05262,2025-08-08,S02,SUP003,Received,45,825.75
PO05263,2025-08-09,S02,SUP003,Received,44,807.4
PO05264,2025-08-10,S02,SUP003,Received,35,642.25
PO05265,2025-08-11,S02,SUP003,Received,31,568.85
PO05266,2025-08-13,S02,SUP003,Received,51,935.85
PO05267,2025-08-14,S02,SUP003,Received,29,532.15
PO05268,2025-08-16,S02,SUP003,Received,61,1119.35
PO05269,2025-08-18,S02,SUP003,Received,56,1027.6
PO05270,2025-08-19,S02,SUP003,Received,29,532.15
PO05271,2025-08-21,S02,SUP003,Received,52,954.2
PO05272,2025-08-22,S02,SUP003,Received,29,532.15
PO05273,2025-08-23,S02,SUP003,Received,32,587.2
PO05274,2025-08-24,S02,SUP003,Received,35,642.25
PO05275,2025-08-25,S02,SUP003,Received,31,568.85
PO05276,2025-08-27,S02,SUP003,Received,57,1045.95
PO05277,2025-08-29,S02,SUP003,Received,59,1082.65
PO05278,2025-08-30,S02,SUP003,Received,41,752.35
PO05279,2025-08-31,S02,SUP003,Received,35,642.25
PO05280,2025-09-02,S02,SUP003,Received,55,1009.25
PO05281,2025-09-04,S02,SUP003,Received,39,715.65
PO05282,2025-09-06,S02,SUP003,Received,61,1119.35
PO05283,2025-09-07,S02,SUP003,Received,37,678.95
PO05284,2025-09-08,S02,SUP003,Received,34,623.9
PO05285,2025-09-09,S02,SUP003,Received,29,532.15
PO05286,2025-09-10,S02,SUP003,Received,29,532.15
PO05287,2025-09-11,S02,SUP003,Received,32,587.2
PO05288,2025-09-13,S02,SUP003,Received,52,954.2
PO05289,2025-09-15,S02,SUP003,Received,39,715.65
PO05290,2025-09-17,S02,SUP003,Received,60,1101.0
PO05291,2025-09-18,S02,SUP003,Received,29,532.15
PO05292,2025-09-20,S02,SUP003,Received,52,954.2
PO05293,2025-09-21,S02,SUP003,Received,41,752.35
PO05294,2025-09-23,S02,SUP003,Received,55,1009.25
PO05295,2025-09-25,S02,SUP003,Received,49,899.15
PO05296,2025-09-27,S02,SUP003,Received,62,1137.7
PO05297,2025-09-28,S02,SUP003,Received,31,568.85
PO05298,2025-09-30,S02,SUP003,Received,49,899.15
PO05299,2025-10-02,S02,SUP003,Received,47,862.45
PO05300,2025-10-04,S02,SUP003,Received,58,1064.3
PO05301,2025-10-05,S02,SUP003,Received,36,660.6
PO05302,2025-10-06,S02,SUP003,Received,32,587.2
PO05303,2025-10-08,S02,SUP003,Received,51,935.85
PO05304,2025-10-09,S02,SUP003,Received,32,587.2
PO05305,2025-10-11,S02,SUP003,Received,64,1174.4
PO05306,2025-10-13,S02,SUP003,Received,50,917.5
PO05307,2025-10-15,S02,SUP003,Received,44,807.4
PO05308,2025-10-17,S02,SUP003,Received,47,862.45
PO05309,2025-10-19,S02,SUP003,Received,63,1156.05
PO05310,2025-10-20,S02,SUP003,Received,31,568.85
PO05311,2025-10-22,S02,SUP003,Received,46,844.1
PO05312,2025-10-24,S02,SUP003,Received,45,825.75
PO05313,2025-10-25,S02,SUP003,Received,39,715.65
PO05314,2025-10-27,S02,SUP003,Received,49,899.15
PO05315,2025-10-29,S02,SUP003,Received,41,752.35
PO05316,2025-10-30,S02,SUP003,Received,29,532.15
PO05317,2025-11-01,S02,SUP003,Received,57,1045.95
PO05318,2025-11-02,S02,SUP003,Received,30,550.5
PO05319,2025-11-03,S02,SUP003,Received,33,605.55
PO05320,2025-11-04,S02,SUP003,Received,32,587.2
PO05321,2025-11-06,S02,SUP003,Received,52,954.2
PO05322,2025-11-08,S02,SUP003,Received,59,1082.65
PO05323,2025-11-09,S02,SUP003,Received,31,568.85
PO05324,2025-11-10,S02,SUP003,Received,35,642.25
PO05325,2025-11-12,S02,SUP003,Received,56,1027.6
PO05326,2025-11-13,S02,SUP003,Received,30,550.5
PO05327,2025-11-15,S02,SUP003,Received,52,954.2
PO05328,2025-11-16,S02,SUP003,Received,31,568.85
PO05329,2025-11-18,S02,SUP003,Received,52,954.2
PO05330,2025-11-19,S02,SUP003,Received,29,532.15
PO05331,2025-11-20,S02,SUP003,Received,34,623.9
PO05332,2025-11-22,S02,SUP003,Received,61,1119.35
PO05333,2025-11-23,S02,SUP003,Received,33,605.55
PO05334,2025-11-25,S02,SUP003,Received,51,935.85
PO05335,2025-11-27,S02,SUP003,Received,50,917.5
PO05336,2025-11-28,S02,SUP003,Received,35,642.25
PO05337,2025-11-29,S02,SUP003,Received,33,605.55
PO05338,2025-11-30,S02,SUP003,Received,33,605.55
PO05339,2025-12-02,S02,SUP003,Received,56,1027.6
PO05340,2025-12-04,S02,SUP003,Received,56,1027.6
PO05341,2025-12-06,S02,SUP003,Received,61,1119.35
PO05342,2025-12-07,S02,SUP003,Received,33,605.55
PO05343,2025-12-09,S02,SUP003,Received,42,770.7
PO05344,2025-12-11,S02,SUP003,Received,60,1101.0
PO05345,2025-12-12,S02,SUP003,Received,37,678.95
PO05346,2025-12-14,S02,SUP003,Received,60,1101.0
PO05347,2025-12-15,S02,SUP003,Received,30,550.5
PO05348,2025-12-17,S02,SUP003,Received,51,935.85
PO05349,2025-12-19,S02,SUP003,Received,51,935.85
PO05350,2025-12-20,S02,SUP003,Received,33,605.55
PO05351,2025-12-21,S02,SUP003,Received,34,623.9
PO05352,2025-12-22,S02,SUP003,Received,37,678.95
PO05353,2025-12-23,S02,SUP003,Received,35,642.25
PO05354,2025-12-24,S02,SUP003,Received,34,623.9
PO05355,2025-12-26,S02,SUP003,Received,51,935.85
PO05356,2025-12-27,S02,SUP003,Received,34,623.9
PO05357,2025-12-28,S02,SUP003,Received,46,844.1
PO05358,2025-12-30,S02,SUP003,Received,49,899.15
PO05359,2025-01-06,S02,SUP008,Received,104,303.68
PO05360,2025-01-22,S02,SUP008,Received,107,312.44
PO05361,2025-02-04,S02,SUP008,Received,102,297.84
PO05362,2025-02-19,S02,SUP008,Received,109,318.28
PO05363,2025-03-05,S02,SUP004,Received,104,244.4
PO05364,2025-03-20,S02,SUP004,Received,107,251.45
PO05365,2025-03-31,S02,SUP004,Received,106,249.1
PO05366,2025-04-14,S02,SUP008,Received,106,309.52
PO05367,2025-04-27,S02,SUP008,Received,104,303.68
PO05368,2025-05-11,S02,SUP008,Received,109,318.28
PO05369,2025-05-26,S02,SUP008,Received,108,315.36
PO05370,2025-06-06,S02,SUP004,Received,102,239.7
PO05371,2025-06-22,S02,SUP008,Received,107,312.44
PO05372,2025-07-05,S02,SUP004,Received,104,244.4
PO05373,2025-07-20,S02,SUP004,Received,112,263.2
PO05374,2025-08-08,S02,SUP008,Received,111,324.12
PO05375,2025-08-23,S02,SUP008,Received,103,300.76
PO05376,2025-09-12,S02,SUP004,Received,107,251.45
PO05377,2025-09-27,S02,SUP008,Received,105,306.6
PO05378,2025-10-15,S02,SUP008,Received,104,303.68
PO05379,2025-11-02,S02,SUP004,Received,108,253.8
PO05380,2025-11-18,S02,SUP008,Received,107,312.44
PO05381,2025-12-04,S02,SUP004,Received,105,246.75
PO05382,2025-12-20,S02,SUP004,Received,106,249.1
PO05383,2025-01-08,S02,SUP009,Received,236,1944.64
PO05384,2025-01-18,S02,SUP009,Received,242,1994.08
PO05385,2025-01-27,S02,SUP009,Received,226,1862.24
PO05386,2025-02-06,S02,SUP009,Received,241,1985.84
PO05387,2025-02-14,S02,SUP009,Received,229,1886.96
PO05388,2025-02-22,S02,SUP009,Received,223,1837.52
PO05389,2025-03-03,S02,SUP009,Received,237,1952.88
PO05390,2025-03-10,S02,SUP009,Received,226,1862.24
PO05391,2025-03-20,S02,SUP009,Received,227,1870.48
PO05392,2025-03-29,S02,SUP009,Received,237,1952.88
PO05393,2025-04-07,S02,SUP009,Received,231,1903.44
PO05394,2025-04-16,S02,SUP009,Received,227,1870.48
PO05395,2025-04-25,S02,SUP009,Received,244,2010.56
PO05396,2025-05-04,S02,SUP009,Received,250,2060.0
PO05397,2025-05-13,S02,SUP009,Received,246,2027.04
PO05398,2025-05-22,S02,SUP009,Received,236,1944.64
PO05399,2025-05-31,S02,SUP009,Received,247,2035.28
PO05400,2025-06-10,S02,SUP009,Received,236,1944.64
PO05401,2025-06-19,S02,SUP009,Received,230,1895.2
PO05402,2025-06-29,S02,SUP009,Received,238,1961.12
PO05403,2025-07-11,S02,SUP009,Received,225,1854.0
PO05404,2025-07-21,S02,SUP009,Received,233,1919.92
PO05405,2025-08-01,S02,SUP009,Received,236,1944.64
PO05406,2025-08-12,S02,SUP009,Received,231,1903.44
PO05407,2025-08-24,S02,SUP009,Received,231,1903.44
PO05408,2025-09-05,S02,SUP009,Received,237,1952.88
PO05409,2025-09-15,S02,SUP009,Received,234,1928.16
PO05410,2025-09-28,S02,SUP009,Received,227,1870.48
PO05411,2025-10-10,S02,SUP009,Received,231,1903.44
PO05412,2025-10-21,S02,SUP009,Received,230,1895.2
PO05413,2025-11-02,S02,SUP009,Received,231,1903.44
PO05414,2025-11-13,S02,SUP009,Received,242,1994.08
PO05415,2025-11-24,S02,SUP009,Received,231,1903.44
PO05416,2025-12-06,S02,SUP009,Received,234,1928.16
PO05417,2025-12-16,S02,SUP009,Received,225,1854.0
PO05418,2025-12-26,S02,SUP009,Received,229,1886.96
PO05419,2025-01-04,S02,SUP007,Received,88,2141.92
PO05420,2025-01-12,S02,SUP007,Received,84,2044.56
PO05421,2025-01-18,S02,SUP007,Received,82,1995.88
PO05422,2025-01-26,S02,SUP007,Received,103,2507.02
PO05423,2025-02-02,S02,SUP007,Received,86,2093.24
PO05424,2025-02-09,S02,SUP007,Received,95,2312.3
PO05425,2025-02-16,S02,SUP007,Received,89,2166.26
PO05426,2025-02-23,S02,SUP007,Received,90,2190.6
PO05427,2025-03-02,S02,SUP007,Received,90,2190.6
PO05428,2025-03-09,S02,SUP007,Received,83,2020.22
PO05429,2025-03-17,S02,SUP007,Received,88,2141.92
PO05430,2025-03-23,S02,SUP007,Received,96,2336.64
PO05431,2025-03-29,S02,SUP007,Received,96,2336.64
PO05432,2025-04-05,S02,SUP007,Received,93,2263.62
PO05433,2025-04-12,S02,SUP007,Received,91,2214.94
PO05434,2025-04-17,S02,SUP007,Received,84,2044.56
PO05435,2025-04-23,S02,SUP007,Received,93,2263.62
PO05436,2025-04-29,S02,SUP007,Received,84,2044.56
PO05437,2025-05-06,S02,SUP007,Received,86,2093.24
PO05438,2025-05-11,S02,SUP007,Received,84,2044.56
PO05439,2025-05-18,S02,SUP007,Received,85,2068.9
PO05440,2025-05-25,S02,SUP007,Received,81,1971.54
PO05441,2025-06-01,S02,SUP007,Received,97,2360.98
PO05442,2025-06-08,S02,SUP007,Received,94,2287.96
PO05443,2025-06-15,S02,SUP007,Received,88,2141.92
PO05444,2025-06-22,S02,SUP007,Received,86,2093.24
PO05445,2025-06-30,S02,SUP007,Received,87,2117.58
PO05446,2025-07-08,S02,SUP007,Received,84,2044.56
PO05447,2025-07-16,S02,SUP007,Received,95,2312.3
PO05448,2025-07-24,S02,SUP007,Received,81,1971.54
PO05449,2025-08-02,S02,SUP007,Received,90,2190.6
PO05450,2025-08-10,S02,SUP007,Received,82,1995.88
PO05451,2025-08-18,S02,SUP007,Received,82,1995.88
PO05452,2025-08-26,S02,SUP007,Received,81,1971.54
PO05453,2025-09-04,S02,SUP007,Received,81,1971.54
PO05454,2025-09-11,S02,SUP007,Received,84,2044.56
PO05455,2025-09-18,S02,SUP007,Received,81,1971.54
PO05456,2025-09-26,S02,SUP007,Received,81,1971.54
PO05457,2025-10-04,S02,SUP007,Received,83,2020.22
PO05458,2025-10-14,S02,SUP007,Received,87,2117.58
PO05459,2025-10-23,S02,SUP007,Received,83,2020.22
PO05460,2025-11-01,S02,SUP007,Received,82,1995.88
PO05461,2025-11-10,S02,SUP007,Received,86,2093.24
PO05462,2025-11-17,S02,SUP007,Received,90,2190.6
PO05463,2025-11-25,S02,SUP007,Received,92,2239.28
PO05464,2025-12-04,S02,SUP007,Received,81,1971.54
PO05465,2025-12-13,S02,SUP007,Received,94,2287.96
PO05466,2025-12-21,S02,SUP007,Received,91,2214.94
PO05467,2025-12-28,S02,SUP007,Received,84,2044.56
PO05468,2025-01-07,S02,SUP008,Received,295,5619.75
PO05469,2025-01-18,S02,SUP003,Received,289,4150.04
PO05470,2025-01-28,S02,SUP008,Received,301,5734.05
PO05471,2025-02-07,S02,SUP008,Received,309,5886.45
PO05472,2025-02-17,S02,SUP008,Received,310,5905.5
PO05473,2025-02-27,S02,SUP008,Received,287,5467.35
PO05474,2025-03-09,S02,SUP003,Received,307,4408.52
PO05475,2025-03-17,S02,SUP003,Received,297,4264.92
PO05476,2025-03-27,S02,SUP008,Received,310,5905.5
PO05477,2025-04-05,S02,SUP003,Received,294,4221.84
PO05478,2025-04-14,S02,SUP008,Received,317,6038.85
PO05479,2025-04-23,S02,SUP008,Received,286,5448.3
PO05480,2025-05-02,S02,SUP003,Received,295,4236.2
PO05481,2025-05-11,S02,SUP003,Received,301,4322.36
PO05482,2025-05-21,S02,SUP008,Received,290,5524.5
PO05483,2025-05-31,S02,SUP003,Received,313,4494.68
PO05484,2025-06-09,S02,SUP003,Received,299,4293.64
PO05485,2025-06-19,S02,SUP008,Received,293,5581.65
PO05486,2025-06-29,S02,SUP008,Received,282,5372.1
PO05487,2025-07-11,S02,SUP003,Received,298,4279.28
PO05488,2025-07-21,S02,SUP008,Received,289,5505.45
PO05489,2025-08-01,S02,SUP003,Received,286,4106.96
PO05490,2025-08-12,S02,SUP008,Received,308,5867.4
PO05491,2025-08-23,S02,SUP008,Received,284,5410.2
PO05492,2025-09-04,S02,SUP008,Received,284,5410.2
PO05493,2025-09-17,S02,SUP003,Received,282,4049.52
PO05494,2025-09-30,S02,SUP003,Received,291,4178.76
PO05495,2025-10-11,S02,SUP003,Received,295,4236.2
PO05496,2025-10-24,S02,SUP003,Received,294,4221.84
PO05497,2025-11-06,S02,SUP008,Received,302,5753.1
PO05498,2025-11-17,S02,SUP003,Received,290,4164.4
PO05499,2025-11-29,S02,SUP003,Received,297,4264.92
PO05500,2025-12-11,S02,SUP008,Received,304,5791.2
PO05501,2025-12-22,S02,SUP008,Received,292,5562.6
PO05502,2025-01-07,S02,SUP008,Received,477,3324.69
PO05503,2025-01-22,S02,SUP005,Received,466,4184.68
PO05504,2025-02-05,S02,SUP008,Received,467,3254.99
PO05505,2025-02-18,S02,SUP005,Received,451,4049.98
PO05506,2025-03-03,S02,SUP005,Received,470,4220.6
PO05507,2025-03-16,S02,SUP008,Received,471,3282.87
PO05508,2025-03-30,S02,SUP005,Received,465,4175.7
PO05509,2025-04-12,S02,SUP008,Received,480,3345.6
PO05510,2025-04-25,S02,SUP005,Received,463,4157.74
PO05511,2025-05-08,S02,SUP005,Received,457,4103.86
PO05512,2025-05-22,S02,SUP005,Received,463,4157.74
PO05513,2025-06-04,S02,SUP008,Received,454,3164.38
PO05514,2025-06-19,S02,SUP008,Received,470,3275.9
PO05515,2025-07-03,S02,SUP005,Received,458,4112.84
PO05516,2025-07-19,S02,SUP008,Received,475,3310.75
PO05517,2025-08-03,S02,SUP008,Received,463,3227.11
PO05518,2025-08-20,S02,SUP005,Received,448,4023.04
PO05519,2025-09-07,S02,SUP005,Received,471,4229.58
PO05520,2025-09-25,S02,SUP005,Received,451,4049.98
PO05521,2025-10-13,S02,SUP008,Received,455,3171.35
PO05522,2025-10-31,S02,SUP005,Received,457,4103.86
PO05523,2025-11-17,S02,SUP005,Received,449,4032.02
PO05524,2025-12-03,S02,SUP008,Received,460,3206.2
PO05525,2025-12-19,S02,SUP008,Received,475,3310.75
PO05526,2025-01-17,S02,SUP006,Received,152,861.84
PO05527,2025-02-10,S02,SUP006,Received,152,861.84
PO05528,2025-03-07,S02,SUP006,Received,154,873.18
PO05529,2025-04-01,S02,SUP006,Received,152,861.84
PO05530,2025-04-27,S02,SUP006,Received,157,890.19
PO05531,2025-05-21,S02,SUP006,Received,153,867.51
PO05532,2025-06-18,S02,SUP006,Received,153,867.51
PO05533,2025-07-20,S02,SUP006,Received,157,890.19
PO05534,2025-08-19,S02,SUP006,Received,154,873.18
PO05535,2025-09-19,S02,SUP006,Received,159,901.53
PO05536,2025-10-23,S02,SUP006,Received,155,878.85
PO05537,2025-11-21,S02,SUP006,Received,153,867.51
PO05538,2025-12-20,S02,SUP006,Received,154,873.18
PO05539,2025-01-09,S02,SUP006,Received,412,6435.44
PO05540,2025-01-21,S02,SUP006,Received,399,6232.38
PO05541,2025-02-01,S02,SUP006,Received,393,6138.66
PO05542,2025-02-11,S02,SUP006,Received,400,6248.0
PO05543,2025-02-22,S02,SUP006,Received,403,6294.86
PO05544,2025-03-04,S02,SUP006,Received,397,6201.14
PO05545,2025-03-15,S02,SUP006,Received,407,6357.34
PO05546,2025-03-26,S02,SUP006,Received,424,6622.88
PO05547,2025-04-06,S02,SUP006,Received,431,6732.22
PO05548,2025-04-17,S02,SUP006,Received,415,6482.3
PO05549,2025-04-28,S02,SUP006,Received,413,6451.06
PO05550,2025-05-10,S02,SUP006,Received,428,6685.36
PO05551,2025-05-21,S02,SUP006,Received,412,6435.44
PO05552,2025-06-02,S02,SUP006,Received,404,6310.48
PO05553,2025-06-14,S02,SUP006,Received,393,6138.66
PO05554,2025-06-25,S02,SUP006,Received,393,6138.66
PO05555,2025-07-08,S02,SUP006,Received,393,6138.66
PO05556,2025-07-20,S02,SUP006,Received,401,6263.62
PO05557,2025-08-02,S02,SUP006,Received,408,6372.96
PO05558,2025-08-15,S02,SUP006,Received,406,6341.72
PO05559,2025-08-28,S02,SUP006,Received,406,6341.72
PO05560,2025-09-10,S02,SUP006,Received,406,6341.72
PO05561,2025-09-24,S02,SUP006,Received,404,6310.48
PO05562,2025-10-08,S02,SUP006,Received,389,6076.18
PO05563,2025-10-21,S02,SUP006,Received,404,6310.48
PO05564,2025-11-05,S02,SUP006,Received,406,6341.72
PO05565,2025-11-19,S02,SUP006,Received,403,6294.86
PO05566,2025-12-02,S02,SUP006,Received,412,6435.44
PO05567,2025-12-15,S02,SUP006,Received,396,6185.52
PO05568,2025-12-27,S02,SUP006,Received,398,6216.76
PO05569,2025-01-03,S03,SUP006,Received,257,1061.41
PO05570,2025-01-10,S03,SUP006,Received,225,929.25
PO05571,2025-01-18,S03,SUP002,Received,251,1114.44
PO05572,2025-01-25,S03,SUP002,Received,243,1078.92
PO05573,2025-02-01,S03,SUP006,Received,244,1007.72
PO05574,2025-02-08,S03,SUP002,Received,248,1101.12
PO05575,2025-02-14,S03,SUP006,Received,228,941.64
PO05576,2025-02-20,S03,SUP002,Received,244,1083.36
PO05577,2025-02-27,S03,SUP002,Received,245,1087.8
PO05578,2025-03-06,S03,SUP002,Received,233,1034.52
PO05579,2025-03-13,S03,SUP006,Received,226,933.38
PO05580,2025-03-20,S03,SUP002,Received,247,1096.68
PO05581,2025-03-28,S03,SUP006,Received,252,1040.76
PO05582,2025-04-03,S03,SUP002,Received,232,1030.08
PO05583,2025-04-10,S03,SUP006,Received,224,925.12
PO05584,2025-04-17,S03,SUP002,Received,239,1061.16
PO05585,2025-04-24,S03,SUP006,Received,240,991.2
PO05586,2025-05-01,S03,SUP002,Received,249,1105.56
PO05587,2025-05-08,S03,SUP002,Received,263,1167.72
PO05588,2025-05-14,S03,SUP002,Received,240,1065.6
PO05589,2025-05-22,S03,SUP006,Received,246,1015.98
PO05590,2025-05-29,S03,SUP002,Received,227,1007.88
PO05591,2025-06-05,S03,SUP002,Received,245,1087.8
PO05592,2025-06-12,S03,SUP002,Received,233,1034.52
PO05593,2025-06-19,S03,SUP006,Received,239,987.07
PO05594,2025-06-26,S03,SUP002,Received,239,1061.16
PO05595,2025-07-03,S03,SUP006,Received,241,995.33
PO05596,2025-07-11,S03,SUP006,Received,233,962.29
PO05597,2025-07-18,S03,SUP006,Received,257,1061.41
PO05598,2025-07-24,S03,SUP002,Received,229,1016.76
PO05599,2025-08-01,S03,SUP002,Received,234,1038.96
PO05600,2025-08-09,S03,SUP006,Received,235,970.55
PO05601,2025-08-17,S03,SUP006,Received,232,958.16
PO05602,2025-08-25,S03,SUP002,Received,241,1070.04
PO05603,2025-09-03,S03,SUP002,Received,229,1016.76
PO05604,2025-09-12,S03,SUP002,Received,242,1074.48
PO05605,2025-09-20,S03,SUP006,Received,232,958.16
PO05606,2025-09-29,S03,SUP006,Received,245,1011.85
PO05607,2025-10-08,S03,SUP006,Received,242,999.46
PO05608,2025-10-16,S03,SUP002,Received,231,1025.64
PO05609,2025-10-25,S03,SUP006,Received,224,925.12
PO05610,2025-11-04,S03,SUP002,Received,239,1061.16
PO05611,2025-11-12,S03,SUP002,Received,224,994.56
PO05612,2025-11-21,S03,SUP006,Received,259,1069.67
PO05613,2025-11-29,S03,SUP006,Received,226,933.38
PO05614,2025-12-07,S03,SUP002,Received,232,1030.08
PO05615,2025-12-15,S03,SUP006,Received,224,925.12
PO05616,2025-12-24,S03,SUP006,Received,242,999.46
PO05617,2025-01-13,S03,SUP007,Received,267,3062.49
PO05618,2025-02-07,S03,SUP008,Received,261,2975.4
PO05619,2025-03-02,S03,SUP005,Received,264,3392.4
PO05620,2025-03-25,S03,SUP005,Received,268,3443.8
PO05621,2025-04-13,S03,SUP008,Received,263,2998.2
PO05622,2025-05-07,S03,SUP008,Received,260,2964.0
PO05623,2025-06-01,S03,SUP007,Received,267,3062.49
PO05624,2025-06-25,S03,SUP005,Received,262,3366.7
PO05625,2025-07-19,S03,SUP008,Received,266,3032.4
PO05626,2025-08-10,S03,SUP007,Received,271,3108.37
PO05627,2025-09-08,S03,SUP007,Received,261,2993.67
PO05628,2025-10-08,S03,SUP007,Received,265,3039.55
PO05629,2025-11-09,S03,SUP008,Received,260,2964.0
PO05630,2025-12-08,S03,SUP007,Received,263,3016.61
PO05631,2025-01-09,S03,SUP003,Received,240,1605.6
PO05632,2025-01-26,S03,SUP003,Received,244,1632.36
PO05633,2025-02-12,S03,SUP007,Received,236,1784.16
PO05634,2025-02-27,S03,SUP009,Received,244,1991.04
PO05635,2025-03-15,S03,SUP007,Received,244,1844.64
PO05636,2025-03-31,S03,SUP003,Received,237,1585.53
PO05637,2025-04-16,S03,SUP003,Received,243,1625.67
PO05638,2025-05-03,S03,SUP009,Received,244,1991.04
PO05639,2025-05-20,S03,SUP003,Received,242,1618.98
PO05640,2025-06-07,S03,SUP003,Received,239,1598.91
PO05641,2025-06-28,S03,SUP007,Received,235,1776.6
PO05642,2025-07-15,S03,SUP009,Received,242,1974.72
PO05643,2025-08-07,S03,SUP009,Received,240,1958.4
PO05644,2025-08-28,S03,SUP009,Received,234,1909.44
PO05645,2025-09-18,S03,SUP009,Received,239,1950.24
PO05646,2025-10-10,S03,SUP003,Received,235,1572.15
PO05647,2025-11-02,S03,SUP007,Received,244,1844.64
PO05648,2025-11-24,S03,SUP007,Received,244,1844.64
PO05649,2025-12-16,S03,SUP007,Received,236,1784.16
PO05650,2025-01-05,S03,SUP006,Received,161,2999.43
PO05651,2025-01-19,S03,SUP006,Received,168,3129.84
PO05652,2025-02-03,S03,SUP006,Received,162,3018.06
PO05653,2025-02-17,S03,SUP006,Received,168,3129.84
PO05654,2025-03-01,S03,SUP006,Received,167,3111.21
PO05655,2025-03-14,S03,SUP006,Received,167,3111.21
PO05656,2025-03-27,S03,SUP006,Received,175,3260.25
PO05657,2025-04-09,S03,SUP006,Received,176,3278.88
PO05658,2025-04-22,S03,SUP006,Received,164,3055.32
PO05659,2025-05-05,S03,SUP006,Received,172,3204.36
PO05660,2025-05-17,S03,SUP006,Received,176,3278.88
PO05661,2025-05-29,S03,SUP006,Received,161,2999.43
PO05662,2025-06-12,S03,SUP006,Received,167,3111.21
PO05663,2025-06-26,S03,SUP006,Received,166,3092.58
PO05664,2025-07-12,S03,SUP006,Received,164,3055.32
PO05665,2025-07-26,S03,SUP006,Received,162,3018.06
PO05666,2025-08-11,S03,SUP006,Received,171,3185.73
PO05667,2025-08-27,S03,SUP006,Received,164,3055.32
PO05668,2025-09-12,S03,SUP006,Received,164,3055.32
PO05669,2025-09-28,S03,SUP006,Received,160,2980.8
PO05670,2025-10-13,S03,SUP006,Received,167,3111.21
PO05671,2025-11-01,S03,SUP006,Received,160,2980.8
PO05672,2025-11-18,S03,SUP006,Received,165,3073.95
PO05673,2025-12-07,S03,SUP006,Received,162,3018.06
PO05674,2025-12-22,S03,SUP006,Received,165,3073.95
PO05675,2025-01-26,S03,SUP002,Received,474,701.52
PO05676,2025-03-28,S03,SUP004,Received,474,872.16
PO05677,2025-05-24,S03,SUP002,Received,479,708.92
PO05678,2025-07-31,S03,SUP002,Received,485,717.8
PO05679,2025-10-13,S03,SUP002,Received,476,704.48
PO05680,2025-12-24,S03,SUP004,Received,477,877.68
PO05681,2025-01-07,S03,SUP004,Received,142,3229.08
PO05682,2025-01-25,S03,SUP003,Received,150,3192.0
PO05683,2025-02-09,S03,SUP004,Received,144,3274.56
PO05684,2025-02-23,S03,SUP004,Received,144,3274.56
PO05685,2025-03-13,S03,SUP003,Received,144,3064.32
PO05686,2025-03-28,S03,SUP004,Received,144,3274.56
PO05687,2025-04-13,S03,SUP003,Received,139,2957.92
PO05688,2025-04-29,S03,SUP004,Received,144,3274.56
PO05689,2025-05-14,S03,SUP004,Received,139,3160.86
PO05690,2025-05-29,S03,SUP003,Received,143,3043.04
PO05691,2025-06-15,S03,SUP003,Received,141,3000.48
PO05692,2025-06-30,S03,SUP003,Received,146,3106.88
PO05693,2025-07-19,S03,SUP003,Received,141,3000.48
PO05694,2025-08-05,S03,SUP003,Received,145,3085.6
PO05695,2025-08-25,S03,SUP004,Received,145,3297.3
PO05696,2025-09-16,S03,SUP004,Received,146,3320.04
PO05697,2025-10-05,S03,SUP004,Received,142,3229.08
PO05698,2025-10-24,S03,SUP003,Received,148,3149.44
PO05699,2025-11-12,S03,SUP003,Received,141,3000.48
PO05700,2025-11-29,S03,SUP003,Received,140,2979.2
PO05701,2025-12-20,S03,SUP003,Received,146,3106.88
PO05702,2025-01-05,S03,SUP006,Received,169,2163.2
PO05703,2025-01-13,S03,SUP006,Received,173,2214.4
PO05704,2025-01-20,S03,SUP006,Received,188,2406.4
PO05705,2025-01-27,S03,SUP006,Received,171,2188.8
PO05706,2025-02-04,S03,SUP006,Received,207,2649.6
PO05707,2025-02-11,S03,SUP006,Received,186,2380.8
PO05708,2025-02-19,S03,SUP006,Received,196,2508.8
PO05709,2025-02-27,S03,SUP006,Received,188,2406.4
PO05710,2025-03-06,S03,SUP006,Received,185,2368.0
PO05711,2025-03-12,S03,SUP006,Received,175,2240.0
PO05712,2025-03-19,S03,SUP006,Received,188,2406.4
PO05713,2025-03-26,S03,SUP006,Received,187,2393.6
PO05714,2025-04-01,S03,SUP006,Received,173,2214.4
PO05715,2025-04-07,S03,SUP006,Received,186,2380.8
PO05716,2025-04-14,S03,SUP006,Received,178,2278.4
PO05717,2025-04-21,S03,SUP006,Received,186,2380.8
PO05718,2025-04-27,S03,SUP006,Received,178,2278.4
PO05719,2025-05-05,S03,SUP006,Received,181,2316.8
PO05720,2025-05-11,S03,SUP006,Received,179,2291.2
PO05721,2025-05-18,S03,SUP006,Received,192,2457.6
PO05722,2025-05-26,S03,SUP006,Received,188,2406.4
PO05723,2025-06-02,S03,SUP006,Received,169,2163.2
PO05724,2025-06-09,S03,SUP006,Received,184,2355.2
PO05725,2025-06-17,S03,SUP006,Received,187,2393.6
PO05726,2025-06-25,S03,SUP006,Received,182,2329.6
PO05727,2025-07-02,S03,SUP006,Received,185,2368.0
PO05728,2025-07-09,S03,SUP006,Received,175,2240.0
PO05729,2025-07-17,S03,SUP006,Received,169,2163.2
PO05730,2025-07-25,S03,SUP006,Received,170,2176.0
PO05731,2025-08-03,S03,SUP006,Received,179,2291.2
PO05732,2025-08-11,S03,SUP006,Received,174,2227.2
PO05733,2025-08-20,S03,SUP006,Received,177,2265.6
PO05734,2025-08-29,S03,SUP006,Received,186,2380.8
PO05735,2025-09-06,S03,SUP006,Received,185,2368.0
PO05736,2025-09-15,S03,SUP006,Received,176,2252.8
PO05737,2025-09-23,S03,SUP006,Received,169,2163.2
PO05738,2025-10-03,S03,SUP006,Received,179,2291.2
PO05739,2025-10-12,S03,SUP006,Received,176,2252.8
PO05740,2025-10-22,S03,SUP006,Received,188,2406.4
PO05741,2025-10-31,S03,SUP006,Received,176,2252.8
PO05742,2025-11-09,S03,SUP006,Received,183,2342.4
PO05743,2025-11-18,S03,SUP006,Received,183,2342.4
PO05744,2025-11-26,S03,SUP006,Received,179,2291.2
PO05745,2025-12-04,S03,SUP006,Received,181,2316.8
PO05746,2025-12-12,S03,SUP006,Received,178,2278.4
PO05747,2025-12-20,S03,SUP006,Received,172,2201.6
PO05748,2025-12-27,S03,SUP006,Received,176,2252.8
PO05749,2025-01-10,S03,SUP003,Received,378,2702.7
PO05750,2025-01-24,S03,SUP003,Received,385,2752.75
PO05751,2025-02-06,S03,SUP003,Received,385,2752.75
PO05752,2025-02-17,S03,SUP003,Received,373,2666.95
PO05753,2025-03-02,S03,SUP003,Received,385,2752.75
PO05754,2025-03-15,S03,SUP003,Received,373,2666.95
PO05755,2025-03-27,S03,SUP003,Received,385,2752.75
PO05756,2025-04-08,S03,SUP003,Received,379,2709.85
PO05757,2025-04-19,S03,SUP003,Received,377,2695.55
PO05758,2025-05-01,S03,SUP003,Received,376,2688.4
PO05759,2025-05-13,S03,SUP003,Received,368,2631.2
PO05760,2025-05-25,S03,SUP003,Received,382,2731.3
PO05761,2025-06-07,S03,SUP003,Received,385,2752.75
PO05762,2025-06-20,S03,SUP003,Received,385,2752.75
PO05763,2025-07-04,S03,SUP003,Received,372,2659.8
PO05764,2025-07-17,S03,SUP003,Received,371,2652.65
PO05765,2025-08-01,S03,SUP003,Received,369,2638.35
PO05766,2025-08-16,S03,SUP003,Received,380,2717.0
PO05767,2025-09-02,S03,SUP003,Received,368,2631.2
PO05768,2025-09-20,S03,SUP003,Received,383,2738.45
PO05769,2025-10-07,S03,SUP003,Received,382,2731.3
PO05770,2025-10-24,S03,SUP003,Received,379,2709.85
PO05771,2025-11-09,S03,SUP003,Received,385,2752.75
PO05772,2025-11-24,S03,SUP003,Received,383,2738.45
PO05773,2025-12-10,S03,SUP003,Received,385,2752.75
PO05774,2025-12-23,S03,SUP003,Received,371,2652.65
PO05775,2025-01-06,S03,SUP003,Received,240,804.0
PO05776,2025-01-17,S03,SUP003,Received,252,844.2
PO05777,2025-01-27,S03,SUP003,Received,228,763.8
PO05778,2025-02-06,S03,SUP003,Received,240,804.0
PO05779,2025-02-14,S03,SUP003,Received,246,824.1
PO05780,2025-02-23,S03,SUP003,Received,247,827.45
PO05781,2025-03-04,S03,SUP003,Received,230,770.5
PO05782,2025-03-13,S03,SUP003,Received,230,770.5
PO05783,2025-03-21,S03,SUP003,Received,244,817.4
PO05784,2025-03-30,S03,SUP003,Received,228,763.8
PO05785,2025-04-07,S03,SUP003,Received,241,807.35
PO05786,2025-04-17,S03,SUP003,Received,257,860.95
PO05787,2025-04-26,S03,SUP003,Received,257,860.95
PO05788,2025-05-05,S03,SUP003,Received,236,790.6
PO05789,2025-05-14,S03,SUP003,Received,247,827.45
PO05790,2025-05-23,S03,SUP003,Received,233,780.55
PO05791,2025-05-31,S03,SUP003,Received,240,804.0
PO05792,2025-06-10,S03,SUP003,Received,249,834.15
PO05793,2025-06-19,S03,SUP003,Received,243,814.05
PO05794,2025-06-29,S03,SUP003,Received,256,857.6
PO05795,2025-07-09,S03,SUP003,Received,245,820.75
PO05796,2025-07-19,S03,SUP003,Received,241,807.35
PO05797,2025-07-29,S03,SUP003,Received,232,777.2
PO05798,2025-08-09,S03,SUP003,Received,240,804.0
PO05799,2025-08-20,S03,SUP003,Received,228,763.8
PO05800,2025-08-31,S03,SUP003,Received,232,777.2
PO05801,2025-09-11,S03,SUP003,Received,232,777.2
PO05802,2025-09-22,S03,SUP003,Received,241,807.35
PO05803,2025-10-03,S03,SUP003,Received,235,787.25
PO05804,2025-10-14,S03,SUP003,Received,229,767.15
PO05805,2025-10-27,S03,SUP003,Received,245,820.75
PO05806,2025-11-09,S03,SUP003,Received,253,847.55
PO05807,2025-11-20,S03,SUP003,Received,241,807.35
PO05808,2025-12-01,S03,SUP003,Received,227,760.45
PO05809,2025-12-12,S03,SUP003,Received,234,783.9
PO05810,2025-12-23,S03,SUP003,Received,256,857.6
PO05811,2025-01-05,S03,SUP003,Received,87,1017.9
PO05812,2025-01-20,S03,SUP003,Received,88,1029.6
PO05813,2025-02-04,S03,SUP003,Received,86,1006.2
PO05814,2025-02-21,S03,SUP003,Received,86,1006.2
PO05815,2025-03-09,S03,SUP003,Received,88,1029.6
PO05816,2025-03-23,S03,SUP003,Received,88,1029.6
PO05817,2025-04-04,S03,SUP003,Received,87,1017.9
PO05818,2025-04-22,S03,SUP003,Received,89,1041.3
PO05819,2025-05-09,S03,SUP003,Received,88,1029.6
PO05820,2025-05-25,S03,SUP003,Received,88,1029.6
PO05821,2025-06-11,S03,SUP003,Received,88,1029.6
PO05822,2025-06-28,S03,SUP003,Received,88,1029.6
PO05823,2025-07-15,S03,SUP003,Received,87,1017.9
PO05824,2025-08-05,S03,SUP003,Received,86,1006.2
PO05825,2025-08-27,S03,SUP003,Received,86,1006.2
PO05826,2025-09-13,S03,SUP003,Received,86,1006.2
PO05827,2025-10-06,S03,SUP003,Received,87,1017.9
PO05828,2025-10-25,S03,SUP003,Received,87,1017.9
PO05829,2025-11-12,S03,SUP003,Received,87,1017.9
PO05830,2025-11-30,S03,SUP003,Received,87,1017.9
PO05831,2025-12-17,S03,SUP003,Received,87,1017.9
PO05832,2025-01-07,S03,SUP008,Received,385,5328.4
PO05833,2025-01-20,S03,SUP002,Received,388,6347.68
PO05834,2025-02-02,S03,SUP002,Received,407,6658.52
PO05835,2025-02-15,S03,SUP008,Received,381,5273.04
PO05836,2025-02-27,S03,SUP009,Received,390,6610.5
PO05837,2025-03-11,S03,SUP008,Received,380,5259.2
PO05838,2025-03-23,S03,SUP009,Received,408,6915.6
PO05839,2025-04-04,S03,SUP002,Received,382,6249.52
PO05840,2025-04-16,S03,SUP008,Received,406,5619.04
PO05841,2025-04-28,S03,SUP002,Received,377,6167.72
PO05842,2025-05-11,S03,SUP009,Received,397,6729.15
PO05843,2025-05-24,S03,SUP002,Received,397,6494.92
PO05844,2025-06-05,S03,SUP002,Received,381,6233.16
PO05845,2025-06-18,S03,SUP002,Received,391,6396.76
PO05846,2025-06-30,S03,SUP008,Received,374,5176.16
PO05847,2025-07-14,S03,SUP009,Received,397,6729.15
PO05848,2025-07-27,S03,SUP009,Received,378,6407.1
PO05849,2025-08-11,S03,SUP009,Received,373,6322.35
PO05850,2025-08-28,S03,SUP002,Received,373,6102.28
PO05851,2025-09-11,S03,SUP002,Received,375,6135.0
PO05852,2025-09-28,S03,SUP002,Received,376,6151.36
PO05853,2025-10-15,S03,SUP008,Received,385,5328.4
PO05854,2025-10-31,S03,SUP002,Received,379,6200.44
PO05855,2025-11-16,S03,SUP008,Received,390,5397.6
PO05856,2025-12-02,S03,SUP009,Received,377,6390.15
PO05857,2025-12-17,S03,SUP009,Received,379,6424.05
PO05858,2025-12-31,S03,SUP008,Received,391,5411.44
PO05859,2025-01-14,S03,SUP001,Received,410,3624.4
PO05860,2025-02-11,S03,SUP001,Received,412,3642.08
PO05861,2025-03-09,S03,SUP001,Received,417,3686.28
PO05862,2025-04-06,S03,SUP001,Received,413,3650.92
PO05863,2025-05-03,S03,SUP001,Received,406,3589.04
PO05864,2025-05-28,S03,SUP001,Received,404,3571.36
PO05865,2025-06-27,S03,SUP001,Received,405,3580.2
PO05866,2025-07-28,S03,SUP001,Received,410,3624.4
PO05867,2025-08-31,S03,SUP001,Received,420,3712.8
PO05868,2025-10-07,S03,SUP001,Received,412,3642.08
PO05869,2025-11-10,S03,SUP001,Received,409,3615.56
PO05870,2025-12-14,S03,SUP001,Received,408,3606.72
PO05871,2025-01-23,S03,SUP008,Received,413,5682.88
PO05872,2025-03-22,S03,SUP008,Received,409,5627.84
PO05873,2025-05-17,S03,SUP008,Received,410,5641.6
PO05874,2025-07-15,S03,SUP008,Received,414,5696.64
PO05875,2025-09-27,S03,SUP008,Received,413,5682.88
PO05876,2025-12-06,S03,SUP008,Received,410,5641.6
PO05877,2025-01-09,S03,SUP003,Received,166,552.78
PO05878,2025-01-22,S03,SUP010,Received,170,479.4
PO05879,2025-02-06,S03,SUP010,Received,171,482.22
PO05880,2025-02-20,S03,SUP010,Received,171,482.22
PO05881,2025-03-08,S03,SUP003,Received,173,576.09
PO05882,2025-03-21,S03,SUP003,Received,173,576.09
PO05883,2025-04-01,S03,SUP010,Received,166,468.12
PO05884,2025-04-14,S03,SUP003,Received,168,559.44
PO05885,2025-04-28,S03,SUP003,Received,169,562.77
PO05886,2025-05-12,S03,SUP010,Received,170,479.4
PO05887,2025-05-26,S03,SUP003,Received,173,576.09
PO05888,2025-06-10,S03,SUP010,Received,171,482.22
PO05889,2025-06-24,S03,SUP010,Received,166,468.12
PO05890,2025-07-09,S03,SUP010,Received,168,473.76
PO05891,2025-07-26,S03,SUP003,Received,170,566.1
PO05892,2025-08-12,S03,SUP003,Received,172,572.76
PO05893,2025-08-28,S03,SUP003,Received,165,549.45
PO05894,2025-09-14,S03,SUP003,Received,166,552.78
PO05895,2025-10-02,S03,SUP010,Received,168,473.76
PO05896,2025-10-20,S03,SUP010,Received,169,476.58
PO05897,2025-11-05,S03,SUP010,Received,169,476.58
PO05898,2025-11-22,S03,SUP010,Received,170,479.4
PO05899,2025-12-08,S03,SUP003,Received,170,566.1
PO05900,2025-12-23,S03,SUP003,Received,166,552.78
PO05901,2025-01-13,S03,SUP002,Received,302,6432.6
PO05902,2025-02-01,S03,SUP002,Received,303,6453.9
PO05903,2025-02-22,S03,SUP010,Received,301,6471.5
PO05904,2025-03-13,S03,SUP002,Received,301,6411.3
PO05905,2025-04-01,S03,SUP002,Received,299,6368.7
PO05906,2025-04-20,S03,SUP002,Received,311,6624.3
PO05907,2025-05-10,S03,SUP010,Received,307,6600.5
PO05908,2025-05-29,S03,SUP010,Received,299,6428.5
PO05909,2025-06-17,S03,SUP010,Received,310,6665.0
PO05910,2025-07-11,S03,SUP010,Received,304,6536.0
PO05911,2025-08-01,S03,SUP002,Received,305,6496.5
PO05912,2025-08-24,S03,SUP010,Received,300,6450.0
PO05913,2025-09-18,S03,SUP002,Received,308,6560.4
PO05914,2025-10-14,S03,SUP010,Received,301,6471.5
PO05915,2025-11-08,S03,SUP010,Received,311,6686.5
PO05916,2025-12-05,S03,SUP002,Received,301,6411.3
PO05917,2025-12-27,S03,SUP010,Received,303,6514.5
PO05918,2025-01-12,S03,SUP007,Received,302,1546.24
PO05919,2025-01-28,S03,SUP002,Received,297,1443.42
PO05920,2025-02-10,S03,SUP002,Received,291,1414.26
PO05921,2025-02-23,S03,SUP007,Received,283,1448.96
PO05922,2025-03-08,S03,SUP002,Received,290,1409.4
PO05923,2025-03-23,S03,SUP002,Received,298,1448.28
PO05924,2025-04-06,S03,SUP002,Received,304,1477.44
PO05925,2025-04-20,S03,SUP007,Received,296,1515.52
PO05926,2025-05-04,S03,SUP007,Received,294,1505.28
PO05927,2025-05-19,S03,SUP002,Received,296,1438.56
PO05928,2025-06-01,S03,SUP002,Received,296,1438.56
PO05929,2025-06-16,S03,SUP002,Received,288,1399.68
PO05930,2025-07-01,S03,SUP002,Received,282,1370.52
PO05931,2025-07-16,S03,SUP002,Received,288,1399.68
PO05932,2025-08-01,S03,SUP002,Received,282,1370.52
PO05933,2025-08-17,S03,SUP002,Received,300,1458.0
PO05934,2025-09-06,S03,SUP007,Received,284,1454.08
PO05935,2025-09-25,S03,SUP007,Received,289,1479.68
PO05936,2025-10-13,S03,SUP002,Received,285,1385.1
PO05937,2025-11-01,S03,SUP002,Received,281,1365.66
PO05938,2025-11-16,S03,SUP002,Received,288,1399.68
PO05939,2025-12-03,S03,SUP002,Received,287,1394.82
PO05940,2025-12-19,S03,SUP002,Received,286,1389.96
PO05941,2025-01-03,S03,SUP002,Received,86,739.6
PO05942,2025-01-07,S03,SUP002,Received,86,739.6
PO05943,2025-01-11,S03,SUP002,Received,86,739.6
PO05944,2025-01-15,S03,SUP002,Received,86,739.6
PO05945,2025-01-19,S03,SUP002,Received,86,739.6
PO05946,2025-01-23,S03,SUP002,Received,86,739.6
PO05947,2025-01-26,S03,SUP002,Received,86,739.6
PO05948,2025-01-30,S03,SUP002,Received,86,739.6
PO05949,2025-02-03,S03,SUP002,Received,86,739.6
PO05950,2025-02-07,S03,SUP002,Received,86,739.6
PO05951,2025-02-11,S03,SUP002,Received,86,739.6
PO05952,2025-02-15,S03,SUP002,Received,86,739.6
PO05953,2025-02-18,S03,SUP002,Received,86,739.6
PO05954,2025-02-22,S03,SUP002,Received,85,731.0
PO05955,2025-02-25,S03,SUP002,Received,86,739.6
PO05956,2025-03-01,S03,SUP002,Received,86,739.6
PO05957,2025-03-05,S03,SUP002,Received,86,739.6
PO05958,2025-03-08,S03,SUP002,Received,82,705.2
PO05959,2025-03-12,S03,SUP002,Received,86,739.6
PO05960,2025-03-15,S03,SUP002,Received,83,713.8
PO05961,2025-03-18,S03,SUP002,Received,86,739.6
PO05962,2025-03-22,S03,SUP002,Received,86,739.6
PO05963,2025-03-26,S03,SUP002,Received,86,739.6
PO05964,2025-03-30,S03,SUP002,Received,86,739.6
PO05965,2025-04-02,S03,SUP002,Received,85,731.0
PO05966,2025-04-05,S03,SUP002,Received,86,739.6
PO05967,2025-04-09,S03,SUP002,Received,86,739.6
PO05968,2025-04-13,S03,SUP002,Received,86,739.6
PO05969,2025-04-16,S03,SUP002,Received,86,739.6
PO05970,2025-04-20,S03,SUP002,Received,86,739.6
PO05971,2025-04-23,S03,SUP002,Received,83,713.8
PO05972,2025-04-27,S03,SUP002,Received,86,739.6
PO05973,2025-05-01,S03,SUP002,Received,86,739.6
PO05974,2025-05-05,S03,SUP002,Received,86,739.6
PO05975,2025-05-09,S03,SUP002,Received,86,739.6
PO05976,2025-05-12,S03,SUP002,Received,86,739.6
PO05977,2025-05-16,S03,SUP002,Received,86,739.6
PO05978,2025-05-20,S03,SUP002,Received,86,739.6
PO05979,2025-05-24,S03,SUP002,Received,86,739.6
PO05980,2025-05-27,S03,SUP002,Received,86,739.6
PO05981,2025-05-31,S03,SUP002,Received,86,739.6
PO05982,2025-06-03,S03,SUP002,Received,86,739.6
PO05983,2025-06-07,S03,SUP002,Received,86,739.6
PO05984,2025-06-11,S03,SUP002,Received,86,739.6
PO05985,2025-06-14,S03,SUP002,Received,83,713.8
PO05986,2025-06-19,S03,SUP002,Received,86,739.6
PO05987,2025-06-23,S03,SUP002,Received,86,739.6
PO05988,2025-06-27,S03,SUP002,Received,86,739.6
PO05989,2025-07-01,S03,SUP002,Received,86,739.6
PO05990,2025-07-05,S03,SUP002,Received,86,739.6
PO05991,2025-07-09,S03,SUP002,Received,86,739.6
PO05992,2025-07-13,S03,SUP002,Received,86,739.6
PO05993,2025-07-17,S03,SUP002,Received,84,722.4
PO05994,2025-07-21,S03,SUP002,Received,86,739.6
PO05995,2025-07-25,S03,SUP002,Received,86,739.6
PO05996,2025-07-29,S03,SUP002,Received,86,739.6
PO05997,2025-08-02,S03,SUP002,Received,86,739.6
PO05998,2025-08-06,S03,SUP002,Received,82,705.2
PO05999,2025-08-11,S03,SUP002,Received,86,739.6
PO06000,2025-08-15,S03,SUP002,Received,81,696.6
PO06001,2025-08-19,S03,SUP002,Received,86,739.6
PO06002,2025-08-23,S03,SUP002,Received,86,739.6
PO06003,2025-08-27,S03,SUP002,Received,86,739.6
PO06004,2025-09-01,S03,SUP002,Received,86,739.6
PO06005,2025-09-06,S03,SUP002,Received,86,739.6
PO06006,2025-09-11,S03,SUP002,Received,86,739.6
PO06007,2025-09-15,S03,SUP002,Received,85,731.0
PO06008,2025-09-20,S03,SUP002,Received,86,739.6
PO06009,2025-09-24,S03,SUP002,Received,82,705.2
PO06010,2025-09-28,S03,SUP002,Received,86,739.6
PO06011,2025-10-02,S03,SUP002,Received,86,739.6
PO06012,2025-10-06,S03,SUP002,Received,83,713.8
PO06013,2025-10-11,S03,SUP002,Received,86,739.6
PO06014,2025-10-16,S03,SUP002,Received,86,739.6
PO06015,2025-10-21,S03,SUP002,Received,86,739.6
PO06016,2025-10-26,S03,SUP002,Received,86,739.6
PO06017,2025-10-30,S03,SUP002,Received,86,739.6
PO06018,2025-11-04,S03,SUP002,Received,86,739.6
PO06019,2025-11-09,S03,SUP002,Received,86,739.6
PO06020,2025-11-14,S03,SUP002,Received,86,739.6
PO06021,2025-11-18,S03,SUP002,Received,86,739.6
PO06022,2025-11-23,S03,SUP002,Received,86,739.6
PO06023,2025-11-28,S03,SUP002,Received,86,739.6
PO06024,2025-12-02,S03,SUP002,Received,86,739.6
PO06025,2025-12-07,S03,SUP002,Received,86,739.6
PO06026,2025-12-12,S03,SUP002,Received,86,739.6
PO06027,2025-12-16,S03,SUP002,Received,86,739.6
PO06028,2025-12-20,S03,SUP002,Received,86,739.6
PO06029,2025-12-24,S03,SUP002,Received,86,739.6
PO06030,2025-12-28,S03,SUP002,Received,86,739.6
PO06031,2025-01-13,S03,SUP001,Received,321,754.35
PO06032,2025-02-09,S03,SUP006,Received,313,723.03
PO06033,2025-03-07,S03,SUP006,Received,313,723.03
PO06034,2025-04-01,S03,SUP006,Received,313,723.03
PO06035,2025-04-26,S03,SUP001,Received,311,730.85
PO06036,2025-05-16,S03,SUP006,Received,317,732.27
PO06037,2025-06-11,S03,SUP001,Received,317,744.95
PO06038,2025-07-10,S03,SUP009,Received,313,795.02
PO06039,2025-08-08,S03,SUP009,Received,314,797.56
PO06040,2025-09-09,S03,SUP009,Received,313,795.02
PO06041,2025-10-10,S03,SUP006,Received,308,711.48
PO06042,2025-11-12,S03,SUP006,Received,315,727.65
PO06043,2025-12-15,S03,SUP009,Received,308,782.32
PO06044,2025-01-03,S03,SUP003,Received,255,5413.65
PO06045,2025-01-11,S03,SUP003,Received,257,5456.11
PO06046,2025-01-18,S03,SUP003,Received,252,5349.96
PO06047,2025-01-25,S03,SUP003,Received,246,5222.58
PO06048,2025-02-01,S03,SUP003,Received,248,5265.04
PO06049,2025-02-08,S03,SUP003,Received,252,5349.96
PO06050,2025-02-15,S03,SUP003,Received,255,5413.65
PO06051,2025-02-22,S03,SUP003,Received,252,5349.96
PO06052,2025-03-01,S03,SUP003,Received,266,5647.18
PO06053,2025-03-08,S03,SUP003,Received,266,5647.18
PO06054,2025-03-16,S03,SUP003,Received,266,5647.18
PO06055,2025-03-23,S03,SUP003,Received,266,5647.18
PO06056,2025-03-30,S03,SUP003,Received,266,5647.18
PO06057,2025-04-06,S03,SUP003,Received,251,5328.73
PO06058,2025-04-13,S03,SUP003,Received,252,5349.96
PO06059,2025-04-19,S03,SUP003,Received,240,5095.2
PO06060,2025-04-27,S03,SUP003,Received,266,5647.18
PO06061,2025-05-04,S03,SUP003,Received,263,5583.49
PO06062,2025-05-11,S03,SUP003,Received,258,5477.34
PO06063,2025-05-18,S03,SUP003,Received,261,5541.03
PO06064,2025-05-25,S03,SUP003,Received,266,5647.18
PO06065,2025-06-01,S03,SUP003,Received,245,5201.35
PO06066,2025-06-09,S03,SUP003,Received,259,5498.57
PO06067,2025-06-16,S03,SUP003,Received,247,5243.81
PO06068,2025-06-23,S03,SUP003,Received,253,5371.19
PO06069,2025-06-30,S03,SUP003,Received,248,5265.04
PO06070,2025-07-08,S03,SUP003,Received,264,5604.72
PO06071,2025-07-16,S03,SUP003,Received,254,5392.42
PO06072,2025-07-24,S03,SUP003,Received,255,5413.65
PO06073,2025-08-01,S03,SUP003,Received,244,5180.12
PO06074,2025-08-09,S03,SUP003,Received,244,5180.12
PO06075,2025-08-17,S03,SUP003,Received,240,5095.2
PO06076,2025-08-26,S03,SUP003,Received,255,5413.65
PO06077,2025-09-04,S03,SUP003,Received,252,5349.96
PO06078,2025-09-13,S03,SUP003,Received,247,5243.81
PO06079,2025-09-22,S03,SUP003,Received,249,5286.27
PO06080,2025-10-01,S03,SUP003,Received,242,5137.66
PO06081,2025-10-10,S03,SUP003,Received,251,5328.73
PO06082,2025-10-19,S03,SUP003,Received,266,5647.18
PO06083,2025-10-28,S03,SUP003,Received,245,5201.35
PO06084,2025-11-06,S03,SUP003,Received,266,5647.18
PO06085,2025-11-15,S03,SUP003,Received,266,5647.18
PO06086,2025-11-24,S03,SUP003,Received,266,5647.18
PO06087,2025-12-02,S03,SUP003,Received,246,5222.58
PO06088,2025-12-10,S03,SUP003,Received,247,5243.81
PO06089,2025-12-18,S03,SUP003,Received,244,5180.12
PO06090,2025-12-26,S03,SUP003,Received,249,5286.27
PO06091,2025-02-08,S03,SUP005,Received,443,7659.47
PO06092,2025-04-30,S03,SUP005,Received,435,7521.15
PO06093,2025-07-16,S03,SUP006,Received,433,7309.04
PO06094,2025-10-23,S03,SUP002,Received,434,8185.24
PO06095,2025-01-17,S03,SUP005,Received,483,5303.34
PO06096,2025-02-15,S03,SUP006,Received,496,5530.4
PO06097,2025-03-16,S03,SUP006,Received,485,5407.75
PO06098,2025-04-13,S03,SUP005,Received,493,5413.14
PO06099,2025-05-10,S03,SUP005,Received,490,5380.2
PO06100,2025-06-08,S03,SUP006,Received,479,5340.85
PO06101,2025-07-13,S03,SUP005,Received,482,5292.36
PO06102,2025-08-15,S03,SUP005,Received,488,5358.24
PO06103,2025-09-17,S03,SUP005,Received,481,5281.38
PO06104,2025-10-25,S03,SUP005,Received,477,5237.46
PO06105,2025-11-30,S03,SUP006,Received,482,5374.3
PO06106,2025-01-07,S03,SUP009,Received,254,5689.6
PO06107,2025-01-23,S03,SUP007,Received,256,6056.96
PO06108,2025-02-06,S03,SUP009,Received,257,5756.8
PO06109,2025-02-19,S03,SUP007,Received,255,6033.3
PO06110,2025-03-04,S03,SUP004,Received,258,6354.54
PO06111,2025-03-18,S03,SUP004,Received,250,6157.5
PO06112,2025-04-01,S03,SUP007,Received,258,6104.28
PO06113,2025-04-15,S03,SUP004,Received,252,6206.76
PO06114,2025-04-29,S03,SUP007,Received,258,6104.28
PO06115,2025-05-11,S03,SUP007,Received,257,6080.62
PO06116,2025-05-25,S03,SUP004,Received,243,5985.09
PO06117,2025-06-07,S03,SUP004,Received,256,6305.28
PO06118,2025-06-21,S03,SUP007,Received,244,5773.04
PO06119,2025-07-07,S03,SUP009,Received,258,5779.2
PO06120,2025-07-23,S03,SUP007,Received,256,6056.96
PO06121,2025-08-08,S03,SUP009,Received,258,5779.2
PO06122,2025-08-26,S03,SUP007,Received,252,5962.32
PO06123,2025-09-11,S03,SUP004,Received,252,6206.76
PO06124,2025-09-29,S03,SUP007,Received,252,5962.32
PO06125,2025-10-18,S03,SUP007,Received,245,5796.7
PO06126,2025-11-05,S03,SUP007,Received,254,6009.64
PO06127,2025-11-22,S03,SUP007,Received,254,6009.64
PO06128,2025-12-08,S03,SUP009,Received,243,5443.2
PO06129,2025-12-25,S03,SUP007,Received,258,6104.28
PO06130,2025-01-03,S03,SUP007,Received,171,834.48
PO06131,2025-01-10,S03,SUP008,Received,182,820.82
PO06132,2025-01-16,S03,SUP008,Received,179,807.29
PO06133,2025-01-22,S03,SUP007,Received,169,824.72
PO06134,2025-01-28,S03,SUP008,Received,168,757.68
PO06135,2025-02-02,S03,SUP008,Received,169,762.19
PO06136,2025-02-09,S03,SUP007,Received,176,858.88
PO06137,2025-02-16,S03,SUP008,Received,186,838.86
PO06138,2025-02-22,S03,SUP007,Received,187,912.56
PO06139,2025-02-28,S03,SUP008,Received,191,861.41
PO06140,2025-03-06,S03,SUP008,Received,165,744.15
PO06141,2025-03-12,S03,SUP007,Received,180,878.4
PO06142,2025-03-18,S03,SUP007,Received,178,868.64
PO06143,2025-03-24,S03,SUP008,Received,177,798.27
PO06144,2025-03-31,S03,SUP007,Received,188,917.44
PO06145,2025-04-07,S03,SUP008,Received,187,843.37
PO06146,2025-04-13,S03,SUP008,Received,166,748.66
PO06147,2025-04-19,S03,SUP007,Received,175,854.0
PO06148,2025-04-25,S03,SUP008,Received,170,766.7
PO06149,2025-05-01,S03,SUP008,Received,168,757.68
PO06150,2025-05-08,S03,SUP008,Received,177,798.27
PO06151,2025-05-15,S03,SUP007,Received,166,810.08
PO06152,2025-05-22,S03,SUP007,Received,187,912.56
PO06153,2025-05-28,S03,SUP008,Received,169,762.19
PO06154,2025-06-04,S03,SUP007,Received,178,868.64
PO06155,2025-06-11,S03,SUP008,Received,175,789.25
PO06156,2025-06-18,S03,SUP007,Received,177,863.76
PO06157,2025-06-25,S03,SUP007,Received,182,888.16
PO06158,2025-07-02,S03,SUP007,Received,184,897.92
PO06159,2025-07-10,S03,SUP007,Received,173,844.24
PO06160,2025-07-16,S03,SUP008,Received,171,771.21
PO06161,2025-07-22,S03,SUP007,Received,164,800.32
PO06162,2025-07-29,S03,SUP007,Received,179,873.52
PO06163,2025-08-05,S03,SUP008,Received,165,744.15
PO06164,2025-08-13,S03,SUP008,Received,177,798.27
PO06165,2025-08-20,S03,SUP007,Received,168,819.84
PO06166,2025-08-30,S03,SUP008,Received,183,825.33
PO06167,2025-09-07,S03,SUP008,Received,179,807.29
PO06168,2025-09-15,S03,SUP008,Received,170,766.7
PO06169,2025-09-23,S03,SUP008,Received,185,834.35
PO06170,2025-10-02,S03,SUP008,Received,181,816.31
PO06171,2025-10-10,S03,SUP008,Received,181,816.31
PO06172,2025-10-17,S03,SUP008,Received,166,748.66
PO06173,2025-10-24,S03,SUP008,Received,170,766.7
PO06174,2025-11-02,S03,SUP008,Received,183,825.33
PO06175,2025-11-10,S03,SUP007,Received,189,922.32
PO06176,2025-11-18,S03,SUP007,Received,185,902.8
PO06177,2025-11-27,S03,SUP008,Received,175,789.25
PO06178,2025-12-04,S03,SUP008,Received,166,748.66
PO06179,2025-12-10,S03,SUP007,Received,164,800.32
PO06180,2025-12-18,S03,SUP008,Received,179,807.29
PO06181,2025-12-25,S03,SUP008,Received,171,771.21
PO06182,2025-12-31,S03,SUP008,Received,174,784.74
PO06183,2025-01-18,S03,SUP008,Received,345,7151.85
PO06184,2025-02-15,S03,SUP010,Received,340,6205.0
PO06185,2025-03-14,S03,SUP008,Received,340,7048.2
PO06186,2025-04-09,S03,SUP010,Received,339,6186.75
PO06187,2025-05-07,S03,SUP010,Received,345,6296.25
PO06188,2025-06-04,S03,SUP008,Received,346,7172.58
PO06189,2025-07-03,S03,SUP010,Received,342,6241.5
PO06190,2025-08-02,S03,SUP008,Received,346,7172.58
PO06191,2025-09-06,S03,SUP010,Received,343,6259.75
PO06192,2025-10-14,S03,SUP010,Received,346,6314.5
PO06193,2025-11-19,S03,SUP010,Received,341,6223.25
PO06194,2025-12-21,S03,SUP008,Received,346,7172.58
PO06195,2025-01-10,S03,SUP003,Received,310,4953.8
PO06196,2025-01-28,S03,SUP003,Received,310,4953.8
PO06197,2025-02-13,S03,SUP003,Received,305,4873.9
PO06198,2025-03-01,S03,SUP003,Received,307,4905.86
PO06199,2025-03-16,S03,SUP003,Received,310,4953.8
PO06200,2025-04-02,S03,SUP003,Received,310,4953.8
PO06201,2025-04-18,S03,SUP003,Received,310,4953.8
PO06202,2025-05-05,S03,SUP003,Received,308,4921.84
PO06203,2025-05-23,S03,SUP003,Received,310,4953.8
PO06204,2025-06-06,S03,SUP003,Received,310,4953.8
PO06205,2025-06-23,S03,SUP003,Received,305,4873.9
PO06206,2025-07-11,S03,SUP003,Received,305,4873.9
PO06207,2025-07-30,S03,SUP003,Received,310,4953.8
PO06208,2025-08-19,S03,SUP003,Received,305,4873.9
PO06209,2025-09-10,S03,SUP003,Received,302,4825.96
PO06210,2025-10-01,S03,SUP003,Received,303,4841.94
PO06211,2025-10-22,S03,SUP003,Received,306,4889.88
PO06212,2025-11-12,S03,SUP003,Received,310,4953.8
PO06213,2025-12-04,S03,SUP003,Received,310,4953.8
PO06214,2025-12-23,S03,SUP003,Received,304,4857.92
PO06215,2025-01-08,S03,SUP007,Received,337,6473.77
PO06216,2025-01-20,S03,SUP007,Received,342,6569.82
PO06217,2025-01-30,S03,SUP007,Received,316,6070.36
PO06218,2025-02-10,S03,SUP003,Received,337,8010.49
PO06219,2025-02-21,S03,SUP003,Received,328,7796.56
PO06220,2025-03-03,S03,SUP007,Received,321,6166.41
PO06221,2025-03-14,S03,SUP007,Received,335,6435.35
PO06222,2025-03-24,S03,SUP003,Received,322,7653.94
PO06223,2025-04-04,S03,SUP007,Received,314,6031.94
PO06224,2025-04-14,S03,SUP007,Received,321,6166.41
PO06225,2025-04-25,S03,SUP003,Received,319,7582.63
PO06226,2025-05-05,S03,SUP007,Received,330,6339.3
PO06227,2025-05-16,S03,SUP003,Received,321,7630.17
PO06228,2025-05-27,S03,SUP003,Received,341,8105.57
PO06229,2025-06-07,S03,SUP003,Received,314,7463.78
PO06230,2025-06-18,S03,SUP007,Received,319,6127.99
PO06231,2025-06-29,S03,SUP003,Received,326,7749.02
PO06232,2025-07-12,S03,SUP007,Received,340,6531.4
PO06233,2025-07-23,S03,SUP007,Received,332,6377.72
PO06234,2025-08-06,S03,SUP007,Received,329,6320.09
PO06235,2025-08-20,S03,SUP007,Received,325,6243.25
PO06236,2025-09-02,S03,SUP003,Received,323,7677.71
PO06237,2025-09-17,S03,SUP007,Received,328,6300.88
PO06238,2025-10-02,S03,SUP007,Received,327,6281.67
PO06239,2025-10-17,S03,SUP003,Received,324,7701.48
PO06240,2025-10-28,S03,SUP003,Received,323,7677.71
PO06241,2025-11-10,S03,SUP007,Received,317,6089.57
PO06242,2025-11-23,S03,SUP003,Received,325,7725.25
PO06243,2025-12-07,S03,SUP003,Received,323,7677.71
PO06244,2025-12-20,S03,SUP003,Received,330,7844.1
PO06245,2025-01-15,S03,SUP007,Received,372,5628.36
PO06246,2025-02-25,S03,SUP001,Received,376,5497.12
PO06247,2025-04-09,S03,SUP001,Received,369,5394.78
PO06248,2025-05-22,S03,SUP010,Received,374,5378.12
PO06249,2025-07-05,S03,SUP007,Received,372,5628.36
PO06250,2025-08-26,S03,SUP001,Received,374,5467.88
PO06251,2025-10-22,S03,SUP007,Received,375,5673.75
PO06252,2025-12-13,S03,SUP010,Received,372,5349.36
PO06253,2025-01-28,S03,SUP008,Received,279,4642.56
PO06254,2025-03-26,S03,SUP006,Received,283,4655.35
PO06255,2025-05-27,S03,SUP002,Received,281,5117.01
PO06256,2025-08-12,S03,SUP002,Received,282,5135.22
PO06257,2025-10-24,S03,SUP008,Received,283,4709.12
PO06258,2025-12-27,S03,SUP006,Received,279,4589.55
PO06259,2025-01-02,S03,SUP009,Received,130,3157.7
PO06260,2025-01-06,S03,SUP009,Received,109,2647.61
PO06261,2025-01-10,S03,SUP009,Received,114,2769.06
PO06262,2025-01-14,S03,SUP009,Received,114,2769.06
PO06263,2025-01-18,S03,SUP009,Received,130,3157.7
PO06264,2025-01-21,S03,SUP009,Received,108,2623.32
PO06265,2025-01-24,S03,SUP009,Received,122,2963.38
PO06266,2025-01-28,S03,SUP009,Received,114,2769.06
PO06267,2025-02-01,S03,SUP009,Received,128,3109.12
PO06268,2025-02-05,S03,SUP009,Received,122,2963.38
PO06269,2025-02-09,S03,SUP009,Received,130,3157.7
PO06270,2025-02-14,S03,SUP009,Received,130,3157.7
PO06271,2025-02-18,S03,SUP009,Received,130,3157.7
PO06272,2025-02-22,S03,SUP009,Received,121,2939.09
PO06273,2025-02-26,S03,SUP009,Received,130,3157.7
PO06274,2025-03-02,S03,SUP009,Received,130,3157.7
PO06275,2025-03-06,S03,SUP009,Received,130,3157.7
PO06276,2025-03-09,S03,SUP009,Received,124,3011.96
PO06277,2025-03-13,S03,SUP009,Received,111,2696.19
PO06278,2025-03-17,S03,SUP009,Received,123,2987.67
PO06279,2025-03-21,S03,SUP009,Received,128,3109.12
PO06280,2025-03-25,S03,SUP009,Received,130,3157.7
PO06281,2025-03-29,S03,SUP009,Received,126,3060.54
PO06282,2025-04-02,S03,SUP009,Received,130,3157.7
PO06283,2025-04-06,S03,SUP009,Received,123,2987.67
PO06284,2025-04-10,S03,SUP009,Received,127,3084.83
PO06285,2025-04-13,S03,SUP009,Received,110,2671.9
PO06286,2025-04-17,S03,SUP009,Received,115,2793.35
PO06287,2025-04-21,S03,SUP009,Received,125,3036.25
PO06288,2025-04-25,S03,SUP009,Received,114,2769.06
PO06289,2025-04-29,S03,SUP009,Received,130,3157.7
PO06290,2025-05-03,S03,SUP009,Received,121,2939.09
PO06291,2025-05-07,S03,SUP009,Received,118,2866.22
PO06292,2025-05-11,S03,SUP009,Received,130,3157.7
PO06293,2025-05-15,S03,SUP009,Received,118,2866.22
PO06294,2025-05-19,S03,SUP009,Received,130,3157.7
PO06295,2025-05-23,S03,SUP009,Received,115,2793.35
PO06296,2025-05-26,S03,SUP009,Received,114,2769.06
PO06297,2025-05-31,S03,SUP009,Received,130,3157.7
PO06298,2025-06-04,S03,SUP009,Received,113,2744.77
PO06299,2025-06-08,S03,SUP009,Received,129,3133.41
PO06300,2025-06-13,S03,SUP009,Received,130,3157.7
PO06301,2025-06-17,S03,SUP009,Received,130,3157.7
PO06302,2025-06-21,S03,SUP009,Received,114,2769.06
PO06303,2025-06-25,S03,SUP009,Received,116,2817.64
PO06304,2025-06-29,S03,SUP009,Received,112,2720.48
PO06305,2025-07-03,S03,SUP009,Received,120,2914.8
PO06306,2025-07-07,S03,SUP009,Received,111,2696.19
PO06307,2025-07-11,S03,SUP009,Received,113,2744.77
PO06308,2025-07-15,S03,SUP009,Received,130,3157.7
PO06309,2025-07-19,S03,SUP009,Received,107,2599.03
PO06310,2025-07-24,S03,SUP009,Received,130,3157.7
PO06311,2025-07-28,S03,SUP009,Received,121,2939.09
PO06312,2025-08-02,S03,SUP009,Received,114,2769.06
PO06313,2025-08-06,S03,SUP009,Received,116,2817.64
PO06314,2025-08-10,S03,SUP009,Received,109,2647.61
PO06315,2025-08-15,S03,SUP009,Received,123,2987.67
PO06316,2025-08-21,S03,SUP009,Received,123,2987.67
PO06317,2025-08-26,S03,SUP009,Received,121,2939.09
PO06318,2025-08-31,S03,SUP009,Received,130,3157.7
PO06319,2025-09-05,S03,SUP009,Received,117,2841.93
PO06320,2025-09-10,S03,SUP009,Received,124,3011.96
PO06321,2025-09-15,S03,SUP009,Received,110,2671.9
PO06322,2025-09-20,S03,SUP009,Received,126,3060.54
PO06323,2025-09-25,S03,SUP009,Received,118,2866.22
PO06324,2025-09-30,S03,SUP009,Received,113,2744.77
PO06325,2025-10-05,S03,SUP009,Received,118,2866.22
PO06326,2025-10-10,S03,SUP009,Received,108,2623.32
PO06327,2025-10-15,S03,SUP009,Received,120,2914.8
PO06328,2025-10-20,S03,SUP009,Received,109,2647.61
PO06329,2025-10-25,S03,SUP009,Received,107,2599.03
PO06330,2025-10-30,S03,SUP009,Received,111,2696.19
PO06331,2025-11-03,S03,SUP009,Received,119,2890.51
PO06332,2025-11-08,S03,SUP009,Received,113,2744.77
PO06333,2025-11-13,S03,SUP009,Received,121,2939.09
PO06334,2025-11-19,S03,SUP009,Received,124,3011.96
PO06335,2025-11-24,S03,SUP009,Received,116,2817.64
PO06336,2025-11-29,S03,SUP009,Received,124,3011.96
PO06337,2025-12-04,S03,SUP009,Received,126,3060.54
PO06338,2025-12-08,S03,SUP009,Received,112,2720.48
PO06339,2025-12-13,S03,SUP009,Received,110,2671.9
PO06340,2025-12-18,S03,SUP009,Received,127,3084.83
PO06341,2025-12-23,S03,SUP009,Received,124,3011.96
PO06342,2025-12-27,S03,SUP009,Received,111,2696.19
PO06343,2025-12-31,S03,SUP009,Received,111,2696.19
PO06344,2025-01-03,S03,SUP006,Received,179,3383.1
PO06345,2025-01-09,S03,SUP006,Received,179,3383.1
PO06346,2025-01-16,S03,SUP006,Received,185,3496.5
PO06347,2025-01-22,S03,SUP003,Received,185,3912.75
PO06348,2025-01-28,S03,SUP006,Received,185,3496.5
PO06349,2025-02-02,S03,SUP003,Received,178,3764.7
PO06350,2025-02-08,S03,SUP003,Received,185,3912.75
PO06351,2025-02-13,S03,SUP003,Received,185,3912.75
PO06352,2025-02-18,S03,SUP006,Received,185,3496.5
PO06353,2025-02-24,S03,SUP003,Received,185,3912.75
PO06354,2025-03-01,S03,SUP006,Received,180,3402.0
PO06355,2025-03-06,S03,SUP003,Received,177,3743.55
PO06356,2025-03-12,S03,SUP006,Received,185,3496.5
PO06357,2025-03-17,S03,SUP006,Received,185,3496.5
PO06358,2025-03-23,S03,SUP003,Received,185,3912.75
PO06359,2025-03-28,S03,SUP003,Received,185,3912.75
PO06360,2025-04-02,S03,SUP003,Received,185,3912.75
PO06361,2025-04-07,S03,SUP003,Received,184,3891.6
PO06362,2025-04-12,S03,SUP003,Received,183,3870.45
PO06363,2025-04-17,S03,SUP006,Received,179,3383.1
PO06364,2025-04-22,S03,SUP003,Received,175,3701.25
PO06365,2025-04-27,S03,SUP003,Received,184,3891.6
PO06366,2025-05-02,S03,SUP006,Received,185,3496.5
PO06367,2025-05-07,S03,SUP003,Received,182,3849.3
PO06368,2025-05-13,S03,SUP006,Received,185,3496.5
PO06369,2025-05-18,S03,SUP003,Received,184,3891.6
PO06370,2025-05-24,S03,SUP003,Received,185,3912.75
PO06371,2025-05-29,S03,SUP003,Received,173,3658.95
PO06372,2025-06-03,S03,SUP003,Received,185,3912.75
PO06373,2025-06-09,S03,SUP006,Received,184,3477.6
PO06374,2025-06-14,S03,SUP006,Received,184,3477.6
PO06375,2025-06-20,S03,SUP003,Received,185,3912.75
PO06376,2025-06-26,S03,SUP003,Received,185,3912.75
PO06377,2025-07-02,S03,SUP003,Received,178,3764.7
PO06378,2025-07-08,S03,SUP006,Received,185,3496.5
PO06379,2025-07-14,S03,SUP006,Received,185,3496.5
PO06380,2025-07-19,S03,SUP006,Received,179,3383.1
PO06381,2025-07-25,S03,SUP006,Received,185,3496.5
PO06382,2025-07-31,S03,SUP006,Received,185,3496.5
PO06383,2025-08-06,S03,SUP006,Received,174,3288.6
PO06384,2025-08-13,S03,SUP003,Received,185,3912.75
PO06385,2025-08-19,S03,SUP006,Received,175,3307.5
PO06386,2025-08-26,S03,SUP003,Received,185,3912.75
PO06387,2025-09-02,S03,SUP006,Received,185,3496.5
PO06388,2025-09-09,S03,SUP006,Received,185,3496.5
PO06389,2025-09-16,S03,SUP006,Received,185,3496.5
PO06390,2025-09-23,S03,SUP003,Received,185,3912.75
PO06391,2025-09-30,S03,SUP003,Received,176,3722.4
PO06392,2025-10-07,S03,SUP006,Received,173,3269.7
PO06393,2025-10-14,S03,SUP003,Received,185,3912.75
PO06394,2025-10-21,S03,SUP003,Received,173,3658.95
PO06395,2025-10-28,S03,SUP006,Received,178,3364.2
PO06396,2025-11-04,S03,SUP006,Received,185,3496.5
PO06397,2025-11-11,S03,SUP003,Received,185,3912.75
PO06398,2025-11-18,S03,SUP003,Received,185,3912.75
PO06399,2025-11-25,S03,SUP006,Received,172,3250.8
PO06400,2025-11-30,S03,SUP003,Received,173,3658.95
PO06401,2025-12-06,S03,SUP006,Received,177,3345.3
PO06402,2025-12-12,S03,SUP003,Received,175,3701.25
PO06403,2025-12-17,S03,SUP006,Received,181,3420.9
PO06404,2025-12-24,S03,SUP006,Received,185,3496.5
PO06405,2025-12-30,S03,SUP006,Received,185,3496.5
PO06406,2025-01-19,S03,SUP008,Received,265,4279.75
PO06407,2025-02-22,S03,SUP009,Received,270,4063.5
PO06408,2025-03-23,S03,SUP010,Received,266,4229.4
PO06409,2025-04-22,S03,SUP009,Received,264,3973.2
PO06410,2025-05-25,S03,SUP009,Received,272,4093.6
PO06411,2025-06-29,S03,SUP008,Received,268,4328.2
PO06412,2025-08-06,S03,SUP010,Received,265,4213.5
PO06413,2025-09-15,S03,SUP010,Received,271,4308.9
PO06414,2025-10-26,S03,SUP008,Received,266,4295.9
PO06415,2025-12-02,S03,SUP010,Received,266,4229.4
PO06416,2025-01-06,S03,SUP009,Received,420,625.8
PO06417,2025-01-21,S03,SUP002,Received,419,729.06
PO06418,2025-02-04,S03,SUP002,Received,414,720.36
PO06419,2025-02-19,S03,SUP009,Received,429,639.21
PO06420,2025-03-06,S03,SUP002,Received,429,746.46
PO06421,2025-03-20,S03,SUP009,Received,429,639.21
PO06422,2025-04-03,S03,SUP009,Received,420,625.8
PO06423,2025-04-15,S03,SUP009,Received,423,630.27
PO06424,2025-04-29,S03,SUP009,Received,429,639.21
PO06425,2025-05-13,S03,SUP002,Received,429,746.46
PO06426,2025-05-26,S03,SUP002,Received,429,746.46
PO06427,2025-06-09,S03,SUP002,Received,419,729.06
PO06428,2025-06-24,S03,SUP002,Received,418,727.32
PO06429,2025-07-09,S03,SUP009,Received,428,637.72
PO06430,2025-07-26,S03,SUP009,Received,423,630.27
PO06431,2025-08-11,S03,SUP002,Received,421,732.54
PO06432,2025-08-28,S03,SUP009,Received,429,639.21
PO06433,2025-09-14,S03,SUP009,Received,418,622.82
PO06434,2025-10-02,S03,SUP009,Received,420,625.8
PO06435,2025-10-19,S03,SUP002,Received,415,722.1
PO06436,2025-11-07,S03,SUP009,Received,429,639.21
PO06437,2025-11-26,S03,SUP002,Received,429,746.46
PO06438,2025-12-13,S03,SUP002,Received,425,739.5
PO06439,2025-12-30,S03,SUP002,Received,427,742.98
PO06440,2025-01-17,S03,SUP007,Received,323,742.9
PO06441,2025-02-08,S03,SUP008,Received,326,756.32
PO06442,2025-03-01,S03,SUP001,Received,333,852.48
PO06443,2025-03-20,S03,SUP001,Received,326,834.56
PO06444,2025-04-09,S03,SUP008,Received,330,765.6
PO06445,2025-05-01,S03,SUP001,Received,328,839.68
PO06446,2025-05-21,S03,SUP008,Received,333,772.56
PO06447,2025-06-10,S03,SUP008,Received,326,756.32
PO06448,2025-07-02,S03,SUP001,Received,325,832.0
PO06449,2025-07-24,S03,SUP008,Received,329,763.28
PO06450,2025-08-16,S03,SUP007,Received,331,761.3
PO06451,2025-09-11,S03,SUP001,Received,324,829.44
PO06452,2025-10-06,S03,SUP008,Received,324,751.68
PO06453,2025-11-01,S03,SUP007,Received,322,740.6
PO06454,2025-11-26,S03,SUP001,Received,327,837.12
PO06455,2025-12-19,S03,SUP001,Received,320,819.2
PO06456,2025-01-08,S03,SUP009,Received,394,3876.96
PO06457,2025-01-25,S03,SUP009,Received,395,3886.8
PO06458,2025-02-12,S03,SUP009,Received,391,3847.44
PO06459,2025-02-27,S03,SUP009,Received,395,3886.8
PO06460,2025-03-15,S03,SUP009,Received,390,3837.6
PO06461,2025-03-30,S03,SUP009,Received,389,3827.76
PO06462,2025-04-15,S03,SUP009,Received,398,3916.32
PO06463,2025-04-30,S03,SUP009,Received,387,3808.08
PO06464,2025-05-16,S03,SUP009,Received,388,3817.92
PO06465,2025-06-02,S03,SUP009,Received,397,3906.48
PO06466,2025-06-20,S03,SUP009,Received,391,3847.44
PO06467,2025-07-07,S03,SUP009,Received,393,3867.12
PO06468,2025-07-25,S03,SUP009,Received,384,3778.56
PO06469,2025-08-16,S03,SUP009,Received,399,3926.16
PO06470,2025-09-05,S03,SUP009,Received,384,3778.56
PO06471,2025-09-27,S03,SUP009,Received,389,3827.76
PO06472,2025-10-17,S03,SUP009,Received,384,3778.56
PO06473,2025-11-06,S03,SUP009,Received,399,3926.16
PO06474,2025-11-26,S03,SUP009,Received,399,3926.16
PO06475,2025-12-14,S03,SUP009,Received,398,3916.32
PO06476,2025-01-09,S03,SUP010,Received,475,10169.75
PO06477,2025-01-30,S03,SUP009,Received,482,11032.98
PO06478,2025-02-20,S03,SUP009,Received,485,11101.65
PO06479,2025-03-11,S03,SUP009,Received,473,10826.97
PO06480,2025-03-31,S03,SUP009,Received,492,11261.88
PO06481,2025-04-18,S03,SUP009,Received,492,11261.88
PO06482,2025-05-07,S03,SUP010,Received,490,10490.9
PO06483,2025-05-26,S03,SUP010,Received,477,10212.57
PO06484,2025-06-15,S03,SUP010,Received,473,10126.93
PO06485,2025-07-04,S03,SUP009,Received,472,10804.08
PO06486,2025-07-26,S03,SUP009,Received,485,11101.65
PO06487,2025-08-18,S03,SUP009,Received,476,10895.64
PO06488,2025-09-12,S03,SUP010,Received,481,10298.21
PO06489,2025-10-05,S03,SUP009,Received,491,11238.99
PO06490,2025-10-29,S03,SUP010,Received,474,10148.34
PO06491,2025-11-23,S03,SUP010,Received,484,10362.44
PO06492,2025-12-17,S03,SUP009,Received,489,11193.21
PO06493,2025-01-03,S03,SUP006,Received,113,1822.69
PO06494,2025-01-09,S03,SUP006,Received,128,2064.64
PO06495,2025-01-14,S03,SUP006,Received,128,2064.64
PO06496,2025-01-19,S03,SUP006,Received,111,1790.43
PO06497,2025-01-25,S03,SUP006,Received,131,2113.03
PO06498,2025-01-31,S03,SUP006,Received,131,2113.03
PO06499,2025-02-06,S03,SUP006,Received,119,1919.47
PO06500,2025-02-11,S03,SUP006,Received,120,1935.6
PO06501,2025-02-16,S03,SUP006,Received,111,1790.43
PO06502,2025-02-22,S03,SUP006,Received,131,2113.03
PO06503,2025-02-27,S03,SUP006,Received,122,1967.86
PO06504,2025-03-03,S03,SUP006,Received,113,1822.69
PO06505,2025-03-08,S03,SUP006,Received,113,1822.69
PO06506,2025-03-13,S03,SUP006,Received,111,1790.43
PO06507,2025-03-18,S03,SUP006,Received,125,2016.25
PO06508,2025-03-23,S03,SUP006,Received,131,2113.03
PO06509,2025-03-28,S03,SUP006,Received,111,1790.43
PO06510,2025-04-03,S03,SUP006,Received,114,1838.82
PO06511,2025-04-08,S03,SUP006,Received,109,1758.17
PO06512,2025-04-13,S03,SUP006,Received,131,2113.03
PO06513,2025-04-18,S03,SUP006,Received,111,1790.43
PO06514,2025-04-22,S03,SUP006,Received,116,1871.08
PO06515,2025-04-27,S03,SUP006,Received,120,1935.6
PO06516,2025-05-02,S03,SUP006,Received,113,1822.69
PO06517,2025-05-07,S03,SUP006,Received,123,1983.99
PO06518,2025-05-12,S03,SUP006,Received,109,1758.17
PO06519,2025-05-17,S03,SUP006,Received,119,1919.47
PO06520,2025-05-22,S03,SUP006,Received,110,1774.3
PO06521,2025-05-28,S03,SUP006,Received,129,2080.77
PO06522,2025-06-03,S03,SUP006,Received,111,1790.43
PO06523,2025-06-08,S03,SUP006,Received,112,1806.56
PO06524,2025-06-13,S03,SUP006,Received,110,1774.3
PO06525,2025-06-18,S03,SUP006,Received,129,2080.77
PO06526,2025-06-24,S03,SUP006,Received,109,1758.17
PO06527,2025-06-29,S03,SUP006,Received,110,1774.3
PO06528,2025-07-05,S03,SUP006,Received,118,1903.34
PO06529,2025-07-12,S03,SUP006,Received,124,2000.12
PO06530,2025-07-17,S03,SUP006,Received,113,1822.69
PO06531,2025-07-23,S03,SUP006,Received,110,1774.3
PO06532,2025-07-29,S03,SUP006,Received,119,1919.47
PO06533,2025-08-04,S03,SUP006,Received,122,1967.86
PO06534,2025-08-10,S03,SUP006,Received,110,1774.3
PO06535,2025-08-17,S03,SUP006,Received,122,1967.86
PO06536,2025-08-24,S03,SUP006,Received,128,2064.64
PO06537,2025-08-31,S03,SUP006,Received,124,2000.12
PO06538,2025-09-05,S03,SUP006,Received,114,1838.82
PO06539,2025-09-11,S03,SUP006,Received,113,1822.69
PO06540,2025-09-19,S03,SUP006,Received,110,1774.3
PO06541,2025-09-26,S03,SUP006,Received,128,2064.64
PO06542,2025-10-03,S03,SUP006,Received,121,1951.73
PO06543,2025-10-11,S03,SUP006,Received,121,1951.73
PO06544,2025-10-17,S03,SUP006,Received,113,1822.69
PO06545,2025-10-24,S03,SUP006,Received,126,2032.38
PO06546,2025-10-31,S03,SUP006,Received,123,1983.99
PO06547,2025-11-07,S03,SUP006,Received,124,2000.12
PO06548,2025-11-13,S03,SUP006,Received,111,1790.43
PO06549,2025-11-20,S03,SUP006,Received,121,1951.73
PO06550,2025-11-26,S03,SUP006,Received,112,1806.56
PO06551,2025-12-01,S03,SUP006,Received,117,1887.21
PO06552,2025-12-07,S03,SUP006,Received,117,1887.21
PO06553,2025-12-13,S03,SUP006,Received,120,1935.6
PO06554,2025-12-19,S03,SUP006,Received,109,1758.17
PO06555,2025-12-25,S03,SUP006,Received,122,1967.86
PO06556,2025-12-31,S03,SUP006,Received,121,1951.73
PO06557,2025-01-11,S03,SUP003,Received,149,756.92
PO06558,2025-01-23,S03,SUP010,Received,149,701.79
PO06559,2025-02-02,S03,SUP006,Received,150,859.5
PO06560,2025-02-15,S03,SUP010,Received,153,720.63
PO06561,2025-02-25,S03,SUP006,Received,158,905.34
PO06562,2025-03-08,S03,SUP003,Received,148,751.84
PO06563,2025-03-17,S03,SUP003,Received,148,751.84
PO06564,2025-03-28,S03,SUP006,Received,151,865.23
PO06565,2025-04-07,S03,SUP010,Received,148,697.08
PO06566,2025-04-19,S03,SUP006,Received,160,916.8
PO06567,2025-05-01,S03,SUP006,Received,149,853.77
PO06568,2025-05-14,S03,SUP010,Received,154,725.34
PO06569,2025-05-26,S03,SUP003,Received,154,782.32
PO06570,2025-06-08,S03,SUP006,Received,156,893.88
PO06571,2025-06-20,S03,SUP010,Received,150,706.5
PO06572,2025-07-03,S03,SUP010,Received,157,739.47
PO06573,2025-07-16,S03,SUP006,Received,154,882.42
PO06574,2025-07-29,S03,SUP006,Received,148,848.04
PO06575,2025-08-12,S03,SUP010,Received,150,706.5
PO06576,2025-08-26,S03,SUP003,Received,149,756.92
PO06577,2025-09-12,S03,SUP003,Received,145,736.6
PO06578,2025-10-01,S03,SUP006,Received,145,830.85
PO06579,2025-10-18,S03,SUP010,Received,158,744.18
PO06580,2025-11-02,S03,SUP006,Received,146,836.58
PO06581,2025-11-16,S03,SUP006,Received,159,911.07
PO06582,2025-12-03,S03,SUP006,Received,149,853.77
PO06583,2025-12-16,S03,SUP010,Received,151,711.21
PO06584,2025-12-30,S03,SUP006,Received,154,882.42
PO06585,2025-01-08,S03,SUP003,Received,276,1907.16
PO06586,2025-01-17,S03,SUP003,Received,273,1886.43
PO06587,2025-01-26,S03,SUP003,Received,270,1865.7
PO06588,2025-02-04,S03,SUP006,Received,276,2111.4
PO06589,2025-02-12,S03,SUP003,Received,271,1872.61
PO06590,2025-02-22,S03,SUP003,Received,297,2052.27
PO06591,2025-03-02,S03,SUP006,Received,286,2187.9
PO06592,2025-03-11,S03,SUP003,Received,288,1990.08
PO06593,2025-03-20,S03,SUP003,Received,276,1907.16
PO06594,2025-03-29,S03,SUP006,Received,277,2119.05
PO06595,2025-04-07,S03,SUP006,Received,284,2172.6
PO06596,2025-04-17,S03,SUP003,Received,279,1927.89
PO06597,2025-04-27,S03,SUP006,Received,299,2287.35
PO06598,2025-05-07,S03,SUP003,Received,293,2024.63
PO06599,2025-05-16,S03,SUP003,Received,282,1948.62
PO06600,2025-05-25,S03,SUP003,Received,277,1914.07
PO06601,2025-06-04,S03,SUP002,Received,278,2029.4
PO06602,2025-06-13,S03,SUP006,Received,265,2027.25
PO06603,2025-06-23,S03,SUP006,Received,281,2149.65
PO06604,2025-07-05,S03,SUP002,Received,291,2124.3
PO06605,2025-07-14,S03,SUP003,Received,267,1844.97
PO06606,2025-07-25,S03,SUP003,Received,271,1872.61
PO06607,2025-08-05,S03,SUP003,Received,286,1976.26
PO06608,2025-08-17,S03,SUP003,Received,281,1941.71
PO06609,2025-08-29,S03,SUP002,Received,265,1934.5
PO06610,2025-09-09,S03,SUP003,Received,285,1969.35
PO06611,2025-09-21,S03,SUP003,Received,285,1969.35
PO06612,2025-10-04,S03,SUP006,Received,289,2210.85
PO06613,2025-10-16,S03,SUP002,Received,270,1971.0
PO06614,2025-10-28,S03,SUP002,Received,273,1992.9
PO06615,2025-11-08,S03,SUP002,Received,278,2029.4
PO06616,2025-11-19,S03,SUP003,Received,280,1934.8
PO06617,2025-11-30,S03,SUP002,Received,270,1971.0
PO06618,2025-12-11,S03,SUP003,Received,275,1900.25
PO06619,2025-12-21,S03,SUP003,Received,268,1851.88
PO06620,2025-12-31,S03,SUP006,Received,266,2034.9
PO06621,2025-01-09,S03,SUP009,Received,100,371.0
PO06622,2025-01-30,S03,SUP009,Received,98,363.58
PO06623,2025-02-21,S03,SUP002,Received,98,352.8
PO06624,2025-03-11,S03,SUP009,Received,103,382.13
PO06625,2025-03-29,S03,SUP009,Received,100,371.0
PO06626,2025-04-13,S03,SUP009,Received,102,378.42
PO06627,2025-05-03,S03,SUP009,Received,104,385.84
PO06628,2025-05-23,S03,SUP002,Received,104,374.4
PO06629,2025-06-11,S03,SUP009,Received,99,367.29
PO06630,2025-07-01,S03,SUP009,Received,101,374.71
PO06631,2025-07-20,S03,SUP002,Received,103,370.8
PO06632,2025-08-10,S03,SUP002,Received,101,363.6
PO06633,2025-09-07,S03,SUP002,Received,99,356.4
PO06634,2025-10-04,S03,SUP009,Received,99,367.29
PO06635,2025-11-01,S03,SUP002,Received,105,378.0
PO06636,2025-11-21,S03,SUP009,Received,99,367.29
PO06637,2025-12-17,S03,SUP009,Received,102,378.42
PO06638,2025-01-05,S03,SUP003,Received,56,777.28
PO06639,2025-01-14,S03,SUP003,Received,56,777.28
PO06640,2025-01-23,S03,SUP003,Received,57,791.16
PO06641,2025-02-01,S03,SUP003,Received,53,735.64
PO06642,2025-02-09,S03,SUP003,Received,51,707.88
PO06643,2025-02-18,S03,SUP003,Received,54,749.52
PO06644,2025-02-25,S03,SUP003,Received,53,735.64
PO06645,2025-03-06,S03,SUP003,Received,56,777.28
PO06646,2025-03-16,S03,SUP003,Received,57,791.16
PO06647,2025-03-25,S03,SUP003,Received,52,721.76
PO06648,2025-04-02,S03,SUP003,Received,59,818.92
PO06649,2025-04-12,S03,SUP003,Received,57,791.16
PO06650,2025-04-18,S03,SUP003,Received,52,721.76
PO06651,2025-04-26,S03,SUP003,Received,56,777.28
PO06652,2025-05-03,S03,SUP003,Received,52,721.76
PO06653,2025-05-11,S03,SUP003,Received,58,805.04
PO06654,2025-05-20,S03,SUP003,Received,59,818.92
PO06655,2025-05-30,S03,SUP003,Received,52,721.76
PO06656,2025-06-08,S03,SUP003,Received,52,721.76
PO06657,2025-06-18,S03,SUP003,Received,54,749.52
PO06658,2025-06-29,S03,SUP003,Received,54,749.52
PO06659,2025-07-06,S03,SUP003,Received,51,707.88
PO06660,2025-07-15,S03,SUP003,Received,54,749.52
PO06661,2025-07-23,S03,SUP003,Received,56,777.28
PO06662,2025-07-31,S03,SUP003,Received,51,707.88
PO06663,2025-08-11,S03,SUP003,Received,51,707.88
PO06664,2025-08-22,S03,SUP003,Received,57,791.16
PO06665,2025-08-31,S03,SUP003,Received,51,707.88
PO06666,2025-09-08,S03,SUP003,Received,52,721.76
PO06667,2025-09-19,S03,SUP003,Received,51,707.88
PO06668,2025-09-30,S03,SUP003,Received,53,735.64
PO06669,2025-10-10,S03,SUP003,Received,56,777.28
PO06670,2025-10-20,S03,SUP003,Received,51,707.88
PO06671,2025-10-29,S03,SUP003,Received,54,749.52
PO06672,2025-11-08,S03,SUP003,Received,51,707.88
PO06673,2025-11-18,S03,SUP003,Received,54,749.52
PO06674,2025-11-28,S03,SUP003,Received,55,763.4
PO06675,2025-12-08,S03,SUP003,Received,53,735.64
PO06676,2025-12-17,S03,SUP003,Received,52,721.76
PO06677,2025-12-28,S03,SUP003,Received,57,791.16
PO06678,2025-01-04,S03,SUP007,Received,242,4208.38
PO06679,2025-01-13,S03,SUP007,Received,248,4312.72
PO06680,2025-01-22,S03,SUP007,Received,262,4556.18
PO06681,2025-01-31,S03,SUP007,Received,270,4695.3
PO06682,2025-02-08,S03,SUP007,Received,270,4695.3
PO06683,2025-02-16,S03,SUP007,Received,264,4590.96
PO06684,2025-02-24,S03,SUP007,Received,244,4243.16
PO06685,2025-03-05,S03,SUP007,Received,270,4695.3
PO06686,2025-03-13,S03,SUP007,Received,267,4643.13
PO06687,2025-03-20,S03,SUP007,Received,253,4399.67
PO06688,2025-03-28,S03,SUP007,Received,263,4573.57
PO06689,2025-04-04,S03,SUP007,Received,248,4312.72
PO06690,2025-04-11,S03,SUP007,Received,270,4695.3
PO06691,2025-04-19,S03,SUP007,Received,253,4399.67
PO06692,2025-04-27,S03,SUP007,Received,268,4660.52
PO06693,2025-05-05,S03,SUP007,Received,257,4469.23
PO06694,2025-05-12,S03,SUP007,Received,249,4330.11
PO06695,2025-05-19,S03,SUP007,Received,245,4260.55
PO06696,2025-05-27,S03,SUP007,Received,265,4608.35
PO06697,2025-06-04,S03,SUP007,Received,264,4590.96
PO06698,2025-06-12,S03,SUP007,Received,256,4451.84
PO06699,2025-06-21,S03,SUP007,Received,269,4677.91
PO06700,2025-06-30,S03,SUP007,Received,263,4573.57
PO06701,2025-07-08,S03,SUP007,Received,252,4382.28
PO06702,2025-07-17,S03,SUP007,Received,247,4295.33
PO06703,2025-07-26,S03,SUP007,Received,250,4347.5
PO06704,2025-08-05,S03,SUP007,Received,258,4486.62
PO06705,2025-08-14,S03,SUP007,Received,243,4225.77
PO06706,2025-08-23,S03,SUP007,Received,255,4434.45
PO06707,2025-09-01,S03,SUP007,Received,250,4347.5
PO06708,2025-09-10,S03,SUP007,Received,248,4312.72
PO06709,2025-09-21,S03,SUP007,Received,262,4556.18
PO06710,2025-10-02,S03,SUP007,Received,255,4434.45
PO06711,2025-10-12,S03,SUP007,Received,255,4434.45
PO06712,2025-10-23,S03,SUP007,Received,259,4504.01
PO06713,2025-11-01,S03,SUP007,Received,252,4382.28
PO06714,2025-11-10,S03,SUP007,Received,262,4556.18
PO06715,2025-11-21,S03,SUP007,Received,270,4695.3
PO06716,2025-11-30,S03,SUP007,Received,266,4625.74
PO06717,2025-12-09,S03,SUP007,Received,259,4504.01
PO06718,2025-12-18,S03,SUP007,Received,254,4417.06
PO06719,2025-12-27,S03,SUP007,Received,270,4695.3
PO06720,2025-01-05,S03,SUP004,Received,228,4534.92
PO06721,2025-01-17,S03,SUP004,Received,216,4296.24
PO06722,2025-02-01,S03,SUP008,Received,214,4136.62
PO06723,2025-02-13,S03,SUP008,Received,212,4097.96
PO06724,2025-02-25,S03,SUP005,Received,213,4579.5
PO06725,2025-03-09,S03,SUP008,Received,220,4252.6
PO06726,2025-03-21,S03,SUP008,Received,230,4445.9
PO06727,2025-04-03,S03,SUP005,Received,222,4773.0
PO06728,2025-04-15,S03,SUP008,Received,212,4097.96
PO06729,2025-04-28,S03,SUP004,Received,226,4495.14
PO06730,2025-05-10,S03,SUP008,Received,222,4291.26
PO06731,2025-05-21,S03,SUP008,Received,217,4194.61
PO06732,2025-06-02,S03,SUP008,Received,221,4271.93
PO06733,2025-06-15,S03,SUP005,Received,225,4837.5
PO06734,2025-06-28,S03,SUP005,Received,216,4644.0
PO06735,2025-07-12,S03,SUP004,Received,225,4475.25
PO06736,2025-07-26,S03,SUP008,Received,214,4136.62
PO06737,2025-08-10,S03,SUP005,Received,222,4773.0
PO06738,2025-08-26,S03,SUP008,Received,216,4175.28
PO06739,2025-09-11,S03,SUP005,Received,219,4708.5
PO06740,2025-09-27,S03,SUP008,Received,220,4252.6
PO06741,2025-10-12,S03,SUP004,Received,219,4355.91
PO06742,2025-10-29,S03,SUP004,Received,212,4216.68
PO06743,2025-11-12,S03,SUP008,Received,213,4117.29
PO06744,2025-11-26,S03,SUP004,Received,213,4236.57
PO06745,2025-12-10,S03,SUP004,Received,216,4296.24
PO06746,2025-12-25,S03,SUP004,Received,219,4355.91
PO06747,2025-01-18,S03,SUP010,Received,305,985.15
PO06748,2025-02-23,S03,SUP010,Received,299,965.77
PO06749,2025-03-30,S03,SUP010,Received,305,985.15
PO06750,2025-05-10,S03,SUP010,Received,311,1004.53
PO06751,2025-06-15,S03,SUP010,Received,300,969.0
PO06752,2025-07-26,S03,SUP010,Received,297,959.31
PO06753,2025-09-05,S03,SUP010,Received,301,972.23
PO06754,2025-10-19,S03,SUP010,Received,299,965.77
PO06755,2025-12-02,S03,SUP010,Received,297,959.31
PO06756,2025-01-06,S03,SUP009,Received,269,1616.69
PO06757,2025-01-14,S03,SUP009,Received,265,1592.65
PO06758,2025-01-22,S03,SUP002,Received,263,1604.3
PO06759,2025-01-30,S03,SUP002,Received,243,1482.3
PO06760,2025-02-07,S03,SUP009,Received,255,1532.55
PO06761,2025-02-15,S03,SUP009,Received,266,1598.66
PO06762,2025-02-22,S03,SUP002,Received,252,1537.2
PO06763,2025-03-02,S03,SUP009,Received,276,1658.76
PO06764,2025-03-10,S03,SUP002,Received,260,1586.0
PO06765,2025-03-17,S03,SUP009,Received,254,1526.54
PO06766,2025-03-25,S03,SUP009,Received,262,1574.62
PO06767,2025-04-01,S03,SUP002,Received,242,1476.2
PO06768,2025-04-08,S03,SUP002,Received,248,1512.8
PO06769,2025-04-16,S03,SUP002,Received,271,1653.1
PO06770,2025-04-23,S03,SUP002,Received,252,1537.2
PO06771,2025-04-30,S03,SUP002,Received,247,1506.7
PO06772,2025-05-08,S03,SUP002,Received,261,1592.1
PO06773,2025-05-15,S03,SUP002,Received,248,1512.8
PO06774,2025-05-22,S03,SUP009,Received,249,1496.49
PO06775,2025-05-31,S03,SUP009,Received,268,1610.68
PO06776,2025-06-08,S03,SUP002,Received,261,1592.1
PO06777,2025-06-17,S03,SUP009,Received,272,1634.72
PO06778,2025-06-25,S03,SUP009,Received,245,1472.45
PO06779,2025-07-05,S03,SUP009,Received,260,1562.6
PO06780,2025-07-13,S03,SUP002,Received,256,1561.6
PO06781,2025-07-22,S03,SUP002,Received,259,1579.9
PO06782,2025-07-30,S03,SUP002,Received,244,1488.4
PO06783,2025-08-09,S03,SUP009,Received,265,1592.65
PO06784,2025-08-18,S03,SUP009,Received,268,1610.68
PO06785,2025-08-30,S03,SUP009,Received,266,1598.66
PO06786,2025-09-09,S03,SUP002,Received,243,1482.3
PO06787,2025-09-19,S03,SUP009,Received,274,1646.74
PO06788,2025-09-29,S03,SUP002,Received,254,1549.4
PO06789,2025-10-10,S03,SUP002,Received,259,1579.9
PO06790,2025-10-20,S03,SUP002,Received,253,1543.3
PO06791,2025-10-30,S03,SUP009,Received,244,1466.44
PO06792,2025-11-09,S03,SUP002,Received,256,1561.6
PO06793,2025-11-18,S03,SUP009,Received,243,1460.43
PO06794,2025-11-28,S03,SUP002,Received,263,1604.3
PO06795,2025-12-07,S03,SUP002,Received,265,1616.5
PO06796,2025-12-17,S03,SUP002,Received,270,1647.0
PO06797,2025-12-27,S03,SUP002,Received,265,1616.5
PO06798,2025-01-07,S03,SUP007,Received,469,1918.21
PO06799,2025-01-24,S03,SUP007,Received,469,1918.21
PO06800,2025-02-09,S03,SUP007,Received,464,1897.76
PO06801,2025-02-23,S03,SUP007,Received,462,1889.58
PO06802,2025-03-11,S03,SUP007,Received,469,1918.21
PO06803,2025-03-25,S03,SUP007,Received,464,1897.76
PO06804,2025-04-09,S03,SUP007,Received,469,1918.21
PO06805,2025-04-24,S03,SUP007,Received,469,1918.21
PO06806,2025-05-09,S03,SUP007,Received,461,1885.49
PO06807,2025-05-24,S03,SUP007,Received,463,1893.67
PO06808,2025-06-10,S03,SUP007,Received,469,1918.21
PO06809,2025-06-27,S03,SUP007,Received,469,1918.21
PO06810,2025-07-14,S03,SUP007,Received,464,1897.76
PO06811,2025-07-31,S03,SUP007,Received,460,1881.4
PO06812,2025-08-18,S03,SUP007,Received,465,1901.85
PO06813,2025-09-03,S03,SUP007,Received,461,1885.49
PO06814,2025-09-23,S03,SUP007,Received,469,1918.21
PO06815,2025-10-12,S03,SUP007,Received,468,1914.12
PO06816,2025-11-01,S03,SUP007,Received,469,1918.21
PO06817,2025-11-19,S03,SUP007,Received,462,1889.58
PO06818,2025-12-08,S03,SUP007,Received,461,1885.49
PO06819,2025-12-27,S03,SUP007,Received,469,1918.21
PO06820,2025-01-12,S03,SUP007,Received,232,825.92
PO06821,2025-01-29,S03,SUP007,Received,240,854.4
PO06822,2025-02-13,S03,SUP007,Received,231,822.36
PO06823,2025-03-01,S03,SUP007,Received,237,843.72
PO06824,2025-03-17,S03,SUP007,Received,230,818.8
PO06825,2025-04-03,S03,SUP007,Received,236,840.16
PO06826,2025-04-20,S03,SUP007,Received,244,868.64
PO06827,2025-05-06,S03,SUP007,Received,229,815.24
PO06828,2025-05-20,S03,SUP007,Received,244,868.64
PO06829,2025-06-04,S03,SUP007,Received,230,818.8
PO06830,2025-06-20,S03,SUP007,Received,231,822.36
PO06831,2025-07-06,S03,SUP007,Received,231,822.36
PO06832,2025-07-26,S03,SUP007,Received,238,847.28
PO06833,2025-08-14,S03,SUP007,Received,240,854.4
PO06834,2025-09-03,S03,SUP007,Received,239,850.84
PO06835,2025-09-23,S03,SUP007,Received,235,836.6
PO06836,2025-10-13,S03,SUP007,Received,234,833.04
PO06837,2025-11-03,S03,SUP007,Received,237,843.72
PO06838,2025-11-22,S03,SUP007,Received,232,825.92
PO06839,2025-12-11,S03,SUP007,Received,236,840.16
PO06840,2025-12-28,S03,SUP007,Received,233,829.48
PO06841,2025-01-08,S03,SUP006,Received,130,772.2
PO06842,2025-01-30,S03,SUP006,Received,130,772.2
PO06843,2025-02-22,S03,SUP006,Received,132,784.08
PO06844,2025-03-18,S03,SUP006,Received,136,807.84
PO06845,2025-04-11,S03,SUP006,Received,132,784.08
PO06846,2025-05-06,S03,SUP006,Received,130,772.2
PO06847,2025-05-27,S03,SUP006,Received,134,795.96
PO06848,2025-06-21,S03,SUP006,Received,135,801.9
PO06849,2025-07-16,S03,SUP006,Received,132,784.08
PO06850,2025-08-10,S03,SUP006,Received,131,778.14
PO06851,2025-09-09,S03,SUP006,Received,132,784.08
PO06852,2025-10-13,S03,SUP006,Received,132,784.08
PO06853,2025-11-16,S03,SUP006,Received,135,801.9
PO06854,2025-12-14,S03,SUP006,Received,134,795.96
PO06855,2025-01-16,S03,SUP003,Received,368,2167.52
PO06856,2025-02-07,S03,SUP003,Received,371,2185.19
PO06857,2025-02-26,S03,SUP006,Received,365,2076.85
PO06858,2025-03-16,S03,SUP006,Received,371,2110.99
PO06859,2025-04-03,S03,SUP003,Received,364,2143.96
PO06860,2025-04-22,S03,SUP009,Received,359,2021.17
PO06861,2025-05-10,S03,SUP003,Received,361,2126.29
PO06862,2025-05-29,S03,SUP009,Received,370,2083.1
PO06863,2025-06-19,S03,SUP009,Received,359,2021.17
PO06864,2025-07-09,S03,SUP003,Received,361,2126.29
PO06865,2025-07-31,S03,SUP003,Received,379,2232.31
PO06866,2025-08-25,S03,SUP003,Received,375,2208.75
PO06867,2025-09-18,S03,SUP003,Received,363,2138.07
PO06868,2025-10-14,S03,SUP009,Received,361,2032.43
PO06869,2025-11-07,S03,SUP009,Received,375,2111.25
PO06870,2025-11-30,S03,SUP006,Received,366,2082.54
PO06871,2025-12-23,S03,SUP003,Received,368,2167.52
PO06872,2025-01-15,S03,SUP009,Received,250,3102.5
PO06873,2025-02-08,S03,SUP009,Received,246,3052.86
PO06874,2025-03-05,S03,SUP009,Received,255,3164.55
PO06875,2025-04-01,S03,SUP009,Received,246,3052.86
PO06876,2025-04-25,S03,SUP009,Received,245,3040.45
PO06877,2025-05-17,S03,SUP009,Received,257,3189.37
PO06878,2025-06-14,S03,SUP009,Received,245,3040.45
PO06879,2025-07-15,S03,SUP009,Received,249,3090.09
PO06880,2025-08-16,S03,SUP009,Received,254,3152.14
PO06881,2025-09-17,S03,SUP009,Received,250,3102.5
PO06882,2025-10-22,S03,SUP009,Received,250,3102.5
PO06883,2025-11-24,S03,SUP009,Received,247,3065.27
PO06884,2025-12-25,S03,SUP009,Received,246,3052.86
PO06885,2025-01-07,S03,SUP005,Received,183,1205.97
PO06886,2025-01-15,S03,SUP004,Received,188,1060.32
PO06887,2025-01-24,S03,SUP005,Received,181,1192.79
PO06888,2025-02-01,S03,SUP004,Received,189,1065.96
PO06889,2025-02-09,S03,SUP004,Received,188,1060.32
PO06890,2025-02-18,S03,SUP004,Received,176,992.64
PO06891,2025-02-25,S03,SUP004,Received,169,953.16
PO06892,2025-03-04,S03,SUP005,Received,170,1120.3
PO06893,2025-03-11,S03,SUP004,Received,180,1015.2
PO06894,2025-03-18,S03,SUP005,Received,174,1146.66
PO06895,2025-03-25,S03,SUP004,Received,184,1037.76
PO06896,2025-04-01,S03,SUP005,Received,179,1179.61
PO06897,2025-04-09,S03,SUP005,Received,183,1205.97
PO06898,2025-04-15,S03,SUP005,Received,171,1126.89
PO06899,2025-04-23,S03,SUP004,Received,182,1026.48
PO06900,2025-05-01,S03,SUP004,Received,180,1015.2
PO06901,2025-05-10,S03,SUP005,Received,185,1219.15
PO06902,2025-05-19,S03,SUP004,Received,189,1065.96
PO06903,2025-05-27,S03,SUP004,Received,189,1065.96
PO06904,2025-06-04,S03,SUP005,Received,179,1179.61
PO06905,2025-06-11,S03,SUP004,Received,179,1009.56
PO06906,2025-06-19,S03,SUP004,Received,180,1015.2
PO06907,2025-06-26,S03,SUP005,Received,183,1205.97
PO06908,2025-07-05,S03,SUP004,Received,177,998.28
PO06909,2025-07-14,S03,SUP005,Received,176,1159.84
PO06910,2025-07-25,S03,SUP005,Received,182,1199.38
PO06911,2025-08-02,S03,SUP004,Received,173,975.72
PO06912,2025-08-10,S03,SUP004,Received,171,964.44
PO06913,2025-08-21,S03,SUP004,Received,175,987.0
PO06914,2025-08-30,S03,SUP005,Received,170,1120.3
PO06915,2025-09-09,S03,SUP005,Received,174,1146.66
PO06916,2025-09-19,S03,SUP005,Received,177,1166.43
PO06917,2025-09-29,S03,SUP005,Received,183,1205.97
PO06918,2025-10-10,S03,SUP005,Received,177,1166.43
PO06919,2025-10-19,S03,SUP005,Received,187,1232.33
PO06920,2025-10-30,S03,SUP005,Received,173,1140.07
PO06921,2025-11-09,S03,SUP004,Received,184,1037.76
PO06922,2025-11-19,S03,SUP005,Received,178,1173.02
PO06923,2025-11-28,S03,SUP004,Received,180,1015.2
PO06924,2025-12-07,S03,SUP004,Received,184,1037.76
PO06925,2025-12-17,S03,SUP004,Received,182,1026.48
PO06926,2025-12-27,S03,SUP004,Received,175,987.0
PO06927,2025-01-04,S03,SUP009,Received,262,1032.28
PO06928,2025-01-13,S03,SUP009,Received,253,996.82
PO06929,2025-01-22,S03,SUP010,Received,262,940.58
PO06930,2025-01-31,S03,SUP010,Received,255,915.45
PO06931,2025-02-08,S03,SUP010,Received,258,926.22
PO06932,2025-02-16,S03,SUP009,Received,262,1032.28
PO06933,2025-02-25,S03,SUP009,Received,262,1032.28
PO06934,2025-03-06,S03,SUP010,Received,262,940.58
PO06935,2025-03-15,S03,SUP010,Received,262,940.58
PO06936,2025-03-24,S03,SUP010,Received,262,940.58
PO06937,2025-04-01,S03,SUP009,Received,256,1008.64
PO06938,2025-04-09,S03,SUP009,Received,261,1028.34
PO06939,2025-04-17,S03,SUP009,Received,260,1024.4
PO06940,2025-04-24,S03,SUP009,Received,258,1016.52
PO06941,2025-05-02,S03,SUP009,Received,259,1020.46
PO06942,2025-05-11,S03,SUP010,Received,262,940.58
PO06943,2025-05-20,S03,SUP009,Received,262,1032.28
PO06944,2025-05-29,S03,SUP010,Received,262,940.58
PO06945,2025-06-07,S03,SUP010,Received,262,940.58
PO06946,2025-06-15,S03,SUP009,Received,261,1028.34
PO06947,2025-06-24,S03,SUP009,Received,262,1032.28
PO06948,2025-07-05,S03,SUP010,Received,262,940.58
PO06949,2025-07-16,S03,SUP010,Received,262,940.58
PO06950,2025-07-26,S03,SUP010,Received,259,929.81
PO06951,2025-08-06,S03,SUP009,Received,254,1000.76
PO06952,2025-08-17,S03,SUP009,Received,262,1032.28
PO06953,2025-08-30,S03,SUP010,Received,262,940.58
PO06954,2025-09-12,S03,SUP010,Received,262,940.58
PO06955,2025-09-23,S03,SUP009,Received,262,1032.28
PO06956,2025-10-03,S03,SUP009,Received,256,1008.64
PO06957,2025-10-14,S03,SUP010,Received,262,940.58
PO06958,2025-10-25,S03,SUP009,Received,262,1032.28
PO06959,2025-11-06,S03,SUP010,Received,262,940.58
PO06960,2025-11-18,S03,SUP009,Received,259,1020.46
PO06961,2025-11-29,S03,SUP009,Received,262,1032.28
PO06962,2025-12-09,S03,SUP010,Received,259,929.81
PO06963,2025-12-20,S03,SUP009,Received,261,1028.34
PO06964,2025-12-30,S03,SUP010,Received,262,940.58
PO06965,2025-01-06,S03,SUP003,Received,213,434.52
PO06966,2025-01-19,S03,SUP002,Received,209,430.54
PO06967,2025-02-01,S03,SUP003,Received,205,418.2
PO06968,2025-02-14,S03,SUP002,Received,214,440.84
PO06969,2025-02-27,S03,SUP003,Received,211,430.44
PO06970,2025-03-10,S03,SUP002,Received,203,418.18
PO06971,2025-03-22,S03,SUP002,Received,207,426.42
PO06972,2025-04-04,S03,SUP003,Received,218,444.72
PO06973,2025-04-14,S03,SUP002,Received,209,430.54
PO06974,2025-04-26,S03,SUP002,Received,207,426.42
PO06975,2025-05-09,S03,SUP002,Received,216,444.96
PO06976,2025-05-23,S03,SUP003,Received,217,442.68
PO06977,2025-06-04,S03,SUP002,Received,210,432.6
PO06978,2025-06-17,S03,SUP003,Received,212,432.48
PO06979,2025-06-30,S03,SUP002,Received,206,424.36
PO06980,2025-07-14,S03,SUP002,Received,208,428.48
PO06981,2025-07-31,S03,SUP003,Received,204,416.16
PO06982,2025-08-14,S03,SUP002,Received,206,424.36
PO06983,2025-08-31,S03,SUP003,Received,204,416.16
PO06984,2025-09-16,S03,SUP003,Received,204,416.16
PO06985,2025-10-04,S03,SUP003,Received,214,436.56
PO06986,2025-10-18,S03,SUP003,Received,209,426.36
PO06987,2025-11-03,S03,SUP003,Received,208,424.32
PO06988,2025-11-18,S03,SUP003,Received,218,444.72
PO06989,2025-12-03,S03,SUP002,Received,207,426.42
PO06990,2025-12-16,S03,SUP003,Received,204,416.16
PO06991,2025-12-30,S03,SUP002,Received,206,424.36
PO06992,2025-01-19,S03,SUP007,Received,128,2384.64
PO06993,2025-02-15,S03,SUP001,Received,126,3087.0
PO06994,2025-03-10,S03,SUP007,Received,126,2347.38
PO06995,2025-04-02,S03,SUP007,Received,127,2366.01
PO06996,2025-04-26,S03,SUP007,Received,129,2403.27
PO06997,2025-05-21,S03,SUP001,Received,128,3136.0
PO06998,2025-06-15,S03,SUP001,Received,126,3087.0
PO06999,2025-07-12,S03,SUP001,Received,128,3136.0
PO07000,2025-08-11,S03,SUP001,Received,129,3160.5
PO07001,2025-09-14,S03,SUP001,Received,126,3087.0
PO07002,2025-10-16,S03,SUP007,Received,128,2384.64
PO07003,2025-11-15,S03,SUP001,Received,126,3087.0
PO07004,2025-12-15,S03,SUP001,Received,126,3087.0
PO07005,2025-01-01,S03,SUP003,Received,94,866.68
PO07006,2025-01-05,S03,SUP001,Received,101,965.56
PO07007,2025-01-09,S03,SUP003,Received,97,894.34
PO07008,2025-01-13,S03,SUP001,Received,87,831.72
PO07009,2025-01-16,S03,SUP001,Received,91,869.96
PO07010,2025-01-19,S03,SUP006,Received,84,701.4
PO07011,2025-01-23,S03,SUP003,Received,87,802.14
PO07012,2025-01-27,S03,SUP003,Received,88,811.36
PO07013,2025-01-31,S03,SUP006,Received,83,693.05
PO07014,2025-02-04,S03,SUP001,Received,95,908.2
PO07015,2025-02-08,S03,SUP001,Received,112,1070.72
PO07016,2025-02-12,S03,SUP003,Received,100,922.0
PO07017,2025-02-16,S03,SUP003,Received,98,903.56
PO07018,2025-02-20,S03,SUP006,Received,96,801.6
PO07019,2025-02-24,S03,SUP001,Received,109,1042.04
PO07020,2025-02-28,S03,SUP003,Received,101,931.22
PO07021,2025-03-03,S03,SUP003,Received,87,802.14
PO07022,2025-03-06,S03,SUP006,Received,91,759.85
PO07023,2025-03-09,S03,SUP003,Received,104,958.88
PO07024,2025-03-14,S03,SUP006,Received,104,868.4
PO07025,2025-03-17,S03,SUP001,Received,102,975.12
PO07026,2025-03-21,S03,SUP006,Received,93,776.55
PO07027,2025-03-24,S03,SUP001,Received,81,774.36
PO07028,2025-03-28,S03,SUP003,Received,84,774.48
PO07029,2025-03-31,S03,SUP003,Received,89,820.58
PO07030,2025-04-03,S03,SUP003,Received,82,756.04
PO07031,2025-04-06,S03,SUP003,Received,86,792.92
PO07032,2025-04-10,S03,SUP001,Received,99,946.44
PO07033,2025-04-14,S03,SUP001,Received,89,850.84
PO07034,2025-04-17,S03,SUP001,Received,86,822.16
PO07035,2025-04-21,S03,SUP003,Received,94,866.68
PO07036,2025-04-24,S03,SUP003,Received,83,765.26
PO07037,2025-04-27,S03,SUP006,Received,86,718.1
PO07038,2025-05-01,S03,SUP001,Received,88,841.28
PO07039,2025-05-05,S03,SUP006,Received,98,818.3
PO07040,2025-05-09,S03,SUP003,Received,105,968.1
PO07041,2025-05-12,S03,SUP006,Received,95,793.25
PO07042,2025-05-15,S03,SUP001,Received,90,860.4
PO07043,2025-05-18,S03,SUP003,Received,87,802.14
PO07044,2025-05-22,S03,SUP001,Received,87,831.72
PO07045,2025-05-25,S03,SUP006,Received,85,709.75
PO07046,2025-05-30,S03,SUP001,Received,95,908.2
PO07047,2025-06-02,S03,SUP006,Received,84,701.4
PO07048,2025-06-05,S03,SUP001,Received,81,774.36
PO07049,2025-06-09,S03,SUP006,Received,92,768.2
PO07050,2025-06-12,S03,SUP006,Received,86,718.1
PO07051,2025-06-16,S03,SUP006,Received,100,835.0
PO07052,2025-06-19,S03,SUP001,Received,83,793.48
PO07053,2025-06-24,S03,SUP006,Received,99,826.65
PO07054,2025-06-29,S03,SUP001,Received,99,946.44
PO07055,2025-07-04,S03,SUP001,Received,102,975.12
PO07056,2025-07-07,S03,SUP001,Received,83,793.48
PO07057,2025-07-10,S03,SUP006,Received,85,709.75
PO07058,2025-07-15,S03,SUP006,Received,97,809.95
PO07059,2025-07-20,S03,SUP003,Received,107,986.54
PO07060,2025-07-25,S03,SUP003,Received,93,857.46
PO07061,2025-07-30,S03,SUP006,Received,100,835.0
PO07062,2025-08-04,S03,SUP003,Received,100,922.0
PO07063,2025-08-08,S03,SUP003,Received,91,839.02
PO07064,2025-08-12,S03,SUP003,Received,98,903.56
PO07065,2025-08-16,S03,SUP006,Received,87,726.45
PO07066,2025-08-20,S03,SUP001,Received,102,975.12
PO07067,2025-08-24,S03,SUP003,Received,83,765.26
PO07068,2025-08-29,S03,SUP001,Received,97,927.32
PO07069,2025-09-02,S03,SUP003,Received,88,811.36
PO07070,2025-09-06,S03,SUP001,Received,91,869.96
PO07071,2025-09-11,S03,SUP003,Received,101,931.22
PO07072,2025-09-15,S03,SUP003,Received,82,756.04
PO07073,2025-09-19,S03,SUP003,Received,82,756.04
PO07074,2025-09-23,S03,SUP001,Received,88,841.28
PO07075,2025-09-27,S03,SUP006,Received,95,793.25
PO07076,2025-10-01,S03,SUP006,Received,88,734.8
PO07077,2025-10-05,S03,SUP003,Received,88,811.36
PO07078,2025-10-10,S03,SUP003,Received,89,820.58
PO07079,2025-10-14,S03,SUP006,Received,97,809.95
PO07080,2025-10-19,S03,SUP003,Received,105,968.1
PO07081,2025-10-24,S03,SUP003,Received,96,885.12
PO07082,2025-10-30,S03,SUP001,Received,104,994.24
PO07083,2025-11-04,S03,SUP001,Received,92,879.52
PO07084,2025-11-08,S03,SUP001,Received,90,860.4
PO07085,2025-11-12,S03,SUP003,Received,88,811.36
PO07086,2025-11-16,S03,SUP001,Received,88,841.28
PO07087,2025-11-21,S03,SUP006,Received,90,751.5
PO07088,2025-11-25,S03,SUP003,Received,84,774.48
PO07089,2025-11-30,S03,SUP006,Received,98,818.3
PO07090,2025-12-04,S03,SUP006,Received,83,693.05
PO07091,2025-12-08,S03,SUP003,Received,86,792.92
PO07092,2025-12-12,S03,SUP001,Received,83,793.48
PO07093,2025-12-16,S03,SUP001,Received,92,879.52
PO07094,2025-12-20,S03,SUP001,Received,96,917.76
PO07095,2025-12-24,S03,SUP001,Received,98,936.88
PO07096,2025-12-28,S03,SUP003,Received,99,912.78
PO07097,2025-12-31,S03,SUP001,Received,84,803.04
PO07098,2025-01-11,S03,SUP001,Received,232,2774.72
PO07099,2025-02-04,S03,SUP001,Received,230,2750.8
PO07100,2025-03-01,S03,SUP001,Received,226,2702.96
PO07101,2025-03-25,S03,SUP001,Received,223,2667.08
PO07102,2025-04-16,S03,SUP001,Received,229,2738.84
PO07103,2025-05-10,S03,SUP001,Received,235,2810.6
PO07104,2025-06-01,S03,SUP001,Received,223,2667.08
PO07105,2025-06-25,S03,SUP001,Received,235,2810.6
PO07106,2025-07-21,S03,SUP001,Received,227,2714.92
PO07107,2025-08-17,S03,SUP001,Received,226,2702.96
PO07108,2025-09-17,S03,SUP001,Received,225,2691.0
PO07109,2025-10-17,S03,SUP001,Received,228,2726.88
PO07110,2025-11-17,S03,SUP001,Received,229,2738.84
PO07111,2025-12-15,S03,SUP001,Received,229,2738.84
PO07112,2025-01-23,S03,SUP009,Received,287,6093.01
PO07113,2025-02-17,S03,SUP009,Received,280,5944.4
PO07114,2025-03-15,S03,SUP008,Received,284,5927.08
PO07115,2025-04-06,S03,SUP007,Received,283,5017.59
PO07116,2025-04-30,S03,SUP008,Received,281,5864.47
PO07117,2025-05-27,S03,SUP009,Received,285,6050.55
PO07118,2025-06-22,S03,SUP007,Received,281,4982.13
PO07119,2025-07-22,S03,SUP007,Received,288,5106.24
PO07120,2025-08-18,S03,SUP008,Received,290,6052.3
PO07121,2025-09-18,S03,SUP008,Received,282,5885.34
PO07122,2025-10-21,S03,SUP008,Received,287,5989.69
PO07123,2025-11-20,S03,SUP009,Received,284,6029.32
PO07124,2025-12-20,S03,SUP009,Received,282,5986.86
PO07125,2025-01-13,S03,SUP006,Received,174,2855.34
PO07126,2025-01-31,S03,SUP006,Received,175,2871.75
PO07127,2025-02-17,S03,SUP006,Received,174,2855.34
PO07128,2025-03-07,S03,SUP006,Received,173,2838.93
PO07129,2025-03-24,S03,SUP006,Received,175,2871.75
PO07130,2025-04-09,S03,SUP003,Received,176,2909.28
PO07131,2025-04-25,S03,SUP003,Received,176,2909.28
PO07132,2025-05-11,S03,SUP006,Received,176,2888.16
PO07133,2025-05-29,S03,SUP003,Received,176,2909.28
PO07134,2025-06-15,S03,SUP003,Received,171,2826.63
PO07135,2025-07-04,S03,SUP006,Received,176,2888.16
PO07136,2025-07-24,S03,SUP006,Received,176,2888.16
PO07137,2025-08-13,S03,SUP006,Received,171,2806.11
PO07138,2025-09-04,S03,SUP006,Received,176,2888.16
PO07139,2025-09-25,S03,SUP006,Received,173,2838.93
PO07140,2025-10-15,S03,SUP003,Received,175,2892.75
PO07141,2025-11-08,S03,SUP003,Received,176,2909.28
PO07142,2025-11-26,S03,SUP006,Received,173,2838.93
PO07143,2025-12-15,S03,SUP006,Received,176,2888.16
PO07144,2025-01-07,S03,SUP007,Received,138,1720.86
PO07145,2025-01-18,S03,SUP007,Received,143,1783.21
PO07146,2025-01-30,S03,SUP007,Received,142,1770.74
PO07147,2025-02-09,S03,SUP007,Received,136,1695.92
PO07148,2025-02-19,S03,SUP007,Received,140,1745.8
PO07149,2025-03-02,S03,SUP007,Received,139,1733.33
PO07150,2025-03-13,S03,SUP007,Received,132,1646.04
PO07151,2025-03-23,S03,SUP007,Received,143,1783.21
PO07152,2025-04-01,S03,SUP007,Received,146,1820.62
PO07153,2025-04-10,S03,SUP007,Received,135,1683.45
PO07154,2025-04-21,S03,SUP007,Received,145,1808.15
PO07155,2025-05-03,S03,SUP007,Received,137,1708.39
PO07156,2025-05-14,S03,SUP007,Received,141,1758.27
PO07157,2025-05-25,S03,SUP007,Received,147,1833.09
PO07158,2025-06-05,S03,SUP007,Received,138,1720.86
PO07159,2025-06-15,S03,SUP007,Received,140,1745.8
PO07160,2025-06-25,S03,SUP007,Received,136,1695.92
PO07161,2025-07-07,S03,SUP007,Received,144,1795.68
PO07162,2025-07-19,S03,SUP007,Received,146,1820.62
PO07163,2025-07-30,S03,SUP007,Received,140,1745.8
PO07164,2025-08-09,S03,SUP007,Received,132,1646.04
PO07165,2025-08-21,S03,SUP007,Received,137,1708.39
PO07166,2025-09-04,S03,SUP007,Received,133,1658.51
PO07167,2025-09-17,S03,SUP007,Received,132,1646.04
PO07168,2025-10-01,S03,SUP007,Received,138,1720.86
PO07169,2025-10-16,S03,SUP007,Received,141,1758.27
PO07170,2025-10-29,S03,SUP007,Received,136,1695.92
PO07171,2025-11-10,S03,SUP007,Received,139,1733.33
PO07172,2025-11-22,S03,SUP007,Received,137,1708.39
PO07173,2025-12-05,S03,SUP007,Received,140,1745.8
PO07174,2025-12-18,S03,SUP007,Received,139,1733.33
PO07175,2025-12-28,S03,SUP007,Received,132,1646.04
PO07176,2025-01-08,S03,SUP010,Received,346,6670.88
PO07177,2025-01-19,S03,SUP010,Received,346,6670.88
PO07178,2025-01-31,S03,SUP002,Received,346,5940.82
PO07179,2025-02-08,S03,SUP010,Received,346,6670.88
PO07180,2025-02-17,S03,SUP010,Received,343,6613.04
PO07181,2025-02-28,S03,SUP010,Received,346,6670.88
PO07182,2025-03-11,S03,SUP010,Received,346,6670.88
PO07183,2025-03-23,S03,SUP010,Received,346,6670.88
PO07184,2025-04-02,S03,SUP002,Received,346,5940.82
PO07185,2025-04-13,S03,SUP010,Received,346,6670.88
PO07186,2025-04-24,S03,SUP010,Received,346,6670.88
PO07187,2025-05-04,S03,SUP010,Received,340,6555.2
PO07188,2025-05-15,S03,SUP002,Received,346,5940.82
PO07189,2025-05-25,S03,SUP002,Received,339,5820.63
PO07190,2025-06-06,S03,SUP010,Received,336,6478.08
PO07191,2025-06-17,S03,SUP010,Received,343,6613.04
PO07192,2025-06-29,S03,SUP002,Received,341,5854.97
PO07193,2025-07-11,S03,SUP010,Received,345,6651.6
PO07194,2025-07-24,S03,SUP002,Received,346,5940.82
PO07195,2025-08-06,S03,SUP002,Received,346,5940.82
PO07196,2025-08-20,S03,SUP010,Received,346,6670.88
PO07197,2025-09-03,S03,SUP002,Received,344,5906.48
PO07198,2025-09-17,S03,SUP002,Received,346,5940.82
PO07199,2025-09-30,S03,SUP002,Received,336,5769.12
PO07200,2025-10-13,S03,SUP010,Received,346,6670.88
PO07201,2025-10-27,S03,SUP002,Received,346,5940.82
PO07202,2025-11-10,S03,SUP010,Received,346,6670.88
PO07203,2025-11-23,S03,SUP002,Received,346,5940.82
PO07204,2025-12-06,S03,SUP010,Received,346,6670.88
PO07205,2025-12-19,S03,SUP002,Received,346,5940.82
PO07206,2025-12-31,S03,SUP002,Received,346,5940.82
PO07207,2025-03-02,S03,SUP006,Received,398,2204.92
PO07208,2025-05-15,S03,SUP006,Received,395,2188.3
PO07209,2025-08-03,S03,SUP006,Received,395,2188.3
PO07210,2025-11-11,S03,SUP006,Received,395,2188.3
PO07211,2025-01-12,S03,SUP002,Received,484,6897.0
PO07212,2025-02-03,S03,SUP002,Received,484,6897.0
PO07213,2025-02-25,S03,SUP002,Received,484,6897.0
PO07214,2025-03-17,S03,SUP002,Received,484,6897.0
PO07215,2025-04-06,S03,SUP002,Received,484,6897.0
PO07216,2025-04-26,S03,SUP002,Received,484,6897.0
PO07217,2025-05-16,S03,SUP002,Received,484,6897.0
PO07218,2025-06-06,S03,SUP002,Received,484,6897.0
PO07219,2025-06-27,S03,SUP002,Received,480,6840.0
PO07220,2025-07-20,S03,SUP002,Received,483,6882.75
PO07221,2025-08-14,S03,SUP002,Received,484,6897.0
PO07222,2025-09-08,S03,SUP002,Received,484,6897.0
PO07223,2025-10-05,S03,SUP002,Received,484,6897.0
PO07224,2025-11-01,S03,SUP002,Received,484,6897.0
PO07225,2025-11-27,S03,SUP002,Received,484,6897.0
PO07226,2025-12-21,S03,SUP002,Received,484,6897.0
PO07227,2025-01-03,S03,SUP003,Received,109,1934.75
PO07228,2025-01-12,S03,SUP001,Received,110,1537.8
PO07229,2025-01-22,S03,SUP010,Received,124,2261.76
PO07230,2025-02-02,S03,SUP003,Received,110,1952.5
PO07231,2025-02-10,S03,SUP003,Received,109,1934.75
PO07232,2025-02-19,S03,SUP010,Received,110,2006.4
PO07233,2025-03-01,S03,SUP001,Received,121,1691.58
PO07234,2025-03-09,S03,SUP010,Received,121,2207.04
PO07235,2025-03-17,S03,SUP003,Received,109,1934.75
PO07236,2025-03-27,S03,SUP003,Received,117,2076.75
PO07237,2025-04-04,S03,SUP001,Received,113,1579.74
PO07238,2025-04-13,S03,SUP001,Received,117,1635.66
PO07239,2025-04-22,S03,SUP001,Received,115,1607.7
PO07240,2025-04-30,S03,SUP001,Received,111,1551.78
PO07241,2025-05-09,S03,SUP010,Received,109,1988.16
PO07242,2025-05-18,S03,SUP010,Received,117,2134.08
PO07243,2025-05-29,S03,SUP003,Received,122,2165.5
PO07244,2025-06-06,S03,SUP010,Received,112,2042.88
PO07245,2025-06-17,S03,SUP001,Received,121,1691.58
PO07246,2025-06-28,S03,SUP010,Received,109,1988.16
PO07247,2025-07-08,S03,SUP003,Received,111,1970.25
PO07248,2025-07-19,S03,SUP003,Received,119,2112.25
PO07249,2025-07-30,S03,SUP010,Received,110,2006.4
PO07250,2025-08-10,S03,SUP010,Received,109,1988.16
PO07251,2025-08-22,S03,SUP003,Received,108,1917.0
PO07252,2025-09-04,S03,SUP001,Received,111,1551.78
PO07253,2025-09-16,S03,SUP003,Received,114,2023.5
PO07254,2025-09-27,S03,SUP001,Received,111,1551.78
PO07255,2025-10-08,S03,SUP010,Received,113,2061.12
PO07256,2025-10-21,S03,SUP003,Received,111,1970.25
PO07257,2025-11-02,S03,SUP001,Received,110,1537.8
PO07258,2025-11-12,S03,SUP003,Received,115,2041.25
PO07259,2025-11-25,S03,SUP010,Received,113,2061.12
PO07260,2025-12-06,S03,SUP010,Received,109,1988.16
PO07261,2025-12-16,S03,SUP010,Received,117,2134.08
PO07262,2025-12-27,S03,SUP003,Received,119,2112.25
PO07263,2025-01-08,S03,SUP008,Received,190,3819.0
PO07264,2025-01-24,S03,SUP006,Received,183,4093.71
PO07265,2025-02-07,S03,SUP006,Received,188,4205.56
PO07266,2025-02-19,S03,SUP008,Received,187,3758.7
PO07267,2025-03-04,S03,SUP006,Received,184,4116.08
PO07268,2025-03-17,S03,SUP006,Received,184,4116.08
PO07269,2025-03-31,S03,SUP008,Received,185,3718.5
PO07270,2025-04-13,S03,SUP008,Received,183,3678.3
PO07271,2025-04-26,S03,SUP008,Received,192,3859.2
PO07272,2025-05-09,S03,SUP008,Received,185,3718.5
PO07273,2025-05-22,S03,SUP008,Received,182,3658.2
PO07274,2025-06-04,S03,SUP008,Received,190,3819.0
PO07275,2025-06-18,S03,SUP006,Received,189,4227.93
PO07276,2025-07-05,S03,SUP008,Received,192,3859.2
PO07277,2025-07-20,S03,SUP006,Received,192,4295.04
PO07278,2025-08-07,S03,SUP006,Received,190,4250.3
PO07279,2025-08-24,S03,SUP006,Received,191,4272.67
PO07280,2025-09-09,S03,SUP006,Received,184,4116.08
PO07281,2025-09-28,S03,SUP006,Received,192,4295.04
PO07282,2025-10-18,S03,SUP006,Received,185,4138.45
PO07283,2025-11-03,S03,SUP006,Received,189,4227.93
PO07284,2025-11-20,S03,SUP006,Received,188,4205.56
PO07285,2025-12-06,S03,SUP006,Received,185,4138.45
PO07286,2025-12-23,S03,SUP008,Received,183,3678.3
PO07287,2025-01-08,S03,SUP001,Received,221,282.88
PO07288,2025-01-20,S03,SUP001,Received,216,276.48
PO07289,2025-02-04,S03,SUP001,Received,223,285.44
PO07290,2025-02-17,S03,SUP001,Received,213,272.64
PO07291,2025-02-28,S03,SUP001,Received,215,275.2
PO07292,2025-03-13,S03,SUP001,Received,229,293.12
PO07293,2025-03-26,S03,SUP001,Received,218,279.04
PO07294,2025-04-08,S03,SUP001,Received,228,291.84
PO07295,2025-04-21,S03,SUP001,Received,216,276.48
PO07296,2025-05-04,S03,SUP001,Received,226,289.28
PO07297,2025-05-17,S03,SUP001,Received,224,286.72
PO07298,2025-05-31,S03,SUP001,Received,216,276.48
PO07299,2025-06-14,S03,SUP001,Received,218,279.04
PO07300,2025-06-27,S03,SUP001,Received,217,277.76
PO07301,2025-07-10,S03,SUP001,Received,215,275.2
PO07302,2025-07-24,S03,SUP001,Received,227,290.56
PO07303,2025-08-08,S03,SUP001,Received,216,276.48
PO07304,2025-08-26,S03,SUP001,Received,229,293.12
PO07305,2025-09-10,S03,SUP001,Received,215,275.2
PO07306,2025-09-27,S03,SUP001,Received,214,273.92
PO07307,2025-10-13,S03,SUP001,Received,216,276.48
PO07308,2025-10-31,S03,SUP001,Received,217,277.76
PO07309,2025-11-15,S03,SUP001,Received,218,279.04
PO07310,2025-12-02,S03,SUP001,Received,214,273.92
PO07311,2025-12-18,S03,SUP001,Received,217,277.76
PO07312,2025-01-05,S03,SUP005,Received,287,232.47
PO07313,2025-01-20,S03,SUP005,Received,292,236.52
PO07314,2025-02-02,S03,SUP005,Received,272,220.32
PO07315,2025-02-14,S03,SUP005,Received,281,227.61
PO07316,2025-02-28,S03,SUP005,Received,288,233.28
PO07317,2025-03-12,S03,SUP005,Received,282,228.42
PO07318,2025-03-23,S03,SUP005,Received,271,219.51
PO07319,2025-04-04,S03,SUP005,Received,278,225.18
PO07320,2025-04-17,S03,SUP005,Received,289,234.09
PO07321,2025-04-29,S03,SUP005,Received,288,233.28
PO07322,2025-05-11,S03,SUP005,Received,277,224.37
PO07323,2025-05-25,S03,SUP005,Received,272,220.32
PO07324,2025-06-09,S03,SUP005,Received,284,230.04
PO07325,2025-06-23,S03,SUP005,Received,278,225.18
PO07326,2025-07-07,S03,SUP005,Received,272,220.32
PO07327,2025-07-21,S03,SUP005,Received,271,219.51
PO07328,2025-08-05,S03,SUP005,Received,275,222.75
PO07329,2025-08-20,S03,SUP005,Received,275,222.75
PO07330,2025-09-05,S03,SUP005,Received,279,225.99
PO07331,2025-09-20,S03,SUP005,Received,274,221.94
PO07332,2025-10-07,S03,SUP005,Received,274,221.94
PO07333,2025-10-24,S03,SUP005,Received,286,231.66
PO07334,2025-11-07,S03,SUP005,Received,272,220.32
PO07335,2025-11-23,S03,SUP005,Received,284,230.04
PO07336,2025-12-07,S03,SUP005,Received,281,227.61
PO07337,2025-12-23,S03,SUP005,Received,278,225.18
PO07338,2025-01-17,S03,SUP005,Received,128,2261.76
PO07339,2025-02-08,S03,SUP005,Received,129,2279.43
PO07340,2025-03-03,S03,SUP004,Received,130,2954.9
PO07341,2025-03-22,S03,SUP008,Received,126,2811.06
PO07342,2025-04-12,S03,SUP008,Received,126,2811.06
PO07343,2025-05-01,S03,SUP008,Received,126,2811.06
PO07344,2025-05-21,S03,SUP005,Received,129,2279.43
PO07345,2025-06-10,S03,SUP008,Received,130,2900.3
PO07346,2025-07-01,S03,SUP005,Received,125,2208.75
PO07347,2025-07-24,S03,SUP004,Received,125,2841.25
PO07348,2025-08-17,S03,SUP004,Received,129,2932.17
PO07349,2025-09-15,S03,SUP005,Received,133,2350.11
PO07350,2025-10-10,S03,SUP004,Received,131,2977.63
PO07351,2025-11-05,S03,SUP004,Received,125,2841.25
PO07352,2025-12-02,S03,SUP004,Received,126,2863.98
PO07353,2025-12-22,S03,SUP005,Received,128,2261.76
PO07354,2025-01-22,S03,SUP010,Received,382,4752.08
PO07355,2025-02-21,S03,SUP009,Received,395,5897.35
PO07356,2025-03-22,S03,SUP009,Received,396,5912.28
PO07357,2025-04-15,S03,SUP005,Received,386,5230.3
PO07358,2025-05-13,S03,SUP010,Received,385,4789.4
PO07359,2025-06-12,S03,SUP005,Received,395,5352.25
PO07360,2025-07-13,S03,SUP009,Received,382,5703.26
PO07361,2025-08-16,S03,SUP010,Received,387,4814.28
PO07362,2025-09-23,S03,SUP005,Received,383,5189.65
PO07363,2025-10-31,S03,SUP010,Received,382,4752.08
PO07364,2025-12-04,S03,SUP005,Received,400,5420.0
PO07365,2025-01-05,S03,SUP006,Received,149,533.42
PO07366,2025-01-24,S03,SUP003,Received,145,542.3
PO07367,2025-02-09,S03,SUP008,Received,143,569.14
PO07368,2025-02-28,S03,SUP006,Received,149,533.42
PO07369,2025-03-15,S03,SUP003,Received,152,568.48
PO07370,2025-03-31,S03,SUP003,Received,144,538.56
PO07371,2025-04-19,S03,SUP003,Received,150,561.0
PO07372,2025-05-04,S03,SUP008,Received,144,573.12
PO07373,2025-05-19,S03,SUP006,Received,144,515.52
PO07374,2025-06-06,S03,SUP006,Received,145,519.1
PO07375,2025-06-24,S03,SUP006,Received,146,522.68
PO07376,2025-07-15,S03,SUP006,Received,149,533.42
PO07377,2025-08-02,S03,SUP006,Received,147,526.26
PO07378,2025-08-26,S03,SUP006,Received,145,519.1
PO07379,2025-09-17,S03,SUP006,Received,146,522.68
PO07380,2025-10-07,S03,SUP008,Received,143,569.14
PO07381,2025-10-30,S03,SUP003,Received,148,553.52
PO07382,2025-11-18,S03,SUP006,Received,143,511.94
PO07383,2025-12-07,S03,SUP008,Received,147,585.06
PO07384,2025-12-25,S03,SUP003,Received,144,538.56
PO07385,2025-01-11,S03,SUP008,Received,275,2345.75
PO07386,2025-02-05,S03,SUP002,Received,275,2112.0
PO07387,2025-03-01,S03,SUP008,Received,282,2405.46
PO07388,2025-03-26,S03,SUP002,Received,277,2127.36
PO07389,2025-04-21,S03,SUP008,Received,286,2439.58
PO07390,2025-05-15,S03,SUP002,Received,274,2104.32
PO07391,2025-06-10,S03,SUP002,Received,274,2104.32
PO07392,2025-07-07,S03,SUP002,Received,278,2135.04
PO07393,2025-08-03,S03,SUP002,Received,282,2165.76
PO07394,2025-08-31,S03,SUP008,Received,273,2328.69
PO07395,2025-10-04,S03,SUP008,Received,273,2328.69
PO07396,2025-11-05,S03,SUP002,Received,276,2119.68
PO07397,2025-12-10,S03,SUP002,Received,277,2127.36
PO07398,2025-01-12,S03,SUP007,Received,496,3804.32
PO07399,2025-01-28,S03,SUP007,Received,496,3804.32
PO07400,2025-02-12,S03,SUP007,Received,496,3804.32
PO07401,2025-02-28,S03,SUP007,Received,496,3804.32
PO07402,2025-03-15,S03,SUP007,Received,496,3804.32
PO07403,2025-03-31,S03,SUP007,Received,496,3804.32
PO07404,2025-04-15,S03,SUP007,Received,496,3804.32
PO07405,2025-04-30,S03,SUP007,Received,496,3804.32
PO07406,2025-05-16,S03,SUP007,Received,496,3804.32
PO07407,2025-05-31,S03,SUP007,Received,496,3804.32
PO07408,2025-06-16,S03,SUP007,Received,489,3750.63
PO07409,2025-07-04,S03,SUP007,Received,496,3804.32
PO07410,2025-07-21,S03,SUP007,Received,496,3804.32
PO07411,2025-08-10,S03,SUP007,Received,496,3804.32
PO07412,2025-08-30,S03,SUP007,Received,494,3788.98
PO07413,2025-09-21,S03,SUP007,Received,496,3804.32
PO07414,2025-10-12,S03,SUP007,Received,496,3804.32
PO07415,2025-11-02,S03,SUP007,Received,496,3804.32
PO07416,2025-11-22,S03,SUP007,Received,496,3804.32
PO07417,2025-12-09,S03,SUP007,Received,487,3735.29
PO07418,2025-12-26,S03,SUP007,Received,496,3804.32
PO07419,2025-01-03,S03,SUP005,Received,87,1111.86
PO07420,2025-01-08,S03,SUP005,Received,83,1060.74
PO07421,2025-01-12,S03,SUP003,Received,92,933.8
PO07422,2025-01-16,S03,SUP003,Received,75,761.25
PO07423,2025-01-20,S03,SUP005,Received,98,1252.44
PO07424,2025-01-25,S03,SUP005,Received,85,1086.3
PO07425,2025-01-29,S03,SUP003,Received,77,781.55
PO07426,2025-02-02,S03,SUP005,Received,88,1124.64
PO07427,2025-02-06,S03,SUP005,Received,81,1035.18
PO07428,2025-02-10,S03,SUP010,Received,92,1081.0
PO07429,2025-02-14,S03,SUP005,Received,83,1060.74
PO07430,2025-02-18,S03,SUP010,Received,84,987.0
PO07431,2025-02-22,S03,SUP010,Received,92,1081.0
PO07432,2025-02-26,S03,SUP010,Received,85,998.75
PO07433,2025-03-02,S03,SUP005,Received,80,1022.4
PO07434,2025-03-06,S03,SUP003,Received,91,923.65
PO07435,2025-03-10,S03,SUP010,Received,83,975.25
PO07436,2025-03-15,S03,SUP005,Received,73,932.94
PO07437,2025-03-19,S03,SUP003,Received,76,771.4
PO07438,2025-03-23,S03,SUP005,Received,98,1252.44
PO07439,2025-03-27,S03,SUP003,Received,86,872.9
PO07440,2025-03-31,S03,SUP010,Received,87,1022.25
PO07441,2025-04-04,S03,SUP005,Received,80,1022.4
PO07442,2025-04-08,S03,SUP010,Received,88,1034.0
PO07443,2025-04-12,S03,SUP005,Received,81,1035.18
PO07444,2025-04-16,S03,SUP010,Received,90,1057.5
PO07445,2025-04-20,S03,SUP010,Received,103,1210.25
PO07446,2025-04-24,S03,SUP010,Received,95,1116.25
PO07447,2025-04-28,S03,SUP010,Received,90,1057.5
PO07448,2025-05-02,S03,SUP010,Received,96,1128.0
PO07449,2025-05-05,S03,SUP010,Received,74,869.5
PO07450,2025-05-09,S03,SUP010,Received,74,869.5
PO07451,2025-05-12,S03,SUP005,Received,79,1009.62
PO07452,2025-05-16,S03,SUP003,Received,87,883.05
PO07453,2025-05-20,S03,SUP003,Received,88,893.2
PO07454,2025-05-24,S03,SUP003,Received,85,862.75
PO07455,2025-05-26,S03,SUP003,Received,73,740.95
PO07456,2025-05-30,S03,SUP003,Received,95,964.25
PO07457,2025-06-02,S03,SUP010,Received,74,869.5
PO07458,2025-06-07,S03,SUP003,Received,92,933.8
PO07459,2025-06-11,S03,SUP005,Received,88,1124.64
PO07460,2025-06-16,S03,SUP005,Received,89,1137.42
PO07461,2025-06-20,S03,SUP010,Received,80,940.0
PO07462,2025-06-25,S03,SUP010,Received,85,998.75
PO07463,2025-06-30,S03,SUP010,Received,86,1010.5
PO07464,2025-07-04,S03,SUP005,Received,83,1060.74
PO07465,2025-07-08,S03,SUP005,Received,73,932.94
PO07466,2025-07-12,S03,SUP003,Received,81,822.15
PO07467,2025-07-17,S03,SUP005,Received,88,1124.64
PO07468,2025-07-21,S03,SUP010,Received,76,893.0
PO07469,2025-07-25,S03,SUP010,Received,74,869.5
PO07470,2025-07-29,S03,SUP010,Received,76,893.0
PO07471,2025-08-02,S03,SUP005,Received,84,1073.52
PO07472,2025-08-06,S03,SUP005,Received,76,971.28
PO07473,2025-08-10,S03,SUP010,Received,74,869.5
PO07474,2025-08-14,S03,SUP010,Received,77,904.75
PO07475,2025-08-19,S03,SUP005,Received,78,996.84
PO07476,2025-08-25,S03,SUP005,Received,75,958.5
PO07477,2025-08-30,S03,SUP005,Received,94,1201.32
PO07478,2025-09-04,S03,SUP010,Received,80,940.0
PO07479,2025-09-09,S03,SUP010,Received,87,1022.25
PO07480,2025-09-14,S03,SUP003,Received,82,832.3
PO07481,2025-09-19,S03,SUP005,Received,74,945.72
PO07482,2025-09-24,S03,SUP003,Received,82,832.3
PO07483,2025-09-30,S03,SUP010,Received,90,1057.5
PO07484,2025-10-05,S03,SUP010,Received,93,1092.75
PO07485,2025-10-10,S03,SUP005,Received,76,971.28
PO07486,2025-10-14,S03,SUP005,Received,79,1009.62
PO07487,2025-10-19,S03,SUP010,Received,83,975.25
PO07488,2025-10-25,S03,SUP005,Received,94,1201.32
PO07489,2025-10-30,S03,SUP010,Received,83,975.25
PO07490,2025-11-04,S03,SUP003,Received,84,852.6
PO07491,2025-11-09,S03,SUP003,Received,84,852.6
PO07492,2025-11-14,S03,SUP005,Received,82,1047.96
PO07493,2025-11-19,S03,SUP003,Received,78,791.7
PO07494,2025-11-24,S03,SUP005,Received,96,1226.88
PO07495,2025-11-29,S03,SUP010,Received,73,857.75
PO07496,2025-12-04,S03,SUP005,Received,91,1162.98
PO07497,2025-12-08,S03,SUP003,Received,75,761.25
PO07498,2025-12-13,S03,SUP003,Received,82,832.3
PO07499,2025-12-17,S03,SUP003,Received,81,822.15
PO07500,2025-12-22,S03,SUP010,Received,94,1104.5
PO07501,2025-12-26,S03,SUP010,Received,75,881.25
PO07502,2025-12-30,S03,SUP003,Received,79,801.85
PO07503,2025-01-04,S03,SUP009,Received,177,2886.87
PO07504,2025-01-12,S03,SUP010,Received,171,2390.58
PO07505,2025-01-20,S03,SUP010,Received,177,2474.46
PO07506,2025-01-27,S03,SUP010,Received,168,2348.64
PO07507,2025-02-02,S03,SUP010,Received,173,2418.54
PO07508,2025-02-09,S03,SUP009,Received,177,2886.87
PO07509,2025-02-16,S03,SUP010,Received,168,2348.64
PO07510,2025-02-23,S03,SUP010,Received,175,2446.5
PO07511,2025-03-02,S03,SUP009,Received,177,2886.87
PO07512,2025-03-09,S03,SUP010,Received,169,2362.62
PO07513,2025-03-16,S03,SUP009,Received,177,2886.87
PO07514,2025-03-24,S03,SUP009,Received,177,2886.87
PO07515,2025-03-31,S03,SUP009,Received,177,2886.87
PO07516,2025-04-07,S03,SUP009,Received,174,2837.94
PO07517,2025-04-14,S03,SUP010,Received,171,2390.58
PO07518,2025-04-21,S03,SUP009,Received,177,2886.87
PO07519,2025-04-28,S03,SUP010,Received,176,2460.48
PO07520,2025-05-06,S03,SUP009,Received,177,2886.87
PO07521,2025-05-13,S03,SUP009,Received,177,2886.87
PO07522,2025-05-20,S03,SUP010,Received,175,2446.5
PO07523,2025-05-27,S03,SUP010,Received,177,2474.46
PO07524,2025-06-04,S03,SUP009,Received,172,2805.32
PO07525,2025-06-12,S03,SUP009,Received,175,2854.25
PO07526,2025-06-21,S03,SUP010,Received,177,2474.46
PO07527,2025-06-30,S03,SUP009,Received,177,2886.87
PO07528,2025-07-08,S03,SUP010,Received,177,2474.46
PO07529,2025-07-16,S03,SUP009,Received,177,2886.87
PO07530,2025-07-24,S03,SUP010,Received,177,2474.46
PO07531,2025-08-01,S03,SUP009,Received,169,2756.39
PO07532,2025-08-10,S03,SUP009,Received,177,2886.87
PO07533,2025-08-20,S03,SUP010,Received,177,2474.46
PO07534,2025-08-30,S03,SUP009,Received,169,2756.39
PO07535,2025-09-09,S03,SUP009,Received,169,2756.39
PO07536,2025-09-19,S03,SUP010,Received,176,2460.48
PO07537,2025-09-28,S03,SUP010,Received,174,2432.52
PO07538,2025-10-07,S03,SUP009,Received,177,2886.87
PO07539,2025-10-15,S03,SUP009,Received,168,2740.08
PO07540,2025-10-25,S03,SUP010,Received,177,2474.46
PO07541,2025-11-04,S03,SUP009,Received,177,2886.87
PO07542,2025-11-13,S03,SUP009,Received,177,2886.87
PO07543,2025-11-21,S03,SUP009,Received,174,2837.94
PO07544,2025-11-29,S03,SUP009,Received,169,2756.39
PO07545,2025-12-07,S03,SUP010,Received,177,2474.46
PO07546,2025-12-16,S03,SUP009,Received,176,2870.56
PO07547,2025-12-25,S03,SUP009,Received,177,2886.87
PO07548,2025-01-06,S03,SUP010,Received,331,3511.91
PO07549,2025-01-17,S03,SUP002,Received,334,3403.46
PO07550,2025-01-29,S03,SUP001,Received,341,2891.68
PO07551,2025-02-09,S03,SUP010,Received,341,3618.01
PO07552,2025-02-20,S03,SUP002,Received,327,3332.13
PO07553,2025-03-03,S03,SUP001,Received,334,2832.32
PO07554,2025-03-14,S03,SUP002,Received,337,3434.03
PO07555,2025-03-27,S03,SUP010,Received,334,3543.74
PO07556,2025-04-06,S03,SUP002,Received,331,3372.89
PO07557,2025-04-17,S03,SUP001,Received,340,2883.2
PO07558,2025-04-28,S03,SUP002,Received,335,3413.65
PO07559,2025-05-09,S03,SUP001,Received,332,2815.36
PO07560,2025-05-20,S03,SUP010,Received,341,3618.01
PO07561,2025-05-31,S03,SUP002,Received,322,3281.18
PO07562,2025-06-10,S03,SUP002,Received,318,3240.42
PO07563,2025-06-22,S03,SUP010,Received,341,3618.01
PO07564,2025-07-05,S03,SUP001,Received,336,2849.28
PO07565,2025-07-17,S03,SUP002,Received,324,3301.56
PO07566,2025-07-31,S03,SUP010,Received,335,3554.35
PO07567,2025-08-14,S03,SUP010,Received,332,3522.52
PO07568,2025-08-27,S03,SUP010,Received,323,3427.03
PO07569,2025-09-10,S03,SUP001,Received,320,2713.6
PO07570,2025-09-24,S03,SUP001,Received,319,2705.12
PO07571,2025-10-08,S03,SUP010,Received,322,3416.42
PO07572,2025-10-23,S03,SUP010,Received,333,3533.13
PO07573,2025-11-05,S03,SUP001,Received,323,2739.04
PO07574,2025-11-18,S03,SUP002,Received,326,3321.94
PO07575,2025-12-01,S03,SUP002,Received,322,3281.18
PO07576,2025-12-15,S03,SUP001,Received,334,2832.32
PO07577,2025-12-29,S03,SUP010,Received,339,3596.79
PO07578,2025-01-10,S03,SUP008,Received,328,1754.8
PO07579,2025-01-22,S03,SUP005,Received,332,1872.48
PO07580,2025-02-02,S03,SUP005,Received,323,1821.72
PO07581,2025-02-13,S03,SUP007,Received,332,1640.08
PO07582,2025-02-24,S03,SUP007,Received,332,1640.08
PO07583,2025-03-08,S03,SUP005,Received,332,1872.48
PO07584,2025-03-20,S03,SUP005,Received,331,1866.84
PO07585,2025-03-30,S03,SUP008,Received,327,1749.45
PO07586,2025-04-11,S03,SUP008,Received,330,1765.5
PO07587,2025-04-22,S03,SUP007,Received,332,1640.08
PO07588,2025-05-03,S03,SUP008,Received,316,1690.6
PO07589,2025-05-14,S03,SUP007,Received,327,1615.38
PO07590,2025-05-24,S03,SUP008,Received,323,1728.05
PO07591,2025-06-04,S03,SUP007,Received,323,1595.62
PO07592,2025-06-16,S03,SUP008,Received,330,1765.5
PO07593,2025-06-29,S03,SUP005,Received,330,1861.2
PO07594,2025-07-12,S03,SUP005,Received,331,1866.84
PO07595,2025-07-26,S03,SUP008,Received,332,1776.2
PO07596,2025-08-08,S03,SUP005,Received,332,1872.48
PO07597,2025-08-23,S03,SUP005,Received,332,1872.48
PO07598,2025-09-07,S03,SUP007,Received,332,1640.08
PO07599,2025-09-21,S03,SUP007,Received,332,1640.08
PO07600,2025-10-05,S03,SUP008,Received,323,1728.05
PO07601,2025-10-19,S03,SUP008,Received,318,1701.3
PO07602,2025-11-02,S03,SUP005,Received,332,1872.48
PO07603,2025-11-14,S03,SUP007,Received,318,1570.92
PO07604,2025-11-29,S03,SUP008,Received,332,1776.2
PO07605,2025-12-12,S03,SUP005,Received,332,1872.48
PO07606,2025-12-24,S03,SUP008,Received,317,1695.95
PO07607,2025-01-07,S03,SUP007,Received,388,7275.0
PO07608,2025-01-19,S03,SUP003,Received,393,6767.46
PO07609,2025-01-31,S03,SUP007,Received,395,7406.25
PO07610,2025-02-11,S03,SUP003,Received,402,6922.44
PO07611,2025-02-23,S03,SUP003,Received,411,7077.42
PO07612,2025-03-07,S03,SUP003,Received,405,6974.1
PO07613,2025-03-17,S03,SUP007,Received,407,7631.25
PO07614,2025-03-28,S03,SUP003,Received,411,7077.42
PO07615,2025-04-08,S03,SUP003,Received,411,7077.42
PO07616,2025-04-19,S03,SUP003,Received,397,6836.34
PO07617,2025-04-30,S03,SUP007,Received,391,7331.25
PO07618,2025-05-13,S03,SUP007,Received,411,7706.25
PO07619,2025-05-23,S03,SUP003,Received,390,6715.8
PO07620,2025-06-04,S03,SUP007,Received,411,7706.25
PO07621,2025-06-15,S03,SUP003,Received,394,6784.68
PO07622,2025-06-27,S03,SUP003,Received,389,6698.58
PO07623,2025-07-10,S03,SUP007,Received,401,7518.75
PO07624,2025-07-22,S03,SUP003,Received,404,6956.88
PO07625,2025-08-05,S03,SUP003,Received,408,7025.76
PO07626,2025-08-19,S03,SUP007,Received,411,7706.25
PO07627,2025-09-03,S03,SUP003,Received,403,6939.66
PO07628,2025-09-18,S03,SUP003,Received,393,6767.46
PO07629,2025-10-02,S03,SUP007,Received,403,7556.25
PO07630,2025-10-16,S03,SUP003,Received,388,6681.36
PO07631,2025-10-30,S03,SUP007,Received,393,7368.75
PO07632,2025-11-13,S03,SUP003,Received,402,6922.44
PO07633,2025-11-28,S03,SUP007,Received,407,7631.25
PO07634,2025-12-10,S03,SUP003,Received,398,6853.56
PO07635,2025-12-23,S03,SUP007,Received,409,7668.75
PO07636,2025-01-01,S03,SUP001,Received,85,495.55
PO07637,2025-01-04,S03,SUP001,Received,85,495.55
PO07638,2025-01-08,S03,SUP001,Received,105,612.15
PO07639,2025-01-11,S03,SUP001,Received,78,454.74
PO07640,2025-01-14,S03,SUP001,Received,92,536.36
PO07641,2025-01-17,S03,SUP001,Received,82,478.06
PO07642,2025-01-20,S03,SUP001,Received,76,443.08
PO07643,2025-01-23,S03,SUP001,Received,87,507.21
PO07644,2025-01-26,S03,SUP001,Received,86,501.38
PO07645,2025-01-30,S03,SUP001,Received,97,565.51
PO07646,2025-02-02,S03,SUP001,Received,105,612.15
PO07647,2025-02-05,S03,SUP001,Received,86,501.38
PO07648,2025-02-08,S03,SUP001,Received,93,542.19
PO07649,2025-02-11,S03,SUP001,Received,95,553.85
PO07650,2025-02-15,S03,SUP001,Received,108,629.64
PO07651,2025-02-18,S03,SUP001,Received,97,565.51
PO07652,2025-02-21,S03,SUP001,Received,79,460.57
PO07653,2025-02-24,S03,SUP001,Received,89,518.87
PO07654,2025-02-27,S03,SUP001,Received,85,495.55
PO07655,2025-03-02,S03,SUP001,Received,100,583.0
PO07656,2025-03-05,S03,SUP001,Received,83,483.89
PO07657,2025-03-08,S03,SUP001,Received,89,518.87
PO07658,2025-03-11,S03,SUP001,Received,100,583.0
PO07659,2025-03-14,S03,SUP001,Received,89,518.87
PO07660,2025-03-16,S03,SUP001,Received,83,483.89
PO07661,2025-03-19,S03,SUP001,Received,104,606.32
PO07662,2025-03-23,S03,SUP001,Received,96,559.68
PO07663,2025-03-26,S03,SUP001,Received,91,530.53
PO07664,2025-03-29,S03,SUP001,Received,92,536.36
PO07665,2025-04-01,S03,SUP001,Received,83,483.89
PO07666,2025-04-04,S03,SUP001,Received,94,548.02
PO07667,2025-04-07,S03,SUP001,Received,95,553.85
PO07668,2025-04-10,S03,SUP001,Received,77,448.91
PO07669,2025-04-13,S03,SUP001,Received,83,483.89
PO07670,2025-04-16,S03,SUP001,Received,77,448.91
PO07671,2025-04-19,S03,SUP001,Received,77,448.91
PO07672,2025-04-22,S03,SUP001,Received,78,454.74
PO07673,2025-04-25,S03,SUP001,Received,86,501.38
PO07674,2025-04-28,S03,SUP001,Received,101,588.83
PO07675,2025-05-01,S03,SUP001,Received,85,495.55
PO07676,2025-05-04,S03,SUP001,Received,100,583.0
PO07677,2025-05-07,S03,SUP001,Received,93,542.19
PO07678,2025-05-10,S03,SUP001,Received,80,466.4
PO07679,2025-05-13,S03,SUP001,Received,95,553.85
PO07680,2025-05-16,S03,SUP001,Received,78,454.74
PO07681,2025-05-19,S03,SUP001,Received,92,536.36
PO07682,2025-05-22,S03,SUP001,Received,83,483.89
PO07683,2025-05-25,S03,SUP001,Received,95,553.85
PO07684,2025-05-28,S03,SUP001,Received,79,460.57
PO07685,2025-05-31,S03,SUP001,Received,90,524.7
PO07686,2025-06-04,S03,SUP001,Received,98,571.34
PO07687,2025-06-07,S03,SUP001,Received,81,472.23
PO07688,2025-06-10,S03,SUP001,Received,78,454.74
PO07689,2025-06-13,S03,SUP001,Received,96,559.68
PO07690,2025-06-16,S03,SUP001,Received,86,501.38
PO07691,2025-06-19,S03,SUP001,Received,76,443.08
PO07692,2025-06-22,S03,SUP001,Received,80,466.4
PO07693,2025-06-26,S03,SUP001,Received,98,571.34
PO07694,2025-06-29,S03,SUP001,Received,80,466.4
PO07695,2025-07-03,S03,SUP001,Received,92,536.36
PO07696,2025-07-06,S03,SUP001,Received,95,553.85
PO07697,2025-07-10,S03,SUP001,Received,102,594.66
PO07698,2025-07-13,S03,SUP001,Received,85,495.55
PO07699,2025-07-16,S03,SUP001,Received,85,495.55
PO07700,2025-07-19,S03,SUP001,Received,81,472.23
PO07701,2025-07-22,S03,SUP001,Received,86,501.38
PO07702,2025-07-26,S03,SUP001,Received,99,577.17
PO07703,2025-07-30,S03,SUP001,Received,102,594.66
PO07704,2025-08-03,S03,SUP001,Received,105,612.15
PO07705,2025-08-07,S03,SUP001,Received,89,518.87
PO07706,2025-08-10,S03,SUP001,Received,77,448.91
PO07707,2025-08-14,S03,SUP001,Received,77,448.91
PO07708,2025-08-17,S03,SUP001,Received,77,448.91
PO07709,2025-08-21,S03,SUP001,Received,86,501.38
PO07710,2025-08-25,S03,SUP001,Received,95,553.85
PO07711,2025-08-29,S03,SUP001,Received,86,501.38
PO07712,2025-09-01,S03,SUP001,Received,80,466.4
PO07713,2025-09-05,S03,SUP001,Received,89,518.87
PO07714,2025-09-09,S03,SUP001,Received,99,577.17
PO07715,2025-09-13,S03,SUP001,Received,100,583.0
PO07716,2025-09-17,S03,SUP001,Received,99,577.17
PO07717,2025-09-20,S03,SUP001,Received,92,536.36
PO07718,2025-09-24,S03,SUP001,Received,82,478.06
PO07719,2025-09-27,S03,SUP001,Received,86,501.38
PO07720,2025-10-01,S03,SUP001,Received,100,583.0
PO07721,2025-10-04,S03,SUP001,Received,81,472.23
PO07722,2025-10-08,S03,SUP001,Received,100,583.0
PO07723,2025-10-11,S03,SUP001,Received,79,460.57
PO07724,2025-10-14,S03,SUP001,Received,76,443.08
PO07725,2025-10-19,S03,SUP001,Received,87,507.21
PO07726,2025-10-23,S03,SUP001,Received,84,489.72
PO07727,2025-10-26,S03,SUP001,Received,81,472.23
PO07728,2025-10-30,S03,SUP001,Received,80,466.4
PO07729,2025-11-02,S03,SUP001,Received,88,513.04
PO07730,2025-11-06,S03,SUP001,Received,93,542.19
PO07731,2025-11-10,S03,SUP001,Received,103,600.49
PO07732,2025-11-14,S03,SUP001,Received,92,536.36
PO07733,2025-11-18,S03,SUP001,Received,87,507.21
PO07734,2025-11-22,S03,SUP001,Received,92,536.36
PO07735,2025-11-26,S03,SUP001,Received,102,594.66
PO07736,2025-11-30,S03,SUP001,Received,95,553.85
PO07737,2025-12-03,S03,SUP001,Received,88,513.04
PO07738,2025-12-07,S03,SUP001,Received,94,548.02
PO07739,2025-12-10,S03,SUP001,Received,80,466.4
PO07740,2025-12-13,S03,SUP001,Received,96,559.68
PO07741,2025-12-16,S03,SUP001,Received,90,524.7
PO07742,2025-12-20,S03,SUP001,Received,90,524.7
PO07743,2025-12-23,S03,SUP001,Received,88,513.04
PO07744,2025-12-27,S03,SUP001,Received,85,495.55
PO07745,2025-12-30,S03,SUP001,Received,89,518.87
PO07746,2025-01-04,S03,SUP006,Received,85,215.9
PO07747,2025-01-11,S03,SUP006,Received,95,241.3
PO07748,2025-01-17,S03,SUP006,Received,84,213.36
PO07749,2025-01-24,S03,SUP006,Received,101,256.54
PO07750,2025-01-29,S03,SUP006,Received,87,220.98
PO07751,2025-02-04,S03,SUP006,Received,103,261.62
PO07752,2025-02-10,S03,SUP006,Received,90,228.6
PO07753,2025-02-16,S03,SUP006,Received,84,213.36
PO07754,2025-02-22,S03,SUP006,Received,88,223.52
PO07755,2025-03-01,S03,SUP006,Received,93,236.22
PO07756,2025-03-06,S03,SUP006,Received,84,213.36
PO07757,2025-03-11,S03,SUP006,Received,90,228.6
PO07758,2025-03-16,S03,SUP006,Received,82,208.28
PO07759,2025-03-21,S03,SUP006,Received,82,208.28
PO07760,2025-03-26,S03,SUP006,Received,81,205.74
PO07761,2025-04-01,S03,SUP006,Received,90,228.6
PO07762,2025-04-06,S03,SUP006,Received,88,223.52
PO07763,2025-04-12,S03,SUP006,Received,83,210.82
PO07764,2025-04-18,S03,SUP006,Received,81,205.74
PO07765,2025-04-22,S03,SUP006,Received,80,203.2
PO07766,2025-04-27,S03,SUP006,Received,81,205.74
PO07767,2025-05-04,S03,SUP006,Received,87,220.98
PO07768,2025-05-10,S03,SUP006,Received,85,215.9
PO07769,2025-05-14,S03,SUP006,Received,80,203.2
PO07770,2025-05-19,S03,SUP006,Received,81,205.74
PO07771,2025-05-24,S03,SUP006,Received,83,210.82
PO07772,2025-05-29,S03,SUP006,Received,83,210.82
PO07773,2025-06-04,S03,SUP006,Received,85,215.9
PO07774,2025-06-10,S03,SUP006,Received,95,241.3
PO07775,2025-06-16,S03,SUP006,Received,81,205.74
PO07776,2025-06-21,S03,SUP006,Received,93,236.22
PO07777,2025-06-27,S03,SUP006,Received,92,233.68
PO07778,2025-07-03,S03,SUP006,Received,83,210.82
PO07779,2025-07-10,S03,SUP006,Received,91,231.14
PO07780,2025-07-17,S03,SUP006,Received,86,218.44
PO07781,2025-07-24,S03,SUP006,Received,87,220.98
PO07782,2025-07-30,S03,SUP006,Received,86,218.44
PO07783,2025-08-05,S03,SUP006,Received,84,213.36
PO07784,2025-08-11,S03,SUP006,Received,92,233.68
PO07785,2025-08-19,S03,SUP006,Received,86,218.44
PO07786,2025-08-25,S03,SUP006,Received,90,228.6
PO07787,2025-08-31,S03,SUP006,Received,89,226.06
PO07788,2025-09-07,S03,SUP006,Received,90,228.6
PO07789,2025-09-13,S03,SUP006,Received,81,205.74
PO07790,2025-09-20,S03,SUP006,Received,87,220.98
PO07791,2025-09-27,S03,SUP006,Received,81,205.74
PO07792,2025-10-03,S03,SUP006,Received,81,205.74
PO07793,2025-10-09,S03,SUP006,Received,80,203.2
PO07794,2025-10-16,S03,SUP006,Received,86,218.44
PO07795,2025-10-24,S03,SUP006,Received,91,231.14
PO07796,2025-10-31,S03,SUP006,Received,87,220.98
PO07797,2025-11-06,S03,SUP006,Received,81,205.74
PO07798,2025-11-12,S03,SUP006,Received,85,215.9
PO07799,2025-11-19,S03,SUP006,Received,87,220.98
PO07800,2025-11-26,S03,SUP006,Received,86,218.44
PO07801,2025-12-03,S03,SUP006,Received,82,208.28
PO07802,2025-12-09,S03,SUP006,Received,83,210.82
PO07803,2025-12-16,S03,SUP006,Received,89,226.06
PO07804,2025-12-21,S03,SUP006,Received,81,205.74
PO07805,2025-12-28,S03,SUP006,Received,87,220.98
PO07806,2025-01-11,S03,SUP008,Received,397,5820.02
PO07807,2025-01-31,S03,SUP008,Received,403,5907.98
PO07808,2025-02-19,S03,SUP008,Received,403,5907.98
PO07809,2025-03-08,S03,SUP008,Received,394,5776.04
PO07810,2025-03-27,S03,SUP008,Received,402,5893.32
PO07811,2025-04-15,S03,SUP008,Received,410,6010.6
PO07812,2025-05-04,S03,SUP008,Received,401,5878.66
PO07813,2025-05-23,S03,SUP008,Received,401,5878.66
PO07814,2025-06-11,S03,SUP008,Received,395,5790.7
PO07815,2025-06-30,S03,SUP008,Received,394,5776.04
PO07816,2025-07-22,S03,SUP008,Received,400,5864.0
PO07817,2025-08-10,S03,SUP008,Received,402,5893.32
PO07818,2025-09-01,S03,SUP008,Received,412,6039.92
PO07819,2025-09-24,S03,SUP008,Received,396,5805.36
PO07820,2025-10-18,S03,SUP008,Received,398,5834.68
PO07821,2025-11-12,S03,SUP008,Received,410,6010.6
PO07822,2025-12-05,S03,SUP008,Received,397,5820.02
PO07823,2025-12-28,S03,SUP008,Received,395,5790.7
PO07824,2025-01-14,S03,SUP001,Received,428,2966.04
PO07825,2025-02-08,S03,SUP002,Received,427,2386.93
PO07826,2025-03-01,S03,SUP001,Received,424,2938.32
PO07827,2025-03-22,S03,SUP002,Received,429,2398.11
PO07828,2025-04-12,S03,SUP002,Received,436,2437.24
PO07829,2025-05-04,S03,SUP002,Received,431,2409.29
PO07830,2025-05-26,S03,SUP001,Received,434,3007.62
PO07831,2025-06-16,S03,SUP001,Received,428,2966.04
PO07832,2025-07-10,S03,SUP002,Received,431,2409.29
PO07833,2025-08-04,S03,SUP001,Received,433,3000.69
PO07834,2025-08-29,S03,SUP001,Received,425,2945.25
PO07835,2025-09-26,S03,SUP002,Received,422,2358.98
PO07836,2025-10-25,S03,SUP001,Received,438,3035.34
PO07837,2025-11-21,S03,SUP001,Received,430,2979.9
PO07838,2025-12-19,S03,SUP001,Received,439,3042.27
PO07839,2025-01-02,S03,SUP010,Received,232,2867.52
PO07840,2025-01-11,S03,SUP010,Received,250,3090.0
PO07841,2025-01-19,S03,SUP010,Received,236,2916.96
PO07842,2025-01-27,S03,SUP008,Received,233,3432.09
PO07843,2025-02-04,S03,SUP010,Received,254,3139.44
PO07844,2025-02-11,S03,SUP008,Received,240,3535.2
PO07845,2025-02-19,S03,SUP010,Received,260,3213.6
PO07846,2025-02-27,S03,SUP010,Received,254,3139.44
PO07847,2025-03-08,S03,SUP008,Received,270,3977.1
PO07848,2025-03-16,S03,SUP008,Received,259,3815.07
PO07849,2025-03-24,S03,SUP010,Received,267,3300.12
PO07850,2025-04-01,S03,SUP010,Received,261,3225.96
PO07851,2025-04-08,S03,SUP008,Received,240,3535.2
PO07852,2025-04-15,S03,SUP010,Received,241,2978.76
PO07853,2025-04-23,S03,SUP010,Received,238,2941.68
PO07854,2025-04-30,S03,SUP010,Received,237,2929.32
PO07855,2025-05-07,S03,SUP008,Received,235,3461.55
PO07856,2025-05-14,S03,SUP008,Received,249,3667.77
PO07857,2025-05-21,S03,SUP008,Received,241,3549.93
PO07858,2025-05-29,S03,SUP008,Received,260,3829.8
PO07859,2025-06-05,S03,SUP010,Received,240,2966.4
PO07860,2025-06-13,S03,SUP010,Received,259,3201.24
PO07861,2025-06-21,S03,SUP008,Received,252,3711.96
PO07862,2025-06-29,S03,SUP010,Received,266,3287.76
PO07863,2025-07-08,S03,SUP008,Received,253,3726.69
PO07864,2025-07-16,S03,SUP010,Received,238,2941.68
PO07865,2025-07-25,S03,SUP010,Received,242,2991.12
PO07866,2025-08-02,S03,SUP008,Received,250,3682.5
PO07867,2025-08-11,S03,SUP008,Received,243,3579.39
PO07868,2025-08-20,S03,SUP008,Received,234,3446.82
PO07869,2025-08-30,S03,SUP008,Received,243,3579.39
PO07870,2025-09-07,S03,SUP008,Received,247,3638.31
PO07871,2025-09-17,S03,SUP010,Received,259,3201.24
PO07872,2025-09-27,S03,SUP010,Received,235,2904.6
PO07873,2025-10-06,S03,SUP010,Received,252,3114.72
PO07874,2025-10-15,S03,SUP008,Received,248,3653.04
PO07875,2025-10-24,S03,SUP010,Received,242,2991.12
PO07876,2025-11-02,S03,SUP010,Received,263,3250.68
PO07877,2025-11-12,S03,SUP008,Received,249,3667.77
PO07878,2025-11-21,S03,SUP008,Received,254,3741.42
PO07879,2025-11-30,S03,SUP008,Received,248,3653.04
PO07880,2025-12-10,S03,SUP010,Received,249,3077.64
PO07881,2025-12-18,S03,SUP010,Received,245,3028.2
PO07882,2025-12-25,S03,SUP008,Received,245,3608.85
PO07883,2025-01-07,S03,SUP001,Received,386,2895.0
PO07884,2025-01-27,S03,SUP007,Received,384,3118.08
PO07885,2025-02-16,S03,SUP001,Received,396,2970.0
PO07886,2025-03-05,S03,SUP007,Received,379,3077.48
PO07887,2025-03-22,S03,SUP007,Received,377,3061.24
PO07888,2025-04-11,S03,SUP001,Received,383,2872.5
PO07889,2025-04-28,S03,SUP007,Received,380,3085.6
PO07890,2025-05-16,S03,SUP007,Received,383,3109.96
PO07891,2025-06-05,S03,SUP001,Received,388,2910.0
PO07892,2025-06-25,S03,SUP001,Received,376,2820.0
PO07893,2025-07-18,S03,SUP007,Received,381,3093.72
PO07894,2025-08-08,S03,SUP001,Received,375,2812.5
PO07895,2025-08-29,S03,SUP007,Received,388,3150.56
PO07896,2025-09-23,S03,SUP001,Received,391,2932.5
PO07897,2025-10-19,S03,SUP007,Received,380,3085.6
PO07898,2025-11-13,S03,SUP001,Received,381,2857.5
PO07899,2025-12-04,S03,SUP007,Received,389,3158.68
PO07900,2025-12-25,S03,SUP007,Received,378,3069.36
PO07901,2025-01-13,S03,SUP002,Received,445,1357.25
PO07902,2025-02-12,S03,SUP010,Received,437,1031.32
PO07903,2025-03-10,S03,SUP010,Received,450,1062.0
PO07904,2025-04-08,S03,SUP002,Received,439,1338.95
PO07905,2025-05-04,S03,SUP002,Received,438,1335.9
PO07906,2025-06-01,S03,SUP010,Received,444,1047.84
PO07907,2025-06-29,S03,SUP010,Received,443,1045.48
PO07908,2025-07-29,S03,SUP002,Received,454,1384.7
PO07909,2025-08-30,S03,SUP002,Received,440,1342.0
PO07910,2025-10-03,S03,SUP002,Received,441,1345.05
PO07911,2025-11-05,S03,SUP010,Received,438,1033.68
PO07912,2025-12-07,S03,SUP002,Received,436,1329.8
PO07913,2025-01-09,S03,SUP010,Received,146,746.06
PO07914,2025-01-26,S03,SUP010,Received,154,786.94
PO07915,2025-02-13,S03,SUP010,Received,149,761.39
PO07916,2025-02-26,S03,SUP010,Received,149,761.39
PO07917,2025-03-14,S03,SUP010,Received,153,781.83
PO07918,2025-03-29,S03,SUP010,Received,146,746.06
PO07919,2025-04-12,S03,SUP010,Received,147,751.17
PO07920,2025-04-25,S03,SUP010,Received,153,781.83
PO07921,2025-05-09,S03,SUP010,Received,150,766.5
PO07922,2025-05-25,S03,SUP010,Received,146,746.06
PO07923,2025-06-12,S03,SUP010,Received,152,776.72
PO07924,2025-06-27,S03,SUP010,Received,154,786.94
PO07925,2025-07-12,S03,SUP010,Received,149,761.39
PO07926,2025-07-26,S03,SUP010,Received,149,761.39
PO07927,2025-08-12,S03,SUP010,Received,151,771.61
PO07928,2025-09-01,S03,SUP010,Received,152,776.72
PO07929,2025-09-21,S03,SUP010,Received,152,776.72
PO07930,2025-10-13,S03,SUP010,Received,150,766.5
PO07931,2025-11-03,S03,SUP010,Received,146,746.06
PO07932,2025-11-23,S03,SUP010,Received,154,786.94
PO07933,2025-12-08,S03,SUP010,Received,151,771.61
PO07934,2025-12-27,S03,SUP010,Received,154,786.94
PO07935,2025-01-01,S03,SUP006,Received,89,2144.01
PO07936,2025-01-08,S03,SUP006,Received,82,1975.38
PO07937,2025-01-16,S03,SUP006,Received,86,2071.74
PO07938,2025-01-22,S03,SUP006,Received,81,1951.29
PO07939,2025-01-27,S03,SUP006,Received,98,2360.82
PO07940,2025-02-02,S03,SUP006,Received,83,1999.47
PO07941,2025-02-08,S03,SUP006,Received,90,2168.1
PO07942,2025-02-15,S03,SUP006,Received,94,2264.46
PO07943,2025-02-21,S03,SUP006,Received,90,2168.1
PO07944,2025-02-27,S03,SUP006,Received,86,2071.74
PO07945,2025-03-04,S03,SUP006,Received,82,1975.38
PO07946,2025-03-09,S03,SUP006,Received,85,2047.65
PO07947,2025-03-15,S03,SUP006,Received,81,1951.29
PO07948,2025-03-20,S03,SUP006,Received,86,2071.74
PO07949,2025-03-26,S03,SUP006,Received,82,1975.38
PO07950,2025-04-01,S03,SUP006,Received,88,2119.92
PO07951,2025-04-07,S03,SUP006,Received,87,2095.83
PO07952,2025-04-12,S03,SUP006,Received,85,2047.65
PO07953,2025-04-18,S03,SUP006,Received,81,1951.29
PO07954,2025-04-24,S03,SUP006,Received,82,1975.38
PO07955,2025-04-30,S03,SUP006,Received,94,2264.46
PO07956,2025-05-06,S03,SUP006,Received,94,2264.46
PO07957,2025-05-12,S03,SUP006,Received,85,2047.65
PO07958,2025-05-19,S03,SUP006,Received,87,2095.83
PO07959,2025-05-25,S03,SUP006,Received,88,2119.92
PO07960,2025-05-31,S03,SUP006,Received,85,2047.65
PO07961,2025-06-07,S03,SUP006,Received,92,2216.28
PO07962,2025-06-12,S03,SUP006,Received,85,2047.65
PO07963,2025-06-18,S03,SUP006,Received,90,2168.1
PO07964,2025-06-26,S03,SUP006,Received,97,2336.73
PO07965,2025-07-03,S03,SUP006,Received,82,1975.38
PO07966,2025-07-10,S03,SUP006,Received,86,2071.74
PO07967,2025-07-17,S03,SUP006,Received,84,2023.56
PO07968,2025-07-25,S03,SUP006,Received,91,2192.19
PO07969,2025-08-03,S03,SUP006,Received,96,2312.64
PO07970,2025-08-11,S03,SUP006,Received,82,1975.38
PO07971,2025-08-19,S03,SUP006,Received,93,2240.37
PO07972,2025-08-27,S03,SUP006,Received,89,2144.01
PO07973,2025-09-05,S03,SUP006,Received,84,2023.56
PO07974,2025-09-13,S03,SUP006,Received,96,2312.64
PO07975,2025-09-20,S03,SUP006,Received,86,2071.74
PO07976,2025-09-28,S03,SUP006,Received,84,2023.56
PO07977,2025-10-05,S03,SUP006,Received,82,1975.38
PO07978,2025-10-13,S03,SUP006,Received,83,1999.47
PO07979,2025-10-21,S03,SUP006,Received,81,1951.29
PO07980,2025-10-28,S03,SUP006,Received,82,1975.38
PO07981,2025-11-05,S03,SUP006,Received,85,2047.65
PO07982,2025-11-14,S03,SUP006,Received,84,2023.56
PO07983,2025-11-23,S03,SUP006,Received,91,2192.19
PO07984,2025-12-02,S03,SUP006,Received,82,1975.38
PO07985,2025-12-08,S03,SUP006,Received,84,2023.56
PO07986,2025-12-15,S03,SUP006,Received,85,2047.65
PO07987,2025-12-22,S03,SUP006,Received,94,2264.46
PO07988,2025-12-28,S03,SUP006,Received,90,2168.1
PO07989,2025-01-24,S03,SUP009,Received,372,2101.8
PO07990,2025-02-27,S03,SUP009,Received,378,2135.7
PO07991,2025-03-30,S03,SUP006,Received,372,2239.44
PO07992,2025-05-01,S03,SUP009,Received,377,2130.05
PO07993,2025-06-08,S03,SUP006,Received,379,2281.58
PO07994,2025-07-13,S03,SUP009,Received,381,2152.65
PO07995,2025-08-22,S03,SUP006,Received,377,2269.54
PO07996,2025-10-07,S03,SUP003,Received,375,2025.0
PO07997,2025-11-18,S03,SUP009,Received,373,2107.45
PO07998,2025-12-26,S03,SUP009,Received,373,2107.45
PO07999,2025-01-02,S03,SUP007,Received,109,2123.32
PO08000,2025-01-05,S03,SUP007,Received,86,1675.28
PO08001,2025-01-08,S03,SUP007,Received,100,1948.0
PO08002,2025-01-11,S03,SUP007,Received,91,1772.68
PO08003,2025-01-14,S03,SUP002,Received,85,1939.7
PO08004,2025-01-17,S03,SUP002,Received,89,2030.98
PO08005,2025-01-20,S03,SUP005,Received,87,1867.89
PO08006,2025-01-23,S03,SUP005,Received,88,1889.36
PO08007,2025-01-26,S03,SUP005,Received,93,1996.71
PO08008,2025-01-29,S03,SUP005,Received,111,2383.17
PO08009,2025-02-01,S03,SUP002,Received,95,2167.9
PO08010,2025-02-04,S03,SUP007,Received,95,1850.6
PO08011,2025-02-07,S03,SUP005,Received,96,2061.12
PO08012,2025-02-09,S03,SUP002,Received,87,1985.34
PO08013,2025-02-12,S03,SUP002,Received,99,2259.18
PO08014,2025-02-15,S03,SUP007,Received,93,1811.64
PO08015,2025-02-18,S03,SUP002,Received,120,2738.4
PO08016,2025-02-20,S03,SUP005,Received,84,1803.48
PO08017,2025-02-23,S03,SUP005,Received,113,2426.11
PO08018,2025-02-27,S03,SUP007,Received,116,2259.68
PO08019,2025-03-02,S03,SUP007,Received,109,2123.32
PO08020,2025-03-05,S03,SUP007,Received,102,1986.96
PO08021,2025-03-08,S03,SUP007,Received,106,2064.88
PO08022,2025-03-11,S03,SUP007,Received,93,1811.64
PO08023,2025-03-14,S03,SUP007,Received,90,1753.2
PO08024,2025-03-17,S03,SUP007,Received,110,2142.8
PO08025,2025-03-20,S03,SUP007,Received,88,1714.24
PO08026,2025-03-23,S03,SUP007,Received,107,2084.36
PO08027,2025-03-26,S03,SUP002,Received,90,2053.8
PO08028,2025-03-29,S03,SUP007,Received,96,1870.08
PO08029,2025-03-31,S03,SUP005,Received,85,1824.95
PO08030,2025-04-03,S03,SUP002,Received,105,2396.1
PO08031,2025-04-06,S03,SUP007,Received,117,2279.16
PO08032,2025-04-09,S03,SUP005,Received,108,2318.76
PO08033,2025-04-12,S03,SUP007,Received,86,1675.28
PO08034,2025-04-15,S03,SUP005,Received,107,2297.29
PO08035,2025-04-18,S03,SUP007,Received,104,2025.92
PO08036,2025-04-21,S03,SUP005,Received,107,2297.29
PO08037,2025-04-24,S03,SUP005,Received,93,1996.71
PO08038,2025-04-27,S03,SUP007,Received,99,1928.52
PO08039,2025-05-01,S03,SUP002,Received,108,2464.56
PO08040,2025-05-04,S03,SUP005,Received,89,1910.83
PO08041,2025-05-07,S03,SUP007,Received,94,1831.12
PO08042,2025-05-10,S03,SUP005,Received,89,1910.83
PO08043,2025-05-14,S03,SUP002,Received,105,2396.1
PO08044,2025-05-17,S03,SUP002,Received,123,2806.86
PO08045,2025-05-20,S03,SUP007,Received,89,1733.72
PO08046,2025-05-23,S03,SUP002,Received,104,2373.28
PO08047,2025-05-26,S03,SUP007,Received,100,1948.0
PO08048,2025-05-29,S03,SUP005,Received,98,2104.06
PO08049,2025-06-01,S03,SUP007,Received,101,1967.48
PO08050,2025-06-05,S03,SUP005,Received,103,2211.41
PO08051,2025-06-08,S03,SUP002,Received,112,2555.84
PO08052,2025-06-12,S03,SUP007,Received,113,2201.24
PO08053,2025-06-15,S03,SUP005,Received,107,2297.29
PO08054,2025-06-19,S03,SUP007,Received,108,2103.84
PO08055,2025-06-22,S03,SUP002,Received,110,2510.2
PO08056,2025-06-26,S03,SUP005,Received,99,2125.53
PO08057,2025-06-29,S03,SUP002,Received,110,2510.2
PO08058,2025-07-03,S03,SUP007,Received,109,2123.32
PO08059,2025-07-06,S03,SUP005,Received,90,1932.3
PO08060,2025-07-10,S03,SUP005,Received,94,2018.18
PO08061,2025-07-13,S03,SUP007,Received,99,1928.52
PO08062,2025-07-17,S03,SUP005,Received,99,2125.53
PO08063,2025-07-20,S03,SUP005,Received,88,1889.36
PO08064,2025-07-25,S03,SUP007,Received,106,2064.88
PO08065,2025-07-28,S03,SUP005,Received,95,2039.65
PO08066,2025-07-31,S03,SUP002,Received,99,2259.18
PO08067,2025-08-04,S03,SUP007,Received,110,2142.8
PO08068,2025-08-08,S03,SUP002,Received,103,2350.46
PO08069,2025-08-11,S03,SUP007,Received,88,1714.24
PO08070,2025-08-15,S03,SUP007,Received,105,2045.4
PO08071,2025-08-18,S03,SUP007,Received,86,1675.28
PO08072,2025-08-21,S03,SUP007,Received,92,1792.16
PO08073,2025-08-24,S03,SUP007,Received,86,1675.28
PO08074,2025-08-28,S03,SUP002,Received,94,2145.08
PO08075,2025-08-31,S03,SUP007,Received,85,1655.8
PO08076,2025-09-04,S03,SUP007,Received,87,1694.76
PO08077,2025-09-08,S03,SUP007,Received,96,1870.08
PO08078,2025-09-12,S03,SUP002,Received,84,1916.88
PO08079,2025-09-15,S03,SUP005,Received,96,2061.12
PO08080,2025-09-19,S03,SUP007,Received,101,1967.48
PO08081,2025-09-23,S03,SUP005,Received,108,2318.76
PO08082,2025-09-27,S03,SUP002,Received,105,2396.1
PO08083,2025-10-02,S03,SUP007,Received,95,1850.6
PO08084,2025-10-06,S03,SUP002,Received,100,2282.0
PO08085,2025-10-10,S03,SUP007,Received,93,1811.64
PO08086,2025-10-13,S03,SUP005,Received,86,1846.42
PO08087,2025-10-17,S03,SUP007,Received,92,1792.16
PO08088,2025-10-21,S03,SUP007,Received,108,2103.84
PO08089,2025-10-25,S03,SUP002,Received,99,2259.18
PO08090,2025-10-28,S03,SUP002,Received,93,2122.26
PO08091,2025-11-01,S03,SUP005,Received,98,2104.06
PO08092,2025-11-05,S03,SUP005,Received,91,1953.77
PO08093,2025-11-09,S03,SUP007,Received,109,2123.32
PO08094,2025-11-13,S03,SUP002,Received,86,1962.52
PO08095,2025-11-17,S03,SUP005,Received,102,2189.94
PO08096,2025-11-21,S03,SUP002,Received,113,2578.66
PO08097,2025-11-24,S03,SUP002,Received,85,1939.7
PO08098,2025-11-28,S03,SUP002,Received,97,2213.54
PO08099,2025-12-02,S03,SUP002,Received,86,1962.52
PO08100,2025-12-06,S03,SUP002,Received,96,2190.72
PO08101,2025-12-09,S03,SUP007,Received,84,1636.32
PO08102,2025-12-13,S03,SUP007,Received,115,2240.2
PO08103,2025-12-17,S03,SUP007,Received,101,1967.48
PO08104,2025-12-20,S03,SUP007,Received,106,2064.88
PO08105,2025-12-24,S03,SUP002,Received,119,2715.58
PO08106,2025-12-27,S03,SUP002,Received,110,2510.2
PO08107,2025-12-30,S03,SUP007,Received,97,1889.56
PO08108,2025-01-08,S03,SUP004,Received,453,9060.0
PO08109,2025-01-24,S03,SUP004,Received,441,8820.0
PO08110,2025-02-09,S03,SUP004,Received,453,9060.0
PO08111,2025-02-25,S03,SUP002,Received,445,10137.1
PO08112,2025-03-12,S03,SUP002,Received,442,10068.76
PO08113,2025-03-25,S03,SUP004,Received,453,9060.0
PO08114,2025-04-08,S03,SUP002,Received,436,9932.08
PO08115,2025-04-23,S03,SUP002,Received,453,10319.34
PO08116,2025-05-08,S03,SUP004,Received,437,8740.0
PO08117,2025-05-23,S03,SUP001,Received,430,9227.8
PO08118,2025-06-07,S03,SUP004,Received,443,8860.0
PO08119,2025-06-24,S03,SUP004,Received,441,8820.0
PO08120,2025-07-11,S03,SUP002,Received,439,10000.42
PO08121,2025-07-29,S03,SUP002,Received,445,10137.1
PO08122,2025-08-18,S03,SUP002,Received,433,9863.74
PO08123,2025-09-05,S03,SUP002,Received,436,9932.08
PO08124,2025-09-23,S03,SUP001,Received,435,9335.1
PO08125,2025-10-13,S03,SUP001,Received,434,9313.64
PO08126,2025-11-02,S03,SUP001,Received,427,9163.42
PO08127,2025-11-21,S03,SUP002,Received,436,9932.08
PO08128,2025-12-09,S03,SUP001,Received,435,9335.1
PO08129,2025-12-27,S03,SUP002,Received,435,9909.3
PO08130,2025-01-16,S03,SUP009,Received,262,3476.74
PO08131,2025-03-07,S03,SUP006,Received,261,4042.89
PO08132,2025-04-19,S03,SUP006,Received,267,4135.83
PO08133,2025-05-29,S03,SUP004,Received,260,4396.6
PO08134,2025-07-13,S03,SUP004,Received,261,4413.51
PO08135,2025-09-01,S03,SUP009,Received,260,3450.2
PO08136,2025-10-25,S03,SUP006,Received,260,4027.4
PO08137,2025-12-13,S03,SUP004,Received,262,4430.42
PO08138,2025-01-05,S03,SUP004,Received,215,2341.35
PO08139,2025-01-12,S03,SUP004,Received,231,2515.59
PO08140,2025-01-19,S03,SUP004,Received,215,2341.35
PO08141,2025-01-26,S03,SUP004,Received,245,2668.05
PO08142,2025-02-01,S03,SUP004,Received,207,2254.23
PO08143,2025-02-07,S03,SUP004,Received,208,2265.12
PO08144,2025-02-13,S03,SUP004,Received,210,2286.9
PO08145,2025-02-19,S03,SUP004,Received,217,2363.13
PO08146,2025-02-25,S03,SUP004,Received,212,2308.68
PO08147,2025-03-02,S03,SUP004,Received,221,2406.69
PO08148,2025-03-09,S03,SUP004,Received,240,2613.6
PO08149,2025-03-15,S03,SUP004,Received,217,2363.13
PO08150,2025-03-21,S03,SUP004,Received,220,2395.8
PO08151,2025-03-27,S03,SUP004,Received,233,2537.37
PO08152,2025-04-01,S03,SUP004,Received,214,2330.46
PO08153,2025-04-07,S03,SUP004,Received,219,2384.91
PO08154,2025-04-13,S03,SUP004,Received,221,2406.69
PO08155,2025-04-19,S03,SUP004,Received,237,2580.93
PO08156,2025-04-25,S03,SUP004,Received,225,2450.25
PO08157,2025-05-01,S03,SUP004,Received,226,2461.14
PO08158,2025-05-07,S03,SUP004,Received,229,2493.81
PO08159,2025-05-12,S03,SUP004,Received,208,2265.12
PO08160,2025-05-19,S03,SUP004,Received,230,2504.7
PO08161,2025-05-25,S03,SUP004,Received,213,2319.57
PO08162,2025-06-01,S03,SUP004,Received,244,2657.16
PO08163,2025-06-07,S03,SUP004,Received,206,2243.34
PO08164,2025-06-13,S03,SUP004,Received,207,2254.23
PO08165,2025-06-21,S03,SUP004,Received,246,2678.94
PO08166,2025-06-28,S03,SUP004,Received,213,2319.57
PO08167,2025-07-05,S03,SUP004,Received,231,2515.59
PO08168,2025-07-13,S03,SUP004,Received,236,2570.04
PO08169,2025-07-20,S03,SUP004,Received,215,2341.35
PO08170,2025-07-27,S03,SUP004,Received,224,2439.36
PO08171,2025-08-03,S03,SUP004,Received,225,2450.25
PO08172,2025-08-11,S03,SUP004,Received,211,2297.79
PO08173,2025-08-18,S03,SUP004,Received,208,2265.12
PO08174,2025-08-25,S03,SUP004,Received,206,2243.34
PO08175,2025-09-02,S03,SUP004,Received,228,2482.92
PO08176,2025-09-10,S03,SUP004,Received,215,2341.35
PO08177,2025-09-19,S03,SUP004,Received,222,2417.58
PO08178,2025-09-28,S03,SUP004,Received,239,2602.71
PO08179,2025-10-07,S03,SUP004,Received,225,2450.25
PO08180,2025-10-15,S03,SUP004,Received,216,2352.24
PO08181,2025-10-23,S03,SUP004,Received,223,2428.47
PO08182,2025-11-01,S03,SUP004,Received,225,2450.25
PO08183,2025-11-09,S03,SUP004,Received,232,2526.48
PO08184,2025-11-17,S03,SUP004,Received,228,2482.92
PO08185,2025-11-24,S03,SUP004,Received,207,2254.23
PO08186,2025-12-01,S03,SUP004,Received,237,2580.93
PO08187,2025-12-09,S03,SUP004,Received,236,2570.04
PO08188,2025-12-16,S03,SUP004,Received,206,2243.34
PO08189,2025-12-23,S03,SUP004,Received,217,2363.13
PO08190,2025-12-30,S03,SUP004,Received,235,2559.15
PO08191,2025-01-14,S03,SUP004,Received,422,5194.82
PO08192,2025-02-03,S03,SUP005,Received,432,5520.96
PO08193,2025-02-22,S03,SUP005,Received,433,5533.74
PO08194,2025-03-10,S03,SUP005,Received,410,5239.8
PO08195,2025-03-31,S03,SUP004,Received,424,5219.44
PO08196,2025-04-20,S03,SUP005,Received,426,5444.28
PO08197,2025-05-10,S03,SUP005,Received,433,5533.74
PO08198,2025-05-30,S03,SUP005,Received,428,5469.84
PO08199,2025-06-20,S03,SUP005,Received,414,5290.92
PO08200,2025-07-13,S03,SUP005,Received,412,5265.36
PO08201,2025-08-07,S03,SUP004,Received,417,5133.27
PO08202,2025-09-02,S03,SUP004,Received,420,5170.2
PO08203,2025-09-27,S03,SUP004,Received,419,5157.89
PO08204,2025-10-20,S03,SUP004,Received,412,5071.72
PO08205,2025-11-14,S03,SUP005,Received,410,5239.8
PO08206,2025-12-09,S03,SUP005,Received,413,5278.14
PO08207,2025-12-31,S03,SUP005,Received,409,5227.02
PO08208,2025-01-08,S03,SUP009,Received,319,8440.74
PO08209,2025-01-19,S03,SUP007,Received,311,7031.71
PO08210,2025-01-31,S03,SUP007,Received,315,7122.15
PO08211,2025-02-11,S03,SUP010,Received,311,7380.03
PO08212,2025-02-22,S03,SUP007,Received,316,7144.76
PO08213,2025-03-06,S03,SUP007,Received,319,7212.59
PO08214,2025-03-18,S03,SUP007,Received,319,7212.59
PO08215,2025-03-28,S03,SUP007,Received,313,7076.93
PO08216,2025-04-08,S03,SUP010,Received,317,7522.41
PO08217,2025-04-19,S03,SUP010,Received,319,7569.87
PO08218,2025-04-29,S03,SUP010,Received,313,7427.49
PO08219,2025-05-10,S03,SUP009,Received,319,8440.74
PO08220,2025-05-21,S03,SUP007,Received,317,7167.37
PO08221,2025-06-02,S03,SUP007,Received,319,7212.59
PO08222,2025-06-13,S03,SUP007,Received,311,7031.71
PO08223,2025-06-25,S03,SUP007,Received,319,7212.59
PO08224,2025-07-06,S03,SUP007,Received,309,6986.49
PO08225,2025-07-18,S03,SUP007,Received,311,7031.71
PO08226,2025-07-31,S03,SUP010,Received,308,7308.84
PO08227,2025-08-14,S03,SUP010,Received,319,7569.87
PO08228,2025-08-27,S03,SUP009,Received,313,8281.98
PO08229,2025-09-10,S03,SUP010,Received,312,7403.76
PO08230,2025-09-26,S03,SUP009,Received,319,8440.74
PO08231,2025-10-12,S03,SUP007,Received,319,7212.59
PO08232,2025-10-26,S03,SUP009,Received,311,8229.06
PO08233,2025-11-10,S03,SUP007,Received,319,7212.59
PO08234,2025-11-23,S03,SUP009,Received,315,8334.9
PO08235,2025-12-07,S03,SUP010,Received,319,7569.87
PO08236,2025-12-19,S03,SUP009,Received,319,8440.74
PO08237,2025-01-05,S03,SUP009,Received,369,9409.5
PO08238,2025-01-17,S03,SUP010,Received,382,8022.0
PO08239,2025-01-28,S03,SUP010,Received,369,7749.0
PO08240,2025-02-08,S03,SUP005,Received,398,8604.76
PO08241,2025-02-19,S03,SUP010,Received,381,8001.0
PO08242,2025-03-01,S03,SUP005,Received,365,7891.3
PO08243,2025-03-12,S03,SUP010,Received,362,7602.0
PO08244,2025-03-22,S03,SUP009,Received,375,9562.5
PO08245,2025-04-01,S03,SUP009,Received,372,9486.0
PO08246,2025-04-11,S03,SUP010,Received,382,8022.0
PO08247,2025-04-21,S03,SUP009,Received,369,9409.5
PO08248,2025-05-01,S03,SUP009,Received,367,9358.5
PO08249,2025-05-11,S03,SUP005,Received,367,7934.54
PO08250,2025-05-20,S03,SUP009,Received,364,9282.0
PO08251,2025-05-31,S03,SUP005,Received,392,8475.04
PO08252,2025-06-11,S03,SUP009,Received,360,9180.0
PO08253,2025-06-22,S03,SUP005,Received,363,7848.06
PO08254,2025-07-05,S03,SUP009,Received,385,9817.5
PO08255,2025-07-16,S03,SUP009,Received,374,9537.0
PO08256,2025-07-28,S03,SUP010,Received,365,7665.0
PO08257,2025-08-10,S03,SUP010,Received,366,7686.0
PO08258,2025-08-23,S03,SUP010,Received,394,8274.0
PO08259,2025-09-05,S03,SUP005,Received,365,7891.3
PO08260,2025-09-18,S03,SUP009,Received,376,9588.0
PO08261,2025-10-01,S03,SUP010,Received,366,7686.0
PO08262,2025-10-15,S03,SUP009,Received,361,9205.5
PO08263,2025-10-28,S03,SUP009,Received,376,9588.0
PO08264,2025-11-09,S03,SUP009,Received,365,9307.5
PO08265,2025-11-22,S03,SUP005,Received,385,8323.7
PO08266,2025-12-06,S03,SUP010,Received,376,7896.0
PO08267,2025-12-18,S03,SUP005,Received,365,7891.3
PO08268,2025-12-29,S03,SUP010,Received,361,7581.0
PO08269,2025-01-01,S03,SUP003,Received,57,1045.95
PO08270,2025-01-03,S03,SUP003,Received,61,1119.35
PO08271,2025-01-04,S03,SUP003,Received,38,697.3
PO08272,2025-01-05,S03,SUP003,Received,34,623.9
PO08273,2025-01-06,S03,SUP003,Received,37,678.95
PO08274,2025-01-07,S03,SUP003,Received,31,568.85
PO08275,2025-01-08,S03,SUP003,Received,30,550.5
PO08276,2025-01-09,S03,SUP003,Received,35,642.25
PO08277,2025-01-11,S03,SUP003,Received,67,1229.45
PO08278,2025-01-12,S03,SUP003,Received,29,532.15
PO08279,2025-01-13,S03,SUP003,Received,37,678.95
PO08280,2025-01-14,S03,SUP003,Received,29,532.15
PO08281,2025-01-15,S03,SUP003,Received,31,568.85
PO08282,2025-01-16,S03,SUP003,Received,32,587.2
PO08283,2025-01-18,S03,SUP003,Received,55,1009.25
PO08284,2025-01-19,S03,SUP003,Received,34,623.9
PO08285,2025-01-20,S03,SUP003,Received,36,660.6
PO08286,2025-01-21,S03,SUP003,Received,37,678.95
PO08287,2025-01-23,S03,SUP003,Received,64,1174.4
PO08288,2025-01-24,S03,SUP003,Received,32,587.2
PO08289,2025-01-25,S03,SUP003,Received,40,734.0
PO08290,2025-01-26,S03,SUP003,Received,34,623.9
PO08291,2025-01-27,S03,SUP003,Received,31,568.85
PO08292,2025-01-28,S03,SUP003,Received,30,550.5
PO08293,2025-01-29,S03,SUP003,Received,37,678.95
PO08294,2025-01-30,S03,SUP003,Received,38,697.3
PO08295,2025-01-31,S03,SUP003,Received,34,623.9
PO08296,2025-02-01,S03,SUP003,Received,35,642.25
PO08297,2025-02-02,S03,SUP003,Received,38,697.3
PO08298,2025-02-03,S03,SUP003,Received,31,568.85
PO08299,2025-02-04,S03,SUP003,Received,31,568.85
PO08300,2025-02-06,S03,SUP003,Received,45,825.75
PO08301,2025-02-07,S03,SUP003,Received,31,568.85
PO08302,2025-02-08,S03,SUP003,Received,44,807.4
PO08303,2025-02-09,S03,SUP003,Received,38,697.3
PO08304,2025-02-10,S03,SUP003,Received,36,660.6
PO08305,2025-02-11,S03,SUP003,Received,35,642.25
PO08306,2025-02-13,S03,SUP003,Received,63,1156.05
PO08307,2025-02-15,S03,SUP003,Received,68,1247.8
PO08308,2025-02-16,S03,SUP003,Received,37,678.95
PO08309,2025-02-17,S03,SUP003,Received,37,678.95
PO08310,2025-02-18,S03,SUP003,Received,36,660.6
PO08311,2025-02-20,S03,SUP003,Received,56,1027.6
PO08312,2025-02-22,S03,SUP003,Received,68,1247.8
PO08313,2025-02-23,S03,SUP003,Received,37,678.95
PO08314,2025-02-24,S03,SUP003,Received,38,697.3
PO08315,2025-02-25,S03,SUP003,Received,34,623.9
PO08316,2025-02-26,S03,SUP003,Received,37,678.95
PO08317,2025-02-27,S03,SUP003,Received,45,825.75
PO08318,2025-02-28,S03,SUP003,Received,31,568.85
PO08319,2025-03-01,S03,SUP003,Received,40,734.0
PO08320,2025-03-02,S03,SUP003,Received,37,678.95
PO08321,2025-03-03,S03,SUP003,Received,34,623.9
PO08322,2025-03-05,S03,SUP003,Received,65,1192.75
PO08323,2025-03-07,S03,SUP003,Received,68,1247.8
PO08324,2025-03-08,S03,SUP003,Received,40,734.0
PO08325,2025-03-09,S03,SUP003,Received,34,623.9
PO08326,2025-03-10,S03,SUP003,Received,33,605.55
PO08327,2025-03-11,S03,SUP003,Received,40,734.0
PO08328,2025-03-12,S03,SUP003,Received,37,678.95
PO08329,2025-03-13,S03,SUP003,Received,45,825.75
PO08330,2025-03-14,S03,SUP003,Received,37,678.95
PO08331,2025-03-15,S03,SUP003,Received,48,880.8
PO08332,2025-03-16,S03,SUP003,Received,45,825.75
PO08333,2025-03-17,S03,SUP003,Received,30,550.5
PO08334,2025-03-18,S03,SUP003,Received,35,642.25
PO08335,2025-03-19,S03,SUP003,Received,34,623.9
PO08336,2025-03-20,S03,SUP003,Received,43,789.05
PO08337,2025-03-21,S03,SUP003,Received,31,568.85
PO08338,2025-03-22,S03,SUP003,Received,36,660.6
PO08339,2025-03-23,S03,SUP003,Received,48,880.8
PO08340,2025-03-24,S03,SUP003,Received,30,550.5
PO08341,2025-03-25,S03,SUP003,Received,36,660.6
PO08342,2025-03-26,S03,SUP003,Received,38,697.3
PO08343,2025-03-27,S03,SUP003,Received,35,642.25
PO08344,2025-03-29,S03,SUP003,Received,66,1211.1
PO08345,2025-03-30,S03,SUP003,Received,39,715.65
PO08346,2025-03-31,S03,SUP003,Received,29,532.15
PO08347,2025-04-01,S03,SUP003,Received,44,807.4
PO08348,2025-04-02,S03,SUP003,Received,38,697.3
PO08349,2025-04-03,S03,SUP003,Received,32,587.2
PO08350,2025-04-04,S03,SUP003,Received,33,605.55
PO08351,2025-04-05,S03,SUP003,Received,37,678.95
PO08352,2025-04-06,S03,SUP003,Received,35,642.25
PO08353,2025-04-08,S03,SUP003,Received,59,1082.65
PO08354,2025-04-09,S03,SUP003,Received,31,568.85
PO08355,2025-04-10,S03,SUP003,Received,43,789.05
PO08356,2025-04-12,S03,SUP003,Received,62,1137.7
PO08357,2025-04-13,S03,SUP003,Received,36,660.6
PO08358,2025-04-14,S03,SUP003,Received,30,550.5
PO08359,2025-04-15,S03,SUP003,Received,32,587.2
PO08360,2025-04-16,S03,SUP003,Received,36,660.6
PO08361,2025-04-18,S03,SUP003,Received,68,1247.8
PO08362,2025-04-19,S03,SUP003,Received,45,825.75
PO08363,2025-04-20,S03,SUP003,Received,35,642.25
PO08364,2025-04-21,S03,SUP003,Received,36,660.6
PO08365,2025-04-22,S03,SUP003,Received,35,642.25
PO08366,2025-04-23,S03,SUP003,Received,34,623.9
PO08367,2025-04-24,S03,SUP003,Received,33,605.55
PO08368,2025-04-25,S03,SUP003,Received,44,807.4
PO08369,2025-04-26,S03,SUP003,Received,39,715.65
PO08370,2025-04-27,S03,SUP003,Received,41,752.35
PO08371,2025-04-28,S03,SUP003,Received,41,752.35
PO08372,2025-04-29,S03,SUP003,Received,31,568.85
PO08373,2025-04-30,S03,SUP003,Received,33,605.55
PO08374,2025-05-01,S03,SUP003,Received,42,770.7
PO08375,2025-05-02,S03,SUP003,Received,38,697.3
PO08376,2025-05-03,S03,SUP003,Received,48,880.8
PO08377,2025-05-04,S03,SUP003,Received,47,862.45
PO08378,2025-05-05,S03,SUP003,Received,34,623.9
PO08379,2025-05-06,S03,SUP003,Received,30,550.5
PO08380,2025-05-07,S03,SUP003,Received,36,660.6
PO08381,2025-05-09,S03,SUP003,Received,58,1064.3
PO08382,2025-05-10,S03,SUP003,Received,41,752.35
PO08383,2025-05-11,S03,SUP003,Received,42,770.7
PO08384,2025-05-13,S03,SUP003,Received,56,1027.6
PO08385,2025-05-14,S03,SUP003,Received,32,587.2
PO08386,2025-05-15,S03,SUP003,Received,35,642.25
PO08387,2025-05-16,S03,SUP003,Received,41,752.35
PO08388,2025-05-17,S03,SUP003,Received,39,715.65
PO08389,2025-05-18,S03,SUP003,Received,32,587.2
PO08390,2025-05-19,S03,SUP003,Received,37,678.95
PO08391,2025-05-20,S03,SUP003,Received,29,532.15
PO08392,2025-05-21,S03,SUP003,Received,39,715.65
PO08393,2025-05-23,S03,SUP003,Received,54,990.9
PO08394,2025-05-24,S03,SUP003,Received,44,807.4
PO08395,2025-05-25,S03,SUP003,Received,34,623.9
PO08396,2025-05-26,S03,SUP003,Received,37,678.95
PO08397,2025-05-28,S03,SUP003,Received,45,825.75
PO08398,2025-05-29,S03,SUP003,Received,30,550.5
PO08399,2025-05-30,S03,SUP003,Received,30,550.5
PO08400,2025-05-31,S03,SUP003,Received,39,715.65
PO08401,2025-06-01,S03,SUP003,Received,49,899.15
PO08402,2025-06-03,S03,SUP003,Received,53,972.55
PO08403,2025-06-04,S03,SUP003,Received,30,550.5
PO08404,2025-06-06,S03,SUP003,Received,50,917.5
PO08405,2025-06-07,S03,SUP003,Received,40,734.0
PO08406,2025-06-08,S03,SUP003,Received,44,807.4
PO08407,2025-06-09,S03,SUP003,Received,30,550.5
PO08408,2025-06-10,S03,SUP003,Received,39,715.65
PO08409,2025-06-11,S03,SUP003,Received,34,623.9
PO08410,2025-06-12,S03,SUP003,Received,31,568.85
PO08411,2025-06-14,S03,SUP003,Received,66,1211.1
PO08412,2025-06-15,S03,SUP003,Received,41,752.35
PO08413,2025-06-16,S03,SUP003,Received,32,587.2
PO08414,2025-06-17,S03,SUP003,Received,30,550.5
PO08415,2025-06-18,S03,SUP003,Received,36,660.6
PO08416,2025-06-20,S03,SUP003,Received,52,954.2
PO08417,2025-06-21,S03,SUP003,Received,42,770.7
PO08418,2025-06-22,S03,SUP003,Received,36,660.6
PO08419,2025-06-24,S03,SUP003,Received,58,1064.3
PO08420,2025-06-25,S03,SUP003,Received,45,825.75
PO08421,2025-06-27,S03,SUP003,Received,63,1156.05
PO08422,2025-06-29,S03,SUP003,Received,68,1247.8
PO08423,2025-07-01,S03,SUP003,Received,60,1101.0
PO08424,2025-07-02,S03,SUP003,Received,29,532.15
PO08425,2025-07-03,S03,SUP003,Received,31,568.85
PO08426,2025-07-04,S03,SUP003,Received,31,568.85
PO08427,2025-07-05,S03,SUP003,Received,31,568.85
PO08428,2025-07-06,S03,SUP003,Received,35,642.25
PO08429,2025-07-08,S03,SUP003,Received,62,1137.7
PO08430,2025-07-10,S03,SUP003,Received,62,1137.7
PO08431,2025-07-11,S03,SUP003,Received,34,623.9
PO08432,2025-07-12,S03,SUP003,Received,29,532.15
PO08433,2025-07-13,S03,SUP003,Received,43,789.05
PO08434,2025-07-15,S03,SUP003,Received,58,1064.3
PO08435,2025-07-16,S03,SUP003,Received,33,605.55
PO08436,2025-07-18,S03,SUP003,Received,57,1045.95
PO08437,2025-07-19,S03,SUP003,Received,38,697.3
PO08438,2025-07-20,S03,SUP003,Received,48,880.8
PO08439,2025-07-22,S03,SUP003,Received,54,990.9
PO08440,2025-07-23,S03,SUP003,Received,41,752.35
PO08441,2025-07-24,S03,SUP003,Received,38,697.3
PO08442,2025-07-25,S03,SUP003,Received,33,605.55
PO08443,2025-07-26,S03,SUP003,Received,39,715.65
PO08444,2025-07-27,S03,SUP003,Received,34,623.9
PO08445,2025-07-29,S03,SUP003,Received,54,990.9
PO08446,2025-07-31,S03,SUP003,Received,46,844.1
PO08447,2025-08-01,S03,SUP003,Received,31,568.85
PO08448,2025-08-02,S03,SUP003,Received,30,550.5
PO08449,2025-08-03,S03,SUP003,Received,31,568.85
PO08450,2025-08-05,S03,SUP003,Received,48,880.8
PO08451,2025-08-06,S03,SUP003,Received,29,532.15
PO08452,2025-08-08,S03,SUP003,Received,55,1009.25
PO08453,2025-08-09,S03,SUP003,Received,30,550.5
PO08454,2025-08-10,S03,SUP003,Received,38,697.3
PO08455,2025-08-11,S03,SUP003,Received,30,550.5
PO08456,2025-08-12,S03,SUP003,Received,29,532.15
PO08457,2025-08-14,S03,SUP003,Received,48,880.8
PO08458,2025-08-16,S03,SUP003,Received,64,1174.4
PO08459,2025-08-18,S03,SUP003,Received,56,1027.6
PO08460,2025-08-20,S03,SUP003,Received,52,954.2
PO08461,2025-08-22,S03,SUP003,Received,49,899.15
PO08462,2025-08-23,S03,SUP003,Received,39,715.65
PO08463,2025-08-24,S03,SUP003,Received,34,623.9
PO08464,2025-08-25,S03,SUP003,Received,29,532.15
PO08465,2025-08-27,S03,SUP003,Received,46,844.1
PO08466,2025-08-28,S03,SUP003,Received,29,532.15
PO08467,2025-08-30,S03,SUP003,Received,50,917.5
PO08468,2025-09-01,S03,SUP003,Received,58,1064.3
PO08469,2025-09-03,S03,SUP003,Received,46,844.1
PO08470,2025-09-05,S03,SUP003,Received,53,972.55
PO08471,2025-09-06,S03,SUP003,Received,32,587.2
PO08472,2025-09-07,S03,SUP003,Received,37,678.95
PO08473,2025-09-09,S03,SUP003,Received,49,899.15
PO08474,2025-09-11,S03,SUP003,Received,54,990.9
PO08475,2025-09-12,S03,SUP003,Received,31,568.85
PO08476,2025-09-14,S03,SUP003,Received,59,1082.65
PO08477,2025-09-16,S03,SUP003,Received,58,1064.3
PO08478,2025-09-18,S03,SUP003,Received,48,880.8
PO08479,2025-09-19,S03,SUP003,Received,30,550.5
PO08480,2025-09-20,S03,SUP003,Received,38,697.3
PO08481,2025-09-21,S03,SUP003,Received,33,605.55
PO08482,2025-09-23,S03,SUP003,Received,56,1027.6
PO08483,2025-09-25,S03,SUP003,Received,46,844.1
PO08484,2025-09-27,S03,SUP003,Received,61,1119.35
PO08485,2025-09-28,S03,SUP003,Received,40,734.0
PO08486,2025-09-30,S03,SUP003,Received,59,1082.65
PO08487,2025-10-02,S03,SUP003,Received,47,862.45
PO08488,2025-10-04,S03,SUP003,Received,52,954.2
PO08489,2025-10-06,S03,SUP003,Received,42,770.7
PO08490,2025-10-08,S03,SUP003,Received,52,954.2
PO08491,2025-10-10,S03,SUP003,Received,52,954.2
PO08492,2025-10-11,S03,SUP003,Received,31,568.85
PO08493,2025-10-13,S03,SUP003,Received,39,715.65
PO08494,2025-10-14,S03,SUP003,Received,32,587.2
PO08495,2025-10-16,S03,SUP003,Received,49,899.15
PO08496,2025-10-18,S03,SUP003,Received,48,880.8
PO08497,2025-10-19,S03,SUP003,Received,38,697.3
PO08498,2025-10-20,S03,SUP003,Received,33,605.55
PO08499,2025-10-22,S03,SUP003,Received,55,1009.25
PO08500,2025-10-24,S03,SUP003,Received,50,917.5
PO08501,2025-10-25,S03,SUP003,Received,35,642.25
PO08502,2025-10-26,S03,SUP003,Received,36,660.6
PO08503,2025-10-28,S03,SUP003,Received,36,660.6
PO08504,2025-10-30,S03,SUP003,Received,49,899.15
PO08505,2025-11-01,S03,SUP003,Received,47,862.45
PO08506,2025-11-02,S03,SUP003,Received,32,587.2
PO08507,2025-11-03,S03,SUP003,Received,32,587.2
PO08508,2025-11-04,S03,SUP003,Received,32,587.2
PO08509,2025-11-05,S03,SUP003,Received,29,532.15
PO08510,2025-11-06,S03,SUP003,Received,30,550.5
PO08511,2025-11-08,S03,SUP003,Received,46,844.1
PO08512,2025-11-10,S03,SUP003,Received,52,954.2
PO08513,2025-11-12,S03,SUP003,Received,45,825.75
PO08514,2025-11-14,S03,SUP003,Received,46,844.1
PO08515,2025-11-16,S03,SUP003,Received,58,1064.3
PO08516,2025-11-18,S03,SUP003,Received,48,880.8
PO08517,2025-11-20,S03,SUP003,Received,43,789.05
PO08518,2025-11-21,S03,SUP003,Received,33,605.55
PO08519,2025-11-22,S03,SUP003,Received,32,587.2
PO08520,2025-11-23,S03,SUP003,Received,30,550.5
PO08521,2025-11-24,S03,SUP003,Received,36,660.6
PO08522,2025-11-25,S03,SUP003,Received,29,532.15
PO08523,2025-11-26,S03,SUP003,Received,32,587.2
PO08524,2025-11-28,S03,SUP003,Received,44,807.4
PO08525,2025-11-29,S03,SUP003,Received,38,697.3
PO08526,2025-11-30,S03,SUP003,Received,32,587.2
PO08527,2025-12-02,S03,SUP003,Received,54,990.9
PO08528,2025-12-04,S03,SUP003,Received,59,1082.65
PO08529,2025-12-06,S03,SUP003,Received,61,1119.35
PO08530,2025-12-07,S03,SUP003,Received,36,660.6
PO08531,2025-12-09,S03,SUP003,Received,54,990.9
PO08532,2025-12-11,S03,SUP003,Received,62,1137.7
PO08533,2025-12-13,S03,SUP003,Received,66,1211.1
PO08534,2025-12-14,S03,SUP003,Received,32,587.2
PO08535,2025-12-16,S03,SUP003,Received,58,1064.3
PO08536,2025-12-18,S03,SUP003,Received,59,1082.65
PO08537,2025-12-19,S03,SUP003,Received,31,568.85
PO08538,2025-12-20,S03,SUP003,Received,41,752.35
PO08539,2025-12-22,S03,SUP003,Received,54,990.9
PO08540,2025-12-23,S03,SUP003,Received,32,587.2
PO08541,2025-12-25,S03,SUP003,Received,56,1027.6
PO08542,2025-12-27,S03,SUP003,Received,48,880.8
PO08543,2025-12-28,S03,SUP003,Received,37,678.95
PO08544,2025-12-29,S03,SUP003,Received,33,605.55
PO08545,2025-12-30,S03,SUP003,Received,30,550.5
PO08546,2025-12-31,S03,SUP003,Received,31,568.85
PO08547,2025-01-04,S03,SUP004,Received,107,251.45
PO08548,2025-01-20,S03,SUP004,Received,113,265.55
PO08549,2025-02-05,S03,SUP008,Received,102,297.84
PO08550,2025-02-19,S03,SUP008,Received,110,321.2
PO08551,2025-03-07,S03,SUP004,Received,107,251.45
PO08552,2025-03-20,S03,SUP004,Received,105,246.75
PO08553,2025-03-30,S03,SUP004,Received,106,249.1
PO08554,2025-04-10,S03,SUP008,Received,104,303.68
PO08555,2025-04-24,S03,SUP008,Received,104,303.68
PO08556,2025-05-08,S03,SUP008,Received,109,318.28
PO08557,2025-05-21,S03,SUP004,Received,103,242.05
PO08558,2025-06-06,S03,SUP004,Received,107,251.45
PO08559,2025-06-22,S03,SUP004,Received,103,242.05
PO08560,2025-07-08,S03,SUP008,Received,102,297.84
PO08561,2025-07-24,S03,SUP008,Received,104,303.68
PO08562,2025-08-09,S03,SUP008,Received,109,318.28
PO08563,2025-08-28,S03,SUP008,Received,104,303.68
PO08564,2025-09-18,S03,SUP004,Received,106,249.1
PO08565,2025-10-05,S03,SUP008,Received,111,324.12
PO08566,2025-10-21,S03,SUP008,Received,104,303.68
PO08567,2025-11-08,S03,SUP008,Received,111,324.12
PO08568,2025-11-23,S03,SUP008,Received,106,309.52
PO08569,2025-12-11,S03,SUP004,Received,104,244.4
PO08570,2025-12-25,S03,SUP008,Received,106,309.52
PO08571,2025-01-06,S03,SUP009,Received,237,1952.88
PO08572,2025-01-16,S03,SUP009,Received,226,1862.24
PO08573,2025-01-26,S03,SUP009,Received,245,2018.8
PO08574,2025-02-05,S03,SUP009,Received,233,1919.92
PO08575,2025-02-14,S03,SUP009,Received,241,1985.84
PO08576,2025-02-23,S03,SUP009,Received,230,1895.2
PO08577,2025-03-04,S03,SUP009,Received,229,1886.96
PO08578,2025-03-13,S03,SUP009,Received,246,2027.04
PO08579,2025-03-22,S03,SUP009,Received,237,1952.88
PO08580,2025-04-01,S03,SUP009,Received,233,1919.92
PO08581,2025-04-11,S03,SUP009,Received,245,2018.8
PO08582,2025-04-19,S03,SUP009,Received,230,1895.2
PO08583,2025-04-27,S03,SUP009,Received,236,1944.64
PO08584,2025-05-05,S03,SUP009,Received,227,1870.48
PO08585,2025-05-14,S03,SUP009,Received,223,1837.52
PO08586,2025-05-23,S03,SUP009,Received,242,1994.08
PO08587,2025-06-01,S03,SUP009,Received,240,1977.6
PO08588,2025-06-11,S03,SUP009,Received,247,2035.28
PO08589,2025-06-21,S03,SUP009,Received,251,2068.24
PO08590,2025-07-01,S03,SUP009,Received,242,1994.08
PO08591,2025-07-12,S03,SUP009,Received,240,1977.6
PO08592,2025-07-23,S03,SUP009,Received,232,1911.68
PO08593,2025-08-03,S03,SUP009,Received,229,1886.96
PO08594,2025-08-16,S03,SUP009,Received,242,1994.08
PO08595,2025-08-28,S03,SUP009,Received,236,1944.64
PO08596,2025-09-08,S03,SUP009,Received,224,1845.76
PO08597,2025-09-20,S03,SUP009,Received,223,1837.52
PO08598,2025-10-02,S03,SUP009,Received,236,1944.64
PO08599,2025-10-14,S03,SUP009,Received,224,1845.76
PO08600,2025-10-26,S03,SUP009,Received,238,1961.12
PO08601,2025-11-08,S03,SUP009,Received,237,1952.88
PO08602,2025-11-21,S03,SUP009,Received,241,1985.84
PO08603,2025-12-02,S03,SUP009,Received,226,1862.24
PO08604,2025-12-13,S03,SUP009,Received,238,1961.12
PO08605,2025-12-23,S03,SUP009,Received,227,1870.48
PO08606,2025-01-05,S03,SUP007,Received,84,2044.56
PO08607,2025-01-11,S03,SUP007,Received,86,2093.24
PO08608,2025-01-18,S03,SUP007,Received,88,2141.92
PO08609,2025-01-25,S03,SUP007,Received,90,2190.6
PO08610,2025-02-02,S03,SUP007,Received,86,2093.24
PO08611,2025-02-10,S03,SUP007,Received,87,2117.58
PO08612,2025-02-16,S03,SUP007,Received,82,1995.88
PO08613,2025-02-24,S03,SUP007,Received,83,2020.22
PO08614,2025-03-02,S03,SUP007,Received,89,2166.26
PO08615,2025-03-08,S03,SUP007,Received,86,2093.24
PO08616,2025-03-14,S03,SUP007,Received,84,2044.56
PO08617,2025-03-19,S03,SUP007,Received,90,2190.6
PO08618,2025-03-25,S03,SUP007,Received,81,1971.54
PO08619,2025-04-01,S03,SUP007,Received,85,2068.9
PO08620,2025-04-08,S03,SUP007,Received,86,2093.24
PO08621,2025-04-16,S03,SUP007,Received,93,2263.62
PO08622,2025-04-22,S03,SUP007,Received,81,1971.54
PO08623,2025-04-28,S03,SUP007,Received,85,2068.9
PO08624,2025-05-05,S03,SUP007,Received,88,2141.92
PO08625,2025-05-12,S03,SUP007,Received,85,2068.9
PO08626,2025-05-18,S03,SUP007,Received,85,2068.9
PO08627,2025-05-26,S03,SUP007,Received,84,2044.56
PO08628,2025-06-02,S03,SUP007,Received,86,2093.24
PO08629,2025-06-11,S03,SUP007,Received,89,2166.26
PO08630,2025-06-17,S03,SUP007,Received,86,2093.24
PO08631,2025-06-22,S03,SUP007,Received,82,1995.88
PO08632,2025-07-01,S03,SUP007,Received,81,1971.54
PO08633,2025-07-07,S03,SUP007,Received,82,1995.88
PO08634,2025-07-14,S03,SUP007,Received,84,2044.56
PO08635,2025-07-21,S03,SUP007,Received,81,1971.54
PO08636,2025-07-30,S03,SUP007,Received,91,2214.94
PO08637,2025-08-06,S03,SUP007,Received,83,2020.22
PO08638,2025-08-13,S03,SUP007,Received,83,2020.22
PO08639,2025-08-19,S03,SUP007,Received,83,2020.22
PO08640,2025-08-26,S03,SUP007,Received,84,2044.56
PO08641,2025-09-04,S03,SUP007,Received,81,1971.54
PO08642,2025-09-13,S03,SUP007,Received,82,1995.88
PO08643,2025-09-20,S03,SUP007,Received,91,2214.94
PO08644,2025-09-30,S03,SUP007,Received,88,2141.92
PO08645,2025-10-09,S03,SUP007,Received,93,2263.62
PO08646,2025-10-19,S03,SUP007,Received,87,2117.58
PO08647,2025-10-28,S03,SUP007,Received,89,2166.26
PO08648,2025-11-05,S03,SUP007,Received,83,2020.22
PO08649,2025-11-12,S03,SUP007,Received,81,1971.54
PO08650,2025-11-21,S03,SUP007,Received,89,2166.26
PO08651,2025-12-01,S03,SUP007,Received,92,2239.28
PO08652,2025-12-10,S03,SUP007,Received,92,2239.28
PO08653,2025-12-17,S03,SUP007,Received,82,1995.88
PO08654,2025-12-25,S03,SUP007,Received,85,2068.9
PO08655,2025-01-07,S03,SUP003,Received,284,4078.24
PO08656,2025-01-18,S03,SUP008,Received,281,5353.05
PO08657,2025-01-28,S03,SUP008,Received,289,5505.45
PO08658,2025-02-07,S03,SUP003,Received,287,4121.32
PO08659,2025-02-16,S03,SUP008,Received,311,5924.55
PO08660,2025-02-25,S03,SUP003,Received,296,4250.56
PO08661,2025-03-06,S03,SUP003,Received,284,4078.24
PO08662,2025-03-16,S03,SUP003,Received,299,4293.64
PO08663,2025-03-25,S03,SUP003,Received,302,4336.72
PO08664,2025-04-03,S03,SUP008,Received,284,5410.2
PO08665,2025-04-13,S03,SUP008,Received,308,5867.4
PO08666,2025-04-23,S03,SUP008,Received,311,5924.55
PO08667,2025-05-02,S03,SUP008,Received,284,5410.2
PO08668,2025-05-12,S03,SUP003,Received,286,4106.96
PO08669,2025-05-22,S03,SUP008,Received,284,5410.2
PO08670,2025-05-31,S03,SUP008,Received,282,5372.1
PO08671,2025-06-10,S03,SUP008,Received,282,5372.1
PO08672,2025-06-21,S03,SUP003,Received,311,4465.96
PO08673,2025-07-01,S03,SUP003,Received,282,4049.52
PO08674,2025-07-13,S03,SUP003,Received,309,4437.24
PO08675,2025-07-24,S03,SUP003,Received,301,4322.36
PO08676,2025-08-04,S03,SUP008,Received,284,5410.2
PO08677,2025-08-17,S03,SUP008,Received,305,5810.25
PO08678,2025-08-30,S03,SUP003,Received,318,4566.48
PO08679,2025-09-12,S03,SUP003,Received,290,4164.4
PO08680,2025-09-26,S03,SUP008,Received,301,5734.05
PO08681,2025-10-08,S03,SUP008,Received,295,5619.75
PO08682,2025-10-20,S03,SUP003,Received,289,4150.04
PO08683,2025-11-01,S03,SUP008,Received,290,5524.5
PO08684,2025-11-13,S03,SUP003,Received,285,4092.6
PO08685,2025-11-26,S03,SUP003,Received,294,4221.84
PO08686,2025-12-08,S03,SUP003,Received,292,4193.12
PO08687,2025-12-20,S03,SUP003,Received,301,4322.36
PO08688,2025-12-30,S03,SUP008,Received,304,5791.2
PO08689,2025-01-10,S03,SUP008,Received,473,3296.81
PO08690,2025-01-25,S03,SUP005,Received,480,4310.4
PO08691,2025-02-08,S03,SUP005,Received,449,4032.02
PO08692,2025-02-22,S03,SUP005,Received,480,4310.4
PO08693,2025-03-08,S03,SUP008,Received,457,3185.29
PO08694,2025-03-22,S03,SUP008,Received,482,3359.54
PO08695,2025-04-05,S03,SUP005,Received,476,4274.48
PO08696,2025-04-18,S03,SUP008,Received,463,3227.11
PO08697,2025-05-01,S03,SUP005,Received,476,4274.48
PO08698,2025-05-15,S03,SUP008,Received,465,3241.05
PO08699,2025-05-29,S03,SUP008,Received,456,3178.32
PO08700,2025-06-14,S03,SUP008,Received,468,3261.96
PO08701,2025-06-28,S03,SUP005,Received,460,4130.8
PO08702,2025-07-13,S03,SUP008,Received,467,3254.99
PO08703,2025-07-28,S03,SUP005,Received,455,4085.9
PO08704,2025-08-15,S03,SUP005,Received,466,4184.68
PO08705,2025-09-02,S03,SUP005,Received,471,4229.58
PO08706,2025-09-21,S03,SUP008,Received,475,3310.75
PO08707,2025-10-11,S03,SUP005,Received,476,4274.48
PO08708,2025-10-29,S03,SUP005,Received,451,4049.98
PO08709,2025-11-15,S03,SUP008,Received,457,3185.29
PO08710,2025-12-02,S03,SUP008,Received,452,3150.44
PO08711,2025-12-19,S03,SUP008,Received,459,3199.23
PO08712,2025-01-14,S03,SUP006,Received,152,861.84
PO08713,2025-02-11,S03,SUP006,Received,154,873.18
PO08714,2025-03-10,S03,SUP006,Received,158,895.86
PO08715,2025-04-04,S03,SUP006,Received,155,878.85
PO08716,2025-04-28,S03,SUP006,Received,153,867.51
PO08717,2025-05-25,S03,SUP006,Received,152,861.84
PO08718,2025-06-20,S03,SUP006,Received,156,884.52
PO08719,2025-07-20,S03,SUP006,Received,154,873.18
PO08720,2025-08-18,S03,SUP006,Received,152,861.84
PO08721,2025-09-19,S03,SUP006,Received,152,861.84
PO08722,2025-10-23,S03,SUP006,Received,156,884.52
PO08723,2025-11-26,S03,SUP006,Received,158,895.86
PO08724,2025-12-26,S03,SUP006,Received,153,867.51
PO08725,2025-01-05,S03,SUP006,Received,422,6591.64
PO08726,2025-01-18,S03,SUP006,Received,392,6123.04
PO08727,2025-01-30,S03,SUP006,Received,402,6279.24
PO08728,2025-02-11,S03,SUP006,Received,426,6654.12
PO08729,2025-02-23,S03,SUP006,Received,429,6700.98
PO08730,2025-03-06,S03,SUP006,Received,394,6154.28
PO08731,2025-03-17,S03,SUP006,Received,409,6388.58
PO08732,2025-03-27,S03,SUP006,Received,395,6169.9
PO08733,2025-04-07,S03,SUP006,Received,396,6185.52
PO08734,2025-04-18,S03,SUP006,Received,410,6404.2
PO08735,2025-04-28,S03,SUP006,Received,419,6544.78
PO08736,2025-05-09,S03,SUP006,Received,427,6669.74
PO08737,2025-05-20,S03,SUP006,Received,400,6248.0
PO08738,2025-06-01,S03,SUP006,Received,421,6576.02
PO08739,2025-06-12,S03,SUP006,Received,392,6123.04
PO08740,2025-06-22,S03,SUP006,Received,393,6138.66
PO08741,2025-07-04,S03,SUP006,Received,389,6076.18
PO08742,2025-07-16,S03,SUP006,Received,393,6138.66
PO08743,2025-07-29,S03,SUP006,Received,401,6263.62
PO08744,2025-08-10,S03,SUP006,Received,389,6076.18
PO08745,2025-08-23,S03,SUP006,Received,389,6076.18
PO08746,2025-09-06,S03,SUP006,Received,406,6341.72
PO08747,2025-09-21,S03,SUP006,Received,410,6404.2
PO08748,2025-10-05,S03,SUP006,Received,418,6529.16
PO08749,2025-10-19,S03,SUP006,Received,401,6263.62
PO08750,2025-11-01,S03,SUP006,Received,406,6341.72
PO08751,2025-11-15,S03,SUP006,Received,390,6091.8
PO08752,2025-11-30,S03,SUP006,Received,399,6232.38
PO08753,2025-12-13,S03,SUP006,Received,410,6404.2
PO08754,2025-12-26,S03,SUP006,Received,407,6357.34
PO08755,2025-01-04,S04,SUP002,Received,225,999.0
PO08756,2025-01-13,S04,SUP006,Received,236,974.68
PO08757,2025-01-22,S04,SUP006,Received,233,962.29
PO08758,2025-01-31,S04,SUP006,Received,238,982.94
PO08759,2025-02-10,S04,SUP002,Received,245,1087.8
PO08760,2025-02-19,S04,SUP002,Received,227,1007.88
PO08761,2025-02-28,S04,SUP006,Received,241,995.33
PO08762,2025-03-09,S04,SUP006,Received,250,1032.5
PO08763,2025-03-16,S04,SUP006,Received,229,945.77
PO08764,2025-03-24,S04,SUP002,Received,248,1101.12
PO08765,2025-04-02,S04,SUP002,Received,236,1047.84
PO08766,2025-04-10,S04,SUP006,Received,237,978.81
PO08767,2025-04-18,S04,SUP006,Received,231,954.03
PO08768,2025-04-26,S04,SUP002,Received,236,1047.84
PO08769,2025-05-04,S04,SUP006,Received,224,925.12
PO08770,2025-05-12,S04,SUP006,Received,236,974.68
PO08771,2025-05-21,S04,SUP006,Received,226,933.38
PO08772,2025-05-30,S04,SUP006,Received,240,991.2
PO08773,2025-06-07,S04,SUP002,Received,232,1030.08
PO08774,2025-06-16,S04,SUP002,Received,238,1056.72
PO08775,2025-06-25,S04,SUP002,Received,246,1092.24
PO08776,2025-07-05,S04,SUP006,Received,245,1011.85
PO08777,2025-07-14,S04,SUP006,Received,235,970.55
PO08778,2025-07-24,S04,SUP002,Received,229,1016.76
PO08779,2025-08-03,S04,SUP002,Received,239,1061.16
PO08780,2025-08-13,S04,SUP002,Received,249,1105.56
PO08781,2025-08-24,S04,SUP002,Received,236,1047.84
PO08782,2025-09-05,S04,SUP002,Received,239,1061.16
PO08783,2025-09-17,S04,SUP006,Received,250,1032.5
PO08784,2025-09-27,S04,SUP006,Received,236,974.68
PO08785,2025-10-08,S04,SUP006,Received,244,1007.72
PO08786,2025-10-19,S04,SUP002,Received,225,999.0
PO08787,2025-10-31,S04,SUP006,Received,235,970.55
PO08788,2025-11-10,S04,SUP002,Received,229,1016.76
PO08789,2025-11-22,S04,SUP006,Received,235,970.55
PO08790,2025-12-02,S04,SUP006,Received,236,974.68
PO08791,2025-12-12,S04,SUP002,Received,224,994.56
PO08792,2025-12-21,S04,SUP002,Received,236,1047.84
PO08793,2025-01-12,S04,SUP007,Received,271,3108.37
PO08794,2025-02-13,S04,SUP007,Received,262,3005.14
PO08795,2025-03-12,S04,SUP005,Received,269,3456.65
PO08796,2025-04-07,S04,SUP008,Received,261,2975.4
PO08797,2025-05-08,S04,SUP008,Received,262,2986.8
PO08798,2025-06-06,S04,SUP007,Received,262,3005.14
PO08799,2025-07-07,S04,SUP007,Received,266,3051.02
PO08800,2025-08-12,S04,SUP005,Received,261,3353.85
PO08801,2025-09-19,S04,SUP008,Received,263,2998.2
PO08802,2025-10-29,S04,SUP007,Received,263,3016.61
PO08803,2025-12-08,S04,SUP005,Received,264,3392.4
PO08804,2025-01-17,S04,SUP007,Received,236,1784.16
PO08805,2025-02-08,S04,SUP007,Received,234,1769.04
PO08806,2025-03-03,S04,SUP009,Received,242,1974.72
PO08807,2025-03-23,S04,SUP007,Received,244,1844.64
PO08808,2025-04-13,S04,SUP007,Received,240,1814.4
PO08809,2025-05-02,S04,SUP009,Received,241,1966.56
PO08810,2025-05-26,S04,SUP007,Received,234,1769.04
PO08811,2025-06-15,S04,SUP007,Received,241,1821.96
PO08812,2025-07-09,S04,SUP007,Received,241,1821.96
PO08813,2025-08-01,S04,SUP009,Received,240,1958.4
PO08814,2025-08-27,S04,SUP009,Received,237,1933.92
PO08815,2025-09-21,S04,SUP007,Received,235,1776.6
PO08816,2025-10-22,S04,SUP007,Received,239,1806.84
PO08817,2025-11-16,S04,SUP009,Received,236,1925.76
PO08818,2025-12-13,S04,SUP007,Received,239,1806.84
PO08819,2025-01-12,S04,SUP006,Received,168,3129.84
PO08820,2025-01-30,S04,SUP006,Received,162,3018.06
PO08821,2025-02-17,S04,SUP006,Received,166,3092.58
PO08822,2025-03-06,S04,SUP006,Received,163,3036.69
PO08823,2025-03-22,S04,SUP006,Received,173,3222.99
PO08824,2025-04-07,S04,SUP006,Received,164,3055.32
PO08825,2025-04-22,S04,SUP006,Received,168,3129.84
PO08826,2025-05-08,S04,SUP006,Received,169,3148.47
PO08827,2025-05-25,S04,SUP006,Received,163,3036.69
PO08828,2025-06-11,S04,SUP006,Received,168,3129.84
PO08829,2025-06-29,S04,SUP006,Received,166,3092.58
PO08830,2025-07-18,S04,SUP006,Received,165,3073.95
PO08831,2025-08-07,S04,SUP006,Received,160,2980.8
PO08832,2025-08-28,S04,SUP006,Received,162,3018.06
PO08833,2025-09-18,S04,SUP006,Received,167,3111.21
PO08834,2025-10-10,S04,SUP006,Received,168,3129.84
PO08835,2025-10-30,S04,SUP006,Received,163,3036.69
PO08836,2025-11-19,S04,SUP006,Received,164,3055.32
PO08837,2025-12-05,S04,SUP006,Received,167,3111.21
PO08838,2025-12-23,S04,SUP006,Received,162,3018.06
PO08839,2025-01-26,S04,SUP002,Received,474,701.52
PO08840,2025-04-04,S04,SUP002,Received,478,707.44
PO08841,2025-06-13,S04,SUP004,Received,476,875.84
PO08842,2025-09-15,S04,SUP004,Received,475,874.0
PO08843,2025-12-18,S04,SUP002,Received,476,704.48
PO08844,2025-01-16,S04,SUP003,Received,145,3085.6
PO08845,2025-02-07,S04,SUP003,Received,140,2979.2
PO08846,2025-03-01,S04,SUP003,Received,140,2979.2
PO08847,2025-03-22,S04,SUP004,Received,144,3274.56
PO08848,2025-04-16,S04,SUP003,Received,144,3064.32
PO08849,2025-05-04,S04,SUP004,Received,143,3251.82
PO08850,2025-05-24,S04,SUP004,Received,149,3388.26
PO08851,2025-06-12,S04,SUP004,Received,144,3274.56
PO08852,2025-07-04,S04,SUP003,Received,143,3043.04
PO08853,2025-07-24,S04,SUP004,Received,141,3206.34
PO08854,2025-08-15,S04,SUP004,Received,142,3229.08
PO08855,2025-09-09,S04,SUP003,Received,139,2957.92
PO08856,2025-10-04,S04,SUP004,Received,144,3274.56
PO08857,2025-10-28,S04,SUP003,Received,143,3043.04
PO08858,2025-11-19,S04,SUP003,Received,139,2957.92
PO08859,2025-12-11,S04,SUP003,Received,143,3043.04
PO08860,2025-01-05,S04,SUP006,Received,180,2304.0
PO08861,2025-01-14,S04,SUP006,Received,184,2355.2
PO08862,2025-01-23,S04,SUP006,Received,175,2240.0
PO08863,2025-02-01,S04,SUP006,Received,184,2355.2
PO08864,2025-02-10,S04,SUP006,Received,183,2342.4
PO08865,2025-02-17,S04,SUP006,Received,169,2163.2
PO08866,2025-02-26,S04,SUP006,Received,188,2406.4
PO08867,2025-03-06,S04,SUP006,Received,174,2227.2
PO08868,2025-03-14,S04,SUP006,Received,173,2214.4
PO08869,2025-03-23,S04,SUP006,Received,183,2342.4
PO08870,2025-04-02,S04,SUP006,Received,196,2508.8
PO08871,2025-04-11,S04,SUP006,Received,177,2265.6
PO08872,2025-04-19,S04,SUP006,Received,172,2201.6
PO08873,2025-04-26,S04,SUP006,Received,170,2176.0
PO08874,2025-05-05,S04,SUP006,Received,182,2329.6
PO08875,2025-05-14,S04,SUP006,Received,179,2291.2
PO08876,2025-05-24,S04,SUP006,Received,183,2342.4
PO08877,2025-06-03,S04,SUP006,Received,179,2291.2
PO08878,2025-06-12,S04,SUP006,Received,169,2163.2
PO08879,2025-06-22,S04,SUP006,Received,184,2355.2
PO08880,2025-07-01,S04,SUP006,Received,177,2265.6
PO08881,2025-07-11,S04,SUP006,Received,170,2176.0
PO08882,2025-07-21,S04,SUP006,Received,171,2188.8
PO08883,2025-08-01,S04,SUP006,Received,177,2265.6
PO08884,2025-08-11,S04,SUP006,Received,178,2278.4
PO08885,2025-08-23,S04,SUP006,Received,173,2214.4
PO08886,2025-09-03,S04,SUP006,Received,178,2278.4
PO08887,2025-09-14,S04,SUP006,Received,171,2188.8
PO08888,2025-09-26,S04,SUP006,Received,176,2252.8
PO08889,2025-10-08,S04,SUP006,Received,180,2304.0
PO08890,2025-10-17,S04,SUP006,Received,174,2227.2
PO08891,2025-10-28,S04,SUP006,Received,174,2227.2
PO08892,2025-11-07,S04,SUP006,Received,175,2240.0
PO08893,2025-11-16,S04,SUP006,Received,172,2201.6
PO08894,2025-11-27,S04,SUP006,Received,172,2201.6
PO08895,2025-12-07,S04,SUP006,Received,185,2368.0
PO08896,2025-12-16,S04,SUP006,Received,177,2265.6
PO08897,2025-12-27,S04,SUP006,Received,186,2380.8
PO08898,2025-01-10,S04,SUP003,Received,385,2752.75
PO08899,2025-01-26,S04,SUP003,Received,368,2631.2
PO08900,2025-02-10,S04,SUP003,Received,380,2717.0
PO08901,2025-02-26,S04,SUP003,Received,382,2731.3
PO08902,2025-03-15,S04,SUP003,Received,385,2752.75
PO08903,2025-03-30,S04,SUP003,Received,385,2752.75
PO08904,2025-04-15,S04,SUP003,Received,385,2752.75
PO08905,2025-04-30,S04,SUP003,Received,374,2674.1
PO08906,2025-05-17,S04,SUP003,Received,377,2695.55
PO08907,2025-06-02,S04,SUP003,Received,372,2659.8
PO08908,2025-06-19,S04,SUP003,Received,371,2652.65
PO08909,2025-07-05,S04,SUP003,Received,371,2652.65
PO08910,2025-07-22,S04,SUP003,Received,377,2695.55
PO08911,2025-08-08,S04,SUP003,Received,378,2702.7
PO08912,2025-08-26,S04,SUP003,Received,378,2702.7
PO08913,2025-09-14,S04,SUP003,Received,372,2659.8
PO08914,2025-10-05,S04,SUP003,Received,372,2659.8
PO08915,2025-10-26,S04,SUP003,Received,385,2752.75
PO08916,2025-11-15,S04,SUP003,Received,384,2745.6
PO08917,2025-12-04,S04,SUP003,Received,374,2674.1
PO08918,2025-12-23,S04,SUP003,Received,379,2709.85
PO08919,2025-01-03,S04,SUP003,Received,228,763.8
PO08920,2025-01-15,S04,SUP003,Received,238,797.3
PO08921,2025-01-27,S04,SUP003,Received,242,810.7
PO08922,2025-02-08,S04,SUP003,Received,230,770.5
PO08923,2025-02-20,S04,SUP003,Received,246,824.1
PO08924,2025-03-03,S04,SUP003,Received,231,773.85
PO08925,2025-03-14,S04,SUP003,Received,233,780.55
PO08926,2025-03-25,S04,SUP003,Received,246,824.1
PO08927,2025-04-05,S04,SUP003,Received,244,817.4
PO08928,2025-04-17,S04,SUP003,Received,240,804.0
PO08929,2025-04-27,S04,SUP003,Received,244,817.4
PO08930,2025-05-09,S04,SUP003,Received,235,787.25
PO08931,2025-05-21,S04,SUP003,Received,236,790.6
PO08932,2025-06-01,S04,SUP003,Received,228,763.8
PO08933,2025-06-13,S04,SUP003,Received,245,820.75
PO08934,2025-06-27,S04,SUP003,Received,244,817.4
PO08935,2025-07-09,S04,SUP003,Received,240,804.0
PO08936,2025-07-22,S04,SUP003,Received,238,797.3
PO08937,2025-08-05,S04,SUP003,Received,232,777.2
PO08938,2025-08-20,S04,SUP003,Received,228,763.8
PO08939,2025-09-05,S04,SUP003,Received,228,763.8
PO08940,2025-09-20,S04,SUP003,Received,241,807.35
PO08941,2025-10-04,S04,SUP003,Received,236,790.6
PO08942,2025-10-18,S04,SUP003,Received,231,773.85
PO08943,2025-11-01,S04,SUP003,Received,228,763.8
PO08944,2025-11-15,S04,SUP003,Received,236,790.6
PO08945,2025-11-29,S04,SUP003,Received,246,824.1
PO08946,2025-12-11,S04,SUP003,Received,242,810.7
PO08947,2025-12-24,S04,SUP003,Received,231,773.85
PO08948,2025-01-05,S04,SUP003,Received,88,1029.6
PO08949,2025-01-27,S04,SUP003,Received,90,1053.0
PO08950,2025-02-16,S04,SUP003,Received,89,1041.3
PO08951,2025-03-07,S04,SUP003,Received,87,1017.9
PO08952,2025-03-24,S04,SUP003,Received,89,1041.3
PO08953,2025-04-12,S04,SUP003,Received,89,1041.3
PO08954,2025-05-05,S04,SUP003,Received,89,1041.3
PO08955,2025-05-24,S04,SUP003,Received,91,1064.7
PO08956,2025-06-13,S04,SUP003,Received,89,1041.3
PO08957,2025-07-06,S04,SUP003,Received,88,1029.6
PO08958,2025-07-27,S04,SUP003,Received,86,1006.2
PO08959,2025-08-17,S04,SUP003,Received,87,1017.9
PO08960,2025-09-12,S04,SUP003,Received,87,1017.9
PO08961,2025-10-08,S04,SUP003,Received,90,1053.0
PO08962,2025-11-04,S04,SUP003,Received,91,1064.7
PO08963,2025-12-01,S04,SUP003,Received,86,1006.2
PO08964,2025-12-25,S04,SUP003,Received,87,1017.9
PO08965,2025-01-12,S04,SUP009,Received,395,6695.25
PO08966,2025-01-29,S04,SUP002,Received,386,6314.96
PO08967,2025-02-14,S04,SUP008,Received,376,5203.84
PO08968,2025-03-01,S04,SUP008,Received,372,5148.48
PO08969,2025-03-17,S04,SUP008,Received,382,5286.88
PO08970,2025-04-02,S04,SUP008,Received,393,5439.12
PO08971,2025-04-19,S04,SUP008,Received,394,5452.96
PO08972,2025-05-04,S04,SUP002,Received,396,6478.56
PO08973,2025-05-19,S04,SUP009,Received,373,6322.35
PO08974,2025-06-04,S04,SUP002,Received,389,6364.04
PO08975,2025-06-22,S04,SUP009,Received,387,6559.65
PO08976,2025-07-10,S04,SUP008,Received,387,5356.08
PO08977,2025-07-29,S04,SUP002,Received,375,6135.0
PO08978,2025-08-15,S04,SUP009,Received,380,6441.0
PO08979,2025-09-03,S04,SUP009,Received,385,6525.75
PO08980,2025-09-25,S04,SUP008,Received,382,5286.88
PO08981,2025-10-15,S04,SUP009,Received,383,6491.85
PO08982,2025-11-05,S04,SUP002,Received,378,6184.08
PO08983,2025-11-23,S04,SUP009,Received,381,6457.95
PO08984,2025-12-11,S04,SUP009,Received,380,6441.0
PO08985,2025-12-30,S04,SUP008,Received,382,5286.88
PO08986,2025-01-17,S04,SUP001,Received,407,3597.88
PO08987,2025-02-21,S04,SUP001,Received,405,3580.2
PO08988,2025-03-23,S04,SUP001,Received,407,3597.88
PO08989,2025-04-29,S04,SUP001,Received,403,3562.52
PO08990,2025-06-05,S04,SUP001,Received,408,3606.72
PO08991,2025-07-12,S04,SUP001,Received,413,3650.92
PO08992,2025-08-22,S04,SUP001,Received,411,3633.24
PO08993,2025-10-04,S04,SUP001,Received,408,3606.72
PO08994,2025-11-22,S04,SUP001,Received,415,3668.6
PO08995,2025-03-03,S04,SUP008,Received,414,5696.64
PO08996,2025-05-11,S04,SUP008,Received,413,5682.88
PO08997,2025-07-23,S04,SUP008,Received,409,5627.84
PO08998,2025-10-22,S04,SUP008,Received,410,5641.6
PO08999,2025-01-10,S04,SUP010,Received,170,479.4
PO09000,2025-01-28,S04,SUP003,Received,173,576.09
PO09001,2025-02-14,S04,SUP010,Received,167,470.94
PO09002,2025-03-04,S04,SUP003,Received,171,569.43
PO09003,2025-03-23,S04,SUP003,Received,166,552.78
PO09004,2025-04-07,S04,SUP003,Received,166,552.78
PO09005,2025-04-25,S04,SUP010,Received,166,468.12
PO09006,2025-05-12,S04,SUP003,Received,173,576.09
PO09007,2025-05-31,S04,SUP003,Received,170,566.1
PO09008,2025-06-19,S04,SUP010,Received,170,479.4
PO09009,2025-07-07,S04,SUP003,Received,169,562.77
PO09010,2025-07-29,S04,SUP010,Received,167,470.94
PO09011,2025-08-18,S04,SUP003,Received,170,566.1
PO09012,2025-09-09,S04,SUP003,Received,165,549.45
PO09013,2025-10-01,S04,SUP010,Received,170,479.4
PO09014,2025-10-23,S04,SUP010,Received,171,482.22
PO09015,2025-11-13,S04,SUP010,Received,165,465.3
PO09016,2025-12-05,S04,SUP010,Received,173,487.86
PO09017,2025-12-24,S04,SUP003,Received,165,549.45
PO09018,2025-01-14,S04,SUP010,Received,300,6450.0
PO09019,2025-02-09,S04,SUP002,Received,299,6368.7
PO09020,2025-03-03,S04,SUP010,Received,307,6600.5
PO09021,2025-03-26,S04,SUP002,Received,299,6368.7
PO09022,2025-04-19,S04,SUP002,Received,312,6645.6
PO09023,2025-05-13,S04,SUP010,Received,315,6772.5
PO09024,2025-06-10,S04,SUP002,Received,310,6603.0
PO09025,2025-07-07,S04,SUP002,Received,299,6368.7
PO09026,2025-08-03,S04,SUP010,Received,308,6622.0
PO09027,2025-09-02,S04,SUP002,Received,301,6411.3
PO09028,2025-10-03,S04,SUP010,Received,306,6579.0
PO09029,2025-11-05,S04,SUP002,Received,303,6453.9
PO09030,2025-12-03,S04,SUP010,Received,307,6600.5
PO09031,2025-01-11,S04,SUP007,Received,294,1505.28
PO09032,2025-02-01,S04,SUP002,Received,293,1423.98
PO09033,2025-02-19,S04,SUP002,Received,285,1385.1
PO09034,2025-03-09,S04,SUP002,Received,284,1380.24
PO09035,2025-03-29,S04,SUP007,Received,285,1459.2
PO09036,2025-04-15,S04,SUP002,Received,292,1419.12
PO09037,2025-05-04,S04,SUP002,Received,290,1409.4
PO09038,2025-05-20,S04,SUP002,Received,294,1428.84
PO09039,2025-06-08,S04,SUP007,Received,285,1459.2
PO09040,2025-06-27,S04,SUP007,Received,296,1515.52
PO09041,2025-07-16,S04,SUP002,Received,292,1419.12
PO09042,2025-08-05,S04,SUP007,Received,298,1525.76
PO09043,2025-08-27,S04,SUP002,Received,283,1375.38
PO09044,2025-09-20,S04,SUP002,Received,285,1385.1
PO09045,2025-10-10,S04,SUP007,Received,284,1454.08
PO09046,2025-11-01,S04,SUP002,Received,290,1409.4
PO09047,2025-11-24,S04,SUP002,Received,289,1404.54
PO09048,2025-12-16,S04,SUP002,Received,289,1404.54
PO09049,2025-01-03,S04,SUP002,Received,86,739.6
PO09050,2025-01-08,S04,SUP002,Received,86,739.6
PO09051,2025-01-13,S04,SUP002,Received,86,739.6
PO09052,2025-01-17,S04,SUP002,Received,86,739.6
PO09053,2025-01-21,S04,SUP002,Received,84,722.4
PO09054,2025-01-26,S04,SUP002,Received,86,739.6
PO09055,2025-01-31,S04,SUP002,Received,82,705.2
PO09056,2025-02-05,S04,SUP002,Received,86,739.6
PO09057,2025-02-09,S04,SUP002,Received,86,739.6
PO09058,2025-02-14,S04,SUP002,Received,86,739.6
PO09059,2025-02-18,S04,SUP002,Received,83,713.8
PO09060,2025-02-23,S04,SUP002,Received,86,739.6
PO09061,2025-02-28,S04,SUP002,Received,86,739.6
PO09062,2025-03-04,S04,SUP002,Received,86,739.6
PO09063,2025-03-09,S04,SUP002,Received,86,739.6
PO09064,2025-03-14,S04,SUP002,Received,83,713.8
PO09065,2025-03-19,S04,SUP002,Received,86,739.6
PO09066,2025-03-23,S04,SUP002,Received,86,739.6
PO09067,2025-03-28,S04,SUP002,Received,86,739.6
PO09068,2025-04-01,S04,SUP002,Received,86,739.6
PO09069,2025-04-05,S04,SUP002,Received,81,696.6
PO09070,2025-04-09,S04,SUP002,Received,86,739.6
PO09071,2025-04-13,S04,SUP002,Received,86,739.6
PO09072,2025-04-18,S04,SUP002,Received,86,739.6
PO09073,2025-04-22,S04,SUP002,Received,86,739.6
PO09074,2025-04-26,S04,SUP002,Received,86,739.6
PO09075,2025-04-30,S04,SUP002,Received,81,696.6
PO09076,2025-05-04,S04,SUP002,Received,86,739.6
PO09077,2025-05-08,S04,SUP002,Received,86,739.6
PO09078,2025-05-12,S04,SUP002,Received,86,739.6
PO09079,2025-05-17,S04,SUP002,Received,86,739.6
PO09080,2025-05-21,S04,SUP002,Received,86,739.6
PO09081,2025-05-25,S04,SUP002,Received,86,739.6
PO09082,2025-05-30,S04,SUP002,Received,86,739.6
PO09083,2025-06-03,S04,SUP002,Received,86,739.6
PO09084,2025-06-07,S04,SUP002,Received,86,739.6
PO09085,2025-06-12,S04,SUP002,Received,86,739.6
PO09086,2025-06-16,S04,SUP002,Received,81,696.6
PO09087,2025-06-20,S04,SUP002,Received,86,739.6
PO09088,2025-06-25,S04,SUP002,Received,83,713.8
PO09089,2025-06-29,S04,SUP002,Received,86,739.6
PO09090,2025-07-04,S04,SUP002,Received,86,739.6
PO09091,2025-07-09,S04,SUP002,Received,86,739.6
PO09092,2025-07-14,S04,SUP002,Received,86,739.6
PO09093,2025-07-19,S04,SUP002,Received,84,722.4
PO09094,2025-07-24,S04,SUP002,Received,86,739.6
PO09095,2025-07-29,S04,SUP002,Received,84,722.4
PO09096,2025-08-03,S04,SUP002,Received,86,739.6
PO09097,2025-08-09,S04,SUP002,Received,86,739.6
PO09098,2025-08-14,S04,SUP002,Received,86,739.6
PO09099,2025-08-19,S04,SUP002,Received,86,739.6
PO09100,2025-08-25,S04,SUP002,Received,86,739.6
PO09101,2025-08-30,S04,SUP002,Received,86,739.6
PO09102,2025-09-04,S04,SUP002,Received,83,713.8
PO09103,2025-09-09,S04,SUP002,Received,86,739.6
PO09104,2025-09-14,S04,SUP002,Received,82,705.2
PO09105,2025-09-20,S04,SUP002,Received,86,739.6
PO09106,2025-09-26,S04,SUP002,Received,83,713.8
PO09107,2025-10-02,S04,SUP002,Received,86,739.6
PO09108,2025-10-08,S04,SUP002,Received,81,696.6
PO09109,2025-10-13,S04,SUP002,Received,86,739.6
PO09110,2025-10-19,S04,SUP002,Received,86,739.6
PO09111,2025-10-24,S04,SUP002,Received,86,739.6
PO09112,2025-10-29,S04,SUP002,Received,86,739.6
PO09113,2025-11-03,S04,SUP002,Received,86,739.6
PO09114,2025-11-09,S04,SUP002,Received,86,739.6
PO09115,2025-11-15,S04,SUP002,Received,81,696.6
PO09116,2025-11-20,S04,SUP002,Received,86,739.6
PO09117,2025-11-26,S04,SUP002,Received,86,739.6
PO09118,2025-12-01,S04,SUP002,Received,86,739.6
PO09119,2025-12-07,S04,SUP002,Received,86,739.6
PO09120,2025-12-11,S04,SUP002,Received,84,722.4
PO09121,2025-12-16,S04,SUP002,Received,86,739.6
PO09122,2025-12-22,S04,SUP002,Received,86,739.6
PO09123,2025-12-27,S04,SUP002,Received,85,731.0
PO09124,2025-01-16,S04,SUP006,Received,310,716.1
PO09125,2025-02-18,S04,SUP009,Received,315,800.1
PO09126,2025-03-22,S04,SUP001,Received,315,740.25
PO09127,2025-04-19,S04,SUP006,Received,311,718.41
PO09128,2025-05-20,S04,SUP009,Received,311,789.94
PO09129,2025-06-23,S04,SUP006,Received,310,716.1
PO09130,2025-07-25,S04,SUP001,Received,308,723.8
PO09131,2025-09-05,S04,SUP009,Received,315,800.1
PO09132,2025-10-17,S04,SUP009,Received,309,784.86
PO09133,2025-11-25,S04,SUP009,Received,311,789.94
PO09134,2025-12-31,S04,SUP001,Received,318,747.3
PO09135,2025-01-05,S04,SUP003,Received,251,5328.73
PO09136,2025-01-15,S04,SUP003,Received,260,5519.8
PO09137,2025-01-25,S04,SUP003,Received,266,5647.18
PO09138,2025-02-03,S04,SUP003,Received,244,5180.12
PO09139,2025-02-12,S04,SUP003,Received,257,5456.11
PO09140,2025-02-21,S04,SUP003,Received,255,5413.65
PO09141,2025-03-02,S04,SUP003,Received,266,5647.18
PO09142,2025-03-11,S04,SUP003,Received,257,5456.11
PO09143,2025-03-20,S04,SUP003,Received,254,5392.42
PO09144,2025-03-29,S04,SUP003,Received,242,5137.66
PO09145,2025-04-06,S04,SUP003,Received,239,5073.97
PO09146,2025-04-16,S04,SUP003,Received,259,5498.57
PO09147,2025-04-25,S04,SUP003,Received,247,5243.81
PO09148,2025-05-03,S04,SUP003,Received,261,5541.03
PO09149,2025-05-12,S04,SUP003,Received,247,5243.81
PO09150,2025-05-21,S04,SUP003,Received,256,5434.88
PO09151,2025-05-30,S04,SUP003,Received,250,5307.5
PO09152,2025-06-08,S04,SUP003,Received,251,5328.73
PO09153,2025-06-17,S04,SUP003,Received,249,5286.27
PO09154,2025-06-27,S04,SUP003,Received,260,5519.8
PO09155,2025-07-06,S04,SUP003,Received,241,5116.43
PO09156,2025-07-16,S04,SUP003,Received,255,5413.65
PO09157,2025-07-26,S04,SUP003,Received,247,5243.81
PO09158,2025-08-06,S04,SUP003,Received,251,5328.73
PO09159,2025-08-19,S04,SUP003,Received,254,5392.42
PO09160,2025-08-31,S04,SUP003,Received,260,5519.8
PO09161,2025-09-12,S04,SUP003,Received,264,5604.72
PO09162,2025-09-23,S04,SUP003,Received,245,5201.35
PO09163,2025-10-04,S04,SUP003,Received,251,5328.73
PO09164,2025-10-16,S04,SUP003,Received,245,5201.35
PO09165,2025-10-29,S04,SUP003,Received,249,5286.27
PO09166,2025-11-09,S04,SUP003,Received,260,5519.8
PO09167,2025-11-21,S04,SUP003,Received,249,5286.27
PO09168,2025-12-01,S04,SUP003,Received,264,5604.72
PO09169,2025-12-12,S04,SUP003,Received,247,5243.81
PO09170,2025-12-22,S04,SUP003,Received,249,5286.27
PO09171,2025-03-05,S04,SUP006,Received,436,7359.68
PO09172,2025-06-27,S04,SUP006,Received,434,7325.92
PO09173,2025-11-09,S04,SUP005,Received,433,7486.57
PO09174,2025-01-27,S04,SUP006,Received,481,5363.15
PO09175,2025-03-04,S04,SUP006,Received,485,5407.75
PO09176,2025-04-10,S04,SUP006,Received,479,5340.85
PO09177,2025-05-14,S04,SUP006,Received,485,5407.75
PO09178,2025-06-20,S04,SUP005,Received,478,5248.44
PO09179,2025-07-30,S04,SUP006,Received,487,5430.05
PO09180,2025-09-14,S04,SUP006,Received,478,5329.7
PO09181,2025-10-29,S04,SUP006,Received,478,5329.7
PO09182,2025-12-09,S04,SUP005,Received,483,5303.34
PO09183,2025-01-11,S04,SUP007,Received,254,6009.64
PO09184,2025-01-29,S04,SUP004,Received,249,6132.87
PO09185,2025-02-16,S04,SUP009,Received,256,5734.4
PO09186,2025-03-04,S04,SUP007,Received,251,5938.66
PO09187,2025-03-22,S04,SUP007,Received,258,6104.28
PO09188,2025-04-09,S04,SUP007,Received,244,5773.04
PO09189,2025-04-24,S04,SUP009,Received,246,5510.4
PO09190,2025-05-09,S04,SUP004,Received,253,6231.39
PO09191,2025-05-24,S04,SUP004,Received,244,6009.72
PO09192,2025-06-14,S04,SUP007,Received,256,6056.96
PO09193,2025-07-03,S04,SUP004,Received,244,6009.72
PO09194,2025-07-25,S04,SUP004,Received,247,6083.61
PO09195,2025-08-14,S04,SUP007,Received,245,5796.7
PO09196,2025-09-05,S04,SUP009,Received,243,5443.2
PO09197,2025-09-27,S04,SUP009,Received,245,5488.0
PO09198,2025-10-19,S04,SUP004,Received,257,6329.91
PO09199,2025-11-05,S04,SUP007,Received,244,5773.04
PO09200,2025-11-24,S04,SUP007,Received,247,5844.02
PO09201,2025-12-15,S04,SUP009,Received,251,5622.4
PO09202,2025-01-02,S04,SUP007,Received,170,829.6
PO09203,2025-01-10,S04,SUP008,Received,171,771.21
PO09204,2025-01-18,S04,SUP007,Received,182,888.16
PO09205,2025-01-26,S04,SUP008,Received,175,789.25
PO09206,2025-02-02,S04,SUP007,Received,165,805.2
PO09207,2025-02-10,S04,SUP008,Received,176,793.76
PO09208,2025-02-18,S04,SUP008,Received,175,789.25
PO09209,2025-02-25,S04,SUP007,Received,181,883.28
PO09210,2025-03-06,S04,SUP008,Received,187,843.37
PO09211,2025-03-13,S04,SUP007,Received,183,893.04
PO09212,2025-03-20,S04,SUP008,Received,166,748.66
PO09213,2025-03-28,S04,SUP008,Received,170,766.7
PO09214,2025-04-05,S04,SUP008,Received,178,802.78
PO09215,2025-04-12,S04,SUP008,Received,170,766.7
PO09216,2025-04-20,S04,SUP008,Received,182,820.82
PO09217,2025-04-27,S04,SUP007,Received,167,814.96
PO09218,2025-05-05,S04,SUP007,Received,179,873.52
PO09219,2025-05-13,S04,SUP007,Received,168,819.84
PO09220,2025-05-21,S04,SUP007,Received,173,844.24
PO09221,2025-05-29,S04,SUP007,Received,176,858.88
PO09222,2025-06-06,S04,SUP007,Received,163,795.44
PO09223,2025-06-14,S04,SUP008,Received,174,784.74
PO09224,2025-06-22,S04,SUP008,Received,166,748.66
PO09225,2025-07-02,S04,SUP007,Received,182,888.16
PO09226,2025-07-10,S04,SUP008,Received,165,744.15
PO09227,2025-07-19,S04,SUP008,Received,193,870.43
PO09228,2025-07-28,S04,SUP007,Received,168,819.84
PO09229,2025-08-07,S04,SUP008,Received,166,748.66
PO09230,2025-08-17,S04,SUP007,Received,173,844.24
PO09231,2025-08-27,S04,SUP007,Received,162,790.56
PO09232,2025-09-05,S04,SUP008,Received,169,762.19
PO09233,2025-09-14,S04,SUP008,Received,168,757.68
PO09234,2025-09-24,S04,SUP007,Received,169,824.72
PO09235,2025-10-06,S04,SUP007,Received,171,834.48
PO09236,2025-10-16,S04,SUP008,Received,169,762.19
PO09237,2025-10-26,S04,SUP008,Received,177,798.27
PO09238,2025-11-05,S04,SUP007,Received,179,873.52
PO09239,2025-11-15,S04,SUP008,Received,174,784.74
PO09240,2025-11-24,S04,SUP007,Received,182,888.16
PO09241,2025-12-03,S04,SUP008,Received,173,780.23
PO09242,2025-12-12,S04,SUP008,Received,176,793.76
PO09243,2025-12-21,S04,SUP007,Received,184,897.92
PO09244,2025-12-31,S04,SUP007,Received,167,814.96
PO09245,2025-01-23,S04,SUP008,Received,343,7110.39
PO09246,2025-02-26,S04,SUP010,Received,341,6223.25
PO09247,2025-03-30,S04,SUP008,Received,342,7089.66
PO09248,2025-05-03,S04,SUP010,Received,343,6259.75
PO09249,2025-06-08,S04,SUP008,Received,344,7131.12
PO09250,2025-07-20,S04,SUP008,Received,345,7151.85
PO09251,2025-08-30,S04,SUP008,Received,344,7131.12
PO09252,2025-10-17,S04,SUP010,Received,341,6223.25
PO09253,2025-11-29,S04,SUP008,Received,340,7048.2
PO09254,2025-01-13,S04,SUP003,Received,306,4889.88
PO09255,2025-02-07,S04,SUP003,Received,304,4857.92
PO09256,2025-02-28,S04,SUP003,Received,310,4953.8
PO09257,2025-03-21,S04,SUP003,Received,310,4953.8
PO09258,2025-04-11,S04,SUP003,Received,307,4905.86
PO09259,2025-05-01,S04,SUP003,Received,308,4921.84
PO09260,2025-05-23,S04,SUP003,Received,309,4937.82
PO09261,2025-06-15,S04,SUP003,Received,310,4953.8
PO09262,2025-07-10,S04,SUP003,Received,310,4953.8
PO09263,2025-08-04,S04,SUP003,Received,305,4873.9
PO09264,2025-08-31,S04,SUP003,Received,309,4937.82
PO09265,2025-09-27,S04,SUP003,Received,310,4953.8
PO09266,2025-10-25,S04,SUP003,Received,302,4825.96
PO09267,2025-11-21,S04,SUP003,Received,310,4953.8
PO09268,2025-12-17,S04,SUP003,Received,310,4953.8
PO09269,2025-01-10,S04,SUP007,Received,312,5993.52
PO09270,2025-01-24,S04,SUP007,Received,320,6147.2
PO09271,2025-02-08,S04,SUP003,Received,327,7772.79
PO09272,2025-02-23,S04,SUP003,Received,336,7986.72
PO09273,2025-03-07,S04,SUP007,Received,313,6012.73
PO09274,2025-03-19,S04,SUP007,Received,319,6127.99
PO09275,2025-04-01,S04,SUP003,Received,326,7749.02
PO09276,2025-04-15,S04,SUP003,Received,317,7535.09
PO09277,2025-04-28,S04,SUP003,Received,313,7440.01
PO09278,2025-05-11,S04,SUP003,Received,335,7962.95
PO09279,2025-05-26,S04,SUP003,Received,338,8034.26
PO09280,2025-06-10,S04,SUP007,Received,334,6416.14
PO09281,2025-06-24,S04,SUP007,Received,313,6012.73
PO09282,2025-07-09,S04,SUP003,Received,323,7677.71
PO09283,2025-07-25,S04,SUP003,Received,326,7749.02
PO09284,2025-08-10,S04,SUP003,Received,322,7653.94
PO09285,2025-08-27,S04,SUP007,Received,313,6012.73
PO09286,2025-09-12,S04,SUP007,Received,314,6031.94
PO09287,2025-09-29,S04,SUP007,Received,312,5993.52
PO09288,2025-10-17,S04,SUP003,Received,334,7939.18
PO09289,2025-11-05,S04,SUP003,Received,331,7867.87
PO09290,2025-11-22,S04,SUP003,Received,330,7844.1
PO09291,2025-12-08,S04,SUP003,Received,314,7463.78
PO09292,2025-12-24,S04,SUP003,Received,314,7463.78
PO09293,2025-01-30,S04,SUP010,Received,374,5378.12
PO09294,2025-03-26,S04,SUP007,Received,374,5658.62
PO09295,2025-05-16,S04,SUP007,Received,378,5719.14
PO09296,2025-07-07,S04,SUP010,Received,375,5392.5
PO09297,2025-09-14,S04,SUP007,Received,372,5628.36
PO09298,2025-11-23,S04,SUP001,Received,369,5394.78
PO09299,2025-02-17,S04,SUP006,Received,280,4606.0
PO09300,2025-05-04,S04,SUP006,Received,281,4622.45
PO09301,2025-07-16,S04,SUP006,Received,281,4622.45
PO09302,2025-10-13,S04,SUP008,Received,281,4675.84
PO09303,2025-01-04,S04,SUP009,Received,123,2987.67
PO09304,2025-01-09,S04,SUP009,Received,123,2987.67
PO09305,2025-01-15,S04,SUP009,Received,129,3133.41
PO09306,2025-01-20,S04,SUP009,Received,125,3036.25
PO09307,2025-01-26,S04,SUP009,Received,117,2841.93
PO09308,2025-02-01,S04,SUP009,Received,123,2987.67
PO09309,2025-02-06,S04,SUP009,Received,126,3060.54
PO09310,2025-02-11,S04,SUP009,Received,111,2696.19
PO09311,2025-02-15,S04,SUP009,Received,115,2793.35
PO09312,2025-02-20,S04,SUP009,Received,122,2963.38
PO09313,2025-02-25,S04,SUP009,Received,118,2866.22
PO09314,2025-03-02,S04,SUP009,Received,126,3060.54
PO09315,2025-03-07,S04,SUP009,Received,111,2696.19
PO09316,2025-03-11,S04,SUP009,Received,127,3084.83
PO09317,2025-03-16,S04,SUP009,Received,126,3060.54
PO09318,2025-03-20,S04,SUP009,Received,108,2623.32
PO09319,2025-03-26,S04,SUP009,Received,124,3011.96
PO09320,2025-03-30,S04,SUP009,Received,107,2599.03
PO09321,2025-04-04,S04,SUP009,Received,120,2914.8
PO09322,2025-04-08,S04,SUP009,Received,111,2696.19
PO09323,2025-04-13,S04,SUP009,Received,127,3084.83
PO09324,2025-04-18,S04,SUP009,Received,130,3157.7
PO09325,2025-04-22,S04,SUP009,Received,116,2817.64
PO09326,2025-04-26,S04,SUP009,Received,115,2793.35
PO09327,2025-04-30,S04,SUP009,Received,107,2599.03
PO09328,2025-05-04,S04,SUP009,Received,113,2744.77
PO09329,2025-05-09,S04,SUP009,Received,107,2599.03
PO09330,2025-05-13,S04,SUP009,Received,111,2696.19
PO09331,2025-05-18,S04,SUP009,Received,121,2939.09
PO09332,2025-05-23,S04,SUP009,Received,107,2599.03
PO09333,2025-05-27,S04,SUP009,Received,117,2841.93
PO09334,2025-06-02,S04,SUP009,Received,125,3036.25
PO09335,2025-06-08,S04,SUP009,Received,130,3157.7
PO09336,2025-06-13,S04,SUP009,Received,114,2769.06
PO09337,2025-06-17,S04,SUP009,Received,107,2599.03
PO09338,2025-06-22,S04,SUP009,Received,130,3157.7
PO09339,2025-06-27,S04,SUP009,Received,120,2914.8
PO09340,2025-07-02,S04,SUP009,Received,113,2744.77
PO09341,2025-07-09,S04,SUP009,Received,130,3157.7
PO09342,2025-07-14,S04,SUP009,Received,118,2866.22
PO09343,2025-07-20,S04,SUP009,Received,114,2769.06
PO09344,2025-07-26,S04,SUP009,Received,123,2987.67
PO09345,2025-07-31,S04,SUP009,Received,109,2647.61
PO09346,2025-08-06,S04,SUP009,Received,121,2939.09
PO09347,2025-08-13,S04,SUP009,Received,118,2866.22
PO09348,2025-08-19,S04,SUP009,Received,111,2696.19
PO09349,2025-08-25,S04,SUP009,Received,107,2599.03
PO09350,2025-08-30,S04,SUP009,Received,107,2599.03
PO09351,2025-09-05,S04,SUP009,Received,119,2890.51
PO09352,2025-09-11,S04,SUP009,Received,124,3011.96
PO09353,2025-09-17,S04,SUP009,Received,112,2720.48
PO09354,2025-09-24,S04,SUP009,Received,115,2793.35
PO09355,2025-09-30,S04,SUP009,Received,110,2671.9
PO09356,2025-10-06,S04,SUP009,Received,125,3036.25
PO09357,2025-10-13,S04,SUP009,Received,117,2841.93
PO09358,2025-10-20,S04,SUP009,Received,114,2769.06
PO09359,2025-10-26,S04,SUP009,Received,109,2647.61
PO09360,2025-11-02,S04,SUP009,Received,115,2793.35
PO09361,2025-11-08,S04,SUP009,Received,109,2647.61
PO09362,2025-11-14,S04,SUP009,Received,124,3011.96
PO09363,2025-11-19,S04,SUP009,Received,119,2890.51
PO09364,2025-11-25,S04,SUP009,Received,108,2623.32
PO09365,2025-12-01,S04,SUP009,Received,125,3036.25
PO09366,2025-12-08,S04,SUP009,Received,126,3060.54
PO09367,2025-12-14,S04,SUP009,Received,112,2720.48
PO09368,2025-12-20,S04,SUP009,Received,130,3157.7
PO09369,2025-12-26,S04,SUP009,Received,126,3060.54
PO09370,2025-12-31,S04,SUP009,Received,110,2671.9
PO09371,2025-01-03,S04,SUP006,Received,174,3288.6
PO09372,2025-01-10,S04,SUP003,Received,176,3722.4
PO09373,2025-01-17,S04,SUP003,Received,182,3849.3
PO09374,2025-01-24,S04,SUP003,Received,177,3743.55
PO09375,2025-01-31,S04,SUP003,Received,173,3658.95
PO09376,2025-02-07,S04,SUP003,Received,175,3701.25
PO09377,2025-02-14,S04,SUP003,Received,185,3912.75
PO09378,2025-02-20,S04,SUP006,Received,185,3496.5
PO09379,2025-02-27,S04,SUP006,Received,179,3383.1
PO09380,2025-03-05,S04,SUP003,Received,181,3828.15
PO09381,2025-03-12,S04,SUP006,Received,185,3496.5
PO09382,2025-03-18,S04,SUP003,Received,181,3828.15
PO09383,2025-03-24,S04,SUP003,Received,180,3807.0
PO09384,2025-04-01,S04,SUP003,Received,185,3912.75
PO09385,2025-04-07,S04,SUP006,Received,178,3364.2
PO09386,2025-04-13,S04,SUP006,Received,174,3288.6
PO09387,2025-04-20,S04,SUP003,Received,185,3912.75
PO09388,2025-04-26,S04,SUP003,Received,183,3870.45
PO09389,2025-05-02,S04,SUP003,Received,185,3912.75
PO09390,2025-05-08,S04,SUP006,Received,185,3496.5
PO09391,2025-05-15,S04,SUP003,Received,182,3849.3
PO09392,2025-05-22,S04,SUP003,Received,185,3912.75
PO09393,2025-05-29,S04,SUP003,Received,185,3912.75
PO09394,2025-06-05,S04,SUP003,Received,185,3912.75
PO09395,2025-06-12,S04,SUP006,Received,177,3345.3
PO09396,2025-06-19,S04,SUP003,Received,185,3912.75
PO09397,2025-06-26,S04,SUP006,Received,185,3496.5
PO09398,2025-07-04,S04,SUP003,Received,185,3912.75
PO09399,2025-07-12,S04,SUP006,Received,185,3496.5
PO09400,2025-07-19,S04,SUP003,Received,185,3912.75
PO09401,2025-07-27,S04,SUP006,Received,185,3496.5
PO09402,2025-08-05,S04,SUP006,Received,185,3496.5
PO09403,2025-08-13,S04,SUP003,Received,176,3722.4
PO09404,2025-08-21,S04,SUP006,Received,182,3439.8
PO09405,2025-08-29,S04,SUP006,Received,172,3250.8
PO09406,2025-09-07,S04,SUP006,Received,182,3439.8
PO09407,2025-09-15,S04,SUP006,Received,174,3288.6
PO09408,2025-09-25,S04,SUP006,Received,185,3496.5
PO09409,2025-10-04,S04,SUP003,Received,185,3912.75
PO09410,2025-10-13,S04,SUP003,Received,185,3912.75
PO09411,2025-10-21,S04,SUP006,Received,178,3364.2
PO09412,2025-10-28,S04,SUP006,Received,177,3345.3
PO09413,2025-11-05,S04,SUP006,Received,185,3496.5
PO09414,2025-11-13,S04,SUP003,Received,185,3912.75
PO09415,2025-11-22,S04,SUP003,Received,172,3637.8
PO09416,2025-11-30,S04,SUP006,Received,181,3420.9
PO09417,2025-12-08,S04,SUP003,Received,185,3912.75
PO09418,2025-12-15,S04,SUP003,Received,172,3637.8
PO09419,2025-12-23,S04,SUP006,Received,185,3496.5
PO09420,2025-12-30,S04,SUP003,Received,183,3870.45
PO09421,2025-01-16,S04,SUP010,Received,263,4181.7
PO09422,2025-02-26,S04,SUP009,Received,265,3988.25
PO09423,2025-04-09,S04,SUP008,Received,269,4344.35
PO09424,2025-05-24,S04,SUP009,Received,263,3958.15
PO09425,2025-07-06,S04,SUP009,Received,267,4018.35
PO09426,2025-08-26,S04,SUP010,Received,264,4197.6
PO09427,2025-10-14,S04,SUP010,Received,263,4181.7
PO09428,2025-12-03,S04,SUP010,Received,263,4181.7
PO09429,2025-01-07,S04,SUP002,Received,417,725.58
PO09430,2025-01-26,S04,SUP002,Received,424,737.76
PO09431,2025-02-14,S04,SUP002,Received,429,746.46
PO09432,2025-03-04,S04,SUP002,Received,429,746.46
PO09433,2025-03-23,S04,SUP009,Received,429,639.21
PO09434,2025-04-10,S04,SUP002,Received,422,734.28
PO09435,2025-04-28,S04,SUP009,Received,429,639.21
PO09436,2025-05-15,S04,SUP002,Received,422,734.28
PO09437,2025-06-01,S04,SUP009,Received,428,637.72
PO09438,2025-06-18,S04,SUP009,Received,417,621.33
PO09439,2025-07-05,S04,SUP009,Received,422,628.78
PO09440,2025-07-24,S04,SUP002,Received,429,746.46
PO09441,2025-08-15,S04,SUP009,Received,429,639.21
PO09442,2025-09-06,S04,SUP009,Received,429,639.21
PO09443,2025-09-30,S04,SUP009,Received,422,628.78
PO09444,2025-10-22,S04,SUP009,Received,423,630.27
PO09445,2025-11-13,S04,SUP009,Received,429,639.21
PO09446,2025-12-04,S04,SUP002,Received,425,739.5
PO09447,2025-12-24,S04,SUP009,Received,414,616.86
PO09448,2025-01-20,S04,SUP007,Received,327,752.1
PO09449,2025-02-16,S04,SUP008,Received,325,754.0
PO09450,2025-03-12,S04,SUP007,Received,328,754.4
PO09451,2025-04-07,S04,SUP007,Received,324,745.2
PO09452,2025-05-02,S04,SUP008,Received,328,760.96
PO09453,2025-05-28,S04,SUP008,Received,323,749.36
PO09454,2025-06-23,S04,SUP007,Received,322,740.6
PO09455,2025-07-22,S04,SUP007,Received,326,749.8
PO09456,2025-08-25,S04,SUP001,Received,326,834.56
PO09457,2025-09-30,S04,SUP008,Received,327,758.64
PO09458,2025-11-04,S04,SUP007,Received,327,752.1
PO09459,2025-12-05,S04,SUP008,Received,320,742.4
PO09460,2025-01-13,S04,SUP009,Received,383,3768.72
PO09461,2025-02-04,S04,SUP009,Received,396,3896.64
PO09462,2025-02-23,S04,SUP009,Received,391,3847.44
PO09463,2025-03-14,S04,SUP009,Received,387,3808.08
PO09464,2025-04-03,S04,SUP009,Received,396,3896.64
PO09465,2025-04-24,S04,SUP009,Received,388,3817.92
PO09466,2025-05-14,S04,SUP009,Received,399,3926.16
PO09467,2025-06-02,S04,SUP009,Received,393,3867.12
PO09468,2025-06-23,S04,SUP009,Received,385,3788.4
PO09469,2025-07-14,S04,SUP009,Received,388,3817.92
PO09470,2025-08-09,S04,SUP009,Received,392,3857.28
PO09471,2025-09-03,S04,SUP009,Received,381,3749.04
PO09472,2025-10-01,S04,SUP009,Received,386,3798.24
PO09473,2025-10-26,S04,SUP009,Received,392,3857.28
PO09474,2025-11-18,S04,SUP009,Received,381,3749.04
PO09475,2025-12-14,S04,SUP009,Received,386,3798.24
PO09476,2025-01-20,S04,SUP009,Received,478,10941.42
PO09477,2025-02-16,S04,SUP010,Received,488,10448.08
PO09478,2025-03-14,S04,SUP010,Received,492,10533.72
PO09479,2025-04-06,S04,SUP010,Received,472,10105.52
PO09480,2025-04-30,S04,SUP010,Received,481,10298.21
PO09481,2025-05-26,S04,SUP009,Received,485,11101.65
PO09482,2025-06-23,S04,SUP009,Received,492,11261.88
PO09483,2025-07-20,S04,SUP009,Received,480,10987.2
PO09484,2025-08-19,S04,SUP010,Received,483,10341.03
PO09485,2025-09-17,S04,SUP010,Received,482,10319.62
PO09486,2025-10-19,S04,SUP009,Received,473,10826.97
PO09487,2025-11-20,S04,SUP010,Received,475,10169.75
PO09488,2025-12-19,S04,SUP010,Received,477,10212.57
PO09489,2025-01-03,S04,SUP006,Received,115,1854.95
PO09490,2025-01-11,S04,SUP006,Received,116,1871.08
PO09491,2025-01-18,S04,SUP006,Received,129,2080.77
PO09492,2025-01-26,S04,SUP006,Received,118,1903.34
PO09493,2025-02-02,S04,SUP006,Received,115,1854.95
PO09494,2025-02-10,S04,SUP006,Received,113,1822.69
PO09495,2025-02-17,S04,SUP006,Received,122,1967.86
PO09496,2025-02-23,S04,SUP006,Received,120,1935.6
PO09497,2025-03-01,S04,SUP006,Received,114,1838.82
PO09498,2025-03-07,S04,SUP006,Received,117,1887.21
PO09499,2025-03-14,S04,SUP006,Received,116,1871.08
PO09500,2025-03-22,S04,SUP006,Received,128,2064.64
PO09501,2025-03-28,S04,SUP006,Received,110,1774.3
PO09502,2025-04-03,S04,SUP006,Received,122,1967.86
PO09503,2025-04-10,S04,SUP006,Received,125,2016.25
PO09504,2025-04-17,S04,SUP006,Received,116,1871.08
PO09505,2025-04-23,S04,SUP006,Received,112,1806.56
PO09506,2025-04-29,S04,SUP006,Received,110,1774.3
PO09507,2025-05-06,S04,SUP006,Received,112,1806.56
PO09508,2025-05-13,S04,SUP006,Received,115,1854.95
PO09509,2025-05-19,S04,SUP006,Received,115,1854.95
PO09510,2025-05-25,S04,SUP006,Received,117,1887.21
PO09511,2025-06-01,S04,SUP006,Received,116,1871.08
PO09512,2025-06-08,S04,SUP006,Received,129,2080.77
PO09513,2025-06-15,S04,SUP006,Received,113,1822.69
PO09514,2025-06-22,S04,SUP006,Received,114,1838.82
PO09515,2025-06-29,S04,SUP006,Received,118,1903.34
PO09516,2025-07-06,S04,SUP006,Received,130,2096.9
PO09517,2025-07-13,S04,SUP006,Received,131,2113.03
PO09518,2025-07-21,S04,SUP006,Received,121,1951.73
PO09519,2025-07-29,S04,SUP006,Received,129,2080.77
PO09520,2025-08-06,S04,SUP006,Received,123,1983.99
PO09521,2025-08-13,S04,SUP006,Received,114,1838.82
PO09522,2025-08-20,S04,SUP006,Received,110,1774.3
PO09523,2025-08-28,S04,SUP006,Received,113,1822.69
PO09524,2025-09-05,S04,SUP006,Received,114,1838.82
PO09525,2025-09-13,S04,SUP006,Received,118,1903.34
PO09526,2025-09-22,S04,SUP006,Received,113,1822.69
PO09527,2025-09-30,S04,SUP006,Received,112,1806.56
PO09528,2025-10-08,S04,SUP006,Received,120,1935.6
PO09529,2025-10-15,S04,SUP006,Received,111,1790.43
PO09530,2025-10-23,S04,SUP006,Received,111,1790.43
PO09531,2025-11-01,S04,SUP006,Received,116,1871.08
PO09532,2025-11-09,S04,SUP006,Received,118,1903.34
PO09533,2025-11-16,S04,SUP006,Received,110,1774.3
PO09534,2025-11-23,S04,SUP006,Received,110,1774.3
PO09535,2025-12-01,S04,SUP006,Received,117,1887.21
PO09536,2025-12-09,S04,SUP006,Received,110,1774.3
PO09537,2025-12-16,S04,SUP006,Received,109,1758.17
PO09538,2025-12-23,S04,SUP006,Received,111,1790.43
PO09539,2025-12-30,S04,SUP006,Received,114,1838.82
PO09540,2025-01-10,S04,SUP003,Received,149,756.92
PO09541,2025-01-26,S04,SUP003,Received,146,741.68
PO09542,2025-02-09,S04,SUP010,Received,148,697.08
PO09543,2025-02-24,S04,SUP006,Received,145,830.85
PO09544,2025-03-14,S04,SUP010,Received,154,725.34
PO09545,2025-03-28,S04,SUP010,Received,150,706.5
PO09546,2025-04-12,S04,SUP006,Received,154,882.42
PO09547,2025-04-25,S04,SUP003,Received,146,741.68
PO09548,2025-05-11,S04,SUP006,Received,153,876.69
PO09549,2025-05-25,S04,SUP003,Received,152,772.16
PO09550,2025-06-10,S04,SUP010,Received,148,697.08
PO09551,2025-06-24,S04,SUP003,Received,149,756.92
PO09552,2025-07-11,S04,SUP003,Received,148,751.84
PO09553,2025-07-29,S04,SUP010,Received,145,682.95
PO09554,2025-08-18,S04,SUP003,Received,149,756.92
PO09555,2025-09-07,S04,SUP006,Received,148,848.04
PO09556,2025-10-01,S04,SUP003,Received,145,736.6
PO09557,2025-10-23,S04,SUP006,Received,152,870.96
PO09558,2025-11-12,S04,SUP003,Received,151,767.08
PO09559,2025-11-30,S04,SUP006,Received,154,882.42
PO09560,2025-12-17,S04,SUP003,Received,151,767.08
PO09561,2025-01-09,S04,SUP003,Received,268,1851.88
PO09562,2025-01-22,S04,SUP006,Received,268,2050.2
PO09563,2025-02-03,S04,SUP006,Received,285,2180.25
PO09564,2025-02-16,S04,SUP003,Received,282,1948.62
PO09565,2025-02-28,S04,SUP006,Received,273,2088.45
PO09566,2025-03-11,S04,SUP002,Received,274,2000.2
PO09567,2025-03-23,S04,SUP003,Received,284,1962.44
PO09568,2025-04-04,S04,SUP002,Received,277,2022.1
PO09569,2025-04-14,S04,SUP002,Received,279,2036.7
PO09570,2025-04-27,S04,SUP003,Received,289,1996.99
PO09571,2025-05-09,S04,SUP003,Received,290,2003.9
PO09572,2025-05-20,S04,SUP006,Received,264,2019.6
PO09573,2025-06-01,S04,SUP002,Received,282,2058.6
PO09574,2025-06-12,S04,SUP006,Received,268,2050.2
PO09575,2025-06-25,S04,SUP006,Received,277,2119.05
PO09576,2025-07-08,S04,SUP006,Received,287,2195.55
PO09577,2025-07-22,S04,SUP002,Received,269,1963.7
PO09578,2025-08-05,S04,SUP003,Received,276,1907.16
PO09579,2025-08-20,S04,SUP002,Received,280,2044.0
PO09580,2025-09-02,S04,SUP002,Received,271,1978.3
PO09581,2025-09-16,S04,SUP006,Received,271,2073.15
PO09582,2025-09-30,S04,SUP003,Received,274,1893.34
PO09583,2025-10-14,S04,SUP006,Received,264,2019.6
PO09584,2025-10-30,S04,SUP006,Received,271,2073.15
PO09585,2025-11-14,S04,SUP002,Received,276,2014.8
PO09586,2025-11-28,S04,SUP002,Received,281,2051.3
PO09587,2025-12-13,S04,SUP002,Received,274,2000.2
PO09588,2025-12-27,S04,SUP002,Received,284,2073.2
PO09589,2025-01-11,S04,SUP002,Received,101,363.6
PO09590,2025-02-08,S04,SUP002,Received,100,360.0
PO09591,2025-03-06,S04,SUP002,Received,99,356.4
PO09592,2025-03-29,S04,SUP002,Received,99,356.4
PO09593,2025-04-17,S04,SUP009,Received,103,382.13
PO09594,2025-05-08,S04,SUP009,Received,100,371.0
PO09595,2025-06-03,S04,SUP002,Received,98,352.8
PO09596,2025-07-01,S04,SUP002,Received,103,370.8
PO09597,2025-08-03,S04,SUP009,Received,99,367.29
PO09598,2025-09-06,S04,SUP002,Received,98,352.8
PO09599,2025-10-08,S04,SUP009,Received,101,374.71
PO09600,2025-11-10,S04,SUP002,Received,99,356.4
PO09601,2025-12-15,S04,SUP009,Received,99,367.29
PO09602,2025-01-02,S04,SUP003,Received,52,721.76
PO09603,2025-01-10,S04,SUP003,Received,52,721.76
PO09604,2025-01-21,S04,SUP003,Received,53,735.64
PO09605,2025-01-31,S04,SUP003,Received,55,763.4
PO09606,2025-02-08,S04,SUP003,Received,56,777.28
PO09607,2025-02-20,S04,SUP003,Received,51,707.88
PO09608,2025-03-04,S04,SUP003,Received,57,791.16
PO09609,2025-03-13,S04,SUP003,Received,55,763.4
PO09610,2025-03-25,S04,SUP003,Received,54,749.52
PO09611,2025-04-06,S04,SUP003,Received,59,818.92
PO09612,2025-04-16,S04,SUP003,Received,51,707.88
PO09613,2025-04-24,S04,SUP003,Received,52,721.76
PO09614,2025-05-04,S04,SUP003,Received,56,777.28
PO09615,2025-05-16,S04,SUP003,Received,53,735.64
PO09616,2025-05-28,S04,SUP003,Received,58,805.04
PO09617,2025-06-06,S04,SUP003,Received,53,735.64
PO09618,2025-06-17,S04,SUP003,Received,53,735.64
PO09619,2025-06-29,S04,SUP003,Received,52,721.76
PO09620,2025-07-13,S04,SUP003,Received,55,763.4
PO09621,2025-07-26,S04,SUP003,Received,54,749.52
PO09622,2025-08-08,S04,SUP003,Received,53,735.64
PO09623,2025-08-18,S04,SUP003,Received,53,735.64
PO09624,2025-08-30,S04,SUP003,Received,53,735.64
PO09625,2025-09-10,S04,SUP003,Received,51,707.88
PO09626,2025-09-23,S04,SUP003,Received,53,735.64
PO09627,2025-10-04,S04,SUP003,Received,51,707.88
PO09628,2025-10-17,S04,SUP003,Received,55,763.4
PO09629,2025-10-29,S04,SUP003,Received,52,721.76
PO09630,2025-11-10,S04,SUP003,Received,51,707.88
PO09631,2025-11-23,S04,SUP003,Received,55,763.4
PO09632,2025-12-06,S04,SUP003,Received,52,721.76
PO09633,2025-12-18,S04,SUP003,Received,53,735.64
PO09634,2025-12-28,S04,SUP003,Received,51,707.88
PO09635,2025-01-07,S04,SUP007,Received,255,4434.45
PO09636,2025-01-17,S04,SUP007,Received,244,4243.16
PO09637,2025-01-27,S04,SUP007,Received,251,4364.89
PO09638,2025-02-06,S04,SUP007,Received,255,4434.45
PO09639,2025-02-16,S04,SUP007,Received,251,4364.89
PO09640,2025-02-26,S04,SUP007,Received,269,4677.91
PO09641,2025-03-07,S04,SUP007,Received,247,4295.33
PO09642,2025-03-16,S04,SUP007,Received,266,4625.74
PO09643,2025-03-25,S04,SUP007,Received,253,4399.67
PO09644,2025-04-04,S04,SUP007,Received,252,4382.28
PO09645,2025-04-12,S04,SUP007,Received,255,4434.45
PO09646,2025-04-21,S04,SUP007,Received,242,4208.38
PO09647,2025-05-01,S04,SUP007,Received,256,4451.84
PO09648,2025-05-12,S04,SUP007,Received,251,4364.89
PO09649,2025-05-22,S04,SUP007,Received,242,4208.38
PO09650,2025-06-01,S04,SUP007,Received,247,4295.33
PO09651,2025-06-10,S04,SUP007,Received,242,4208.38
PO09652,2025-06-20,S04,SUP007,Received,255,4434.45
PO09653,2025-07-01,S04,SUP007,Received,252,4382.28
PO09654,2025-07-12,S04,SUP007,Received,262,4556.18
PO09655,2025-07-25,S04,SUP007,Received,255,4434.45
PO09656,2025-08-07,S04,SUP007,Received,256,4451.84
PO09657,2025-08-19,S04,SUP007,Received,256,4451.84
PO09658,2025-08-31,S04,SUP007,Received,257,4469.23
PO09659,2025-09-13,S04,SUP007,Received,251,4364.89
PO09660,2025-09-27,S04,SUP007,Received,251,4364.89
PO09661,2025-10-11,S04,SUP007,Received,266,4625.74
PO09662,2025-10-23,S04,SUP007,Received,254,4417.06
PO09663,2025-11-04,S04,SUP007,Received,247,4295.33
PO09664,2025-11-15,S04,SUP007,Received,245,4260.55
PO09665,2025-11-28,S04,SUP007,Received,251,4364.89
PO09666,2025-12-09,S04,SUP007,Received,255,4434.45
PO09667,2025-12-20,S04,SUP007,Received,260,4521.4
PO09668,2025-12-31,S04,SUP007,Received,255,4434.45
PO09669,2025-01-14,S04,SUP008,Received,223,4310.59
PO09670,2025-01-29,S04,SUP008,Received,212,4097.96
PO09671,2025-02-12,S04,SUP008,Received,218,4213.94
PO09672,2025-03-01,S04,SUP005,Received,228,4902.0
PO09673,2025-03-15,S04,SUP008,Received,215,4155.95
PO09674,2025-03-29,S04,SUP005,Received,213,4579.5
PO09675,2025-04-12,S04,SUP008,Received,221,4271.93
PO09676,2025-04-27,S04,SUP004,Received,215,4276.35
PO09677,2025-05-11,S04,SUP008,Received,217,4194.61
PO09678,2025-05-25,S04,SUP008,Received,216,4175.28
PO09679,2025-06-09,S04,SUP008,Received,218,4213.94
PO09680,2025-06-24,S04,SUP004,Received,226,4495.14
PO09681,2025-07-10,S04,SUP004,Received,220,4375.8
PO09682,2025-07-28,S04,SUP004,Received,217,4316.13
PO09683,2025-08-16,S04,SUP004,Received,215,4276.35
PO09684,2025-09-04,S04,SUP008,Received,222,4291.26
PO09685,2025-09-21,S04,SUP008,Received,219,4233.27
PO09686,2025-10-12,S04,SUP005,Received,219,4708.5
PO09687,2025-11-01,S04,SUP008,Received,214,4136.62
PO09688,2025-11-22,S04,SUP008,Received,220,4252.6
PO09689,2025-12-09,S04,SUP004,Received,224,4455.36
PO09690,2025-12-26,S04,SUP005,Received,219,4708.5
PO09691,2025-02-03,S04,SUP010,Received,297,959.31
PO09692,2025-03-21,S04,SUP010,Received,304,981.92
PO09693,2025-05-03,S04,SUP010,Received,303,978.69
PO09694,2025-06-19,S04,SUP010,Received,297,959.31
PO09695,2025-08-08,S04,SUP010,Received,300,969.0
PO09696,2025-10-08,S04,SUP010,Received,298,962.54
PO09697,2025-12-03,S04,SUP010,Received,302,975.46
PO09698,2025-01-07,S04,SUP002,Received,255,1555.5
PO09699,2025-01-18,S04,SUP002,Received,257,1567.7
PO09700,2025-01-28,S04,SUP009,Received,269,1616.69
PO09701,2025-02-08,S04,SUP009,Received,260,1562.6
PO09702,2025-02-17,S04,SUP009,Received,249,1496.49
PO09703,2025-02-27,S04,SUP009,Received,246,1478.46
PO09704,2025-03-09,S04,SUP002,Received,247,1506.7
PO09705,2025-03-19,S04,SUP009,Received,273,1640.73
PO09706,2025-03-28,S04,SUP002,Received,257,1567.7
PO09707,2025-04-06,S04,SUP002,Received,264,1610.4
PO09708,2025-04-15,S04,SUP002,Received,254,1549.4
PO09709,2025-04-25,S04,SUP002,Received,254,1549.4
PO09710,2025-05-04,S04,SUP002,Received,244,1488.4
PO09711,2025-05-15,S04,SUP002,Received,267,1628.7
PO09712,2025-05-24,S04,SUP009,Received,242,1454.42
PO09713,2025-06-03,S04,SUP002,Received,255,1555.5
PO09714,2025-06-14,S04,SUP009,Received,268,1610.68
PO09715,2025-06-25,S04,SUP002,Received,244,1488.4
PO09716,2025-07-05,S04,SUP002,Received,242,1476.2
PO09717,2025-07-16,S04,SUP009,Received,252,1514.52
PO09718,2025-07-27,S04,SUP002,Received,245,1494.5
PO09719,2025-08-10,S04,SUP002,Received,257,1567.7
PO09720,2025-08-22,S04,SUP002,Received,257,1567.7
PO09721,2025-09-01,S04,SUP009,Received,256,1538.56
PO09722,2025-09-14,S04,SUP002,Received,258,1573.8
PO09723,2025-09-26,S04,SUP002,Received,247,1506.7
PO09724,2025-10-08,S04,SUP009,Received,256,1538.56
PO09725,2025-10-21,S04,SUP002,Received,249,1518.9
PO09726,2025-11-03,S04,SUP002,Received,246,1500.6
PO09727,2025-11-15,S04,SUP002,Received,245,1494.5
PO09728,2025-11-27,S04,SUP002,Received,250,1525.0
PO09729,2025-12-10,S04,SUP002,Received,254,1549.4
PO09730,2025-12-21,S04,SUP009,Received,258,1550.58
PO09731,2025-01-13,S04,SUP007,Received,461,1885.49
PO09732,2025-02-02,S04,SUP007,Received,462,1889.58
PO09733,2025-02-22,S04,SUP007,Received,461,1885.49
PO09734,2025-03-13,S04,SUP007,Received,469,1918.21
PO09735,2025-03-30,S04,SUP007,Received,460,1881.4
PO09736,2025-04-18,S04,SUP007,Received,463,1893.67
PO09737,2025-05-08,S04,SUP007,Received,469,1918.21
PO09738,2025-05-27,S04,SUP007,Received,460,1881.4
PO09739,2025-06-16,S04,SUP007,Received,469,1918.21
PO09740,2025-07-08,S04,SUP007,Received,469,1918.21
PO09741,2025-07-30,S04,SUP007,Received,460,1881.4
PO09742,2025-08-24,S04,SUP007,Received,469,1918.21
PO09743,2025-09-18,S04,SUP007,Received,465,1901.85
PO09744,2025-10-11,S04,SUP007,Received,469,1918.21
PO09745,2025-11-06,S04,SUP007,Received,466,1905.94
PO09746,2025-11-30,S04,SUP007,Received,469,1918.21
PO09747,2025-12-23,S04,SUP007,Received,468,1914.12
PO09748,2025-01-14,S04,SUP007,Received,233,829.48
PO09749,2025-02-05,S04,SUP007,Received,238,847.28
PO09750,2025-02-25,S04,SUP007,Received,233,829.48
PO09751,2025-03-16,S04,SUP007,Received,241,857.96
PO09752,2025-04-04,S04,SUP007,Received,236,840.16
PO09753,2025-04-22,S04,SUP007,Received,232,825.92
PO09754,2025-05-14,S04,SUP007,Received,240,854.4
PO09755,2025-06-02,S04,SUP007,Received,233,829.48
PO09756,2025-06-23,S04,SUP007,Received,231,822.36
PO09757,2025-07-13,S04,SUP007,Received,240,854.4
PO09758,2025-08-06,S04,SUP007,Received,233,829.48
PO09759,2025-08-29,S04,SUP007,Received,229,815.24
PO09760,2025-09-25,S04,SUP007,Received,236,840.16
PO09761,2025-10-19,S04,SUP007,Received,238,847.28
PO09762,2025-11-13,S04,SUP007,Received,235,836.6
PO09763,2025-12-08,S04,SUP007,Received,229,815.24
PO09764,2025-12-30,S04,SUP007,Received,232,825.92
PO09765,2025-01-19,S04,SUP006,Received,135,801.9
PO09766,2025-02-22,S04,SUP006,Received,137,813.78
PO09767,2025-03-22,S04,SUP006,Received,133,790.02
PO09768,2025-04-21,S04,SUP006,Received,132,784.08
PO09769,2025-05-21,S04,SUP006,Received,134,795.96
PO09770,2025-06-24,S04,SUP006,Received,132,784.08
PO09771,2025-08-03,S04,SUP006,Received,130,772.2
PO09772,2025-09-07,S04,SUP006,Received,135,801.9
PO09773,2025-10-11,S04,SUP006,Received,130,772.2
PO09774,2025-11-21,S04,SUP006,Received,135,801.9
PO09775,2025-12-22,S04,SUP006,Received,132,784.08
PO09776,2025-01-17,S04,SUP006,Received,362,2059.78
PO09777,2025-02-12,S04,SUP009,Received,357,2009.91
PO09778,2025-03-09,S04,SUP003,Received,373,2196.97
PO09779,2025-04-05,S04,SUP003,Received,364,2143.96
PO09780,2025-05-02,S04,SUP006,Received,369,2099.61
PO09781,2025-05-28,S04,SUP009,Received,357,2009.91
PO09782,2025-06-22,S04,SUP006,Received,366,2082.54
PO09783,2025-07-20,S04,SUP006,Received,362,2059.78
PO09784,2025-08-20,S04,SUP009,Received,361,2032.43
PO09785,2025-09-19,S04,SUP009,Received,362,2038.06
PO09786,2025-10-22,S04,SUP009,Received,358,2015.54
PO09787,2025-11-23,S04,SUP003,Received,363,2138.07
PO09788,2025-12-24,S04,SUP009,Received,370,2083.1
PO09789,2025-01-19,S04,SUP009,Received,249,3090.09
PO09790,2025-02-21,S04,SUP009,Received,250,3102.5
PO09791,2025-03-25,S04,SUP009,Received,251,3114.91
PO09792,2025-04-21,S04,SUP009,Received,246,3052.86
PO09793,2025-05-22,S04,SUP009,Received,246,3052.86
PO09794,2025-06-24,S04,SUP009,Received,247,3065.27
PO09795,2025-07-30,S04,SUP009,Received,246,3052.86
PO09796,2025-09-06,S04,SUP009,Received,249,3090.09
PO09797,2025-10-17,S04,SUP009,Received,246,3052.86
PO09798,2025-11-26,S04,SUP009,Received,247,3065.27
PO09799,2025-01-08,S04,SUP005,Received,173,1140.07
PO09800,2025-01-19,S04,SUP004,Received,187,1054.68
PO09801,2025-02-01,S04,SUP005,Received,178,1173.02
PO09802,2025-02-11,S04,SUP004,Received,173,975.72
PO09803,2025-02-21,S04,SUP004,Received,176,992.64
PO09804,2025-03-02,S04,SUP005,Received,175,1153.25
PO09805,2025-03-10,S04,SUP004,Received,176,992.64
PO09806,2025-03-20,S04,SUP004,Received,177,998.28
PO09807,2025-03-30,S04,SUP004,Received,177,998.28
PO09808,2025-04-10,S04,SUP004,Received,182,1026.48
PO09809,2025-04-21,S04,SUP005,Received,178,1173.02
PO09810,2025-05-02,S04,SUP005,Received,179,1179.61
PO09811,2025-05-11,S04,SUP004,Received,170,958.8
PO09812,2025-05-20,S04,SUP005,Received,178,1173.02
PO09813,2025-05-30,S04,SUP005,Received,172,1133.48
PO09814,2025-06-10,S04,SUP004,Received,182,1026.48
PO09815,2025-06-21,S04,SUP005,Received,185,1219.15
PO09816,2025-07-03,S04,SUP005,Received,170,1120.3
PO09817,2025-07-14,S04,SUP004,Received,178,1003.92
PO09818,2025-07-24,S04,SUP005,Received,171,1126.89
PO09819,2025-08-05,S04,SUP005,Received,176,1159.84
PO09820,2025-08-16,S04,SUP005,Received,178,1173.02
PO09821,2025-08-29,S04,SUP005,Received,184,1212.56
PO09822,2025-09-10,S04,SUP004,Received,183,1032.12
PO09823,2025-09-23,S04,SUP005,Received,180,1186.2
PO09824,2025-10-07,S04,SUP004,Received,180,1015.2
PO09825,2025-10-21,S04,SUP005,Received,182,1199.38
PO09826,2025-10-31,S04,SUP005,Received,173,1140.07
PO09827,2025-11-15,S04,SUP004,Received,175,987.0
PO09828,2025-11-27,S04,SUP004,Received,175,987.0
PO09829,2025-12-09,S04,SUP004,Received,173,975.72
PO09830,2025-12-21,S04,SUP004,Received,184,1037.76
PO09831,2025-12-31,S04,SUP005,Received,170,1120.3
PO09832,2025-01-06,S04,SUP010,Received,262,940.58
PO09833,2025-01-18,S04,SUP010,Received,258,926.22
PO09834,2025-01-29,S04,SUP009,Received,261,1028.34
PO09835,2025-02-09,S04,SUP010,Received,262,940.58
PO09836,2025-02-21,S04,SUP009,Received,262,1032.28
PO09837,2025-03-03,S04,SUP009,Received,261,1028.34
PO09838,2025-03-13,S04,SUP010,Received,253,908.27
PO09839,2025-03-23,S04,SUP010,Received,262,940.58
PO09840,2025-04-02,S04,SUP010,Received,261,936.99
PO09841,2025-04-14,S04,SUP009,Received,262,1032.28
PO09842,2025-04-24,S04,SUP009,Received,258,1016.52
PO09843,2025-05-05,S04,SUP010,Received,260,933.4
PO09844,2025-05-16,S04,SUP010,Received,262,940.58
PO09845,2025-05-27,S04,SUP009,Received,262,1032.28
PO09846,2025-06-07,S04,SUP010,Received,262,940.58
PO09847,2025-06-20,S04,SUP009,Received,257,1012.58
PO09848,2025-07-01,S04,SUP010,Received,255,915.45
PO09849,2025-07-13,S04,SUP010,Received,260,933.4
PO09850,2025-07-26,S04,SUP009,Received,262,1032.28
PO09851,2025-08-09,S04,SUP010,Received,262,940.58
PO09852,2025-08-23,S04,SUP010,Received,261,936.99
PO09853,2025-09-06,S04,SUP010,Received,262,940.58
PO09854,2025-09-20,S04,SUP010,Received,259,929.81
PO09855,2025-10-04,S04,SUP010,Received,257,922.63
PO09856,2025-10-19,S04,SUP010,Received,262,940.58
PO09857,2025-11-02,S04,SUP009,Received,259,1020.46
PO09858,2025-11-15,S04,SUP009,Received,262,1032.28
PO09859,2025-11-30,S04,SUP010,Received,262,940.58
PO09860,2025-12-14,S04,SUP010,Received,262,940.58
PO09861,2025-12-25,S04,SUP010,Received,261,936.99
PO09862,2025-01-09,S04,SUP002,Received,213,438.78
PO09863,2025-01-28,S04,SUP002,Received,204,420.24
PO09864,2025-02-13,S04,SUP002,Received,215,442.9
PO09865,2025-03-02,S04,SUP002,Received,218,449.08
PO09866,2025-03-20,S04,SUP002,Received,213,438.78
PO09867,2025-04-06,S04,SUP002,Received,207,426.42
PO09868,2025-04-21,S04,SUP002,Received,208,428.48
PO09869,2025-05-06,S04,SUP002,Received,216,444.96
PO09870,2025-05-22,S04,SUP003,Received,215,438.6
PO09871,2025-06-07,S04,SUP002,Received,208,428.48
PO09872,2025-06-23,S04,SUP002,Received,204,420.24
PO09873,2025-07-11,S04,SUP002,Received,211,434.66
PO09874,2025-07-29,S04,SUP002,Received,207,426.42
PO09875,2025-08-16,S04,SUP003,Received,208,424.32
PO09876,2025-09-05,S04,SUP003,Received,214,436.56
PO09877,2025-09-26,S04,SUP002,Received,215,442.9
PO09878,2025-10-16,S04,SUP002,Received,215,442.9
PO09879,2025-11-02,S04,SUP003,Received,207,422.28
PO09880,2025-11-22,S04,SUP002,Received,210,432.6
PO09881,2025-12-13,S04,SUP003,Received,219,446.76
PO09882,2025-12-31,S04,SUP003,Received,212,432.48
PO09883,2025-01-14,S04,SUP007,Received,131,2440.53
PO09884,2025-02-09,S04,SUP007,Received,127,2366.01
PO09885,2025-03-11,S04,SUP001,Received,127,3111.5
PO09886,2025-04-07,S04,SUP001,Received,131,3209.5
PO09887,2025-05-05,S04,SUP007,Received,128,2384.64
PO09888,2025-06-01,S04,SUP007,Received,128,2384.64
PO09889,2025-07-04,S04,SUP001,Received,131,3209.5
PO09890,2025-08-06,S04,SUP001,Received,128,3136.0
PO09891,2025-09-18,S04,SUP001,Received,129,3160.5
PO09892,2025-10-26,S04,SUP007,Received,129,2403.27
PO09893,2025-12-03,S04,SUP001,Received,127,3111.5
PO09894,2025-01-01,S04,SUP006,Received,89,743.15
PO09895,2025-01-05,S04,SUP006,Received,81,676.35
PO09896,2025-01-11,S04,SUP006,Received,96,801.6
PO09897,2025-01-16,S04,SUP006,Received,89,743.15
PO09898,2025-01-20,S04,SUP001,Received,98,936.88
PO09899,2025-01-25,S04,SUP006,Received,84,701.4
PO09900,2025-01-30,S04,SUP006,Received,95,793.25
PO09901,2025-02-03,S04,SUP001,Received,90,860.4
PO09902,2025-02-08,S04,SUP003,Received,101,931.22
PO09903,2025-02-13,S04,SUP006,Received,96,801.6
PO09904,2025-02-17,S04,SUP006,Received,93,776.55
PO09905,2025-02-22,S04,SUP003,Received,110,1014.2
PO09906,2025-02-26,S04,SUP001,Received,87,831.72
PO09907,2025-03-02,S04,SUP003,Received,83,765.26
PO09908,2025-03-07,S04,SUP003,Received,101,931.22
PO09909,2025-03-11,S04,SUP006,Received,82,684.7
PO09910,2025-03-15,S04,SUP006,Received,82,684.7
PO09911,2025-03-19,S04,SUP001,Received,98,936.88
PO09912,2025-03-23,S04,SUP001,Received,87,831.72
PO09913,2025-03-28,S04,SUP001,Received,92,879.52
PO09914,2025-04-01,S04,SUP001,Received,95,908.2
PO09915,2025-04-06,S04,SUP001,Received,104,994.24
PO09916,2025-04-10,S04,SUP006,Received,89,743.15
PO09917,2025-04-14,S04,SUP003,Received,98,903.56
PO09918,2025-04-18,S04,SUP001,Received,83,793.48
PO09919,2025-04-22,S04,SUP006,Received,84,701.4
PO09920,2025-04-26,S04,SUP006,Received,86,718.1
PO09921,2025-04-30,S04,SUP001,Received,85,812.6
PO09922,2025-05-05,S04,SUP006,Received,95,793.25
PO09923,2025-05-09,S04,SUP003,Received,81,746.82
PO09924,2025-05-13,S04,SUP003,Received,93,857.46
PO09925,2025-05-18,S04,SUP001,Received,106,1013.36
PO09926,2025-05-23,S04,SUP003,Received,86,792.92
PO09927,2025-05-28,S04,SUP003,Received,86,792.92
PO09928,2025-06-01,S04,SUP006,Received,90,751.5
PO09929,2025-06-06,S04,SUP006,Received,97,809.95
PO09930,2025-06-10,S04,SUP001,Received,84,803.04
PO09931,2025-06-16,S04,SUP006,Received,93,776.55
PO09932,2025-06-21,S04,SUP003,Received,87,802.14
PO09933,2025-06-26,S04,SUP003,Received,84,774.48
PO09934,2025-07-02,S04,SUP003,Received,100,922.0
PO09935,2025-07-07,S04,SUP006,Received,94,784.9
PO09936,2025-07-12,S04,SUP006,Received,94,784.9
PO09937,2025-07-18,S04,SUP003,Received,100,922.0
PO09938,2025-07-22,S04,SUP001,Received,83,793.48
PO09939,2025-07-27,S04,SUP001,Received,85,812.6
PO09940,2025-08-01,S04,SUP003,Received,85,783.7
PO09941,2025-08-07,S04,SUP003,Received,91,839.02
PO09942,2025-08-11,S04,SUP003,Received,89,820.58
PO09943,2025-08-16,S04,SUP001,Received,90,860.4
PO09944,2025-08-20,S04,SUP001,Received,86,822.16
PO09945,2025-08-25,S04,SUP003,Received,85,783.7
PO09946,2025-09-01,S04,SUP003,Received,93,857.46
PO09947,2025-09-07,S04,SUP001,Received,92,879.52
PO09948,2025-09-13,S04,SUP001,Received,91,869.96
PO09949,2025-09-18,S04,SUP003,Received,87,802.14
PO09950,2025-09-23,S04,SUP006,Received,86,718.1
PO09951,2025-09-29,S04,SUP001,Received,90,860.4
PO09952,2025-10-05,S04,SUP003,Received,91,839.02
PO09953,2025-10-12,S04,SUP006,Received,89,743.15
PO09954,2025-10-18,S04,SUP003,Received,83,765.26
PO09955,2025-10-24,S04,SUP001,Received,88,841.28
PO09956,2025-10-29,S04,SUP001,Received,82,783.92
PO09957,2025-11-03,S04,SUP001,Received,85,812.6
PO09958,2025-11-09,S04,SUP003,Received,94,866.68
PO09959,2025-11-15,S04,SUP001,Received,92,879.52
PO09960,2025-11-21,S04,SUP003,Received,88,811.36
PO09961,2025-11-26,S04,SUP001,Received,89,850.84
PO09962,2025-12-01,S04,SUP006,Received,89,743.15
PO09963,2025-12-07,S04,SUP003,Received,92,848.24
PO09964,2025-12-13,S04,SUP001,Received,92,879.52
PO09965,2025-12-19,S04,SUP001,Received,84,803.04
PO09966,2025-12-24,S04,SUP006,Received,84,701.4
PO09967,2025-12-28,S04,SUP006,Received,88,734.8
PO09968,2025-01-18,S04,SUP001,Received,223,2667.08
PO09969,2025-02-16,S04,SUP001,Received,238,2846.48
PO09970,2025-03-21,S04,SUP001,Received,224,2679.04
PO09971,2025-04-18,S04,SUP001,Received,230,2750.8
PO09972,2025-05-17,S04,SUP001,Received,227,2714.92
PO09973,2025-06-16,S04,SUP001,Received,236,2822.56
PO09974,2025-07-20,S04,SUP001,Received,224,2679.04
PO09975,2025-08-26,S04,SUP001,Received,224,2679.04
PO09976,2025-10-03,S04,SUP001,Received,227,2714.92
PO09977,2025-11-09,S04,SUP001,Received,228,2726.88
PO09978,2025-12-18,S04,SUP001,Received,225,2691.0
PO09979,2025-01-20,S04,SUP009,Received,288,6114.24
PO09980,2025-02-19,S04,SUP009,Received,280,5944.4
PO09981,2025-03-24,S04,SUP008,Received,288,6010.56
PO09982,2025-04-25,S04,SUP009,Received,281,5965.63
PO09983,2025-05-25,S04,SUP007,Received,281,4982.13
PO09984,2025-06-29,S04,SUP007,Received,285,5053.05
PO09985,2025-08-05,S04,SUP009,Received,283,6008.09
PO09986,2025-09-10,S04,SUP008,Received,289,6031.43
PO09987,2025-10-22,S04,SUP008,Received,282,5885.34
PO09988,2025-11-30,S04,SUP008,Received,280,5843.6
PO09989,2025-01-10,S04,SUP003,Received,172,2843.16
PO09990,2025-01-31,S04,SUP006,Received,175,2871.75
PO09991,2025-02-22,S04,SUP006,Received,170,2789.7
PO09992,2025-03-18,S04,SUP003,Received,172,2843.16
PO09993,2025-04-05,S04,SUP003,Received,170,2810.1
PO09994,2025-04-28,S04,SUP006,Received,176,2888.16
PO09995,2025-05-21,S04,SUP003,Received,172,2843.16
PO09996,2025-06-13,S04,SUP006,Received,175,2871.75
PO09997,2025-07-06,S04,SUP003,Received,172,2843.16
PO09998,2025-07-30,S04,SUP003,Received,176,2909.28
PO09999,2025-08-24,S04,SUP003,Received,171,2826.63
PO10000,2025-09-25,S04,SUP006,Received,170,2789.7
PO10001,2025-10-23,S04,SUP006,Received,176,2888.16
PO10002,2025-11-19,S04,SUP006,Received,171,2806.11
PO10003,2025-12-14,S04,SUP006,Received,171,2806.11
PO10004,2025-01-09,S04,SUP007,Received,135,1683.45
PO10005,2025-01-26,S04,SUP007,Received,138,1720.86
PO10006,2025-02-09,S04,SUP007,Received,136,1695.92
PO10007,2025-02-24,S04,SUP007,Received,141,1758.27
PO10008,2025-03-09,S04,SUP007,Received,137,1708.39
PO10009,2025-03-22,S04,SUP007,Received,134,1670.98
PO10010,2025-04-03,S04,SUP007,Received,142,1770.74
PO10011,2025-04-17,S04,SUP007,Received,136,1695.92
PO10012,2025-05-01,S04,SUP007,Received,139,1733.33
PO10013,2025-05-12,S04,SUP007,Received,132,1646.04
PO10014,2025-05-24,S04,SUP007,Received,141,1758.27
PO10015,2025-06-08,S04,SUP007,Received,136,1695.92
PO10016,2025-06-18,S04,SUP007,Received,143,1783.21
PO10017,2025-07-02,S04,SUP007,Received,138,1720.86
PO10018,2025-07-17,S04,SUP007,Received,133,1658.51
PO10019,2025-08-02,S04,SUP007,Received,134,1670.98
PO10020,2025-08-19,S04,SUP007,Received,141,1758.27
PO10021,2025-09-04,S04,SUP007,Received,134,1670.98
PO10022,2025-09-22,S04,SUP007,Received,133,1658.51
PO10023,2025-10-11,S04,SUP007,Received,134,1670.98
PO10024,2025-10-28,S04,SUP007,Received,137,1708.39
PO10025,2025-11-15,S04,SUP007,Received,137,1708.39
PO10026,2025-12-04,S04,SUP007,Received,140,1745.8
PO10027,2025-12-20,S04,SUP007,Received,142,1770.74
PO10028,2025-01-07,S04,SUP010,Received,346,6670.88
PO10029,2025-01-22,S04,SUP002,Received,346,5940.82
PO10030,2025-02-04,S04,SUP010,Received,336,6478.08
PO10031,2025-02-17,S04,SUP010,Received,346,6670.88
PO10032,2025-03-02,S04,SUP010,Received,346,6670.88
PO10033,2025-03-16,S04,SUP010,Received,345,6651.6
PO10034,2025-03-29,S04,SUP002,Received,346,5940.82
PO10035,2025-04-11,S04,SUP002,Received,346,5940.82
PO10036,2025-04-25,S04,SUP002,Received,346,5940.82
PO10037,2025-05-08,S04,SUP002,Received,342,5872.14
PO10038,2025-05-22,S04,SUP002,Received,345,5923.65
PO10039,2025-06-05,S04,SUP010,Received,346,6670.88
PO10040,2025-06-20,S04,SUP010,Received,346,6670.88
PO10041,2025-07-05,S04,SUP002,Received,335,5751.95
PO10042,2025-07-20,S04,SUP002,Received,346,5940.82
PO10043,2025-08-04,S04,SUP002,Received,338,5803.46
PO10044,2025-08-21,S04,SUP002,Received,346,5940.82
PO10045,2025-09-09,S04,SUP010,Received,346,6670.88
PO10046,2025-09-29,S04,SUP002,Received,346,5940.82
PO10047,2025-10-17,S04,SUP002,Received,343,5889.31
PO10048,2025-11-05,S04,SUP010,Received,335,6458.8
PO10049,2025-11-22,S04,SUP002,Received,338,5803.46
PO10050,2025-12-07,S04,SUP002,Received,338,5803.46
PO10051,2025-12-23,S04,SUP010,Received,337,6497.36
PO10052,2025-02-22,S04,SUP006,Received,395,2188.3
PO10053,2025-05-15,S04,SUP006,Received,397,2199.38
PO10054,2025-08-24,S04,SUP006,Received,398,2204.92
PO10055,2025-12-28,S04,SUP006,Received,397,2199.38
PO10056,2025-01-20,S04,SUP002,Received,484,6897.0
PO10057,2025-02-16,S04,SUP002,Received,484,6897.0
PO10058,2025-03-13,S04,SUP002,Received,484,6897.0
PO10059,2025-04-08,S04,SUP002,Received,484,6897.0
PO10060,2025-05-04,S04,SUP002,Received,484,6897.0
PO10061,2025-06-01,S04,SUP002,Received,484,6897.0
PO10062,2025-06-29,S04,SUP002,Received,484,6897.0
PO10063,2025-08-02,S04,SUP002,Received,480,6840.0
PO10064,2025-09-04,S04,SUP002,Received,484,6897.0
PO10065,2025-10-09,S04,SUP002,Received,484,6897.0
PO10066,2025-11-11,S04,SUP002,Received,484,6897.0
PO10067,2025-12-11,S04,SUP002,Received,484,6897.0
PO10068,2025-01-10,S04,SUP003,Received,109,1934.75
PO10069,2025-01-24,S04,SUP003,Received,115,2041.25
PO10070,2025-02-02,S04,SUP001,Received,109,1523.82
PO10071,2025-02-16,S04,SUP001,Received,122,1705.56
PO10072,2025-02-27,S04,SUP001,Received,117,1635.66
PO10073,2025-03-09,S04,SUP003,Received,113,2005.75
PO10074,2025-03-22,S04,SUP001,Received,119,1663.62
PO10075,2025-04-03,S04,SUP001,Received,113,1579.74
PO10076,2025-04-13,S04,SUP003,Received,122,2165.5
PO10077,2025-04-26,S04,SUP003,Received,112,1988.0
PO10078,2025-05-08,S04,SUP010,Received,111,2024.64
PO10079,2025-05-19,S04,SUP003,Received,114,2023.5
PO10080,2025-05-30,S04,SUP001,Received,108,1509.84
PO10081,2025-06-12,S04,SUP001,Received,111,1551.78
PO10082,2025-06-26,S04,SUP010,Received,113,2061.12
PO10083,2025-07-08,S04,SUP010,Received,115,2097.6
PO10084,2025-07-21,S04,SUP003,Received,109,1934.75
PO10085,2025-08-03,S04,SUP001,Received,109,1523.82
PO10086,2025-08-17,S04,SUP001,Received,111,1551.78
PO10087,2025-08-30,S04,SUP010,Received,108,1969.92
PO10088,2025-09-14,S04,SUP010,Received,112,2042.88
PO10089,2025-09-27,S04,SUP001,Received,111,1551.78
PO10090,2025-10-12,S04,SUP001,Received,110,1537.8
PO10091,2025-10-28,S04,SUP010,Received,111,2024.64
PO10092,2025-11-11,S04,SUP003,Received,111,1970.25
PO10093,2025-11-26,S04,SUP001,Received,110,1537.8
PO10094,2025-12-09,S04,SUP010,Received,109,1988.16
PO10095,2025-12-25,S04,SUP003,Received,108,1917.0
PO10096,2025-01-13,S04,SUP006,Received,192,4295.04
PO10097,2025-02-02,S04,SUP008,Received,190,3819.0
PO10098,2025-02-19,S04,SUP008,Received,185,3718.5
PO10099,2025-03-07,S04,SUP006,Received,190,4250.3
PO10100,2025-03-23,S04,SUP006,Received,191,4272.67
PO10101,2025-04-08,S04,SUP008,Received,187,3758.7
PO10102,2025-04-26,S04,SUP008,Received,188,3778.8
PO10103,2025-05-12,S04,SUP008,Received,183,3678.3
PO10104,2025-05-30,S04,SUP008,Received,188,3778.8
PO10105,2025-06-18,S04,SUP008,Received,192,3859.2
PO10106,2025-07-09,S04,SUP008,Received,187,3758.7
PO10107,2025-07-30,S04,SUP006,Received,183,4093.71
PO10108,2025-08-19,S04,SUP006,Received,183,4093.71
PO10109,2025-09-10,S04,SUP008,Received,184,3698.4
PO10110,2025-10-02,S04,SUP008,Received,184,3698.4
PO10111,2025-10-29,S04,SUP006,Received,187,4183.19
PO10112,2025-11-16,S04,SUP008,Received,182,3658.2
PO10113,2025-12-10,S04,SUP006,Received,189,4227.93
PO10114,2025-12-29,S04,SUP008,Received,183,3678.3
PO10115,2025-01-11,S04,SUP001,Received,226,289.28
PO10116,2025-01-27,S04,SUP001,Received,218,279.04
PO10117,2025-02-13,S04,SUP001,Received,218,279.04
PO10118,2025-03-01,S04,SUP001,Received,222,284.16
PO10119,2025-03-16,S04,SUP001,Received,216,276.48
PO10120,2025-04-01,S04,SUP001,Received,221,282.88
PO10121,2025-04-16,S04,SUP001,Received,216,276.48
PO10122,2025-05-01,S04,SUP001,Received,222,284.16
PO10123,2025-05-16,S04,SUP001,Received,220,281.6
PO10124,2025-06-01,S04,SUP001,Received,224,286.72
PO10125,2025-06-17,S04,SUP001,Received,218,279.04
PO10126,2025-07-05,S04,SUP001,Received,215,275.2
PO10127,2025-07-25,S04,SUP001,Received,216,276.48
PO10128,2025-08-15,S04,SUP001,Received,213,272.64
PO10129,2025-09-05,S04,SUP001,Received,218,279.04
PO10130,2025-09-28,S04,SUP001,Received,215,275.2
PO10131,2025-10-20,S04,SUP001,Received,225,288.0
PO10132,2025-11-08,S04,SUP001,Received,222,284.16
PO10133,2025-11-27,S04,SUP001,Received,214,273.92
PO10134,2025-12-15,S04,SUP001,Received,227,290.56
PO10135,2025-01-12,S04,SUP005,Received,279,225.99
PO10136,2025-01-31,S04,SUP005,Received,273,221.13
PO10137,2025-02-16,S04,SUP005,Received,279,225.99
PO10138,2025-03-03,S04,SUP005,Received,281,227.61
PO10139,2025-03-19,S04,SUP005,Received,277,224.37
PO10140,2025-04-02,S04,SUP005,Received,270,218.7
PO10141,2025-04-18,S04,SUP005,Received,274,221.94
PO10142,2025-05-04,S04,SUP005,Received,277,224.37
PO10143,2025-05-20,S04,SUP005,Received,273,221.13
PO10144,2025-06-06,S04,SUP005,Received,284,230.04
PO10145,2025-06-22,S04,SUP005,Received,278,225.18
PO10146,2025-07-11,S04,SUP005,Received,271,219.51
PO10147,2025-07-29,S04,SUP005,Received,275,222.75
PO10148,2025-08-15,S04,SUP005,Received,284,230.04
PO10149,2025-09-06,S04,SUP005,Received,271,219.51
PO10150,2025-09-27,S04,SUP005,Received,280,226.8
PO10151,2025-10-20,S04,SUP005,Received,277,224.37
PO10152,2025-11-08,S04,SUP005,Received,274,221.94
PO10153,2025-11-28,S04,SUP005,Received,276,223.56
PO10154,2025-12-18,S04,SUP005,Received,279,225.99
PO10155,2025-01-13,S04,SUP005,Received,125,2208.75
PO10156,2025-02-03,S04,SUP008,Received,129,2877.99
PO10157,2025-02-28,S04,SUP005,Received,133,2350.11
PO10158,2025-03-25,S04,SUP004,Received,125,2841.25
PO10159,2025-04-16,S04,SUP008,Received,127,2833.37
PO10160,2025-05-12,S04,SUP005,Received,130,2297.1
PO10161,2025-06-08,S04,SUP008,Received,134,2989.54
PO10162,2025-07-07,S04,SUP008,Received,130,2900.3
PO10163,2025-08-10,S04,SUP008,Received,131,2922.61
PO10164,2025-09-06,S04,SUP008,Received,127,2833.37
PO10165,2025-10-10,S04,SUP004,Received,128,2909.44
PO10166,2025-11-19,S04,SUP005,Received,129,2279.43
PO10167,2025-12-19,S04,SUP008,Received,126,2811.06
PO10168,2025-01-27,S04,SUP009,Received,389,5807.77
PO10169,2025-03-04,S04,SUP009,Received,387,5777.91
PO10170,2025-04-10,S04,SUP005,Received,384,5203.2
PO10171,2025-05-16,S04,SUP010,Received,384,4776.96
PO10172,2025-06-27,S04,SUP005,Received,387,5243.85
PO10173,2025-08-05,S04,SUP005,Received,390,5284.5
PO10174,2025-09-25,S04,SUP010,Received,385,4789.4
PO10175,2025-11-11,S04,SUP005,Received,388,5257.4
PO10176,2025-12-27,S04,SUP005,Received,388,5257.4
PO10177,2025-01-10,S04,SUP008,Received,146,581.08
PO10178,2025-02-02,S04,SUP006,Received,146,522.68
PO10179,2025-02-26,S04,SUP006,Received,149,533.42
PO10180,2025-03-19,S04,SUP008,Received,148,589.04
PO10181,2025-04-07,S04,SUP006,Received,150,537.0
PO10182,2025-04-28,S04,SUP008,Received,148,589.04
PO10183,2025-05-20,S04,SUP008,Received,146,581.08
PO10184,2025-06-13,S04,SUP008,Received,145,577.1
PO10185,2025-07-08,S04,SUP003,Received,152,568.48
PO10186,2025-07-27,S04,SUP003,Received,148,553.52
PO10187,2025-08-20,S04,SUP003,Received,144,538.56
PO10188,2025-09-18,S04,SUP006,Received,144,515.52
PO10189,2025-10-14,S04,SUP006,Received,143,511.94
PO10190,2025-11-08,S04,SUP008,Received,143,569.14
PO10191,2025-12-01,S04,SUP003,Received,143,534.82
PO10192,2025-12-27,S04,SUP008,Received,148,589.04
PO10193,2025-01-10,S04,SUP008,Received,278,2371.34
PO10194,2025-02-15,S04,SUP002,Received,273,2096.64
PO10195,2025-03-19,S04,SUP002,Received,275,2112.0
PO10196,2025-04-20,S04,SUP008,Received,274,2337.22
PO10197,2025-05-21,S04,SUP008,Received,278,2371.34
PO10198,2025-06-27,S04,SUP002,Received,275,2112.0
PO10199,2025-08-09,S04,SUP008,Received,274,2337.22
PO10200,2025-09-23,S04,SUP008,Received,275,2345.75
PO10201,2025-11-03,S04,SUP002,Received,274,2104.32
PO10202,2025-12-17,S04,SUP002,Received,281,2158.08
PO10203,2025-01-08,S04,SUP007,Received,496,3804.32
PO10204,2025-01-28,S04,SUP007,Received,494,3788.98
PO10205,2025-02-16,S04,SUP007,Received,495,3796.65
PO10206,2025-03-07,S04,SUP007,Received,496,3804.32
PO10207,2025-03-26,S04,SUP007,Received,496,3804.32
PO10208,2025-04-14,S04,SUP007,Received,496,3804.32
PO10209,2025-05-03,S04,SUP007,Received,493,3781.31
PO10210,2025-05-24,S04,SUP007,Received,490,3758.3
PO10211,2025-06-13,S04,SUP007,Received,496,3804.32
PO10212,2025-07-05,S04,SUP007,Received,496,3804.32
PO10213,2025-07-26,S04,SUP007,Received,492,3773.64
PO10214,2025-08-19,S04,SUP007,Received,490,3758.3
PO10215,2025-09-13,S04,SUP007,Received,495,3796.65
PO10216,2025-10-09,S04,SUP007,Received,496,3804.32
PO10217,2025-11-01,S04,SUP007,Received,489,3750.63
PO10218,2025-11-26,S04,SUP007,Received,490,3758.3
PO10219,2025-12-19,S04,SUP007,Received,489,3750.63
PO10220,2025-01-02,S04,SUP005,Received,82,1047.96
PO10221,2025-01-07,S04,SUP005,Received,75,958.5
PO10222,2025-01-12,S04,SUP010,Received,81,951.75
PO10223,2025-01-18,S04,SUP010,Received,74,869.5
PO10224,2025-01-24,S04,SUP005,Received,84,1073.52
PO10225,2025-01-29,S04,SUP005,Received,76,971.28
PO10226,2025-02-03,S04,SUP010,Received,89,1045.75
PO10227,2025-02-08,S04,SUP003,Received,88,893.2
PO10228,2025-02-14,S04,SUP005,Received,81,1035.18
PO10229,2025-02-18,S04,SUP005,Received,73,932.94
PO10230,2025-02-23,S04,SUP003,Received,84,852.6
PO10231,2025-03-01,S04,SUP005,Received,88,1124.64
PO10232,2025-03-05,S04,SUP003,Received,81,822.15
PO10233,2025-03-10,S04,SUP005,Received,87,1111.86
PO10234,2025-03-15,S04,SUP010,Received,80,940.0
PO10235,2025-03-20,S04,SUP010,Received,80,940.0
PO10236,2025-03-24,S04,SUP003,Received,84,852.6
PO10237,2025-03-29,S04,SUP010,Received,77,904.75
PO10238,2025-04-03,S04,SUP005,Received,83,1060.74
PO10239,2025-04-07,S04,SUP010,Received,75,881.25
PO10240,2025-04-12,S04,SUP005,Received,82,1047.96
PO10241,2025-04-15,S04,SUP010,Received,73,857.75
PO10242,2025-04-19,S04,SUP010,Received,79,928.25
PO10243,2025-04-23,S04,SUP010,Received,76,893.0
PO10244,2025-04-29,S04,SUP010,Received,85,998.75
PO10245,2025-05-04,S04,SUP010,Received,84,987.0
PO10246,2025-05-08,S04,SUP010,Received,77,904.75
PO10247,2025-05-13,S04,SUP003,Received,89,903.35
PO10248,2025-05-18,S04,SUP010,Received,77,904.75
PO10249,2025-05-22,S04,SUP003,Received,74,751.1
PO10250,2025-05-27,S04,SUP010,Received,81,951.75
PO10251,2025-05-31,S04,SUP003,Received,73,740.95
PO10252,2025-06-05,S04,SUP003,Received,75,761.25
PO10253,2025-06-11,S04,SUP010,Received,80,940.0
PO10254,2025-06-16,S04,SUP010,Received,77,904.75
PO10255,2025-06-22,S04,SUP003,Received,92,933.8
PO10256,2025-06-28,S04,SUP003,Received,82,832.3
PO10257,2025-07-03,S04,SUP005,Received,73,932.94
PO10258,2025-07-08,S04,SUP003,Received,78,791.7
PO10259,2025-07-14,S04,SUP005,Received,73,932.94
PO10260,2025-07-20,S04,SUP010,Received,74,869.5
PO10261,2025-07-26,S04,SUP010,Received,80,940.0
PO10262,2025-07-31,S04,SUP010,Received,78,916.5
PO10263,2025-08-05,S04,SUP005,Received,85,1086.3
PO10264,2025-08-11,S04,SUP010,Received,77,904.75
PO10265,2025-08-17,S04,SUP010,Received,76,893.0
PO10266,2025-08-24,S04,SUP005,Received,87,1111.86
PO10267,2025-09-01,S04,SUP005,Received,80,1022.4
PO10268,2025-09-07,S04,SUP005,Received,75,958.5
PO10269,2025-09-15,S04,SUP003,Received,88,893.2
PO10270,2025-09-21,S04,SUP010,Received,79,928.25
PO10271,2025-09-27,S04,SUP003,Received,79,801.85
PO10272,2025-10-04,S04,SUP010,Received,81,951.75
PO10273,2025-10-11,S04,SUP003,Received,81,822.15
PO10274,2025-10-19,S04,SUP010,Received,93,1092.75
PO10275,2025-10-25,S04,SUP005,Received,93,1188.54
PO10276,2025-11-01,S04,SUP010,Received,79,928.25
PO10277,2025-11-07,S04,SUP005,Received,80,1022.4
PO10278,2025-11-14,S04,SUP003,Received,81,822.15
PO10279,2025-11-20,S04,SUP005,Received,86,1099.08
PO10280,2025-11-26,S04,SUP010,Received,77,904.75
PO10281,2025-12-02,S04,SUP010,Received,76,893.0
PO10282,2025-12-07,S04,SUP003,Received,82,832.3
PO10283,2025-12-13,S04,SUP010,Received,86,1010.5
PO10284,2025-12-19,S04,SUP010,Received,78,916.5
PO10285,2025-12-24,S04,SUP005,Received,76,971.28
PO10286,2025-12-30,S04,SUP005,Received,87,1111.86
PO10287,2025-01-06,S04,SUP010,Received,177,2474.46
PO10288,2025-01-16,S04,SUP010,Received,172,2404.56
PO10289,2025-01-25,S04,SUP009,Received,170,2772.7
PO10290,2025-02-04,S04,SUP009,Received,169,2756.39
PO10291,2025-02-14,S04,SUP009,Received,177,2886.87
PO10292,2025-02-23,S04,SUP009,Received,177,2886.87
PO10293,2025-03-05,S04,SUP010,Received,177,2474.46
PO10294,2025-03-13,S04,SUP009,Received,175,2854.25
PO10295,2025-03-21,S04,SUP009,Received,172,2805.32
PO10296,2025-03-30,S04,SUP009,Received,177,2886.87
PO10297,2025-04-08,S04,SUP010,Received,177,2474.46
PO10298,2025-04-17,S04,SUP009,Received,167,2723.77
PO10299,2025-04-25,S04,SUP010,Received,175,2446.5
PO10300,2025-05-04,S04,SUP010,Received,177,2474.46
PO10301,2025-05-13,S04,SUP009,Received,177,2886.87
PO10302,2025-05-22,S04,SUP010,Received,172,2404.56
PO10303,2025-06-02,S04,SUP009,Received,177,2886.87
PO10304,2025-06-12,S04,SUP010,Received,169,2362.62
PO10305,2025-06-23,S04,SUP009,Received,177,2886.87
PO10306,2025-07-03,S04,SUP010,Received,177,2474.46
PO10307,2025-07-13,S04,SUP009,Received,177,2886.87
PO10308,2025-07-24,S04,SUP009,Received,169,2756.39
PO10309,2025-08-03,S04,SUP009,Received,171,2789.01
PO10310,2025-08-16,S04,SUP010,Received,177,2474.46
PO10311,2025-08-28,S04,SUP010,Received,172,2404.56
PO10312,2025-09-07,S04,SUP010,Received,171,2390.58
PO10313,2025-09-18,S04,SUP010,Received,176,2460.48
PO10314,2025-09-30,S04,SUP009,Received,177,2886.87
PO10315,2025-10-12,S04,SUP009,Received,168,2740.08
PO10316,2025-10-23,S04,SUP009,Received,170,2772.7
PO10317,2025-11-05,S04,SUP010,Received,167,2334.66
PO10318,2025-11-18,S04,SUP009,Received,172,2805.32
PO10319,2025-11-29,S04,SUP010,Received,173,2418.54
PO10320,2025-12-10,S04,SUP009,Received,177,2886.87
PO10321,2025-12-21,S04,SUP010,Received,174,2432.52
PO10322,2025-12-31,S04,SUP009,Received,170,2772.7
PO10323,2025-01-10,S04,SUP002,Received,339,3454.41
PO10324,2025-01-24,S04,SUP001,Received,326,2764.48
PO10325,2025-02-05,S04,SUP010,Received,321,3405.81
PO10326,2025-02-18,S04,SUP001,Received,328,2781.44
PO10327,2025-03-04,S04,SUP002,Received,317,3230.23
PO10328,2025-03-19,S04,SUP001,Received,336,2849.28
PO10329,2025-03-31,S04,SUP010,Received,321,3405.81
PO10330,2025-04-14,S04,SUP010,Received,329,3490.69
PO10331,2025-04-29,S04,SUP002,Received,339,3454.41
PO10332,2025-05-12,S04,SUP002,Received,328,3342.32
PO10333,2025-05-26,S04,SUP001,Received,317,2688.16
PO10334,2025-06-08,S04,SUP010,Received,322,3416.42
PO10335,2025-06-23,S04,SUP001,Received,333,2823.84
PO10336,2025-07-08,S04,SUP002,Received,334,3403.46
PO10337,2025-07-25,S04,SUP010,Received,323,3427.03
PO10338,2025-08-13,S04,SUP010,Received,327,3469.47
PO10339,2025-08-31,S04,SUP002,Received,327,3332.13
PO10340,2025-09-19,S04,SUP002,Received,321,3270.99
PO10341,2025-10-07,S04,SUP010,Received,327,3469.47
PO10342,2025-10-25,S04,SUP002,Received,340,3464.6
PO10343,2025-11-13,S04,SUP002,Received,328,3342.32
PO10344,2025-11-30,S04,SUP002,Received,319,3250.61
PO10345,2025-12-17,S04,SUP002,Received,331,3372.89
PO10346,2025-01-07,S04,SUP007,Received,324,1600.56
PO10347,2025-01-23,S04,SUP007,Received,332,1640.08
PO10348,2025-02-07,S04,SUP005,Received,323,1821.72
PO10349,2025-02-21,S04,SUP007,Received,328,1620.32
PO10350,2025-03-08,S04,SUP008,Received,332,1776.2
PO10351,2025-03-22,S04,SUP005,Received,332,1872.48
PO10352,2025-04-05,S04,SUP005,Received,332,1872.48
PO10353,2025-04-19,S04,SUP005,Received,332,1872.48
PO10354,2025-05-03,S04,SUP005,Received,320,1804.8
PO10355,2025-05-17,S04,SUP007,Received,318,1570.92
PO10356,2025-06-01,S04,SUP005,Received,332,1872.48
PO10357,2025-06-16,S04,SUP008,Received,323,1728.05
PO10358,2025-07-01,S04,SUP007,Received,326,1610.44
PO10359,2025-07-17,S04,SUP008,Received,324,1733.4
PO10360,2025-08-03,S04,SUP005,Received,322,1816.08
PO10361,2025-08-19,S04,SUP007,Received,331,1635.14
PO10362,2025-09-05,S04,SUP008,Received,316,1690.6
PO10363,2025-09-22,S04,SUP007,Received,320,1580.8
PO10364,2025-10-11,S04,SUP008,Received,331,1770.85
PO10365,2025-10-30,S04,SUP007,Received,328,1620.32
PO10366,2025-11-17,S04,SUP005,Received,326,1838.64
PO10367,2025-12-05,S04,SUP007,Received,321,1585.74
PO10368,2025-12-20,S04,SUP005,Received,318,1793.52
PO10369,2025-01-10,S04,SUP007,Received,411,7706.25
PO10370,2025-01-24,S04,SUP003,Received,400,6888.0
PO10371,2025-02-07,S04,SUP003,Received,393,6767.46
PO10372,2025-02-23,S04,SUP007,Received,401,7518.75
PO10373,2025-03-10,S04,SUP003,Received,411,7077.42
PO10374,2025-03-24,S04,SUP007,Received,394,7387.5
PO10375,2025-04-06,S04,SUP003,Received,401,6905.22
PO10376,2025-04-20,S04,SUP007,Received,411,7706.25
PO10377,2025-05-03,S04,SUP003,Received,395,6801.9
PO10378,2025-05-17,S04,SUP003,Received,388,6681.36
PO10379,2025-05-31,S04,SUP003,Received,402,6922.44
PO10380,2025-06-15,S04,SUP007,Received,407,7631.25
PO10381,2025-06-30,S04,SUP007,Received,389,7293.75
PO10382,2025-07-17,S04,SUP007,Received,411,7706.25
PO10383,2025-08-02,S04,SUP003,Received,388,6681.36
PO10384,2025-08-20,S04,SUP003,Received,392,6750.24
PO10385,2025-09-06,S04,SUP007,Received,389,7293.75
PO10386,2025-09-23,S04,SUP003,Received,388,6681.36
PO10387,2025-10-11,S04,SUP003,Received,391,6733.02
PO10388,2025-10-29,S04,SUP007,Received,393,7368.75
PO10389,2025-11-16,S04,SUP003,Received,404,6956.88
PO10390,2025-12-04,S04,SUP003,Received,398,6853.56
PO10391,2025-12-21,S04,SUP003,Received,409,7042.98
PO10392,2025-01-02,S04,SUP001,Received,89,518.87
PO10393,2025-01-05,S04,SUP001,Received,76,443.08
PO10394,2025-01-09,S04,SUP001,Received,79,460.57
PO10395,2025-01-12,S04,SUP001,Received,76,443.08
PO10396,2025-01-16,S04,SUP001,Received,79,460.57
PO10397,2025-01-20,S04,SUP001,Received,89,518.87
PO10398,2025-01-24,S04,SUP001,Received,79,460.57
PO10399,2025-01-28,S04,SUP001,Received,87,507.21
PO10400,2025-02-01,S04,SUP001,Received,82,478.06
PO10401,2025-02-05,S04,SUP001,Received,78,454.74
PO10402,2025-02-09,S04,SUP001,Received,91,530.53
PO10403,2025-02-13,S04,SUP001,Received,90,524.7
PO10404,2025-02-17,S04,SUP001,Received,89,518.87
PO10405,2025-02-21,S04,SUP001,Received,93,542.19
PO10406,2025-02-25,S04,SUP001,Received,84,489.72
PO10407,2025-03-01,S04,SUP001,Received,77,448.91
PO10408,2025-03-05,S04,SUP001,Received,99,577.17
PO10409,2025-03-09,S04,SUP001,Received,91,530.53
PO10410,2025-03-13,S04,SUP001,Received,84,489.72
PO10411,2025-03-16,S04,SUP001,Received,76,443.08
PO10412,2025-03-19,S04,SUP001,Received,78,454.74
PO10413,2025-03-22,S04,SUP001,Received,83,483.89
PO10414,2025-03-25,S04,SUP001,Received,80,466.4
PO10415,2025-03-29,S04,SUP001,Received,97,565.51
PO10416,2025-04-02,S04,SUP001,Received,95,553.85
PO10417,2025-04-05,S04,SUP001,Received,92,536.36
PO10418,2025-04-09,S04,SUP001,Received,93,542.19
PO10419,2025-04-12,S04,SUP001,Received,76,443.08
PO10420,2025-04-15,S04,SUP001,Received,76,443.08
PO10421,2025-04-19,S04,SUP001,Received,93,542.19
PO10422,2025-04-22,S04,SUP001,Received,78,454.74
PO10423,2025-04-26,S04,SUP001,Received,95,553.85
PO10424,2025-04-30,S04,SUP001,Received,83,483.89
PO10425,2025-05-03,S04,SUP001,Received,80,466.4
PO10426,2025-05-06,S04,SUP001,Received,77,448.91
PO10427,2025-05-10,S04,SUP001,Received,83,483.89
PO10428,2025-05-13,S04,SUP001,Received,78,454.74
PO10429,2025-05-17,S04,SUP001,Received,95,553.85
PO10430,2025-05-20,S04,SUP001,Received,81,472.23
PO10431,2025-05-24,S04,SUP001,Received,92,536.36
PO10432,2025-05-28,S04,SUP001,Received,78,454.74
PO10433,2025-06-01,S04,SUP001,Received,85,495.55
PO10434,2025-06-05,S04,SUP001,Received,85,495.55
PO10435,2025-06-09,S04,SUP001,Received,80,466.4
PO10436,2025-06-14,S04,SUP001,Received,96,559.68
PO10437,2025-06-18,S04,SUP001,Received,79,460.57
PO10438,2025-06-22,S04,SUP001,Received,89,518.87
PO10439,2025-06-25,S04,SUP001,Received,81,472.23
PO10440,2025-06-29,S04,SUP001,Received,82,478.06
PO10441,2025-07-03,S04,SUP001,Received,85,495.55
PO10442,2025-07-08,S04,SUP001,Received,102,594.66
PO10443,2025-07-13,S04,SUP001,Received,93,542.19
PO10444,2025-07-18,S04,SUP001,Received,82,478.06
PO10445,2025-07-22,S04,SUP001,Received,92,536.36
PO10446,2025-07-27,S04,SUP001,Received,88,513.04
PO10447,2025-08-01,S04,SUP001,Received,89,518.87
PO10448,2025-08-05,S04,SUP001,Received,84,489.72
PO10449,2025-08-10,S04,SUP001,Received,95,553.85
PO10450,2025-08-15,S04,SUP001,Received,88,513.04
PO10451,2025-08-20,S04,SUP001,Received,82,478.06
PO10452,2025-08-26,S04,SUP001,Received,83,483.89
PO10453,2025-08-31,S04,SUP001,Received,87,507.21
PO10454,2025-09-05,S04,SUP001,Received,84,489.72
PO10455,2025-09-10,S04,SUP001,Received,95,553.85
PO10456,2025-09-16,S04,SUP001,Received,91,530.53
PO10457,2025-09-21,S04,SUP001,Received,88,513.04
PO10458,2025-09-25,S04,SUP001,Received,82,478.06
PO10459,2025-09-30,S04,SUP001,Received,87,507.21
PO10460,2025-10-05,S04,SUP001,Received,83,483.89
PO10461,2025-10-10,S04,SUP001,Received,77,448.91
PO10462,2025-10-15,S04,SUP001,Received,91,530.53
PO10463,2025-10-20,S04,SUP001,Received,86,501.38
PO10464,2025-10-25,S04,SUP001,Received,91,530.53
PO10465,2025-10-29,S04,SUP001,Received,76,443.08
PO10466,2025-11-03,S04,SUP001,Received,92,536.36
PO10467,2025-11-07,S04,SUP001,Received,80,466.4
PO10468,2025-11-11,S04,SUP001,Received,77,448.91
PO10469,2025-11-16,S04,SUP001,Received,88,513.04
PO10470,2025-11-20,S04,SUP001,Received,76,443.08
PO10471,2025-11-24,S04,SUP001,Received,86,501.38
PO10472,2025-11-28,S04,SUP001,Received,84,489.72
PO10473,2025-12-03,S04,SUP001,Received,89,518.87
PO10474,2025-12-07,S04,SUP001,Received,92,536.36
PO10475,2025-12-12,S04,SUP001,Received,95,553.85
PO10476,2025-12-17,S04,SUP001,Received,92,536.36
PO10477,2025-12-21,S04,SUP001,Received,81,472.23
PO10478,2025-12-25,S04,SUP001,Received,79,460.57
PO10479,2025-12-28,S04,SUP001,Received,78,454.74
PO10480,2025-01-02,S04,SUP006,Received,91,231.14
PO10481,2025-01-09,S04,SUP006,Received,80,203.2
PO10482,2025-01-17,S04,SUP006,Received,83,210.82
PO10483,2025-01-23,S04,SUP006,Received,89,226.06
PO10484,2025-01-30,S04,SUP006,Received,84,213.36
PO10485,2025-02-05,S04,SUP006,Received,82,208.28
PO10486,2025-02-11,S04,SUP006,Received,81,205.74
PO10487,2025-02-19,S04,SUP006,Received,83,210.82
PO10488,2025-02-26,S04,SUP006,Received,89,226.06
PO10489,2025-03-06,S04,SUP006,Received,93,236.22
PO10490,2025-03-12,S04,SUP006,Received,84,213.36
PO10491,2025-03-18,S04,SUP006,Received,85,215.9
PO10492,2025-03-24,S04,SUP006,Received,86,218.44
PO10493,2025-03-30,S04,SUP006,Received,83,210.82
PO10494,2025-04-05,S04,SUP006,Received,84,213.36
PO10495,2025-04-12,S04,SUP006,Received,87,220.98
PO10496,2025-04-19,S04,SUP006,Received,86,218.44
PO10497,2025-04-26,S04,SUP006,Received,88,223.52
PO10498,2025-05-04,S04,SUP006,Received,95,241.3
PO10499,2025-05-11,S04,SUP006,Received,89,226.06
PO10500,2025-05-18,S04,SUP006,Received,91,231.14
PO10501,2025-05-24,S04,SUP006,Received,88,223.52
PO10502,2025-06-01,S04,SUP006,Received,95,241.3
PO10503,2025-06-07,S04,SUP006,Received,87,220.98
PO10504,2025-06-14,S04,SUP006,Received,83,210.82
PO10505,2025-06-22,S04,SUP006,Received,90,228.6
PO10506,2025-06-30,S04,SUP006,Received,91,231.14
PO10507,2025-07-08,S04,SUP006,Received,86,218.44
PO10508,2025-07-16,S04,SUP006,Received,84,213.36
PO10509,2025-07-23,S04,SUP006,Received,82,208.28
PO10510,2025-08-02,S04,SUP006,Received,86,218.44
PO10511,2025-08-11,S04,SUP006,Received,87,220.98
PO10512,2025-08-20,S04,SUP006,Received,83,210.82
PO10513,2025-08-31,S04,SUP006,Received,85,215.9
PO10514,2025-09-09,S04,SUP006,Received,84,213.36
PO10515,2025-09-17,S04,SUP006,Received,83,210.82
PO10516,2025-09-26,S04,SUP006,Received,86,218.44
PO10517,2025-10-06,S04,SUP006,Received,81,205.74
PO10518,2025-10-15,S04,SUP006,Received,80,203.2
PO10519,2025-10-25,S04,SUP006,Received,83,210.82
PO10520,2025-11-02,S04,SUP006,Received,80,203.2
PO10521,2025-11-11,S04,SUP006,Received,84,213.36
PO10522,2025-11-20,S04,SUP006,Received,85,215.9
PO10523,2025-11-27,S04,SUP006,Received,82,208.28
PO10524,2025-12-06,S04,SUP006,Received,81,205.74
PO10525,2025-12-14,S04,SUP006,Received,85,215.9
PO10526,2025-12-21,S04,SUP006,Received,82,208.28
PO10527,2025-12-29,S04,SUP006,Received,88,223.52
PO10528,2025-01-12,S04,SUP008,Received,394,5776.04
PO10529,2025-02-06,S04,SUP008,Received,394,5776.04
PO10530,2025-03-01,S04,SUP008,Received,410,6010.6
PO10531,2025-03-22,S04,SUP008,Received,395,5790.7
PO10532,2025-04-14,S04,SUP008,Received,403,5907.98
PO10533,2025-05-06,S04,SUP008,Received,398,5834.68
PO10534,2025-05-30,S04,SUP008,Received,406,5951.96
PO10535,2025-06-24,S04,SUP008,Received,394,5776.04
PO10536,2025-07-20,S04,SUP008,Received,410,6010.6
PO10537,2025-08-16,S04,SUP008,Received,397,5820.02
PO10538,2025-09-15,S04,SUP008,Received,398,5834.68
PO10539,2025-10-17,S04,SUP008,Received,405,5937.3
PO10540,2025-11-15,S04,SUP008,Received,394,5776.04
PO10541,2025-12-14,S04,SUP008,Received,399,5849.34
PO10542,2025-01-19,S04,SUP001,Received,423,2931.39
PO10543,2025-02-16,S04,SUP002,Received,441,2465.19
PO10544,2025-03-18,S04,SUP002,Received,443,2476.37
PO10545,2025-04-13,S04,SUP002,Received,428,2392.52
PO10546,2025-05-11,S04,SUP002,Received,424,2370.16
PO10547,2025-06-10,S04,SUP002,Received,430,2403.7
PO10548,2025-07-11,S04,SUP001,Received,426,2952.18
PO10549,2025-08-11,S04,SUP002,Received,427,2386.93
PO10550,2025-09-14,S04,SUP002,Received,435,2431.65
PO10551,2025-10-23,S04,SUP002,Received,425,2375.75
PO10552,2025-11-25,S04,SUP002,Received,431,2409.29
PO10553,2025-12-26,S04,SUP002,Received,424,2370.16
PO10554,2025-01-05,S04,SUP010,Received,246,3040.56
PO10555,2025-01-14,S04,SUP008,Received,245,3608.85
PO10556,2025-01-24,S04,SUP010,Received,240,2966.4
PO10557,2025-02-03,S04,SUP010,Received,256,3164.16
PO10558,2025-02-13,S04,SUP010,Received,255,3151.8
PO10559,2025-02-23,S04,SUP008,Received,242,3564.66
PO10560,2025-03-04,S04,SUP010,Received,235,2904.6
PO10561,2025-03-13,S04,SUP008,Received,250,3682.5
PO10562,2025-03-23,S04,SUP010,Received,258,3188.88
PO10563,2025-04-02,S04,SUP008,Received,241,3549.93
PO10564,2025-04-11,S04,SUP010,Received,241,2978.76
PO10565,2025-04-20,S04,SUP008,Received,273,4021.29
PO10566,2025-04-30,S04,SUP008,Received,236,3476.28
PO10567,2025-05-10,S04,SUP008,Received,259,3815.07
PO10568,2025-05-19,S04,SUP010,Received,231,2855.16
PO10569,2025-05-30,S04,SUP008,Received,245,3608.85
PO10570,2025-06-09,S04,SUP008,Received,250,3682.5
PO10571,2025-06-21,S04,SUP008,Received,251,3697.23
PO10572,2025-07-01,S04,SUP008,Received,248,3653.04
PO10573,2025-07-11,S04,SUP010,Received,240,2966.4
PO10574,2025-07-22,S04,SUP010,Received,244,3015.84
PO10575,2025-08-03,S04,SUP008,Received,241,3549.93
PO10576,2025-08-15,S04,SUP008,Received,246,3623.58
PO10577,2025-08-25,S04,SUP010,Received,240,2966.4
PO10578,2025-09-06,S04,SUP008,Received,249,3667.77
PO10579,2025-09-19,S04,SUP010,Received,235,2904.6
PO10580,2025-10-01,S04,SUP008,Received,232,3417.36
PO10581,2025-10-14,S04,SUP008,Received,234,3446.82
PO10582,2025-10-25,S04,SUP008,Received,239,3520.47
PO10583,2025-11-06,S04,SUP010,Received,247,3052.92
PO10584,2025-11-17,S04,SUP010,Received,240,2966.4
PO10585,2025-11-30,S04,SUP010,Received,242,2991.12
PO10586,2025-12-11,S04,SUP010,Received,251,3102.36
PO10587,2025-12-21,S04,SUP008,Received,241,3549.93
PO10588,2025-01-18,S04,SUP007,Received,374,3036.88
PO10589,2025-02-10,S04,SUP001,Received,375,2812.5
PO10590,2025-03-05,S04,SUP001,Received,376,2820.0
PO10591,2025-03-26,S04,SUP007,Received,384,3118.08
PO10592,2025-04-19,S04,SUP007,Received,388,3150.56
PO10593,2025-05-12,S04,SUP007,Received,392,3183.04
PO10594,2025-06-08,S04,SUP007,Received,378,3069.36
PO10595,2025-07-05,S04,SUP007,Received,389,3158.68
PO10596,2025-07-31,S04,SUP007,Received,377,3061.24
PO10597,2025-09-01,S04,SUP001,Received,380,2850.0
PO10598,2025-10-02,S04,SUP007,Received,378,3069.36
PO10599,2025-11-03,S04,SUP007,Received,386,3134.32
PO10600,2025-12-03,S04,SUP007,Received,374,3036.88
PO10601,2025-12-29,S04,SUP001,Received,386,2895.0
PO10602,2025-01-19,S04,SUP010,Received,448,1057.28
PO10603,2025-02-26,S04,SUP010,Received,441,1040.76
PO10604,2025-04-03,S04,SUP010,Received,445,1050.2
PO10605,2025-05-06,S04,SUP010,Received,446,1052.56
PO10606,2025-06-09,S04,SUP010,Received,442,1043.12
PO10607,2025-07-13,S04,SUP010,Received,446,1052.56
PO10608,2025-08-18,S04,SUP010,Received,440,1038.4
PO10609,2025-10-04,S04,SUP002,Received,444,1354.2
PO10610,2025-11-16,S04,SUP010,Received,435,1026.6
PO10611,2025-12-24,S04,SUP010,Received,441,1040.76
PO10612,2025-01-09,S04,SUP010,Received,149,761.39
PO10613,2025-01-31,S04,SUP010,Received,149,761.39
PO10614,2025-02-20,S04,SUP010,Received,147,751.17
PO10615,2025-03-12,S04,SUP010,Received,154,786.94
PO10616,2025-04-01,S04,SUP010,Received,148,756.28
PO10617,2025-04-22,S04,SUP010,Received,150,766.5
PO10618,2025-05-11,S04,SUP010,Received,152,776.72
PO10619,2025-05-31,S04,SUP010,Received,154,786.94
PO10620,2025-06-20,S04,SUP010,Received,149,761.39
PO10621,2025-07-12,S04,SUP010,Received,154,786.94
PO10622,2025-08-06,S04,SUP010,Received,152,776.72
PO10623,2025-08-30,S04,SUP010,Received,151,771.61
PO10624,2025-09-22,S04,SUP010,Received,148,756.28
PO10625,2025-10-17,S04,SUP010,Received,152,776.72
PO10626,2025-11-11,S04,SUP010,Received,152,776.72
PO10627,2025-12-04,S04,SUP010,Received,146,746.06
PO10628,2025-12-23,S04,SUP010,Received,146,746.06
PO10629,2025-01-02,S04,SUP006,Received,92,2216.28
PO10630,2025-01-10,S04,SUP006,Received,84,2023.56
PO10631,2025-01-17,S04,SUP006,Received,82,1975.38
PO10632,2025-01-25,S04,SUP006,Received,85,2047.65
PO10633,2025-02-02,S04,SUP006,Received,86,2071.74
PO10634,2025-02-10,S04,SUP006,Received,85,2047.65
PO10635,2025-02-18,S04,SUP006,Received,88,2119.92
PO10636,2025-02-25,S04,SUP006,Received,88,2119.92
PO10637,2025-03-04,S04,SUP006,Received,92,2216.28
PO10638,2025-03-12,S04,SUP006,Received,95,2288.55
PO10639,2025-03-20,S04,SUP006,Received,87,2095.83
PO10640,2025-03-27,S04,SUP006,Received,84,2023.56
PO10641,2025-04-05,S04,SUP006,Received,88,2119.92
PO10642,2025-04-13,S04,SUP006,Received,96,2312.64
PO10643,2025-04-19,S04,SUP006,Received,91,2192.19
PO10644,2025-04-26,S04,SUP006,Received,81,1951.29
PO10645,2025-05-04,S04,SUP006,Received,97,2336.73
PO10646,2025-05-11,S04,SUP006,Received,81,1951.29
PO10647,2025-05-21,S04,SUP006,Received,88,2119.92
PO10648,2025-05-28,S04,SUP006,Received,90,2168.1
PO10649,2025-06-06,S04,SUP006,Received,94,2264.46
PO10650,2025-06-13,S04,SUP006,Received,85,2047.65
PO10651,2025-06-22,S04,SUP006,Received,91,2192.19
PO10652,2025-07-01,S04,SUP006,Received,83,1999.47
PO10653,2025-07-10,S04,SUP006,Received,88,2119.92
PO10654,2025-07-17,S04,SUP006,Received,82,1975.38
PO10655,2025-07-26,S04,SUP006,Received,88,2119.92
PO10656,2025-08-04,S04,SUP006,Received,81,1951.29
PO10657,2025-08-15,S04,SUP006,Received,86,2071.74
PO10658,2025-08-25,S04,SUP006,Received,83,1999.47
PO10659,2025-09-05,S04,SUP006,Received,81,1951.29
PO10660,2025-09-14,S04,SUP006,Received,85,2047.65
PO10661,2025-09-24,S04,SUP006,Received,85,2047.65
PO10662,2025-10-04,S04,SUP006,Received,85,2047.65
PO10663,2025-10-13,S04,SUP006,Received,88,2119.92
PO10664,2025-10-23,S04,SUP006,Received,83,1999.47
PO10665,2025-11-02,S04,SUP006,Received,85,2047.65
PO10666,2025-11-14,S04,SUP006,Received,85,2047.65
PO10667,2025-11-23,S04,SUP006,Received,84,2023.56
PO10668,2025-12-01,S04,SUP006,Received,84,2023.56
PO10669,2025-12-08,S04,SUP006,Received,82,1975.38
PO10670,2025-12-17,S04,SUP006,Received,89,2144.01
PO10671,2025-12-25,S04,SUP006,Received,88,2119.92
PO10672,2025-02-04,S04,SUP006,Received,373,2245.46
PO10673,2025-03-21,S04,SUP003,Received,372,2008.8
PO10674,2025-04-30,S04,SUP009,Received,379,2141.35
PO10675,2025-06-14,S04,SUP003,Received,378,2041.2
PO10676,2025-07-29,S04,SUP003,Received,374,2019.6
PO10677,2025-09-18,S04,SUP009,Received,370,2090.5
PO10678,2025-11-12,S04,SUP009,Received,371,2096.15
PO10679,2025-12-31,S04,SUP009,Received,377,2130.05
PO10680,2025-01-02,S04,SUP005,Received,99,2125.53
PO10681,2025-01-05,S04,SUP005,Received,86,1846.42
PO10682,2025-01-09,S04,SUP007,Received,92,1792.16
PO10683,2025-01-13,S04,SUP002,Received,88,2008.16
PO10684,2025-01-16,S04,SUP002,Received,84,1916.88
PO10685,2025-01-19,S04,SUP005,Received,87,1867.89
PO10686,2025-01-23,S04,SUP007,Received,95,1850.6
PO10687,2025-01-26,S04,SUP007,Received,85,1655.8
PO10688,2025-01-30,S04,SUP007,Received,101,1967.48
PO10689,2025-02-03,S04,SUP007,Received,87,1694.76
PO10690,2025-02-08,S04,SUP002,Received,109,2487.38
PO10691,2025-02-12,S04,SUP005,Received,106,2275.82
PO10692,2025-02-16,S04,SUP002,Received,101,2304.82
PO10693,2025-02-20,S04,SUP002,Received,100,2282.0
PO10694,2025-02-23,S04,SUP007,Received,97,1889.56
PO10695,2025-02-26,S04,SUP007,Received,87,1694.76
PO10696,2025-03-02,S04,SUP002,Received,107,2441.74
PO10697,2025-03-06,S04,SUP002,Received,95,2167.9
PO10698,2025-03-09,S04,SUP002,Received,92,2099.44
PO10699,2025-03-13,S04,SUP007,Received,103,2006.44
PO10700,2025-03-16,S04,SUP007,Received,91,1772.68
PO10701,2025-03-20,S04,SUP002,Received,90,2053.8
PO10702,2025-03-24,S04,SUP007,Received,103,2006.44
PO10703,2025-03-28,S04,SUP007,Received,105,2045.4
PO10704,2025-04-01,S04,SUP007,Received,96,1870.08
PO10705,2025-04-05,S04,SUP007,Received,104,2025.92
PO10706,2025-04-08,S04,SUP005,Received,92,1975.24
PO10707,2025-04-11,S04,SUP007,Received,85,1655.8
PO10708,2025-04-14,S04,SUP005,Received,92,1975.24
PO10709,2025-04-18,S04,SUP007,Received,99,1928.52
PO10710,2025-04-21,S04,SUP007,Received,85,1655.8
PO10711,2025-04-24,S04,SUP007,Received,85,1655.8
PO10712,2025-04-27,S04,SUP005,Received,86,1846.42
PO10713,2025-05-01,S04,SUP002,Received,100,2282.0
PO10714,2025-05-04,S04,SUP002,Received,87,1985.34
PO10715,2025-05-07,S04,SUP002,Received,85,1939.7
PO10716,2025-05-10,S04,SUP002,Received,87,1985.34
PO10717,2025-05-14,S04,SUP002,Received,94,2145.08
PO10718,2025-05-18,S04,SUP002,Received,109,2487.38
PO10719,2025-05-22,S04,SUP002,Received,96,2190.72
PO10720,2025-05-25,S04,SUP007,Received,94,1831.12
PO10721,2025-05-29,S04,SUP005,Received,98,2104.06
PO10722,2025-06-01,S04,SUP005,Received,95,2039.65
PO10723,2025-06-06,S04,SUP007,Received,104,2025.92
PO10724,2025-06-09,S04,SUP005,Received,85,1824.95
PO10725,2025-06-13,S04,SUP002,Received,102,2327.64
PO10726,2025-06-17,S04,SUP007,Received,102,1986.96
PO10727,2025-06-21,S04,SUP002,Received,107,2441.74
PO10728,2025-06-25,S04,SUP005,Received,88,1889.36
PO10729,2025-06-29,S04,SUP007,Received,89,1733.72
PO10730,2025-07-04,S04,SUP002,Received,105,2396.1
PO10731,2025-07-08,S04,SUP002,Received,90,2053.8
PO10732,2025-07-12,S04,SUP007,Received,84,1636.32
PO10733,2025-07-16,S04,SUP005,Received,91,1953.77
PO10734,2025-07-20,S04,SUP005,Received,93,1996.71
PO10735,2025-07-25,S04,SUP005,Received,86,1846.42
PO10736,2025-07-29,S04,SUP005,Received,88,1889.36
PO10737,2025-08-02,S04,SUP005,Received,86,1846.42
PO10738,2025-08-06,S04,SUP005,Received,84,1803.48
PO10739,2025-08-11,S04,SUP005,Received,85,1824.95
PO10740,2025-08-16,S04,SUP002,Received,90,2053.8
PO10741,2025-08-21,S04,SUP005,Received,95,2039.65
PO10742,2025-08-26,S04,SUP002,Received,95,2167.9
PO10743,2025-08-30,S04,SUP007,Received,86,1675.28
PO10744,2025-09-03,S04,SUP007,Received,88,1714.24
PO10745,2025-09-08,S04,SUP002,Received,85,1939.7
PO10746,2025-09-13,S04,SUP005,Received,108,2318.76
PO10747,2025-09-18,S04,SUP007,Received,96,1870.08
PO10748,2025-09-22,S04,SUP005,Received,85,1824.95
PO10749,2025-09-27,S04,SUP005,Received,86,1846.42
PO10750,2025-10-01,S04,SUP007,Received,87,1694.76
PO10751,2025-10-06,S04,SUP005,Received,106,2275.82
PO10752,2025-10-10,S04,SUP007,Received,85,1655.8
PO10753,2025-10-15,S04,SUP005,Received,90,1932.3
PO10754,2025-10-20,S04,SUP007,Received,106,2064.88
PO10755,2025-10-26,S04,SUP005,Received,101,2168.47
PO10756,2025-10-31,S04,SUP005,Received,85,1824.95
PO10757,2025-11-04,S04,SUP005,Received,87,1867.89
PO10758,2025-11-09,S04,SUP005,Received,97,2082.59
PO10759,2025-11-14,S04,SUP007,Received,101,1967.48
PO10760,2025-11-19,S04,SUP007,Received,105,2045.4
PO10761,2025-11-24,S04,SUP005,Received,88,1889.36
PO10762,2025-11-28,S04,SUP005,Received,88,1889.36
PO10763,2025-12-02,S04,SUP002,Received,91,2076.62
PO10764,2025-12-07,S04,SUP005,Received,98,2104.06
PO10765,2025-12-11,S04,SUP005,Received,92,1975.24
PO10766,2025-12-16,S04,SUP007,Received,95,1850.6
PO10767,2025-12-21,S04,SUP007,Received,92,1792.16
PO10768,2025-12-25,S04,SUP002,Received,86,1962.52
PO10769,2025-12-29,S04,SUP007,Received,99,1928.52
PO10770,2025-01-17,S04,SUP004,Received,439,8780.0
PO10771,2025-02-06,S04,SUP004,Received,432,8640.0
PO10772,2025-02-26,S04,SUP001,Received,434,9313.64
PO10773,2025-03-16,S04,SUP002,Received,442,10068.76
PO10774,2025-04-03,S04,SUP002,Received,437,9954.86
PO10775,2025-04-22,S04,SUP002,Received,447,10182.66
PO10776,2025-05-09,S04,SUP004,Received,430,8600.0
PO10777,2025-05-28,S04,SUP002,Received,427,9727.06
PO10778,2025-06-18,S04,SUP004,Received,428,8560.0
PO10779,2025-07-09,S04,SUP001,Received,437,9378.02
PO10780,2025-07-31,S04,SUP002,Received,428,9749.84
PO10781,2025-08-23,S04,SUP002,Received,427,9727.06
PO10782,2025-09-18,S04,SUP002,Received,430,9795.4
PO10783,2025-10-14,S04,SUP002,Received,436,9932.08
PO10784,2025-11-06,S04,SUP004,Received,436,8720.0
PO10785,2025-11-29,S04,SUP004,Received,433,8660.0
PO10786,2025-12-23,S04,SUP002,Received,445,10137.1
PO10787,2025-02-04,S04,SUP006,Received,258,3996.42
PO10788,2025-03-30,S04,SUP009,Received,259,3436.93
PO10789,2025-05-22,S04,SUP009,Received,259,3436.93
PO10790,2025-07-16,S04,SUP006,Received,259,4011.91
PO10791,2025-09-20,S04,SUP006,Received,259,4011.91
PO10792,2025-11-24,S04,SUP004,Received,259,4379.69
PO10793,2025-01-05,S04,SUP004,Received,207,2254.23
PO10794,2025-01-13,S04,SUP004,Received,220,2395.8
PO10795,2025-01-21,S04,SUP004,Received,205,2232.45
PO10796,2025-01-30,S04,SUP004,Received,216,2352.24
PO10797,2025-02-06,S04,SUP004,Received,224,2439.36
PO10798,2025-02-13,S04,SUP004,Received,222,2417.58
PO10799,2025-02-21,S04,SUP004,Received,207,2254.23
PO10800,2025-03-01,S04,SUP004,Received,208,2265.12
PO10801,2025-03-09,S04,SUP004,Received,230,2504.7
PO10802,2025-03-17,S04,SUP004,Received,219,2384.91
PO10803,2025-03-24,S04,SUP004,Received,215,2341.35
PO10804,2025-03-31,S04,SUP004,Received,210,2286.9
PO10805,2025-04-08,S04,SUP004,Received,217,2363.13
PO10806,2025-04-16,S04,SUP004,Received,220,2395.8
PO10807,2025-04-23,S04,SUP004,Received,234,2548.26
PO10808,2025-04-30,S04,SUP004,Received,217,2363.13
PO10809,2025-05-08,S04,SUP004,Received,223,2428.47
PO10810,2025-05-16,S04,SUP004,Received,232,2526.48
PO10811,2025-05-24,S04,SUP004,Received,235,2559.15
PO10812,2025-05-31,S04,SUP004,Received,213,2319.57
PO10813,2025-06-08,S04,SUP004,Received,217,2363.13
PO10814,2025-06-15,S04,SUP004,Received,205,2232.45
PO10815,2025-06-23,S04,SUP004,Received,218,2374.02
PO10816,2025-07-02,S04,SUP004,Received,223,2428.47
PO10817,2025-07-11,S04,SUP004,Received,222,2417.58
PO10818,2025-07-19,S04,SUP004,Received,220,2395.8
PO10819,2025-07-28,S04,SUP004,Received,208,2265.12
PO10820,2025-08-05,S04,SUP004,Received,207,2254.23
PO10821,2025-08-15,S04,SUP004,Received,217,2363.13
PO10822,2025-08-24,S04,SUP004,Received,235,2559.15
PO10823,2025-09-02,S04,SUP004,Received,219,2384.91
PO10824,2025-09-11,S04,SUP004,Received,205,2232.45
PO10825,2025-09-21,S04,SUP004,Received,211,2297.79
PO10826,2025-10-02,S04,SUP004,Received,210,2286.9
PO10827,2025-10-11,S04,SUP004,Received,222,2417.58
PO10828,2025-10-21,S04,SUP004,Received,211,2297.79
PO10829,2025-10-31,S04,SUP004,Received,211,2297.79
PO10830,2025-11-09,S04,SUP004,Received,205,2232.45
PO10831,2025-11-18,S04,SUP004,Received,207,2254.23
PO10832,2025-11-29,S04,SUP004,Received,216,2352.24
PO10833,2025-12-08,S04,SUP004,Received,205,2232.45
PO10834,2025-12-16,S04,SUP004,Received,215,2341.35
PO10835,2025-12-25,S04,SUP004,Received,215,2341.35
PO10836,2025-01-09,S04,SUP004,Received,411,5059.41
PO10837,2025-02-05,S04,SUP004,Received,418,5145.58
PO10838,2025-03-02,S04,SUP005,Received,421,5380.38
PO10839,2025-03-27,S04,SUP005,Received,413,5278.14
PO10840,2025-04-20,S04,SUP004,Received,413,5084.03
PO10841,2025-05-14,S04,SUP005,Received,410,5239.8
PO10842,2025-06-09,S04,SUP004,Received,409,5034.79
PO10843,2025-07-04,S04,SUP005,Received,408,5214.24
PO10844,2025-08-05,S04,SUP004,Received,423,5207.13
PO10845,2025-09-04,S04,SUP005,Received,409,5227.02
PO10846,2025-10-06,S04,SUP005,Received,425,5431.5
PO10847,2025-11-09,S04,SUP005,Received,415,5303.7
PO10848,2025-12-09,S04,SUP004,Received,420,5170.2
PO10849,2025-01-12,S04,SUP007,Received,319,7212.59
PO10850,2025-01-27,S04,SUP009,Received,311,8229.06
PO10851,2025-02-11,S04,SUP009,Received,319,8440.74
PO10852,2025-02-27,S04,SUP007,Received,319,7212.59
PO10853,2025-03-12,S04,SUP010,Received,318,7546.14
PO10854,2025-03-25,S04,SUP010,Received,319,7569.87
PO10855,2025-04-09,S04,SUP010,Received,313,7427.49
PO10856,2025-04-23,S04,SUP009,Received,317,8387.82
PO10857,2025-05-07,S04,SUP010,Received,316,7498.68
PO10858,2025-05-21,S04,SUP007,Received,319,7212.59
PO10859,2025-06-04,S04,SUP010,Received,309,7332.57
PO10860,2025-06-19,S04,SUP009,Received,309,8176.14
PO10861,2025-07-04,S04,SUP010,Received,317,7522.41
PO10862,2025-07-21,S04,SUP007,Received,315,7122.15
PO10863,2025-08-07,S04,SUP010,Received,319,7569.87
PO10864,2025-08-24,S04,SUP009,Received,318,8414.28
PO10865,2025-09-10,S04,SUP007,Received,319,7212.59
PO10866,2025-09-28,S04,SUP010,Received,319,7569.87
PO10867,2025-10-15,S04,SUP007,Received,311,7031.71
PO10868,2025-11-02,S04,SUP009,Received,314,8308.44
PO10869,2025-11-20,S04,SUP007,Received,319,7212.59
PO10870,2025-12-07,S04,SUP007,Received,310,7009.1
PO10871,2025-12-23,S04,SUP007,Received,316,7144.76
PO10872,2025-01-08,S04,SUP009,Received,384,9792.0
PO10873,2025-01-22,S04,SUP010,Received,370,7770.0
PO10874,2025-02-04,S04,SUP010,Received,380,7980.0
PO10875,2025-02-17,S04,SUP009,Received,363,9256.5
PO10876,2025-03-02,S04,SUP010,Received,370,7770.0
PO10877,2025-03-15,S04,SUP005,Received,392,8475.04
PO10878,2025-03-28,S04,SUP005,Received,360,7783.2
PO10879,2025-04-09,S04,SUP009,Received,368,9384.0
PO10880,2025-04-22,S04,SUP005,Received,382,8258.84
PO10881,2025-05-05,S04,SUP010,Received,382,8022.0
PO10882,2025-05-19,S04,SUP009,Received,365,9307.5
PO10883,2025-06-02,S04,SUP009,Received,377,9613.5
PO10884,2025-06-15,S04,SUP005,Received,384,8302.08
PO10885,2025-06-29,S04,SUP010,Received,366,7686.0
PO10886,2025-07-15,S04,SUP009,Received,378,9639.0
PO10887,2025-08-01,S04,SUP005,Received,370,7999.4
PO10888,2025-08-16,S04,SUP005,Received,370,7999.4
PO10889,2025-09-04,S04,SUP005,Received,374,8085.88
PO10890,2025-09-21,S04,SUP010,Received,387,8127.0
PO10891,2025-10-08,S04,SUP010,Received,366,7686.0
PO10892,2025-10-25,S04,SUP010,Received,369,7749.0
PO10893,2025-11-11,S04,SUP010,Received,387,8127.0
PO10894,2025-11-26,S04,SUP005,Received,390,8431.8
PO10895,2025-12-13,S04,SUP009,Received,393,10021.5
PO10896,2025-12-28,S04,SUP010,Received,377,7917.0
PO10897,2025-01-01,S04,SUP003,Received,43,789.05
PO10898,2025-01-03,S04,SUP003,Received,52,954.2
PO10899,2025-01-05,S04,SUP003,Received,42,770.7
PO10900,2025-01-07,S04,SUP003,Received,54,990.9
PO10901,2025-01-09,S04,SUP003,Received,53,972.55
PO10902,2025-01-11,S04,SUP003,Received,52,954.2
PO10903,2025-01-12,S04,SUP003,Received,31,568.85
PO10904,2025-01-14,S04,SUP003,Received,49,899.15
PO10905,2025-01-16,S04,SUP003,Received,48,880.8
PO10906,2025-01-18,S04,SUP003,Received,49,899.15
PO10907,2025-01-19,S04,SUP003,Received,29,532.15
PO10908,2025-01-21,S04,SUP003,Received,48,880.8
PO10909,2025-01-22,S04,SUP003,Received,29,532.15
PO10910,2025-01-24,S04,SUP003,Received,40,734.0
PO10911,2025-01-26,S04,SUP003,Received,65,1192.75
PO10912,2025-01-28,S04,SUP003,Received,40,734.0
PO10913,2025-01-30,S04,SUP003,Received,45,825.75
PO10914,2025-02-01,S04,SUP003,Received,46,844.1
PO10915,2025-02-02,S04,SUP003,Received,30,550.5
PO10916,2025-02-04,S04,SUP003,Received,57,1045.95
PO10917,2025-02-06,S04,SUP003,Received,40,734.0
PO10918,2025-02-08,S04,SUP003,Received,51,935.85
PO10919,2025-02-09,S04,SUP003,Received,35,642.25
PO10920,2025-02-10,S04,SUP003,Received,34,623.9
PO10921,2025-02-12,S04,SUP003,Received,50,917.5
PO10922,2025-02-14,S04,SUP003,Received,49,899.15
PO10923,2025-02-16,S04,SUP003,Received,51,935.85
PO10924,2025-02-17,S04,SUP003,Received,34,623.9
PO10925,2025-02-19,S04,SUP003,Received,51,935.85
PO10926,2025-02-20,S04,SUP003,Received,33,605.55
PO10927,2025-02-22,S04,SUP003,Received,56,1027.6
PO10928,2025-02-23,S04,SUP003,Received,33,605.55
PO10929,2025-02-24,S04,SUP003,Received,32,587.2
PO10930,2025-02-26,S04,SUP003,Received,41,752.35
PO10931,2025-02-27,S04,SUP003,Received,30,550.5
PO10932,2025-03-01,S04,SUP003,Received,53,972.55
PO10933,2025-03-03,S04,SUP003,Received,48,880.8
PO10934,2025-03-05,S04,SUP003,Received,52,954.2
PO10935,2025-03-07,S04,SUP003,Received,50,917.5
PO10936,2025-03-08,S04,SUP003,Received,36,660.6
PO10937,2025-03-09,S04,SUP003,Received,29,532.15
PO10938,2025-03-10,S04,SUP003,Received,34,623.9
PO10939,2025-03-12,S04,SUP003,Received,68,1247.8
PO10940,2025-03-14,S04,SUP003,Received,54,990.9
PO10941,2025-03-15,S04,SUP003,Received,34,623.9
PO10942,2025-03-17,S04,SUP003,Received,52,954.2
PO10943,2025-03-18,S04,SUP003,Received,30,550.5
PO10944,2025-03-20,S04,SUP003,Received,49,899.15
PO10945,2025-03-22,S04,SUP003,Received,64,1174.4
PO10946,2025-03-23,S04,SUP003,Received,35,642.25
PO10947,2025-03-24,S04,SUP003,Received,31,568.85
PO10948,2025-03-26,S04,SUP003,Received,47,862.45
PO10949,2025-03-27,S04,SUP003,Received,30,550.5
PO10950,2025-03-29,S04,SUP003,Received,44,807.4
PO10951,2025-03-30,S04,SUP003,Received,31,568.85
PO10952,2025-04-01,S04,SUP003,Received,44,807.4
PO10953,2025-04-03,S04,SUP003,Received,58,1064.3
PO10954,2025-04-05,S04,SUP003,Received,47,862.45
PO10955,2025-04-06,S04,SUP003,Received,35,642.25
PO10956,2025-04-08,S04,SUP003,Received,54,990.9
PO10957,2025-04-10,S04,SUP003,Received,53,972.55
PO10958,2025-04-11,S04,SUP003,Received,32,587.2
PO10959,2025-04-13,S04,SUP003,Received,56,1027.6
PO10960,2025-04-15,S04,SUP003,Received,53,972.55
PO10961,2025-04-17,S04,SUP003,Received,52,954.2
PO10962,2025-04-18,S04,SUP003,Received,34,623.9
PO10963,2025-04-19,S04,SUP003,Received,46,844.1
PO10964,2025-04-20,S04,SUP003,Received,46,844.1
PO10965,2025-04-21,S04,SUP003,Received,29,532.15
PO10966,2025-04-23,S04,SUP003,Received,58,1064.3
PO10967,2025-04-25,S04,SUP003,Received,53,972.55
PO10968,2025-04-26,S04,SUP003,Received,30,550.5
PO10969,2025-04-27,S04,SUP003,Received,30,550.5
PO10970,2025-04-29,S04,SUP003,Received,46,844.1
PO10971,2025-04-30,S04,SUP003,Received,32,587.2
PO10972,2025-05-01,S04,SUP003,Received,30,550.5
PO10973,2025-05-03,S04,SUP003,Received,41,752.35
PO10974,2025-05-04,S04,SUP003,Received,40,734.0
PO10975,2025-05-06,S04,SUP003,Received,58,1064.3
PO10976,2025-05-08,S04,SUP003,Received,42,770.7
PO10977,2025-05-10,S04,SUP003,Received,55,1009.25
PO10978,2025-05-11,S04,SUP003,Received,33,605.55
PO10979,2025-05-13,S04,SUP003,Received,51,935.85
PO10980,2025-05-15,S04,SUP003,Received,44,807.4
PO10981,2025-05-17,S04,SUP003,Received,63,1156.05
PO10982,2025-05-19,S04,SUP003,Received,55,1009.25
PO10983,2025-05-21,S04,SUP003,Received,48,880.8
PO10984,2025-05-23,S04,SUP003,Received,61,1119.35
PO10985,2025-05-25,S04,SUP003,Received,60,1101.0
PO10986,2025-05-27,S04,SUP003,Received,44,807.4
PO10987,2025-05-28,S04,SUP003,Received,31,568.85
PO10988,2025-05-30,S04,SUP003,Received,45,825.75
PO10989,2025-05-31,S04,SUP003,Received,40,734.0
PO10990,2025-06-01,S04,SUP003,Received,34,623.9
PO10991,2025-06-03,S04,SUP003,Received,40,734.0
PO10992,2025-06-05,S04,SUP003,Received,44,807.4
PO10993,2025-06-06,S04,SUP003,Received,29,532.15
PO10994,2025-06-07,S04,SUP003,Received,45,825.75
PO10995,2025-06-08,S04,SUP003,Received,30,550.5
PO10996,2025-06-10,S04,SUP003,Received,49,899.15
PO10997,2025-06-12,S04,SUP003,Received,49,899.15
PO10998,2025-06-14,S04,SUP003,Received,53,972.55
PO10999,2025-06-15,S04,SUP003,Received,35,642.25
PO11000,2025-06-16,S04,SUP003,Received,32,587.2
PO11001,2025-06-18,S04,SUP003,Received,52,954.2
PO11002,2025-06-19,S04,SUP003,Received,32,587.2
PO11003,2025-06-21,S04,SUP003,Received,58,1064.3
PO11004,2025-06-22,S04,SUP003,Received,32,587.2
PO11005,2025-06-24,S04,SUP003,Received,45,825.75
PO11006,2025-06-26,S04,SUP003,Received,48,880.8
PO11007,2025-06-28,S04,SUP003,Received,46,844.1
PO11008,2025-06-30,S04,SUP003,Received,49,899.15
PO11009,2025-07-02,S04,SUP003,Received,48,880.8
PO11010,2025-07-04,S04,SUP003,Received,51,935.85
PO11011,2025-07-06,S04,SUP003,Received,50,917.5
PO11012,2025-07-08,S04,SUP003,Received,44,807.4
PO11013,2025-07-10,S04,SUP003,Received,47,862.45
PO11014,2025-07-12,S04,SUP003,Received,41,752.35
PO11015,2025-07-13,S04,SUP003,Received,29,532.15
PO11016,2025-07-15,S04,SUP003,Received,40,734.0
PO11017,2025-07-17,S04,SUP003,Received,51,935.85
PO11018,2025-07-19,S04,SUP003,Received,38,697.3
PO11019,2025-07-20,S04,SUP003,Received,32,587.2
PO11020,2025-07-21,S04,SUP003,Received,32,587.2
PO11021,2025-07-22,S04,SUP003,Received,29,532.15
PO11022,2025-07-24,S04,SUP003,Received,42,770.7
PO11023,2025-07-26,S04,SUP003,Received,50,917.5
PO11024,2025-07-27,S04,SUP003,Received,34,623.9
PO11025,2025-07-29,S04,SUP003,Received,49,899.15
PO11026,2025-07-31,S04,SUP003,Received,44,807.4
PO11027,2025-08-02,S04,SUP003,Received,46,844.1
PO11028,2025-08-04,S04,SUP003,Received,35,642.25
PO11029,2025-08-06,S04,SUP003,Received,36,660.6
PO11030,2025-08-08,S04,SUP003,Received,51,935.85
PO11031,2025-08-10,S04,SUP003,Received,51,935.85
PO11032,2025-08-12,S04,SUP003,Received,43,789.05
PO11033,2025-08-14,S04,SUP003,Received,44,807.4
PO11034,2025-08-16,S04,SUP003,Received,45,825.75
PO11035,2025-08-18,S04,SUP003,Received,47,862.45
PO11036,2025-08-20,S04,SUP003,Received,45,825.75
PO11037,2025-08-22,S04,SUP003,Received,36,660.6
PO11038,2025-08-24,S04,SUP003,Received,47,862.45
PO11039,2025-08-26,S04,SUP003,Received,33,605.55
PO11040,2025-08-28,S04,SUP003,Received,33,605.55
PO11041,2025-08-30,S04,SUP003,Received,51,935.85
PO11042,2025-09-01,S04,SUP003,Received,41,752.35
PO11043,2025-09-03,S04,SUP003,Received,40,734.0
PO11044,2025-09-05,S04,SUP003,Received,43,789.05
PO11045,2025-09-07,S04,SUP003,Received,53,972.55
PO11046,2025-09-09,S04,SUP003,Received,31,568.85
PO11047,2025-09-11,S04,SUP003,Received,36,660.6
PO11048,2025-09-12,S04,SUP003,Received,29,532.15
PO11049,2025-09-14,S04,SUP003,Received,35,642.25
PO11050,2025-09-16,S04,SUP003,Received,42,770.7
PO11051,2025-09-18,S04,SUP003,Received,37,678.95
PO11052,2025-09-20,S04,SUP003,Received,42,770.7
PO11053,2025-09-22,S04,SUP003,Received,48,880.8
PO11054,2025-09-24,S04,SUP003,Received,39,715.65
PO11055,2025-09-26,S04,SUP003,Received,42,770.7
PO11056,2025-09-28,S04,SUP003,Received,44,807.4
PO11057,2025-09-30,S04,SUP003,Received,35,642.25
PO11058,2025-10-02,S04,SUP003,Received,39,715.65
PO11059,2025-10-04,S04,SUP003,Received,45,825.75
PO11060,2025-10-06,S04,SUP003,Received,33,605.55
PO11061,2025-10-08,S04,SUP003,Received,44,807.4
PO11062,2025-10-10,S04,SUP003,Received,34,623.9
PO11063,2025-10-12,S04,SUP003,Received,42,770.7
PO11064,2025-10-14,S04,SUP003,Received,35,642.25
PO11065,2025-10-16,S04,SUP003,Received,45,825.75
PO11066,2025-10-18,S04,SUP003,Received,46,844.1
PO11067,2025-10-20,S04,SUP003,Received,38,697.3
PO11068,2025-10-22,S04,SUP003,Received,41,752.35
PO11069,2025-10-24,S04,SUP003,Received,40,734.0
PO11070,2025-10-26,S04,SUP003,Received,35,642.25
PO11071,2025-10-29,S04,SUP003,Received,45,825.75
PO11072,2025-10-31,S04,SUP003,Received,47,862.45
PO11073,2025-11-02,S04,SUP003,Received,33,605.55
PO11074,2025-11-04,S04,SUP003,Received,45,825.75
PO11075,2025-11-06,S04,SUP003,Received,43,789.05
PO11076,2025-11-08,S04,SUP003,Received,48,880.8
PO11077,2025-11-09,S04,SUP003,Received,31,568.85
PO11078,2025-11-11,S04,SUP003,Received,37,678.95
PO11079,2025-11-13,S04,SUP003,Received,41,752.35
PO11080,2025-11-15,S04,SUP003,Received,41,752.35
PO11081,2025-11-16,S04,SUP003,Received,32,587.2
PO11082,2025-11-18,S04,SUP003,Received,50,917.5
PO11083,2025-11-20,S04,SUP003,Received,41,752.35
PO11084,2025-11-22,S04,SUP003,Received,46,844.1
PO11085,2025-11-24,S04,SUP003,Received,46,844.1
PO11086,2025-11-26,S04,SUP003,Received,53,972.55
PO11087,2025-11-28,S04,SUP003,Received,46,844.1
PO11088,2025-11-30,S04,SUP003,Received,43,789.05
PO11089,2025-12-02,S04,SUP003,Received,42,770.7
PO11090,2025-12-04,S04,SUP003,Received,41,752.35
PO11091,2025-12-06,S04,SUP003,Received,49,899.15
PO11092,2025-12-08,S04,SUP003,Received,50,917.5
PO11093,2025-12-10,S04,SUP003,Received,46,844.1
PO11094,2025-12-12,S04,SUP003,Received,43,789.05
PO11095,2025-12-14,S04,SUP003,Received,56,1027.6
PO11096,2025-12-16,S04,SUP003,Received,45,825.75
PO11097,2025-12-17,S04,SUP003,Received,32,587.2
PO11098,2025-12-19,S04,SUP003,Received,48,880.8
PO11099,2025-12-21,S04,SUP003,Received,46,844.1
PO11100,2025-12-23,S04,SUP003,Received,44,807.4
PO11101,2025-12-25,S04,SUP003,Received,46,844.1
PO11102,2025-12-27,S04,SUP003,Received,59,1082.65
PO11103,2025-12-29,S04,SUP003,Received,43,789.05
PO11104,2025-12-31,S04,SUP003,Received,38,697.3
PO11105,2025-01-06,S04,SUP008,Received,102,297.84
PO11106,2025-01-26,S04,SUP004,Received,103,242.05
PO11107,2025-02-15,S04,SUP004,Received,106,249.1
PO11108,2025-03-05,S04,SUP008,Received,106,309.52
PO11109,2025-03-22,S04,SUP008,Received,108,315.36
PO11110,2025-04-10,S04,SUP008,Received,103,300.76
PO11111,2025-04-27,S04,SUP008,Received,102,297.84
PO11112,2025-05-18,S04,SUP004,Received,106,249.1
PO11113,2025-06-09,S04,SUP004,Received,107,251.45
PO11114,2025-06-28,S04,SUP008,Received,106,309.52
PO11115,2025-07-18,S04,SUP004,Received,104,244.4
PO11116,2025-08-05,S04,SUP004,Received,109,256.15
PO11117,2025-08-27,S04,SUP008,Received,103,300.76
PO11118,2025-09-17,S04,SUP004,Received,102,239.7
PO11119,2025-10-12,S04,SUP004,Received,105,246.75
PO11120,2025-11-04,S04,SUP008,Received,103,300.76
PO11121,2025-11-30,S04,SUP004,Received,109,256.15
PO11122,2025-12-20,S04,SUP004,Received,109,256.15
PO11123,2025-01-06,S04,SUP009,Received,240,1977.6
PO11124,2025-01-18,S04,SUP009,Received,247,2035.28
PO11125,2025-02-01,S04,SUP009,Received,251,2068.24
PO11126,2025-02-13,S04,SUP009,Received,231,1903.44
PO11127,2025-02-26,S04,SUP009,Received,229,1886.96
PO11128,2025-03-09,S04,SUP009,Received,239,1969.36
PO11129,2025-03-21,S04,SUP009,Received,224,1845.76
PO11130,2025-04-01,S04,SUP009,Received,246,2027.04
PO11131,2025-04-12,S04,SUP009,Received,224,1845.76
PO11132,2025-04-24,S04,SUP009,Received,238,1961.12
PO11133,2025-05-04,S04,SUP009,Received,222,1829.28
PO11134,2025-05-16,S04,SUP009,Received,231,1903.44
PO11135,2025-05-29,S04,SUP009,Received,246,2027.04
PO11136,2025-06-09,S04,SUP009,Received,224,1845.76
PO11137,2025-06-20,S04,SUP009,Received,224,1845.76
PO11138,2025-07-01,S04,SUP009,Received,229,1886.96
PO11139,2025-07-14,S04,SUP009,Received,232,1911.68
PO11140,2025-07-28,S04,SUP009,Received,225,1854.0
PO11141,2025-08-12,S04,SUP009,Received,239,1969.36
PO11142,2025-08-26,S04,SUP009,Received,234,1928.16
PO11143,2025-09-09,S04,SUP009,Received,234,1928.16
PO11144,2025-09-22,S04,SUP009,Received,223,1837.52
PO11145,2025-10-07,S04,SUP009,Received,241,1985.84
PO11146,2025-10-22,S04,SUP009,Received,225,1854.0
PO11147,2025-11-05,S04,SUP009,Received,230,1895.2
PO11148,2025-11-19,S04,SUP009,Received,237,1952.88
PO11149,2025-12-01,S04,SUP009,Received,232,1911.68
PO11150,2025-12-16,S04,SUP009,Received,233,1919.92
PO11151,2025-12-30,S04,SUP009,Received,240,1977.6
PO11152,2025-01-01,S04,SUP007,Received,84,2044.56
PO11153,2025-01-10,S04,SUP007,Received,90,2190.6
PO11154,2025-01-20,S04,SUP007,Received,88,2141.92
PO11155,2025-01-29,S04,SUP007,Received,84,2044.56
PO11156,2025-02-07,S04,SUP007,Received,83,2020.22
PO11157,2025-02-15,S04,SUP007,Received,92,2239.28
PO11158,2025-02-23,S04,SUP007,Received,89,2166.26
PO11159,2025-03-04,S04,SUP007,Received,89,2166.26
PO11160,2025-03-12,S04,SUP007,Received,82,1995.88
PO11161,2025-03-18,S04,SUP007,Received,86,2093.24
PO11162,2025-03-27,S04,SUP007,Received,87,2117.58
PO11163,2025-04-03,S04,SUP007,Received,82,1995.88
PO11164,2025-04-10,S04,SUP007,Received,85,2068.9
PO11165,2025-04-19,S04,SUP007,Received,84,2044.56
PO11166,2025-04-28,S04,SUP007,Received,89,2166.26
PO11167,2025-05-06,S04,SUP007,Received,81,1971.54
PO11168,2025-05-15,S04,SUP007,Received,90,2190.6
PO11169,2025-05-24,S04,SUP007,Received,85,2068.9
PO11170,2025-06-02,S04,SUP007,Received,87,2117.58
PO11171,2025-06-12,S04,SUP007,Received,86,2093.24
PO11172,2025-06-20,S04,SUP007,Received,84,2044.56
PO11173,2025-06-28,S04,SUP007,Received,86,2093.24
PO11174,2025-07-09,S04,SUP007,Received,87,2117.58
PO11175,2025-07-19,S04,SUP007,Received,85,2068.9
PO11176,2025-07-28,S04,SUP007,Received,85,2068.9
PO11177,2025-08-07,S04,SUP007,Received,87,2117.58
PO11178,2025-08-17,S04,SUP007,Received,81,1971.54
PO11179,2025-08-27,S04,SUP007,Received,88,2141.92
PO11180,2025-09-08,S04,SUP007,Received,84,2044.56
PO11181,2025-09-20,S04,SUP007,Received,83,2020.22
PO11182,2025-09-30,S04,SUP007,Received,84,2044.56
PO11183,2025-10-11,S04,SUP007,Received,85,2068.9
PO11184,2025-10-21,S04,SUP007,Received,86,2093.24
PO11185,2025-10-31,S04,SUP007,Received,83,2020.22
PO11186,2025-11-11,S04,SUP007,Received,87,2117.58
PO11187,2025-11-22,S04,SUP007,Received,88,2141.92
PO11188,2025-12-04,S04,SUP007,Received,86,2093.24
PO11189,2025-12-14,S04,SUP007,Received,86,2093.24
PO11190,2025-12-24,S04,SUP007,Received,83,2020.22
PO11191,2025-01-09,S04,SUP003,Received,290,4164.4
PO11192,2025-01-25,S04,SUP008,Received,289,5505.45
PO11193,2025-02-07,S04,SUP008,Received,289,5505.45
PO11194,2025-02-19,S04,SUP008,Received,296,5638.8
PO11195,2025-03-04,S04,SUP008,Received,284,5410.2
PO11196,2025-03-16,S04,SUP003,Received,281,4035.16
PO11197,2025-03-29,S04,SUP008,Received,297,5657.85
PO11198,2025-04-10,S04,SUP003,Received,286,4106.96
PO11199,2025-04-22,S04,SUP008,Received,301,5734.05
PO11200,2025-05-03,S04,SUP003,Received,291,4178.76
PO11201,2025-05-16,S04,SUP008,Received,282,5372.1
PO11202,2025-05-30,S04,SUP008,Received,302,5753.1
PO11203,2025-06-11,S04,SUP008,Received,288,5486.4
PO11204,2025-06-25,S04,SUP008,Received,295,5619.75
PO11205,2025-07-08,S04,SUP008,Received,300,5715.0
PO11206,2025-07-21,S04,SUP008,Received,281,5353.05
PO11207,2025-08-05,S04,SUP008,Received,281,5353.05
PO11208,2025-08-20,S04,SUP003,Received,283,4063.88
PO11209,2025-09-04,S04,SUP003,Received,287,4121.32
PO11210,2025-09-20,S04,SUP008,Received,286,5448.3
PO11211,2025-10-06,S04,SUP008,Received,298,5676.9
PO11212,2025-10-23,S04,SUP008,Received,301,5734.05
PO11213,2025-11-08,S04,SUP003,Received,311,4465.96
PO11214,2025-11-23,S04,SUP008,Received,300,5715.0
PO11215,2025-12-08,S04,SUP003,Received,302,4336.72
PO11216,2025-12-23,S04,SUP008,Received,294,5600.7
PO11217,2025-01-07,S04,SUP005,Received,456,4094.88
PO11218,2025-01-26,S04,SUP005,Received,482,4328.36
PO11219,2025-02-12,S04,SUP008,Received,456,3178.32
PO11220,2025-03-01,S04,SUP005,Received,475,4265.5
PO11221,2025-03-18,S04,SUP005,Received,453,4067.94
PO11222,2025-04-03,S04,SUP008,Received,459,3199.23
PO11223,2025-04-20,S04,SUP005,Received,473,4247.54
PO11224,2025-05-08,S04,SUP008,Received,468,3261.96
PO11225,2025-05-26,S04,SUP008,Received,467,3254.99
PO11226,2025-06-14,S04,SUP005,Received,474,4256.52
PO11227,2025-07-03,S04,SUP005,Received,457,4103.86
PO11228,2025-07-24,S04,SUP005,Received,455,4085.9
PO11229,2025-08-13,S04,SUP008,Received,456,3178.32
PO11230,2025-09-03,S04,SUP008,Received,453,3157.41
PO11231,2025-09-25,S04,SUP008,Received,450,3136.5
PO11232,2025-10-18,S04,SUP008,Received,465,3241.05
PO11233,2025-11-09,S04,SUP005,Received,453,4067.94
PO11234,2025-11-30,S04,SUP005,Received,455,4085.9
PO11235,2025-12-21,S04,SUP008,Received,450,3136.5
PO11236,2025-01-11,S04,SUP006,Received,152,861.84
PO11237,2025-02-12,S04,SUP006,Received,154,873.18
PO11238,2025-03-22,S04,SUP006,Received,153,867.51
PO11239,2025-04-22,S04,SUP006,Received,152,861.84
PO11240,2025-05-20,S04,SUP006,Received,154,873.18
PO11241,2025-06-25,S04,SUP006,Received,154,873.18
PO11242,2025-07-25,S04,SUP006,Received,152,861.84
PO11243,2025-09-02,S04,SUP006,Received,152,861.84
PO11244,2025-10-12,S04,SUP006,Received,154,873.18
PO11245,2025-11-20,S04,SUP006,Received,152,861.84
PO11246,2025-12-30,S04,SUP006,Received,152,861.84
PO11247,2025-01-08,S04,SUP006,Received,409,6388.58
PO11248,2025-01-22,S04,SUP006,Received,401,6263.62
PO11249,2025-02-07,S04,SUP006,Received,401,6263.62
PO11250,2025-02-21,S04,SUP006,Received,403,6294.86
PO11251,2025-03-08,S04,SUP006,Received,414,6466.68
PO11252,2025-03-22,S04,SUP006,Received,399,6232.38
PO11253,2025-04-05,S04,SUP006,Received,414,6466.68
PO11254,2025-04-19,S04,SUP006,Received,407,6357.34
PO11255,2025-05-03,S04,SUP006,Received,396,6185.52
PO11256,2025-05-17,S04,SUP006,Received,388,6060.56
PO11257,2025-06-01,S04,SUP006,Received,399,6232.38
PO11258,2025-06-16,S04,SUP006,Received,392,6123.04
PO11259,2025-07-02,S04,SUP006,Received,415,6482.3
PO11260,2025-07-20,S04,SUP006,Received,404,6310.48
PO11261,2025-08-06,S04,SUP006,Received,388,6060.56
PO11262,2025-08-23,S04,SUP006,Received,389,6076.18
PO11263,2025-09-09,S04,SUP006,Received,408,6372.96
PO11264,2025-09-29,S04,SUP006,Received,395,6169.9
PO11265,2025-10-18,S04,SUP006,Received,396,6185.52
PO11266,2025-11-06,S04,SUP006,Received,392,6123.04
PO11267,2025-11-24,S04,SUP006,Received,388,6060.56
PO11268,2025-12-12,S04,SUP006,Received,402,6279.24
PO11269,2025-12-28,S04,SUP006,Received,401,6263.62
PO11270,2025-01-04,S05,SUP002,Received,224,994.56
PO11271,2025-01-11,S05,SUP006,Received,228,941.64
PO11272,2025-01-18,S05,SUP002,Received,224,994.56
PO11273,2025-01-26,S05,SUP002,Received,260,1154.4
PO11274,2025-02-02,S05,SUP006,Received,248,1024.24
PO11275,2025-02-09,S05,SUP002,Received,243,1078.92
PO11276,2025-02-15,S05,SUP002,Received,234,1038.96
PO11277,2025-02-22,S05,SUP006,Received,247,1020.11
PO11278,2025-02-27,S05,SUP006,Received,229,945.77
PO11279,2025-03-05,S05,SUP002,Received,230,1021.2
PO11280,2025-03-11,S05,SUP006,Received,227,937.51
PO11281,2025-03-18,S05,SUP002,Received,249,1105.56
PO11282,2025-03-24,S05,SUP006,Received,238,982.94
PO11283,2025-03-31,S05,SUP006,Received,259,1069.67
PO11284,2025-04-06,S05,SUP006,Received,243,1003.59
PO11285,2025-04-12,S05,SUP006,Received,235,970.55
PO11286,2025-04-19,S05,SUP002,Received,259,1149.96
PO11287,2025-04-25,S05,SUP002,Received,228,1012.32
PO11288,2025-05-02,S05,SUP006,Received,250,1032.5
PO11289,2025-05-09,S05,SUP002,Received,241,1070.04
PO11290,2025-05-15,S05,SUP006,Received,230,949.9
PO11291,2025-05-21,S05,SUP006,Received,246,1015.98
PO11292,2025-05-28,S05,SUP006,Received,239,987.07
PO11293,2025-06-04,S05,SUP002,Received,245,1087.8
PO11294,2025-06-11,S05,SUP002,Received,251,1114.44
PO11295,2025-06-19,S05,SUP002,Received,256,1136.64
PO11296,2025-06-26,S05,SUP002,Received,238,1056.72
PO11297,2025-07-03,S05,SUP002,Received,227,1007.88
PO11298,2025-07-10,S05,SUP006,Received,225,929.25
PO11299,2025-07-18,S05,SUP006,Received,233,962.29
PO11300,2025-07-25,S05,SUP006,Received,227,937.51
PO11301,2025-08-02,S05,SUP002,Received,243,1078.92
PO11302,2025-08-10,S05,SUP006,Received,233,962.29
PO11303,2025-08-18,S05,SUP002,Received,247,1096.68
PO11304,2025-08-26,S05,SUP002,Received,237,1052.28
PO11305,2025-09-03,S05,SUP002,Received,238,1056.72
PO11306,2025-09-11,S05,SUP006,Received,226,933.38
PO11307,2025-09-20,S05,SUP006,Received,244,1007.72
PO11308,2025-09-29,S05,SUP006,Received,238,982.94
PO11309,2025-10-08,S05,SUP006,Received,235,970.55
PO11310,2025-10-17,S05,SUP006,Received,237,978.81
PO11311,2025-10-26,S05,SUP002,Received,246,1092.24
PO11312,2025-11-03,S05,SUP006,Received,239,987.07
PO11313,2025-11-11,S05,SUP006,Received,242,999.46
PO11314,2025-11-19,S05,SUP006,Received,238,982.94
PO11315,2025-11-28,S05,SUP002,Received,231,1025.64
PO11316,2025-12-06,S05,SUP006,Received,227,937.51
PO11317,2025-12-14,S05,SUP006,Received,245,1011.85
PO11318,2025-12-23,S05,SUP002,Received,245,1087.8
PO11319,2025-12-31,S05,SUP002,Received,249,1105.56
PO11320,2025-01-19,S05,SUP005,Received,267,3430.95
PO11321,2025-02-14,S05,SUP005,Received,264,3392.4
PO11322,2025-03-11,S05,SUP005,Received,268,3443.8
PO11323,2025-04-05,S05,SUP008,Received,270,3078.0
PO11324,2025-04-29,S05,SUP008,Received,264,3009.6
PO11325,2025-05-24,S05,SUP008,Received,272,3100.8
PO11326,2025-06-21,S05,SUP007,Received,265,3039.55
PO11327,2025-07-17,S05,SUP008,Received,267,3043.8
PO11328,2025-08-14,S05,SUP005,Received,268,3443.8
PO11329,2025-09-14,S05,SUP008,Received,270,3078.0
PO11330,2025-10-16,S05,SUP007,Received,264,3028.08
PO11331,2025-11-15,S05,SUP007,Received,265,3039.55
PO11332,2025-12-11,S05,SUP007,Received,268,3073.96
PO11333,2025-01-11,S05,SUP003,Received,244,1632.36
PO11334,2025-01-30,S05,SUP003,Received,244,1632.36
PO11335,2025-02-17,S05,SUP007,Received,243,1837.08
PO11336,2025-03-08,S05,SUP007,Received,244,1844.64
PO11337,2025-03-25,S05,SUP003,Received,238,1592.22
PO11338,2025-04-10,S05,SUP009,Received,239,1950.24
PO11339,2025-04-24,S05,SUP009,Received,235,1917.6
PO11340,2025-05-08,S05,SUP003,Received,235,1572.15
PO11341,2025-05-24,S05,SUP009,Received,244,1991.04
PO11342,2025-06-07,S05,SUP003,Received,244,1632.36
PO11343,2025-06-24,S05,SUP009,Received,240,1958.4
PO11344,2025-07-15,S05,SUP007,Received,244,1844.64
PO11345,2025-08-03,S05,SUP009,Received,238,1942.08
PO11346,2025-08-22,S05,SUP003,Received,240,1605.6
PO11347,2025-09-12,S05,SUP007,Received,244,1844.64
PO11348,2025-10-02,S05,SUP007,Received,234,1769.04
PO11349,2025-10-25,S05,SUP003,Received,244,1632.36
PO11350,2025-11-17,S05,SUP009,Received,238,1942.08
PO11351,2025-12-07,S05,SUP007,Received,238,1799.28
PO11352,2025-12-25,S05,SUP003,Received,238,1592.22
PO11353,2025-01-05,S05,SUP006,Received,160,2980.8
PO11354,2025-01-18,S05,SUP006,Received,164,3055.32
PO11355,2025-01-31,S05,SUP006,Received,162,3018.06
PO11356,2025-02-13,S05,SUP006,Received,162,3018.06
PO11357,2025-02-26,S05,SUP006,Received,167,3111.21
PO11358,2025-03-11,S05,SUP006,Received,162,3018.06
PO11359,2025-03-23,S05,SUP006,Received,162,3018.06
PO11360,2025-04-05,S05,SUP006,Received,164,3055.32
PO11361,2025-04-19,S05,SUP006,Received,170,3167.1
PO11362,2025-05-01,S05,SUP006,Received,173,3222.99
PO11363,2025-05-12,S05,SUP006,Received,166,3092.58
PO11364,2025-05-26,S05,SUP006,Received,163,3036.69
PO11365,2025-06-09,S05,SUP006,Received,167,3111.21
PO11366,2025-06-22,S05,SUP006,Received,176,3278.88
PO11367,2025-07-06,S05,SUP006,Received,161,2999.43
PO11368,2025-07-20,S05,SUP006,Received,160,2980.8
PO11369,2025-08-06,S05,SUP006,Received,170,3167.1
PO11370,2025-08-23,S05,SUP006,Received,161,2999.43
PO11371,2025-09-07,S05,SUP006,Received,162,3018.06
PO11372,2025-09-22,S05,SUP006,Received,168,3129.84
PO11373,2025-10-10,S05,SUP006,Received,160,2980.8
PO11374,2025-10-26,S05,SUP006,Received,163,3036.69
PO11375,2025-11-10,S05,SUP006,Received,162,3018.06
PO11376,2025-11-24,S05,SUP006,Received,163,3036.69
PO11377,2025-12-09,S05,SUP006,Received,166,3092.58
PO11378,2025-12-22,S05,SUP006,Received,165,3073.95
PO11379,2025-02-09,S05,SUP004,Received,481,885.04
PO11380,2025-04-09,S05,SUP004,Received,481,885.04
PO11381,2025-06-08,S05,SUP002,Received,478,707.44
PO11382,2025-08-13,S05,SUP004,Received,477,877.68
PO11383,2025-10-29,S05,SUP002,Received,476,704.48
PO11384,2025-01-09,S05,SUP004,Received,140,3183.6
PO11385,2025-01-27,S05,SUP004,Received,145,3297.3
PO11386,2025-02-12,S05,SUP004,Received,141,3206.34
PO11387,2025-02-26,S05,SUP004,Received,144,3274.56
PO11388,2025-03-12,S05,SUP004,Received,140,3183.6
PO11389,2025-03-26,S05,SUP004,Received,149,3388.26
PO11390,2025-04-09,S05,SUP003,Received,148,3149.44
PO11391,2025-04-24,S05,SUP003,Received,141,3000.48
PO11392,2025-05-09,S05,SUP004,Received,143,3251.82
PO11393,2025-05-24,S05,SUP004,Received,146,3320.04
PO11394,2025-06-08,S05,SUP003,Received,147,3128.16
PO11395,2025-06-27,S05,SUP004,Received,145,3297.3
PO11396,2025-07-13,S05,SUP004,Received,151,3433.74
PO11397,2025-08-02,S05,SUP004,Received,141,3206.34
PO11398,2025-08-22,S05,SUP004,Received,151,3433.74
PO11399,2025-09-10,S05,SUP004,Received,141,3206.34
PO11400,2025-09-28,S05,SUP003,Received,142,3021.76
PO11401,2025-10-18,S05,SUP004,Received,141,3206.34
PO11402,2025-11-08,S05,SUP004,Received,148,3365.52
PO11403,2025-11-24,S05,SUP003,Received,141,3000.48
PO11404,2025-12-13,S05,SUP003,Received,146,3106.88
PO11405,2025-12-29,S05,SUP003,Received,139,2957.92
PO11406,2025-01-04,S05,SUP006,Received,195,2496.0
PO11407,2025-01-12,S05,SUP006,Received,193,2470.4
PO11408,2025-01-19,S05,SUP006,Received,175,2240.0
PO11409,2025-01-26,S05,SUP006,Received,187,2393.6
PO11410,2025-02-02,S05,SUP006,Received,196,2508.8
PO11411,2025-02-08,S05,SUP006,Received,173,2214.4
PO11412,2025-02-16,S05,SUP006,Received,186,2380.8
PO11413,2025-02-23,S05,SUP006,Received,203,2598.4
PO11414,2025-03-02,S05,SUP006,Received,199,2547.2
PO11415,2025-03-09,S05,SUP006,Received,197,2521.6
PO11416,2025-03-16,S05,SUP006,Received,193,2470.4
PO11417,2025-03-22,S05,SUP006,Received,176,2252.8
PO11418,2025-03-28,S05,SUP006,Received,184,2355.2
PO11419,2025-04-03,S05,SUP006,Received,181,2316.8
PO11420,2025-04-09,S05,SUP006,Received,186,2380.8
PO11421,2025-04-15,S05,SUP006,Received,173,2214.4
PO11422,2025-04-22,S05,SUP006,Received,180,2304.0
PO11423,2025-04-29,S05,SUP006,Received,176,2252.8
PO11424,2025-05-06,S05,SUP006,Received,182,2329.6
PO11425,2025-05-12,S05,SUP006,Received,170,2176.0
PO11426,2025-05-19,S05,SUP006,Received,190,2432.0
PO11427,2025-05-25,S05,SUP006,Received,169,2163.2
PO11428,2025-06-01,S05,SUP006,Received,183,2342.4
PO11429,2025-06-09,S05,SUP006,Received,190,2432.0
PO11430,2025-06-17,S05,SUP006,Received,184,2355.2
PO11431,2025-06-24,S05,SUP006,Received,172,2201.6
PO11432,2025-07-02,S05,SUP006,Received,195,2496.0
PO11433,2025-07-09,S05,SUP006,Received,176,2252.8
PO11434,2025-07-16,S05,SUP006,Received,181,2316.8
PO11435,2025-07-23,S05,SUP006,Received,175,2240.0
PO11436,2025-07-31,S05,SUP006,Received,177,2265.6
PO11437,2025-08-09,S05,SUP006,Received,183,2342.4
PO11438,2025-08-17,S05,SUP006,Received,186,2380.8
PO11439,2025-08-26,S05,SUP006,Received,192,2457.6
PO11440,2025-09-03,S05,SUP006,Received,176,2252.8
PO11441,2025-09-13,S05,SUP006,Received,185,2368.0
PO11442,2025-09-22,S05,SUP006,Received,179,2291.2
PO11443,2025-10-01,S05,SUP006,Received,190,2432.0
PO11444,2025-10-10,S05,SUP006,Received,180,2304.0
PO11445,2025-10-18,S05,SUP006,Received,178,2278.4
PO11446,2025-10-27,S05,SUP006,Received,186,2380.8
PO11447,2025-11-02,S05,SUP006,Received,168,2150.4
PO11448,2025-11-11,S05,SUP006,Received,181,2316.8
PO11449,2025-11-19,S05,SUP006,Received,169,2163.2
PO11450,2025-11-27,S05,SUP006,Received,187,2393.6
PO11451,2025-12-04,S05,SUP006,Received,180,2304.0
PO11452,2025-12-12,S05,SUP006,Received,175,2240.0
PO11453,2025-12-20,S05,SUP006,Received,181,2316.8
PO11454,2025-12-27,S05,SUP006,Received,168,2150.4
PO11455,2025-01-08,S05,SUP003,Received,384,2745.6
PO11456,2025-01-21,S05,SUP003,Received,384,2745.6
PO11457,2025-02-02,S05,SUP003,Received,380,2717.0
PO11458,2025-02-14,S05,SUP003,Received,372,2659.8
PO11459,2025-02-26,S05,SUP003,Received,367,2624.05
PO11460,2025-03-11,S05,SUP003,Received,376,2688.4
PO11461,2025-03-23,S05,SUP003,Received,385,2752.75
PO11462,2025-04-04,S05,SUP003,Received,370,2645.5
PO11463,2025-04-16,S05,SUP003,Received,375,2681.25
PO11464,2025-04-28,S05,SUP003,Received,382,2731.3
PO11465,2025-05-10,S05,SUP003,Received,378,2702.7
PO11466,2025-05-22,S05,SUP003,Received,367,2624.05
PO11467,2025-06-02,S05,SUP003,Received,367,2624.05
PO11468,2025-06-16,S05,SUP003,Received,376,2688.4
PO11469,2025-06-30,S05,SUP003,Received,385,2752.75
PO11470,2025-07-14,S05,SUP003,Received,369,2638.35
PO11471,2025-07-29,S05,SUP003,Received,385,2752.75
PO11472,2025-08-12,S05,SUP003,Received,383,2738.45
PO11473,2025-08-27,S05,SUP003,Received,367,2624.05
PO11474,2025-09-12,S05,SUP003,Received,382,2731.3
PO11475,2025-09-28,S05,SUP003,Received,385,2752.75
PO11476,2025-10-14,S05,SUP003,Received,385,2752.75
PO11477,2025-10-28,S05,SUP003,Received,369,2638.35
PO11478,2025-11-11,S05,SUP003,Received,379,2709.85
PO11479,2025-11-27,S05,SUP003,Received,382,2731.3
PO11480,2025-12-11,S05,SUP003,Received,385,2752.75
PO11481,2025-12-25,S05,SUP003,Received,385,2752.75
PO11482,2025-01-03,S05,SUP003,Received,229,767.15
PO11483,2025-01-13,S05,SUP003,Received,243,814.05
PO11484,2025-01-22,S05,SUP003,Received,232,777.2
PO11485,2025-01-31,S05,SUP003,Received,236,790.6
PO11486,2025-02-10,S05,SUP003,Received,247,827.45
PO11487,2025-02-20,S05,SUP003,Received,242,810.7
PO11488,2025-02-28,S05,SUP003,Received,248,830.8
PO11489,2025-03-09,S05,SUP003,Received,235,787.25
PO11490,2025-03-19,S05,SUP003,Received,245,820.75
PO11491,2025-03-27,S05,SUP003,Received,236,790.6
PO11492,2025-04-05,S05,SUP003,Received,232,777.2
PO11493,2025-04-14,S05,SUP003,Received,231,773.85
PO11494,2025-04-23,S05,SUP003,Received,247,827.45
PO11495,2025-05-01,S05,SUP003,Received,252,844.2
PO11496,2025-05-10,S05,SUP003,Received,245,820.75
PO11497,2025-05-19,S05,SUP003,Received,241,807.35
PO11498,2025-05-29,S05,SUP003,Received,232,777.2
PO11499,2025-06-07,S05,SUP003,Received,239,800.65
PO11500,2025-06-16,S05,SUP003,Received,230,770.5
PO11501,2025-06-25,S05,SUP003,Received,232,777.2
PO11502,2025-07-05,S05,SUP003,Received,232,777.2
PO11503,2025-07-15,S05,SUP003,Received,238,797.3
PO11504,2025-07-25,S05,SUP003,Received,239,800.65
PO11505,2025-08-04,S05,SUP003,Received,234,783.9
PO11506,2025-08-14,S05,SUP003,Received,229,767.15
PO11507,2025-08-25,S05,SUP003,Received,239,800.65
PO11508,2025-09-05,S05,SUP003,Received,243,814.05
PO11509,2025-09-18,S05,SUP003,Received,228,763.8
PO11510,2025-09-30,S05,SUP003,Received,247,827.45
PO11511,2025-10-12,S05,SUP003,Received,234,783.9
PO11512,2025-10-24,S05,SUP003,Received,244,817.4
PO11513,2025-11-03,S05,SUP003,Received,231,773.85
PO11514,2025-11-14,S05,SUP003,Received,242,810.7
PO11515,2025-11-24,S05,SUP003,Received,245,820.75
PO11516,2025-12-05,S05,SUP003,Received,233,780.55
PO11517,2025-12-14,S05,SUP003,Received,236,790.6
PO11518,2025-12-25,S05,SUP003,Received,245,820.75
PO11519,2025-01-09,S05,SUP003,Received,87,1017.9
PO11520,2025-01-25,S05,SUP003,Received,86,1006.2
PO11521,2025-02-10,S05,SUP003,Received,90,1053.0
PO11522,2025-02-25,S05,SUP003,Received,90,1053.0
PO11523,2025-03-12,S05,SUP003,Received,86,1006.2
PO11524,2025-03-27,S05,SUP003,Received,90,1053.0
PO11525,2025-04-12,S05,SUP003,Received,87,1017.9
PO11526,2025-04-26,S05,SUP003,Received,90,1053.0
PO11527,2025-05-11,S05,SUP003,Received,86,1006.2
PO11528,2025-05-28,S05,SUP003,Received,91,1064.7
PO11529,2025-06-17,S05,SUP003,Received,93,1088.1
PO11530,2025-07-02,S05,SUP003,Received,87,1017.9
PO11531,2025-07-20,S05,SUP003,Received,89,1041.3
PO11532,2025-08-10,S05,SUP003,Received,88,1029.6
PO11533,2025-08-31,S05,SUP003,Received,91,1064.7
PO11534,2025-09-20,S05,SUP003,Received,87,1017.9
PO11535,2025-10-09,S05,SUP003,Received,88,1029.6
PO11536,2025-10-28,S05,SUP003,Received,90,1053.0
PO11537,2025-11-16,S05,SUP003,Received,93,1088.1
PO11538,2025-12-06,S05,SUP003,Received,90,1053.0
PO11539,2025-12-27,S05,SUP003,Received,87,1017.9
PO11540,2025-01-04,S05,SUP002,Received,390,6380.4
PO11541,2025-01-17,S05,SUP008,Received,393,5439.12
PO11542,2025-01-28,S05,SUP002,Received,373,6102.28
PO11543,2025-02-09,S05,SUP008,Received,378,5231.52
PO11544,2025-02-21,S05,SUP002,Received,372,6085.92
PO11545,2025-03-05,S05,SUP008,Received,386,5342.24
PO11546,2025-03-18,S05,SUP009,Received,391,6627.45
PO11547,2025-03-29,S05,SUP008,Received,379,5245.36
PO11548,2025-04-10,S05,SUP008,Received,385,5328.4
PO11549,2025-04-21,S05,SUP009,Received,379,6424.05
PO11550,2025-05-03,S05,SUP002,Received,376,6151.36
PO11551,2025-05-15,S05,SUP002,Received,378,6184.08
PO11552,2025-05-27,S05,SUP009,Received,381,6457.95
PO11553,2025-06-09,S05,SUP008,Received,382,5286.88
PO11554,2025-06-22,S05,SUP002,Received,390,6380.4
PO11555,2025-07-06,S05,SUP009,Received,388,6576.6
PO11556,2025-07-21,S05,SUP002,Received,371,6069.56
PO11557,2025-08-04,S05,SUP002,Received,379,6200.44
PO11558,2025-08-19,S05,SUP008,Received,391,5411.44
PO11559,2025-09-04,S05,SUP008,Received,376,5203.84
PO11560,2025-09-20,S05,SUP002,Received,379,6200.44
PO11561,2025-10-07,S05,SUP009,Received,399,6763.05
PO11562,2025-10-22,S05,SUP008,Received,378,5231.52
PO11563,2025-11-07,S05,SUP002,Received,383,6265.88
PO11564,2025-11-22,S05,SUP009,Received,379,6424.05
PO11565,2025-12-07,S05,SUP008,Received,405,5605.2
PO11566,2025-12-21,S05,SUP008,Received,386,5342.24
PO11567,2025-01-12,S05,SUP001,Received,410,3624.4
PO11568,2025-02-07,S05,SUP001,Received,412,3642.08
PO11569,2025-03-04,S05,SUP001,Received,406,3589.04
PO11570,2025-03-29,S05,SUP001,Received,405,3580.2
PO11571,2025-04-24,S05,SUP001,Received,406,3589.04
PO11572,2025-05-21,S05,SUP001,Received,420,3712.8
PO11573,2025-06-18,S05,SUP001,Received,410,3624.4
PO11574,2025-07-19,S05,SUP001,Received,413,3650.92
PO11575,2025-08-19,S05,SUP001,Received,406,3589.04
PO11576,2025-09-23,S05,SUP001,Received,414,3659.76
PO11577,2025-10-28,S05,SUP001,Received,403,3562.52
PO11578,2025-11-29,S05,SUP001,Received,404,3571.36
PO11579,2025-12-29,S05,SUP001,Received,415,3668.6
PO11580,2025-02-10,S05,SUP008,Received,414,5696.64
PO11581,2025-03-31,S05,SUP008,Received,413,5682.88
PO11582,2025-05-28,S05,SUP008,Received,415,5710.4
PO11583,2025-07-24,S05,SUP008,Received,419,5765.44
PO11584,2025-09-28,S05,SUP008,Received,413,5682.88
PO11585,2025-12-07,S05,SUP008,Received,411,5655.36
PO11586,2025-01-06,S05,SUP003,Received,173,576.09
PO11587,2025-01-19,S05,SUP010,Received,171,482.22
PO11588,2025-02-03,S05,SUP010,Received,173,487.86
PO11589,2025-02-16,S05,SUP003,Received,166,552.78
PO11590,2025-03-03,S05,SUP003,Received,172,572.76
PO11591,2025-03-16,S05,SUP010,Received,168,473.76
PO11592,2025-03-27,S05,SUP010,Received,168,473.76
PO11593,2025-04-09,S05,SUP010,Received,165,465.3
PO11594,2025-04-23,S05,SUP003,Received,173,576.09
PO11595,2025-05-06,S05,SUP003,Received,169,562.77
PO11596,2025-05-18,S05,SUP010,Received,173,487.86
PO11597,2025-06-01,S05,SUP003,Received,172,572.76
PO11598,2025-06-16,S05,SUP003,Received,169,562.77
PO11599,2025-06-30,S05,SUP010,Received,173,487.86
PO11600,2025-07-15,S05,SUP010,Received,172,485.04
PO11601,2025-08-01,S05,SUP003,Received,173,576.09
PO11602,2025-08-18,S05,SUP010,Received,165,465.3
PO11603,2025-09-05,S05,SUP010,Received,170,479.4
PO11604,2025-09-21,S05,SUP003,Received,173,576.09
PO11605,2025-10-08,S05,SUP003,Received,167,556.11
PO11606,2025-10-24,S05,SUP010,Received,165,465.3
PO11607,2025-11-10,S05,SUP003,Received,171,569.43
PO11608,2025-11-26,S05,SUP003,Received,166,552.78
PO11609,2025-12-14,S05,SUP003,Received,173,576.09
PO11610,2025-12-30,S05,SUP003,Received,168,559.44
PO11611,2025-01-15,S05,SUP010,Received,301,6471.5
PO11612,2025-02-03,S05,SUP002,Received,317,6752.1
PO11613,2025-02-22,S05,SUP002,Received,307,6539.1
PO11614,2025-03-16,S05,SUP002,Received,318,6773.4
PO11615,2025-04-05,S05,SUP010,Received,304,6536.0
PO11616,2025-04-24,S05,SUP002,Received,316,6730.8
PO11617,2025-05-12,S05,SUP010,Received,312,6708.0
PO11618,2025-05-31,S05,SUP010,Received,303,6514.5
PO11619,2025-06-22,S05,SUP002,Received,320,6816.0
PO11620,2025-07-13,S05,SUP010,Received,305,6557.5
PO11621,2025-08-04,S05,SUP010,Received,303,6514.5
PO11622,2025-08-31,S05,SUP002,Received,305,6496.5
PO11623,2025-09-25,S05,SUP010,Received,311,6686.5
PO11624,2025-10-19,S05,SUP010,Received,309,6643.5
PO11625,2025-11-11,S05,SUP002,Received,305,6496.5
PO11626,2025-12-02,S05,SUP010,Received,306,6579.0
PO11627,2025-12-25,S05,SUP010,Received,300,6450.0
PO11628,2025-01-09,S05,SUP002,Received,284,1380.24
PO11629,2025-01-23,S05,SUP002,Received,282,1370.52
PO11630,2025-02-07,S05,SUP007,Received,302,1546.24
PO11631,2025-02-19,S05,SUP002,Received,284,1380.24
PO11632,2025-03-03,S05,SUP002,Received,290,1409.4
PO11633,2025-03-17,S05,SUP002,Received,288,1399.68
PO11634,2025-03-31,S05,SUP002,Received,292,1419.12
PO11635,2025-04-13,S05,SUP002,Received,306,1487.16
PO11636,2025-04-26,S05,SUP007,Received,301,1541.12
PO11637,2025-05-10,S05,SUP007,Received,298,1525.76
PO11638,2025-05-24,S05,SUP002,Received,304,1477.44
PO11639,2025-06-06,S05,SUP007,Received,282,1443.84
PO11640,2025-06-23,S05,SUP002,Received,294,1428.84
PO11641,2025-07-08,S05,SUP002,Received,303,1472.58
PO11642,2025-07-25,S05,SUP007,Received,295,1510.4
PO11643,2025-08-10,S05,SUP007,Received,289,1479.68
PO11644,2025-08-27,S05,SUP007,Received,295,1510.4
PO11645,2025-09-14,S05,SUP007,Received,296,1515.52
PO11646,2025-10-03,S05,SUP002,Received,282,1370.52
PO11647,2025-10-21,S05,SUP002,Received,294,1428.84
PO11648,2025-11-08,S05,SUP002,Received,281,1365.66
PO11649,2025-11-23,S05,SUP002,Received,285,1385.1
PO11650,2025-12-09,S05,SUP007,Received,289,1479.68
PO11651,2025-12-25,S05,SUP007,Received,284,1454.08
PO11652,2025-01-03,S05,SUP002,Received,86,739.6
PO11653,2025-01-06,S05,SUP002,Received,81,696.6
PO11654,2025-01-10,S05,SUP002,Received,86,739.6
PO11655,2025-01-14,S05,SUP002,Received,86,739.6
PO11656,2025-01-18,S05,SUP002,Received,86,739.6
PO11657,2025-01-22,S05,SUP002,Received,86,739.6
PO11658,2025-01-26,S05,SUP002,Received,86,739.6
PO11659,2025-01-30,S05,SUP002,Received,86,739.6
PO11660,2025-02-02,S05,SUP002,Received,86,739.6
PO11661,2025-02-06,S05,SUP002,Received,86,739.6
PO11662,2025-02-09,S05,SUP002,Received,86,739.6
PO11663,2025-02-12,S05,SUP002,Received,85,731.0
PO11664,2025-02-15,S05,SUP002,Received,84,722.4
PO11665,2025-02-19,S05,SUP002,Received,86,739.6
PO11666,2025-02-22,S05,SUP002,Received,85,731.0
PO11667,2025-02-26,S05,SUP002,Received,86,739.6
PO11668,2025-03-02,S05,SUP002,Received,86,739.6
PO11669,2025-03-06,S05,SUP002,Received,86,739.6
PO11670,2025-03-09,S05,SUP002,Received,86,739.6
PO11671,2025-03-13,S05,SUP002,Received,86,739.6
PO11672,2025-03-16,S05,SUP002,Received,86,739.6
PO11673,2025-03-20,S05,SUP002,Received,86,739.6
PO11674,2025-03-24,S05,SUP002,Received,86,739.6
PO11675,2025-03-28,S05,SUP002,Received,86,739.6
PO11676,2025-03-31,S05,SUP002,Received,86,739.6
PO11677,2025-04-04,S05,SUP002,Received,86,739.6
PO11678,2025-04-07,S05,SUP002,Received,86,739.6
PO11679,2025-04-10,S05,SUP002,Received,84,722.4
PO11680,2025-04-13,S05,SUP002,Received,86,739.6
PO11681,2025-04-16,S05,SUP002,Received,83,713.8
PO11682,2025-04-20,S05,SUP002,Received,86,739.6
PO11683,2025-04-24,S05,SUP002,Received,86,739.6
PO11684,2025-04-27,S05,SUP002,Received,86,739.6
PO11685,2025-04-30,S05,SUP002,Received,86,739.6
PO11686,2025-05-03,S05,SUP002,Received,84,722.4
PO11687,2025-05-07,S05,SUP002,Received,86,739.6
PO11688,2025-05-11,S05,SUP002,Received,86,739.6
PO11689,2025-05-14,S05,SUP002,Received,83,713.8
PO11690,2025-05-17,S05,SUP002,Received,85,731.0
PO11691,2025-05-21,S05,SUP002,Received,86,739.6
PO11692,2025-05-25,S05,SUP002,Received,86,739.6
PO11693,2025-05-29,S05,SUP002,Received,86,739.6
PO11694,2025-06-01,S05,SUP002,Received,82,705.2
PO11695,2025-06-05,S05,SUP002,Received,86,739.6
PO11696,2025-06-09,S05,SUP002,Received,86,739.6
PO11697,2025-06-13,S05,SUP002,Received,86,739.6
PO11698,2025-06-17,S05,SUP002,Received,86,739.6
PO11699,2025-06-21,S05,SUP002,Received,86,739.6
PO11700,2025-06-25,S05,SUP002,Received,86,739.6
PO11701,2025-06-29,S05,SUP002,Received,86,739.6
PO11702,2025-07-04,S05,SUP002,Received,86,739.6
PO11703,2025-07-07,S05,SUP002,Received,81,696.6
PO11704,2025-07-11,S05,SUP002,Received,86,739.6
PO11705,2025-07-15,S05,SUP002,Received,86,739.6
PO11706,2025-07-19,S05,SUP002,Received,83,713.8
PO11707,2025-07-23,S05,SUP002,Received,86,739.6
PO11708,2025-07-27,S05,SUP002,Received,84,722.4
PO11709,2025-07-31,S05,SUP002,Received,85,731.0
PO11710,2025-08-04,S05,SUP002,Received,86,739.6
PO11711,2025-08-09,S05,SUP002,Received,86,739.6
PO11712,2025-08-13,S05,SUP002,Received,86,739.6
PO11713,2025-08-17,S05,SUP002,Received,84,722.4
PO11714,2025-08-21,S05,SUP002,Received,82,705.2
PO11715,2025-08-25,S05,SUP002,Received,84,722.4
PO11716,2025-08-30,S05,SUP002,Received,86,739.6
PO11717,2025-09-03,S05,SUP002,Received,86,739.6
PO11718,2025-09-07,S05,SUP002,Received,86,739.6
PO11719,2025-09-12,S05,SUP002,Received,86,739.6
PO11720,2025-09-16,S05,SUP002,Received,86,739.6
PO11721,2025-09-21,S05,SUP002,Received,86,739.6
PO11722,2025-09-26,S05,SUP002,Received,82,705.2
PO11723,2025-10-01,S05,SUP002,Received,86,739.6
PO11724,2025-10-05,S05,SUP002,Received,86,739.6
PO11725,2025-10-11,S05,SUP002,Received,86,739.6
PO11726,2025-10-15,S05,SUP002,Received,86,739.6
PO11727,2025-10-19,S05,SUP002,Received,86,739.6
PO11728,2025-10-24,S05,SUP002,Received,86,739.6
PO11729,2025-10-28,S05,SUP002,Received,86,739.6
PO11730,2025-11-01,S05,SUP002,Received,86,739.6
PO11731,2025-11-06,S05,SUP002,Received,86,739.6
PO11732,2025-11-10,S05,SUP002,Received,86,739.6
PO11733,2025-11-15,S05,SUP002,Received,86,739.6
PO11734,2025-11-19,S05,SUP002,Received,86,739.6
PO11735,2025-11-23,S05,SUP002,Received,84,722.4
PO11736,2025-11-27,S05,SUP002,Received,83,713.8
PO11737,2025-12-01,S05,SUP002,Received,86,739.6
PO11738,2025-12-05,S05,SUP002,Received,86,739.6
PO11739,2025-12-09,S05,SUP002,Received,86,739.6
PO11740,2025-12-13,S05,SUP002,Received,86,739.6
PO11741,2025-12-17,S05,SUP002,Received,86,739.6
PO11742,2025-12-21,S05,SUP002,Received,86,739.6
PO11743,2025-12-25,S05,SUP002,Received,86,739.6
PO11744,2025-12-29,S05,SUP002,Received,86,739.6
PO11745,2025-01-10,S05,SUP009,Received,308,782.32
PO11746,2025-02-06,S05,SUP009,Received,312,792.48
PO11747,2025-03-03,S05,SUP001,Received,314,737.9
PO11748,2025-03-28,S05,SUP009,Received,312,792.48
PO11749,2025-04-22,S05,SUP009,Received,315,800.1
PO11750,2025-05-16,S05,SUP009,Received,312,792.48
PO11751,2025-06-09,S05,SUP001,Received,315,740.25
PO11752,2025-07-07,S05,SUP001,Received,318,747.3
PO11753,2025-08-04,S05,SUP006,Received,309,713.79
PO11754,2025-09-06,S05,SUP009,Received,309,784.86
PO11755,2025-10-08,S05,SUP006,Received,316,729.96
PO11756,2025-11-08,S05,SUP009,Received,314,797.56
PO11757,2025-12-08,S05,SUP006,Received,312,720.72
PO11758,2025-01-05,S05,SUP003,Received,261,5541.03
PO11759,2025-01-12,S05,SUP003,Received,241,5116.43
PO11760,2025-01-19,S05,SUP003,Received,255,5413.65
PO11761,2025-01-26,S05,SUP003,Received,256,5434.88
PO11762,2025-02-02,S05,SUP003,Received,240,5095.2
PO11763,2025-02-09,S05,SUP003,Received,262,5562.26
PO11764,2025-02-16,S05,SUP003,Received,266,5647.18
PO11765,2025-02-23,S05,SUP003,Received,249,5286.27
PO11766,2025-03-02,S05,SUP003,Received,266,5647.18
PO11767,2025-03-09,S05,SUP003,Received,241,5116.43
PO11768,2025-03-16,S05,SUP003,Received,247,5243.81
PO11769,2025-03-23,S05,SUP003,Received,266,5647.18
PO11770,2025-03-30,S05,SUP003,Received,266,5647.18
PO11771,2025-04-06,S05,SUP003,Received,266,5647.18
PO11772,2025-04-13,S05,SUP003,Received,262,5562.26
PO11773,2025-04-20,S05,SUP003,Received,266,5647.18
PO11774,2025-04-27,S05,SUP003,Received,266,5647.18
PO11775,2025-05-03,S05,SUP003,Received,261,5541.03
PO11776,2025-05-10,S05,SUP003,Received,241,5116.43
PO11777,2025-05-17,S05,SUP003,Received,241,5116.43
PO11778,2025-05-24,S05,SUP003,Received,251,5328.73
PO11779,2025-06-01,S05,SUP003,Received,266,5647.18
PO11780,2025-06-09,S05,SUP003,Received,266,5647.18
PO11781,2025-06-16,S05,SUP003,Received,248,5265.04
PO11782,2025-06-23,S05,SUP003,Received,266,5647.18
PO11783,2025-06-30,S05,SUP003,Received,250,5307.5
PO11784,2025-07-08,S05,SUP003,Received,265,5625.95
PO11785,2025-07-16,S05,SUP003,Received,245,5201.35
PO11786,2025-07-24,S05,SUP003,Received,259,5498.57
PO11787,2025-08-01,S05,SUP003,Received,261,5541.03
PO11788,2025-08-09,S05,SUP003,Received,266,5647.18
PO11789,2025-08-19,S05,SUP003,Received,254,5392.42
PO11790,2025-08-28,S05,SUP003,Received,257,5456.11
PO11791,2025-09-07,S05,SUP003,Received,264,5604.72
PO11792,2025-09-17,S05,SUP003,Received,256,5434.88
PO11793,2025-09-27,S05,SUP003,Received,261,5541.03
PO11794,2025-10-05,S05,SUP003,Received,246,5222.58
PO11795,2025-10-15,S05,SUP003,Received,257,5456.11
PO11796,2025-10-23,S05,SUP003,Received,259,5498.57
PO11797,2025-11-01,S05,SUP003,Received,258,5477.34
PO11798,2025-11-10,S05,SUP003,Received,266,5647.18
PO11799,2025-11-18,S05,SUP003,Received,254,5392.42
PO11800,2025-11-27,S05,SUP003,Received,243,5158.89
PO11801,2025-12-06,S05,SUP003,Received,266,5647.18
PO11802,2025-12-14,S05,SUP003,Received,265,5625.95
PO11803,2025-12-22,S05,SUP003,Received,259,5498.57
PO11804,2025-12-30,S05,SUP003,Received,246,5222.58
PO11805,2025-02-18,S05,SUP006,Received,435,7342.8
PO11806,2025-05-06,S05,SUP006,Received,435,7342.8
PO11807,2025-08-02,S05,SUP005,Received,435,7521.15
PO11808,2025-11-14,S05,SUP006,Received,434,7325.92
PO11809,2025-01-16,S05,SUP005,Received,478,5248.44
PO11810,2025-02-15,S05,SUP006,Received,488,5441.2
PO11811,2025-03-13,S05,SUP006,Received,478,5329.7
PO11812,2025-04-09,S05,SUP006,Received,488,5441.2
PO11813,2025-05-05,S05,SUP005,Received,478,5248.44
PO11814,2025-06-02,S05,SUP005,Received,479,5259.42
PO11815,2025-07-02,S05,SUP006,Received,492,5485.8
PO11816,2025-08-03,S05,SUP006,Received,484,5396.6
PO11817,2025-09-07,S05,SUP005,Received,477,5237.46
PO11818,2025-10-16,S05,SUP006,Received,487,5430.05
PO11819,2025-11-18,S05,SUP006,Received,482,5374.3
PO11820,2025-12-20,S05,SUP005,Received,493,5413.14
PO11821,2025-01-12,S05,SUP009,Received,258,5779.2
PO11822,2025-01-26,S05,SUP004,Received,258,6354.54
PO11823,2025-02-09,S05,SUP007,Received,245,5796.7
PO11824,2025-02-23,S05,SUP004,Received,258,6354.54
PO11825,2025-03-08,S05,SUP007,Received,243,5749.38
PO11826,2025-03-22,S05,SUP004,Received,258,6354.54
PO11827,2025-04-04,S05,SUP004,Received,249,6132.87
PO11828,2025-04-16,S05,SUP009,Received,256,5734.4
PO11829,2025-05-01,S05,SUP007,Received,248,5867.68
PO11830,2025-05-14,S05,SUP009,Received,249,5577.6
PO11831,2025-05-27,S05,SUP004,Received,248,6108.24
PO11832,2025-06-11,S05,SUP004,Received,250,6157.5
PO11833,2025-06-26,S05,SUP007,Received,255,6033.3
PO11834,2025-07-12,S05,SUP004,Received,250,6157.5
PO11835,2025-07-27,S05,SUP007,Received,252,5962.32
PO11836,2025-08-12,S05,SUP004,Received,251,6182.13
PO11837,2025-08-30,S05,SUP004,Received,251,6182.13
PO11838,2025-09-14,S05,SUP009,Received,256,5734.4
PO11839,2025-09-30,S05,SUP009,Received,256,5734.4
PO11840,2025-10-19,S05,SUP007,Received,258,6104.28
PO11841,2025-11-05,S05,SUP007,Received,253,5985.98
PO11842,2025-11-21,S05,SUP009,Received,252,5644.8
PO11843,2025-12-06,S05,SUP009,Received,251,5622.4
PO11844,2025-12-21,S05,SUP004,Received,246,6058.98
PO11845,2025-01-03,S05,SUP008,Received,180,811.8
PO11846,2025-01-11,S05,SUP008,Received,181,816.31
PO11847,2025-01-18,S05,SUP007,Received,166,810.08
PO11848,2025-01-25,S05,SUP008,Received,192,865.92
PO11849,2025-02-01,S05,SUP007,Received,185,902.8
PO11850,2025-02-08,S05,SUP007,Received,182,888.16
PO11851,2025-02-14,S05,SUP008,Received,166,748.66
PO11852,2025-02-21,S05,SUP008,Received,187,843.37
PO11853,2025-02-26,S05,SUP008,Received,166,748.66
PO11854,2025-03-04,S05,SUP008,Received,171,771.21
PO11855,2025-03-10,S05,SUP007,Received,168,819.84
PO11856,2025-03-15,S05,SUP008,Received,162,730.62
PO11857,2025-03-21,S05,SUP008,Received,163,735.13
PO11858,2025-03-27,S05,SUP008,Received,171,771.21
PO11859,2025-04-01,S05,SUP008,Received,167,753.17
PO11860,2025-04-07,S05,SUP007,Received,169,824.72
PO11861,2025-04-13,S05,SUP008,Received,186,838.86
PO11862,2025-04-20,S05,SUP007,Received,189,922.32
PO11863,2025-04-26,S05,SUP007,Received,173,844.24
PO11864,2025-05-03,S05,SUP008,Received,192,865.92
PO11865,2025-05-10,S05,SUP007,Received,189,922.32
PO11866,2025-05-16,S05,SUP008,Received,164,739.64
PO11867,2025-05-22,S05,SUP007,Received,179,873.52
PO11868,2025-05-28,S05,SUP007,Received,170,829.6
PO11869,2025-06-03,S05,SUP007,Received,175,854.0
PO11870,2025-06-09,S05,SUP008,Received,182,820.82
PO11871,2025-06-16,S05,SUP007,Received,175,854.0
PO11872,2025-06-22,S05,SUP007,Received,181,883.28
PO11873,2025-06-29,S05,SUP007,Received,190,927.2
PO11874,2025-07-06,S05,SUP008,Received,192,865.92
PO11875,2025-07-13,S05,SUP008,Received,169,762.19
PO11876,2025-07-21,S05,SUP007,Received,168,819.84
PO11877,2025-07-27,S05,SUP007,Received,165,805.2
PO11878,2025-08-03,S05,SUP008,Received,164,739.64
PO11879,2025-08-10,S05,SUP007,Received,163,795.44
PO11880,2025-08-17,S05,SUP007,Received,181,883.28
PO11881,2025-08-24,S05,SUP008,Received,171,771.21
PO11882,2025-08-31,S05,SUP007,Received,172,839.36
PO11883,2025-09-08,S05,SUP008,Received,165,744.15
PO11884,2025-09-16,S05,SUP008,Received,173,780.23
PO11885,2025-09-24,S05,SUP007,Received,179,873.52
PO11886,2025-10-01,S05,SUP008,Received,169,762.19
PO11887,2025-10-09,S05,SUP008,Received,167,753.17
PO11888,2025-10-16,S05,SUP007,Received,163,795.44
PO11889,2025-10-23,S05,SUP007,Received,163,795.44
PO11890,2025-10-31,S05,SUP008,Received,171,771.21
PO11891,2025-11-08,S05,SUP007,Received,178,868.64
PO11892,2025-11-16,S05,SUP007,Received,191,932.08
PO11893,2025-11-23,S05,SUP007,Received,186,907.68
PO11894,2025-11-30,S05,SUP008,Received,165,744.15
PO11895,2025-12-07,S05,SUP008,Received,186,838.86
PO11896,2025-12-14,S05,SUP007,Received,173,844.24
PO11897,2025-12-21,S05,SUP007,Received,174,849.12
PO11898,2025-12-28,S05,SUP008,Received,184,829.84
PO11899,2025-01-10,S05,SUP010,Received,339,6186.75
PO11900,2025-02-09,S05,SUP008,Received,346,7172.58
PO11901,2025-03-09,S05,SUP008,Received,346,7172.58
PO11902,2025-04-05,S05,SUP008,Received,345,7151.85
PO11903,2025-05-03,S05,SUP008,Received,346,7172.58
PO11904,2025-05-29,S05,SUP010,Received,343,6259.75
PO11905,2025-06-27,S05,SUP010,Received,343,6259.75
PO11906,2025-07-28,S05,SUP008,Received,338,7006.74
PO11907,2025-08-28,S05,SUP010,Received,340,6205.0
PO11908,2025-09-30,S05,SUP010,Received,342,6241.5
PO11909,2025-11-02,S05,SUP010,Received,338,6168.5
PO11910,2025-12-09,S05,SUP008,Received,341,7068.93
PO11911,2025-01-08,S05,SUP003,Received,310,4953.8
PO11912,2025-01-26,S05,SUP003,Received,310,4953.8
PO11913,2025-02-13,S05,SUP003,Received,305,4873.9
PO11914,2025-03-01,S05,SUP003,Received,310,4953.8
PO11915,2025-03-17,S05,SUP003,Received,310,4953.8
PO11916,2025-04-02,S05,SUP003,Received,310,4953.8
PO11917,2025-04-17,S05,SUP003,Received,310,4953.8
PO11918,2025-05-04,S05,SUP003,Received,310,4953.8
PO11919,2025-05-22,S05,SUP003,Received,310,4953.8
PO11920,2025-06-08,S05,SUP003,Received,310,4953.8
PO11921,2025-06-26,S05,SUP003,Received,310,4953.8
PO11922,2025-07-13,S05,SUP003,Received,310,4953.8
PO11923,2025-07-31,S05,SUP003,Received,303,4841.94
PO11924,2025-08-20,S05,SUP003,Received,306,4889.88
PO11925,2025-09-09,S05,SUP003,Received,302,4825.96
PO11926,2025-09-30,S05,SUP003,Received,310,4953.8
PO11927,2025-10-20,S05,SUP003,Received,309,4937.82
PO11928,2025-11-10,S05,SUP003,Received,307,4905.86
PO11929,2025-12-02,S05,SUP003,Received,306,4889.88
PO11930,2025-12-20,S05,SUP003,Received,303,4841.94
PO11931,2025-01-06,S05,SUP007,Received,336,6454.56
PO11932,2025-01-18,S05,SUP007,Received,335,6435.35
PO11933,2025-01-30,S05,SUP007,Received,319,6127.99
PO11934,2025-02-09,S05,SUP003,Received,321,7630.17
PO11935,2025-02-20,S05,SUP007,Received,338,6492.98
PO11936,2025-03-02,S05,SUP007,Received,318,6108.78
PO11937,2025-03-13,S05,SUP003,Received,315,7487.55
PO11938,2025-03-25,S05,SUP003,Received,334,7939.18
PO11939,2025-04-04,S05,SUP003,Received,315,7487.55
PO11940,2025-04-14,S05,SUP003,Received,327,7772.79
PO11941,2025-04-26,S05,SUP007,Received,343,6589.03
PO11942,2025-05-07,S05,SUP003,Received,313,7440.01
PO11943,2025-05-18,S05,SUP003,Received,325,7725.25
PO11944,2025-05-29,S05,SUP007,Received,332,6377.72
PO11945,2025-06-08,S05,SUP003,Received,314,7463.78
PO11946,2025-06-20,S05,SUP003,Received,322,7653.94
PO11947,2025-07-01,S05,SUP007,Received,321,6166.41
PO11948,2025-07-13,S05,SUP007,Received,329,6320.09
PO11949,2025-07-26,S05,SUP003,Received,314,7463.78
PO11950,2025-08-07,S05,SUP003,Received,324,7701.48
PO11951,2025-08-21,S05,SUP007,Received,328,6300.88
PO11952,2025-09-02,S05,SUP007,Received,315,6051.15
PO11953,2025-09-16,S05,SUP007,Received,316,6070.36
PO11954,2025-09-30,S05,SUP007,Received,320,6147.2
PO11955,2025-10-14,S05,SUP007,Received,325,6243.25
PO11956,2025-10-28,S05,SUP007,Received,326,6262.46
PO11957,2025-11-11,S05,SUP007,Received,328,6300.88
PO11958,2025-11-25,S05,SUP003,Received,331,7867.87
PO11959,2025-12-07,S05,SUP003,Received,327,7772.79
PO11960,2025-12-20,S05,SUP007,Received,327,6281.67
PO11961,2025-01-12,S05,SUP001,Received,372,5438.64
PO11962,2025-02-20,S05,SUP001,Received,372,5438.64
PO11963,2025-04-01,S05,SUP010,Received,371,5334.98
PO11964,2025-05-12,S05,SUP010,Received,378,5435.64
PO11965,2025-06-25,S05,SUP001,Received,377,5511.74
PO11966,2025-08-15,S05,SUP007,Received,369,5582.97
PO11967,2025-10-03,S05,SUP010,Received,380,5464.4
PO11968,2025-11-24,S05,SUP010,Received,375,5392.5
PO11969,2025-01-30,S05,SUP008,Received,284,4725.76
PO11970,2025-03-28,S05,SUP006,Received,284,4671.8
PO11971,2025-05-20,S05,SUP006,Received,279,4589.55
PO11972,2025-07-13,S05,SUP002,Received,284,5171.64
PO11973,2025-09-29,S05,SUP006,Received,279,4589.55
PO11974,2025-12-13,S05,SUP002,Received,282,5135.22
PO11975,2025-01-03,S05,SUP009,Received,125,3036.25
PO11976,2025-01-07,S05,SUP009,Received,122,2963.38
PO11977,2025-01-11,S05,SUP009,Received,113,2744.77
PO11978,2025-01-15,S05,SUP009,Received,108,2623.32
PO11979,2025-01-19,S05,SUP009,Received,123,2987.67
PO11980,2025-01-23,S05,SUP009,Received,110,2671.9
PO11981,2025-01-27,S05,SUP009,Received,121,2939.09
PO11982,2025-01-31,S05,SUP009,Received,130,3157.7
PO11983,2025-02-04,S05,SUP009,Received,130,3157.7
PO11984,2025-02-08,S05,SUP009,Received,123,2987.67
PO11985,2025-02-12,S05,SUP009,Received,107,2599.03
PO11986,2025-02-16,S05,SUP009,Received,126,3060.54
PO11987,2025-02-20,S05,SUP009,Received,116,2817.64
PO11988,2025-02-24,S05,SUP009,Received,128,3109.12
PO11989,2025-02-28,S05,SUP009,Received,110,2671.9
PO11990,2025-03-04,S05,SUP009,Received,129,3133.41
PO11991,2025-03-08,S05,SUP009,Received,110,2671.9
PO11992,2025-03-12,S05,SUP009,Received,107,2599.03
PO11993,2025-03-16,S05,SUP009,Received,130,3157.7
PO11994,2025-03-20,S05,SUP009,Received,120,2914.8
PO11995,2025-03-24,S05,SUP009,Received,110,2671.9
PO11996,2025-03-28,S05,SUP009,Received,112,2720.48
PO11997,2025-04-01,S05,SUP009,Received,130,3157.7
PO11998,2025-04-05,S05,SUP009,Received,130,3157.7
PO11999,2025-04-08,S05,SUP009,Received,108,2623.32
PO12000,2025-04-12,S05,SUP009,Received,127,3084.83
PO12001,2025-04-16,S05,SUP009,Received,130,3157.7
PO12002,2025-04-20,S05,SUP009,Received,130,3157.7
PO12003,2025-04-25,S05,SUP009,Received,123,2987.67
PO12004,2025-04-29,S05,SUP009,Received,130,3157.7
PO12005,2025-05-03,S05,SUP009,Received,124,3011.96
PO12006,2025-05-07,S05,SUP009,Received,113,2744.77
PO12007,2025-05-11,S05,SUP009,Received,130,3157.7
PO12008,2025-05-15,S05,SUP009,Received,121,2939.09
PO12009,2025-05-19,S05,SUP009,Received,129,3133.41
PO12010,2025-05-23,S05,SUP009,Received,130,3157.7
PO12011,2025-05-27,S05,SUP009,Received,130,3157.7
PO12012,2025-05-31,S05,SUP009,Received,116,2817.64
PO12013,2025-06-04,S05,SUP009,Received,120,2914.8
PO12014,2025-06-08,S05,SUP009,Received,123,2987.67
PO12015,2025-06-12,S05,SUP009,Received,121,2939.09
PO12016,2025-06-16,S05,SUP009,Received,130,3157.7
PO12017,2025-06-21,S05,SUP009,Received,119,2890.51
PO12018,2025-06-25,S05,SUP009,Received,118,2866.22
PO12019,2025-06-29,S05,SUP009,Received,130,3157.7
PO12020,2025-07-04,S05,SUP009,Received,123,2987.67
PO12021,2025-07-09,S05,SUP009,Received,130,3157.7
PO12022,2025-07-13,S05,SUP009,Received,110,2671.9
PO12023,2025-07-18,S05,SUP009,Received,121,2939.09
PO12024,2025-07-22,S05,SUP009,Received,115,2793.35
PO12025,2025-07-27,S05,SUP009,Received,130,3157.7
PO12026,2025-08-01,S05,SUP009,Received,123,2987.67
PO12027,2025-08-06,S05,SUP009,Received,121,2939.09
PO12028,2025-08-10,S05,SUP009,Received,107,2599.03
PO12029,2025-08-16,S05,SUP009,Received,130,3157.7
PO12030,2025-08-21,S05,SUP009,Received,128,3109.12
PO12031,2025-08-26,S05,SUP009,Received,130,3157.7
PO12032,2025-08-30,S05,SUP009,Received,107,2599.03
PO12033,2025-09-04,S05,SUP009,Received,108,2623.32
PO12034,2025-09-08,S05,SUP009,Received,112,2720.48
PO12035,2025-09-13,S05,SUP009,Received,130,3157.7
PO12036,2025-09-18,S05,SUP009,Received,108,2623.32
PO12037,2025-09-22,S05,SUP009,Received,108,2623.32
PO12038,2025-09-27,S05,SUP009,Received,128,3109.12
PO12039,2025-10-03,S05,SUP009,Received,130,3157.7
PO12040,2025-10-08,S05,SUP009,Received,113,2744.77
PO12041,2025-10-13,S05,SUP009,Received,115,2793.35
PO12042,2025-10-19,S05,SUP009,Received,125,3036.25
PO12043,2025-10-24,S05,SUP009,Received,122,2963.38
PO12044,2025-10-29,S05,SUP009,Received,120,2914.8
PO12045,2025-11-03,S05,SUP009,Received,130,3157.7
PO12046,2025-11-08,S05,SUP009,Received,112,2720.48
PO12047,2025-11-13,S05,SUP009,Received,113,2744.77
PO12048,2025-11-17,S05,SUP009,Received,108,2623.32
PO12049,2025-11-22,S05,SUP009,Received,130,3157.7
PO12050,2025-11-27,S05,SUP009,Received,120,2914.8
PO12051,2025-12-02,S05,SUP009,Received,130,3157.7
PO12052,2025-12-06,S05,SUP009,Received,109,2647.61
PO12053,2025-12-10,S05,SUP009,Received,108,2623.32
PO12054,2025-12-14,S05,SUP009,Received,111,2696.19
PO12055,2025-12-18,S05,SUP009,Received,112,2720.48
PO12056,2025-12-22,S05,SUP009,Received,119,2890.51
PO12057,2025-12-27,S05,SUP009,Received,130,3157.7
PO12058,2025-12-31,S05,SUP009,Received,116,2817.64
PO12059,2025-01-03,S05,SUP006,Received,185,3496.5
PO12060,2025-01-09,S05,SUP003,Received,185,3912.75
PO12061,2025-01-15,S05,SUP006,Received,185,3496.5
PO12062,2025-01-21,S05,SUP003,Received,185,3912.75
PO12063,2025-01-26,S05,SUP006,Received,180,3402.0
PO12064,2025-01-31,S05,SUP003,Received,183,3870.45
PO12065,2025-02-05,S05,SUP003,Received,185,3912.75
PO12066,2025-02-09,S05,SUP003,Received,177,3743.55
PO12067,2025-02-15,S05,SUP003,Received,185,3912.75
PO12068,2025-02-20,S05,SUP003,Received,183,3870.45
PO12069,2025-02-25,S05,SUP006,Received,185,3496.5
PO12070,2025-03-02,S05,SUP006,Received,175,3307.5
PO12071,2025-03-07,S05,SUP003,Received,178,3764.7
PO12072,2025-03-12,S05,SUP006,Received,174,3288.6
PO12073,2025-03-17,S05,SUP003,Received,185,3912.75
PO12074,2025-03-22,S05,SUP003,Received,185,3912.75
PO12075,2025-03-27,S05,SUP003,Received,183,3870.45
PO12076,2025-04-01,S05,SUP006,Received,185,3496.5
PO12077,2025-04-06,S05,SUP006,Received,184,3477.6
PO12078,2025-04-11,S05,SUP003,Received,185,3912.75
PO12079,2025-04-16,S05,SUP006,Received,182,3439.8
PO12080,2025-04-21,S05,SUP006,Received,183,3458.7
PO12081,2025-04-27,S05,SUP003,Received,185,3912.75
PO12082,2025-05-02,S05,SUP006,Received,178,3364.2
PO12083,2025-05-07,S05,SUP006,Received,185,3496.5
PO12084,2025-05-12,S05,SUP003,Received,185,3912.75
PO12085,2025-05-17,S05,SUP003,Received,185,3912.75
PO12086,2025-05-22,S05,SUP003,Received,175,3701.25
PO12087,2025-05-28,S05,SUP003,Received,185,3912.75
PO12088,2025-06-03,S05,SUP006,Received,185,3496.5
PO12089,2025-06-08,S05,SUP003,Received,176,3722.4
PO12090,2025-06-14,S05,SUP006,Received,185,3496.5
PO12091,2025-06-20,S05,SUP003,Received,185,3912.75
PO12092,2025-06-26,S05,SUP006,Received,185,3496.5
PO12093,2025-07-01,S05,SUP003,Received,178,3764.7
PO12094,2025-07-06,S05,SUP006,Received,183,3458.7
PO12095,2025-07-12,S05,SUP006,Received,180,3402.0
PO12096,2025-07-19,S05,SUP006,Received,185,3496.5
PO12097,2025-07-26,S05,SUP006,Received,185,3496.5
PO12098,2025-08-02,S05,SUP006,Received,185,3496.5
PO12099,2025-08-08,S05,SUP003,Received,182,3849.3
PO12100,2025-08-15,S05,SUP003,Received,185,3912.75
PO12101,2025-08-22,S05,SUP006,Received,185,3496.5
PO12102,2025-08-28,S05,SUP006,Received,177,3345.3
PO12103,2025-09-03,S05,SUP003,Received,185,3912.75
PO12104,2025-09-10,S05,SUP003,Received,185,3912.75
PO12105,2025-09-16,S05,SUP003,Received,180,3807.0
PO12106,2025-09-23,S05,SUP006,Received,185,3496.5
PO12107,2025-09-30,S05,SUP006,Received,185,3496.5
PO12108,2025-10-08,S05,SUP006,Received,185,3496.5
PO12109,2025-10-14,S05,SUP006,Received,172,3250.8
PO12110,2025-10-20,S05,SUP006,Received,185,3496.5
PO12111,2025-10-26,S05,SUP006,Received,185,3496.5
PO12112,2025-11-01,S05,SUP003,Received,178,3764.7
PO12113,2025-11-08,S05,SUP006,Received,185,3496.5
PO12114,2025-11-15,S05,SUP006,Received,185,3496.5
PO12115,2025-11-21,S05,SUP003,Received,185,3912.75
PO12116,2025-11-27,S05,SUP006,Received,178,3364.2
PO12117,2025-12-03,S05,SUP003,Received,177,3743.55
PO12118,2025-12-09,S05,SUP006,Received,173,3269.7
PO12119,2025-12-15,S05,SUP006,Received,184,3477.6
PO12120,2025-12-21,S05,SUP006,Received,185,3496.5
PO12121,2025-12-27,S05,SUP003,Received,185,3912.75
PO12122,2025-01-22,S05,SUP010,Received,263,4181.7
PO12123,2025-02-21,S05,SUP008,Received,263,4247.45
PO12124,2025-03-24,S05,SUP010,Received,265,4213.5
PO12125,2025-04-24,S05,SUP010,Received,269,4277.1
PO12126,2025-05-24,S05,SUP009,Received,267,4018.35
PO12127,2025-06-28,S05,SUP008,Received,263,4247.45
PO12128,2025-08-04,S05,SUP010,Received,266,4229.4
PO12129,2025-09-13,S05,SUP010,Received,263,4181.7
PO12130,2025-10-25,S05,SUP010,Received,264,4197.6
PO12131,2025-12-01,S05,SUP010,Received,263,4181.7
PO12132,2025-01-10,S05,SUP002,Received,424,737.76
PO12133,2025-01-25,S05,SUP002,Received,421,732.54
PO12134,2025-02-10,S05,SUP002,Received,429,746.46
PO12135,2025-02-24,S05,SUP009,Received,417,621.33
PO12136,2025-03-09,S05,SUP009,Received,429,639.21
PO12137,2025-03-23,S05,SUP009,Received,429,639.21
PO12138,2025-04-05,S05,SUP002,Received,415,722.1
PO12139,2025-04-19,S05,SUP009,Received,429,639.21
PO12140,2025-05-02,S05,SUP002,Received,420,730.8
PO12141,2025-05-16,S05,SUP009,Received,429,639.21
PO12142,2025-05-30,S05,SUP002,Received,429,746.46
PO12143,2025-06-13,S05,SUP002,Received,416,723.84
PO12144,2025-06-28,S05,SUP002,Received,421,732.54
PO12145,2025-07-13,S05,SUP009,Received,414,616.86
PO12146,2025-07-29,S05,SUP009,Received,415,618.35
PO12147,2025-08-14,S05,SUP009,Received,415,618.35
PO12148,2025-08-31,S05,SUP009,Received,423,630.27
PO12149,2025-09-16,S05,SUP009,Received,429,639.21
PO12150,2025-10-04,S05,SUP009,Received,429,639.21
PO12151,2025-10-22,S05,SUP009,Received,429,639.21
PO12152,2025-11-09,S05,SUP009,Received,429,639.21
PO12153,2025-11-26,S05,SUP002,Received,415,722.1
PO12154,2025-12-13,S05,SUP009,Received,429,639.21
PO12155,2025-12-30,S05,SUP009,Received,429,639.21
PO12156,2025-01-10,S05,SUP008,Received,327,758.64
PO12157,2025-02-01,S05,SUP001,Received,337,862.72
PO12158,2025-02-22,S05,SUP008,Received,333,772.56
PO12159,2025-03-12,S05,SUP001,Received,327,837.12
PO12160,2025-03-31,S05,SUP007,Received,325,747.5
PO12161,2025-04-20,S05,SUP008,Received,328,760.96
PO12162,2025-05-09,S05,SUP008,Received,322,747.04
PO12163,2025-05-31,S05,SUP007,Received,342,786.6
PO12164,2025-06-21,S05,SUP007,Received,336,772.8
PO12165,2025-07-15,S05,SUP008,Received,320,742.4
PO12166,2025-08-06,S05,SUP001,Received,328,839.68
PO12167,2025-08-31,S05,SUP008,Received,324,751.68
PO12168,2025-09-27,S05,SUP001,Received,324,829.44
PO12169,2025-10-20,S05,SUP007,Received,320,736.0
PO12170,2025-11-13,S05,SUP001,Received,326,834.56
PO12171,2025-12-06,S05,SUP001,Received,330,844.8
PO12172,2025-12-27,S05,SUP008,Received,345,800.4
PO12173,2025-01-11,S05,SUP009,Received,399,3926.16
PO12174,2025-01-28,S05,SUP009,Received,399,3926.16
PO12175,2025-02-13,S05,SUP009,Received,381,3749.04
PO12176,2025-03-01,S05,SUP009,Received,399,3926.16
PO12177,2025-03-16,S05,SUP009,Received,381,3749.04
PO12178,2025-03-30,S05,SUP009,Received,392,3857.28
PO12179,2025-04-15,S05,SUP009,Received,382,3758.88
PO12180,2025-04-30,S05,SUP009,Received,389,3827.76
PO12181,2025-05-15,S05,SUP009,Received,382,3758.88
PO12182,2025-06-02,S05,SUP009,Received,399,3926.16
PO12183,2025-06-19,S05,SUP009,Received,391,3847.44
PO12184,2025-07-06,S05,SUP009,Received,398,3916.32
PO12185,2025-07-25,S05,SUP009,Received,394,3876.96
PO12186,2025-08-13,S05,SUP009,Received,389,3827.76
PO12187,2025-09-02,S05,SUP009,Received,394,3876.96
PO12188,2025-09-23,S05,SUP009,Received,393,3867.12
PO12189,2025-10-13,S05,SUP009,Received,381,3749.04
PO12190,2025-11-02,S05,SUP009,Received,392,3857.28
PO12191,2025-11-22,S05,SUP009,Received,383,3768.72
PO12192,2025-12-10,S05,SUP009,Received,392,3857.28
PO12193,2025-12-30,S05,SUP009,Received,399,3926.16
PO12194,2025-01-11,S05,SUP010,Received,489,10469.49
PO12195,2025-02-01,S05,SUP010,Received,474,10148.34
PO12196,2025-02-18,S05,SUP009,Received,484,11078.76
PO12197,2025-03-09,S05,SUP009,Received,486,11124.54
PO12198,2025-03-28,S05,SUP009,Received,492,11261.88
PO12199,2025-04-13,S05,SUP009,Received,475,10872.75
PO12200,2025-05-01,S05,SUP010,Received,476,10191.16
PO12201,2025-05-19,S05,SUP009,Received,487,11147.43
PO12202,2025-06-08,S05,SUP010,Received,479,10255.39
PO12203,2025-06-29,S05,SUP010,Received,492,10533.72
PO12204,2025-07-19,S05,SUP009,Received,478,10941.42
PO12205,2025-08-12,S05,SUP009,Received,483,11055.87
PO12206,2025-09-05,S05,SUP010,Received,473,10126.93
PO12207,2025-09-28,S05,SUP010,Received,479,10255.39
PO12208,2025-10-21,S05,SUP009,Received,488,11170.32
PO12209,2025-11-15,S05,SUP010,Received,484,10362.44
PO12210,2025-12-09,S05,SUP010,Received,491,10512.31
PO12211,2025-12-28,S05,SUP010,Received,474,10148.34
PO12212,2025-01-02,S05,SUP006,Received,120,1935.6
PO12213,2025-01-08,S05,SUP006,Received,130,2096.9
PO12214,2025-01-15,S05,SUP006,Received,128,2064.64
PO12215,2025-01-21,S05,SUP006,Received,126,2032.38
PO12216,2025-01-27,S05,SUP006,Received,121,1951.73
PO12217,2025-02-02,S05,SUP006,Received,116,1871.08
PO12218,2025-02-07,S05,SUP006,Received,123,1983.99
PO12219,2025-02-12,S05,SUP006,Received,118,1903.34
PO12220,2025-02-17,S05,SUP006,Received,119,1919.47
PO12221,2025-02-23,S05,SUP006,Received,121,1951.73
PO12222,2025-03-01,S05,SUP006,Received,130,2096.9
PO12223,2025-03-07,S05,SUP006,Received,114,1838.82
PO12224,2025-03-12,S05,SUP006,Received,124,2000.12
PO12225,2025-03-17,S05,SUP006,Received,112,1806.56
PO12226,2025-03-22,S05,SUP006,Received,131,2113.03
PO12227,2025-03-27,S05,SUP006,Received,123,1983.99
PO12228,2025-03-31,S05,SUP006,Received,113,1822.69
PO12229,2025-04-05,S05,SUP006,Received,122,1967.86
PO12230,2025-04-10,S05,SUP006,Received,111,1790.43
PO12231,2025-04-14,S05,SUP006,Received,118,1903.34
PO12232,2025-04-19,S05,SUP006,Received,131,2113.03
PO12233,2025-04-24,S05,SUP006,Received,128,2064.64
PO12234,2025-04-29,S05,SUP006,Received,115,1854.95
PO12235,2025-05-04,S05,SUP006,Received,131,2113.03
PO12236,2025-05-09,S05,SUP006,Received,111,1790.43
PO12237,2025-05-14,S05,SUP006,Received,122,1967.86
PO12238,2025-05-19,S05,SUP006,Received,129,2080.77
PO12239,2025-05-25,S05,SUP006,Received,131,2113.03
PO12240,2025-05-29,S05,SUP006,Received,115,1854.95
PO12241,2025-06-03,S05,SUP006,Received,120,1935.6
PO12242,2025-06-09,S05,SUP006,Received,125,2016.25
PO12243,2025-06-14,S05,SUP006,Received,110,1774.3
PO12244,2025-06-19,S05,SUP006,Received,110,1774.3
PO12245,2025-06-23,S05,SUP006,Received,111,1790.43
PO12246,2025-06-29,S05,SUP006,Received,124,2000.12
PO12247,2025-07-05,S05,SUP006,Received,119,1919.47
PO12248,2025-07-11,S05,SUP006,Received,124,2000.12
PO12249,2025-07-17,S05,SUP006,Received,126,2032.38
PO12250,2025-07-23,S05,SUP006,Received,116,1871.08
PO12251,2025-07-29,S05,SUP006,Received,113,1822.69
PO12252,2025-08-05,S05,SUP006,Received,116,1871.08
PO12253,2025-08-11,S05,SUP006,Received,110,1774.3
PO12254,2025-08-17,S05,SUP006,Received,121,1951.73
PO12255,2025-08-23,S05,SUP006,Received,109,1758.17
PO12256,2025-08-30,S05,SUP006,Received,124,2000.12
PO12257,2025-09-06,S05,SUP006,Received,123,1983.99
PO12258,2025-09-13,S05,SUP006,Received,113,1822.69
PO12259,2025-09-19,S05,SUP006,Received,115,1854.95
PO12260,2025-09-25,S05,SUP006,Received,119,1919.47
PO12261,2025-10-01,S05,SUP006,Received,114,1838.82
PO12262,2025-10-08,S05,SUP006,Received,125,2016.25
PO12263,2025-10-15,S05,SUP006,Received,125,2016.25
PO12264,2025-10-21,S05,SUP006,Received,118,1903.34
PO12265,2025-10-28,S05,SUP006,Received,115,1854.95
PO12266,2025-11-03,S05,SUP006,Received,120,1935.6
PO12267,2025-11-09,S05,SUP006,Received,113,1822.69
PO12268,2025-11-15,S05,SUP006,Received,129,2080.77
PO12269,2025-11-22,S05,SUP006,Received,131,2113.03
PO12270,2025-11-28,S05,SUP006,Received,114,1838.82
PO12271,2025-12-04,S05,SUP006,Received,120,1935.6
PO12272,2025-12-10,S05,SUP006,Received,119,1919.47
PO12273,2025-12-16,S05,SUP006,Received,123,1983.99
PO12274,2025-12-22,S05,SUP006,Received,109,1758.17
PO12275,2025-12-28,S05,SUP006,Received,116,1871.08
PO12276,2025-01-07,S05,SUP003,Received,153,777.24
PO12277,2025-01-20,S05,SUP006,Received,155,888.15
PO12278,2025-02-03,S05,SUP010,Received,153,720.63
PO12279,2025-02-13,S05,SUP010,Received,147,692.37
PO12280,2025-02-24,S05,SUP003,Received,152,772.16
PO12281,2025-03-07,S05,SUP010,Received,153,720.63
PO12282,2025-03-19,S05,SUP003,Received,146,741.68
PO12283,2025-03-29,S05,SUP010,Received,145,682.95
PO12284,2025-04-09,S05,SUP010,Received,157,739.47
PO12285,2025-04-19,S05,SUP010,Received,154,725.34
PO12286,2025-04-30,S05,SUP003,Received,150,762.0
PO12287,2025-05-14,S05,SUP003,Received,157,797.56
PO12288,2025-05-25,S05,SUP003,Received,157,797.56
PO12289,2025-06-07,S05,SUP006,Received,148,848.04
PO12290,2025-06-20,S05,SUP006,Received,149,853.77
PO12291,2025-07-03,S05,SUP010,Received,158,744.18
PO12292,2025-07-18,S05,SUP003,Received,153,777.24
PO12293,2025-07-30,S05,SUP010,Received,148,697.08
PO12294,2025-08-15,S05,SUP010,Received,156,734.76
PO12295,2025-08-30,S05,SUP006,Received,157,899.61
PO12296,2025-09-13,S05,SUP006,Received,146,836.58
PO12297,2025-09-29,S05,SUP006,Received,149,853.77
PO12298,2025-10-13,S05,SUP010,Received,146,687.66
PO12299,2025-10-29,S05,SUP010,Received,151,711.21
PO12300,2025-11-13,S05,SUP010,Received,146,687.66
PO12301,2025-11-28,S05,SUP006,Received,150,859.5
PO12302,2025-12-11,S05,SUP010,Received,155,730.05
PO12303,2025-12-24,S05,SUP010,Received,158,744.18
PO12304,2025-01-06,S05,SUP003,Received,284,1962.44
PO12305,2025-01-16,S05,SUP006,Received,292,2233.8
PO12306,2025-01-25,S05,SUP006,Received,278,2126.7
PO12307,2025-02-04,S05,SUP002,Received,278,2029.4
PO12308,2025-02-13,S05,SUP002,Received,265,1934.5
PO12309,2025-02-22,S05,SUP002,Received,292,2131.6
PO12310,2025-03-02,S05,SUP003,Received,286,1976.26
PO12311,2025-03-11,S05,SUP003,Received,269,1858.79
PO12312,2025-03-20,S05,SUP006,Received,289,2210.85
PO12313,2025-03-27,S05,SUP006,Received,269,2057.85
PO12314,2025-04-05,S05,SUP006,Received,267,2042.55
PO12315,2025-04-14,S05,SUP003,Received,293,2024.63
PO12316,2025-04-23,S05,SUP003,Received,277,1914.07
PO12317,2025-05-02,S05,SUP003,Received,288,1990.08
PO12318,2025-05-10,S05,SUP003,Received,266,1838.06
PO12319,2025-05-19,S05,SUP006,Received,264,2019.6
PO12320,2025-05-28,S05,SUP003,Received,280,1934.8
PO12321,2025-06-06,S05,SUP002,Received,276,2014.8
PO12322,2025-06-16,S05,SUP006,Received,288,2203.2
PO12323,2025-06-25,S05,SUP002,Received,291,2124.3
PO12324,2025-07-06,S05,SUP003,Received,289,1996.99
PO12325,2025-07-17,S05,SUP003,Received,277,1914.07
PO12326,2025-07-27,S05,SUP006,Received,266,2034.9
PO12327,2025-08-09,S05,SUP006,Received,294,2249.1
PO12328,2025-08-19,S05,SUP002,Received,280,2044.0
PO12329,2025-08-30,S05,SUP006,Received,274,2096.1
PO12330,2025-09-09,S05,SUP003,Received,277,1914.07
PO12331,2025-09-20,S05,SUP002,Received,271,1978.3
PO12332,2025-10-03,S05,SUP003,Received,278,1920.98
PO12333,2025-10-14,S05,SUP002,Received,265,1934.5
PO12334,2025-10-25,S05,SUP006,Received,275,2103.75
PO12335,2025-11-06,S05,SUP002,Received,274,2000.2
PO12336,2025-11-18,S05,SUP002,Received,273,1992.9
PO12337,2025-11-30,S05,SUP002,Received,266,1941.8
PO12338,2025-12-12,S05,SUP002,Received,281,2051.3
PO12339,2025-12-22,S05,SUP003,Received,266,1838.06
PO12340,2025-01-09,S05,SUP002,Received,101,363.6
PO12341,2025-01-31,S05,SUP009,Received,98,363.58
PO12342,2025-02-16,S05,SUP002,Received,99,356.4
PO12343,2025-03-11,S05,SUP002,Received,100,360.0
PO12344,2025-03-31,S05,SUP002,Received,101,363.6
PO12345,2025-04-17,S05,SUP002,Received,101,363.6
PO12346,2025-05-06,S05,SUP009,Received,99,367.29
PO12347,2025-05-23,S05,SUP009,Received,103,382.13
PO12348,2025-06-10,S05,SUP002,Received,98,352.8
PO12349,2025-07-05,S05,SUP009,Received,102,378.42
PO12350,2025-07-31,S05,SUP009,Received,99,367.29
PO12351,2025-08-21,S05,SUP002,Received,99,356.4
PO12352,2025-09-16,S05,SUP002,Received,103,370.8
PO12353,2025-10-10,S05,SUP009,Received,100,371.0
PO12354,2025-10-31,S05,SUP009,Received,99,367.29
PO12355,2025-11-24,S05,SUP009,Received,100,371.0
PO12356,2025-12-15,S05,SUP009,Received,99,367.29
PO12357,2025-01-06,S05,SUP003,Received,56,777.28
PO12358,2025-01-14,S05,SUP003,Received,58,805.04
PO12359,2025-01-24,S05,SUP003,Received,60,832.8
PO12360,2025-01-31,S05,SUP003,Received,52,721.76
PO12361,2025-02-07,S05,SUP003,Received,51,707.88
PO12362,2025-02-15,S05,SUP003,Received,58,805.04
PO12363,2025-02-22,S05,SUP003,Received,52,721.76
PO12364,2025-03-04,S05,SUP003,Received,53,735.64
PO12365,2025-03-10,S05,SUP003,Received,54,749.52
PO12366,2025-03-19,S05,SUP003,Received,54,749.52
PO12367,2025-03-26,S05,SUP003,Received,57,791.16
PO12368,2025-04-06,S05,SUP003,Received,57,791.16
PO12369,2025-04-13,S05,SUP003,Received,51,707.88
PO12370,2025-04-22,S05,SUP003,Received,60,832.8
PO12371,2025-04-30,S05,SUP003,Received,51,707.88
PO12372,2025-05-10,S05,SUP003,Received,58,805.04
PO12373,2025-05-18,S05,SUP003,Received,53,735.64
PO12374,2025-05-27,S05,SUP003,Received,63,874.44
PO12375,2025-06-02,S05,SUP003,Received,52,721.76
PO12376,2025-06-11,S05,SUP003,Received,51,707.88
PO12377,2025-06-20,S05,SUP003,Received,53,735.64
PO12378,2025-06-28,S05,SUP003,Received,51,707.88
PO12379,2025-07-07,S05,SUP003,Received,57,791.16
PO12380,2025-07-17,S05,SUP003,Received,53,735.64
PO12381,2025-07-29,S05,SUP003,Received,59,818.92
PO12382,2025-08-08,S05,SUP003,Received,53,735.64
PO12383,2025-08-19,S05,SUP003,Received,55,763.4
PO12384,2025-08-28,S05,SUP003,Received,51,707.88
PO12385,2025-09-06,S05,SUP003,Received,59,818.92
PO12386,2025-09-16,S05,SUP003,Received,55,763.4
PO12387,2025-09-27,S05,SUP003,Received,60,832.8
PO12388,2025-10-11,S05,SUP003,Received,53,735.64
PO12389,2025-10-23,S05,SUP003,Received,53,735.64
PO12390,2025-11-04,S05,SUP003,Received,54,749.52
PO12391,2025-11-15,S05,SUP003,Received,51,707.88
PO12392,2025-11-28,S05,SUP003,Received,54,749.52
PO12393,2025-12-10,S05,SUP003,Received,57,791.16
PO12394,2025-12-20,S05,SUP003,Received,54,749.52
PO12395,2025-12-30,S05,SUP003,Received,51,707.88
PO12396,2025-01-04,S05,SUP007,Received,266,4625.74
PO12397,2025-01-12,S05,SUP007,Received,249,4330.11
PO12398,2025-01-20,S05,SUP007,Received,245,4260.55
PO12399,2025-01-28,S05,SUP007,Received,245,4260.55
PO12400,2025-02-04,S05,SUP007,Received,242,4208.38
PO12401,2025-02-11,S05,SUP007,Received,249,4330.11
PO12402,2025-02-18,S05,SUP007,Received,246,4277.94
PO12403,2025-02-26,S05,SUP007,Received,265,4608.35
PO12404,2025-03-05,S05,SUP007,Received,242,4208.38
PO12405,2025-03-13,S05,SUP007,Received,263,4573.57
PO12406,2025-03-21,S05,SUP007,Received,266,4625.74
PO12407,2025-03-28,S05,SUP007,Received,253,4399.67
PO12408,2025-04-04,S05,SUP007,Received,249,4330.11
PO12409,2025-04-11,S05,SUP007,Received,249,4330.11
PO12410,2025-04-18,S05,SUP007,Received,270,4695.3
PO12411,2025-04-25,S05,SUP007,Received,258,4486.62
PO12412,2025-05-03,S05,SUP007,Received,261,4538.79
PO12413,2025-05-10,S05,SUP007,Received,270,4695.3
PO12414,2025-05-18,S05,SUP007,Received,259,4504.01
PO12415,2025-05-25,S05,SUP007,Received,252,4382.28
PO12416,2025-06-02,S05,SUP007,Received,247,4295.33
PO12417,2025-06-10,S05,SUP007,Received,246,4277.94
PO12418,2025-06-18,S05,SUP007,Received,261,4538.79
PO12419,2025-06-26,S05,SUP007,Received,248,4312.72
PO12420,2025-07-04,S05,SUP007,Received,252,4382.28
PO12421,2025-07-12,S05,SUP007,Received,253,4399.67
PO12422,2025-07-22,S05,SUP007,Received,251,4364.89
PO12423,2025-07-31,S05,SUP007,Received,263,4573.57
PO12424,2025-08-09,S05,SUP007,Received,268,4660.52
PO12425,2025-08-18,S05,SUP007,Received,252,4382.28
PO12426,2025-08-28,S05,SUP007,Received,257,4469.23
PO12427,2025-09-06,S05,SUP007,Received,262,4556.18
PO12428,2025-09-15,S05,SUP007,Received,242,4208.38
PO12429,2025-09-25,S05,SUP007,Received,248,4312.72
PO12430,2025-10-05,S05,SUP007,Received,266,4625.74
PO12431,2025-10-15,S05,SUP007,Received,260,4521.4
PO12432,2025-10-24,S05,SUP007,Received,253,4399.67
PO12433,2025-11-03,S05,SUP007,Received,262,4556.18
PO12434,2025-11-13,S05,SUP007,Received,270,4695.3
PO12435,2025-11-23,S05,SUP007,Received,263,4573.57
PO12436,2025-12-03,S05,SUP007,Received,265,4608.35
PO12437,2025-12-12,S05,SUP007,Received,254,4417.06
PO12438,2025-12-21,S05,SUP007,Received,252,4382.28
PO12439,2025-12-30,S05,SUP007,Received,260,4521.4
PO12440,2025-01-05,S05,SUP008,Received,226,4368.58
PO12441,2025-01-18,S05,SUP004,Received,222,4415.58
PO12442,2025-01-30,S05,SUP008,Received,216,4175.28
PO12443,2025-02-10,S05,SUP005,Received,214,4601.0
PO12444,2025-02-22,S05,SUP008,Received,227,4387.91
PO12445,2025-03-05,S05,SUP008,Received,229,4426.57
PO12446,2025-03-17,S05,SUP004,Received,222,4415.58
PO12447,2025-03-28,S05,SUP005,Received,222,4773.0
PO12448,2025-04-07,S05,SUP008,Received,213,4117.29
PO12449,2025-04-19,S05,SUP008,Received,229,4426.57
PO12450,2025-04-30,S05,SUP008,Received,229,4426.57
PO12451,2025-05-12,S05,SUP004,Received,225,4475.25
PO12452,2025-05-25,S05,SUP004,Received,216,4296.24
PO12453,2025-06-05,S05,SUP004,Received,215,4276.35
PO12454,2025-06-18,S05,SUP008,Received,222,4291.26
PO12455,2025-07-02,S05,SUP008,Received,213,4117.29
PO12456,2025-07-15,S05,SUP004,Received,212,4216.68
PO12457,2025-07-28,S05,SUP004,Received,223,4435.47
PO12458,2025-08-12,S05,SUP008,Received,225,4349.25
PO12459,2025-08-26,S05,SUP005,Received,225,4837.5
PO12460,2025-09-10,S05,SUP004,Received,212,4216.68
PO12461,2025-09-26,S05,SUP008,Received,221,4271.93
PO12462,2025-10-11,S05,SUP005,Received,229,4923.5
PO12463,2025-10-27,S05,SUP004,Received,215,4276.35
PO12464,2025-11-10,S05,SUP008,Received,212,4097.96
PO12465,2025-11-25,S05,SUP008,Received,220,4252.6
PO12466,2025-12-09,S05,SUP005,Received,219,4708.5
PO12467,2025-12-22,S05,SUP004,Received,223,4435.47
PO12468,2025-01-22,S05,SUP010,Received,302,975.46
PO12469,2025-02-26,S05,SUP010,Received,298,962.54
PO12470,2025-03-31,S05,SUP010,Received,298,962.54
PO12471,2025-05-07,S05,SUP010,Received,307,991.61
PO12472,2025-06-11,S05,SUP010,Received,306,988.38
PO12473,2025-07-19,S05,SUP010,Received,299,965.77
PO12474,2025-09-03,S05,SUP010,Received,300,969.0
PO12475,2025-10-19,S05,SUP010,Received,298,962.54
PO12476,2025-11-30,S05,SUP010,Received,302,975.46
PO12477,2025-01-06,S05,SUP002,Received,266,1622.6
PO12478,2025-01-14,S05,SUP009,Received,253,1520.53
PO12479,2025-01-22,S05,SUP002,Received,258,1573.8
PO12480,2025-01-29,S05,SUP002,Received,263,1604.3
PO12481,2025-02-06,S05,SUP002,Received,261,1592.1
PO12482,2025-02-13,S05,SUP009,Received,256,1538.56
PO12483,2025-02-20,S05,SUP002,Received,268,1634.8
PO12484,2025-02-28,S05,SUP009,Received,263,1580.63
PO12485,2025-03-08,S05,SUP002,Received,268,1634.8
PO12486,2025-03-16,S05,SUP002,Received,257,1567.7
PO12487,2025-03-24,S05,SUP002,Received,270,1647.0
PO12488,2025-04-01,S05,SUP009,Received,257,1544.57
PO12489,2025-04-09,S05,SUP002,Received,265,1616.5
PO12490,2025-04-16,S05,SUP009,Received,248,1490.48
PO12491,2025-04-23,S05,SUP009,Received,261,1568.61
PO12492,2025-05-01,S05,SUP002,Received,260,1586.0
PO12493,2025-05-08,S05,SUP002,Received,247,1506.7
PO12494,2025-05-15,S05,SUP002,Received,242,1476.2
PO12495,2025-05-24,S05,SUP009,Received,269,1616.69
PO12496,2025-06-01,S05,SUP002,Received,276,1683.6
PO12497,2025-06-08,S05,SUP002,Received,256,1561.6
PO12498,2025-06-17,S05,SUP002,Received,269,1640.9
PO12499,2025-06-26,S05,SUP002,Received,257,1567.7
PO12500,2025-07-04,S05,SUP002,Received,268,1634.8
PO12501,2025-07-12,S05,SUP009,Received,256,1538.56
PO12502,2025-07-21,S05,SUP009,Received,259,1556.59
PO12503,2025-07-30,S05,SUP009,Received,264,1586.64
PO12504,2025-08-09,S05,SUP002,Received,269,1640.9
PO12505,2025-08-17,S05,SUP009,Received,253,1520.53
PO12506,2025-08-27,S05,SUP002,Received,254,1549.4
PO12507,2025-09-05,S05,SUP002,Received,247,1506.7
PO12508,2025-09-14,S05,SUP002,Received,274,1671.4
PO12509,2025-09-24,S05,SUP009,Received,258,1550.58
PO12510,2025-10-04,S05,SUP009,Received,266,1598.66
PO12511,2025-10-13,S05,SUP009,Received,264,1586.64
PO12512,2025-10-22,S05,SUP002,Received,245,1494.5
PO12513,2025-10-30,S05,SUP002,Received,244,1488.4
PO12514,2025-11-08,S05,SUP002,Received,259,1579.9
PO12515,2025-11-16,S05,SUP009,Received,255,1532.55
PO12516,2025-11-25,S05,SUP009,Received,259,1556.59
PO12517,2025-12-04,S05,SUP002,Received,263,1604.3
PO12518,2025-12-13,S05,SUP002,Received,264,1610.4
PO12519,2025-12-20,S05,SUP009,Received,250,1502.5
PO12520,2025-12-29,S05,SUP002,Received,269,1640.9
PO12521,2025-01-08,S05,SUP007,Received,469,1918.21
PO12522,2025-01-24,S05,SUP007,Received,469,1918.21
PO12523,2025-02-08,S05,SUP007,Received,461,1885.49
PO12524,2025-02-23,S05,SUP007,Received,465,1901.85
PO12525,2025-03-10,S05,SUP007,Received,469,1918.21
PO12526,2025-03-24,S05,SUP007,Received,468,1914.12
PO12527,2025-04-07,S05,SUP007,Received,461,1885.49
PO12528,2025-04-21,S05,SUP007,Received,469,1918.21
PO12529,2025-05-06,S05,SUP007,Received,469,1918.21
PO12530,2025-05-21,S05,SUP007,Received,469,1918.21
PO12531,2025-06-05,S05,SUP007,Received,465,1901.85
PO12532,2025-06-21,S05,SUP007,Received,469,1918.21
PO12533,2025-07-08,S05,SUP007,Received,469,1918.21
PO12534,2025-07-25,S05,SUP007,Received,469,1918.21
PO12535,2025-08-12,S05,SUP007,Received,469,1918.21
PO12536,2025-08-31,S05,SUP007,Received,469,1918.21
PO12537,2025-09-19,S05,SUP007,Received,462,1889.58
PO12538,2025-10-09,S05,SUP007,Received,469,1918.21
PO12539,2025-10-28,S05,SUP007,Received,469,1918.21
PO12540,2025-11-17,S05,SUP007,Received,469,1918.21
PO12541,2025-12-07,S05,SUP007,Received,469,1918.21
PO12542,2025-12-25,S05,SUP007,Received,463,1893.67
PO12543,2025-01-12,S05,SUP007,Received,228,811.68
PO12544,2025-01-29,S05,SUP007,Received,233,829.48
PO12545,2025-02-13,S05,SUP007,Received,233,829.48
PO12546,2025-02-27,S05,SUP007,Received,230,818.8
PO12547,2025-03-15,S05,SUP007,Received,234,833.04
PO12548,2025-04-01,S05,SUP007,Received,241,857.96
PO12549,2025-04-15,S05,SUP007,Received,236,840.16
PO12550,2025-05-01,S05,SUP007,Received,236,840.16
PO12551,2025-05-17,S05,SUP007,Received,229,815.24
PO12552,2025-06-01,S05,SUP007,Received,241,857.96
PO12553,2025-06-17,S05,SUP007,Received,239,850.84
PO12554,2025-07-04,S05,SUP007,Received,233,829.48
PO12555,2025-07-22,S05,SUP007,Received,228,811.68
PO12556,2025-08-08,S05,SUP007,Received,237,843.72
PO12557,2025-08-26,S05,SUP007,Received,236,840.16
PO12558,2025-09-14,S05,SUP007,Received,240,854.4
PO12559,2025-10-04,S05,SUP007,Received,235,836.6
PO12560,2025-10-24,S05,SUP007,Received,241,857.96
PO12561,2025-11-12,S05,SUP007,Received,229,815.24
PO12562,2025-11-29,S05,SUP007,Received,245,872.2
PO12563,2025-12-15,S05,SUP007,Received,228,811.68
PO12564,2025-01-16,S05,SUP006,Received,131,778.14
PO12565,2025-02-06,S05,SUP006,Received,132,784.08
PO12566,2025-02-27,S05,SUP006,Received,135,801.9
PO12567,2025-03-19,S05,SUP006,Received,136,807.84
PO12568,2025-04-08,S05,SUP006,Received,131,778.14
PO12569,2025-05-01,S05,SUP006,Received,132,784.08
PO12570,2025-05-21,S05,SUP006,Received,132,784.08
PO12571,2025-06-14,S05,SUP006,Received,134,795.96
PO12572,2025-07-08,S05,SUP006,Received,132,784.08
PO12573,2025-08-05,S05,SUP006,Received,131,778.14
PO12574,2025-09-02,S05,SUP006,Received,133,790.02
PO12575,2025-10-04,S05,SUP006,Received,135,801.9
PO12576,2025-11-02,S05,SUP006,Received,132,784.08
PO12577,2025-11-29,S05,SUP006,Received,137,813.78
PO12578,2025-12-27,S05,SUP006,Received,139,825.66
PO12579,2025-01-09,S05,SUP009,Received,364,2049.32
PO12580,2025-01-28,S05,SUP006,Received,363,2065.47
PO12581,2025-02-17,S05,SUP006,Received,358,2037.02
PO12582,2025-03-07,S05,SUP003,Received,366,2155.74
PO12583,2025-03-28,S05,SUP009,Received,375,2111.25
PO12584,2025-04-14,S05,SUP009,Received,360,2026.8
PO12585,2025-05-02,S05,SUP003,Received,368,2167.52
PO12586,2025-05-21,S05,SUP009,Received,368,2071.84
PO12587,2025-06-09,S05,SUP009,Received,369,2077.47
PO12588,2025-06-30,S05,SUP003,Received,357,2102.73
PO12589,2025-07-22,S05,SUP009,Received,363,2043.69
PO12590,2025-08-15,S05,SUP009,Received,373,2099.99
PO12591,2025-09-07,S05,SUP009,Received,372,2094.36
PO12592,2025-10-03,S05,SUP006,Received,369,2099.61
PO12593,2025-10-29,S05,SUP009,Received,367,2066.21
PO12594,2025-11-22,S05,SUP003,Received,374,2202.86
PO12595,2025-12-18,S05,SUP009,Received,369,2077.47
PO12596,2025-01-19,S05,SUP009,Received,250,3102.5
PO12597,2025-02-12,S05,SUP009,Received,249,3090.09
PO12598,2025-03-09,S05,SUP009,Received,247,3065.27
PO12599,2025-04-03,S05,SUP009,Received,253,3139.73
PO12600,2025-04-27,S05,SUP009,Received,248,3077.68
PO12601,2025-05-21,S05,SUP009,Received,248,3077.68
PO12602,2025-06-14,S05,SUP009,Received,246,3052.86
PO12603,2025-07-15,S05,SUP009,Received,252,3127.32
PO12604,2025-08-13,S05,SUP009,Received,246,3052.86
PO12605,2025-09-16,S05,SUP009,Received,249,3090.09
PO12606,2025-10-21,S05,SUP009,Received,247,3065.27
PO12607,2025-11-23,S05,SUP009,Received,247,3065.27
PO12608,2025-12-26,S05,SUP009,Received,252,3127.32
PO12609,2025-01-04,S05,SUP004,Received,171,964.44
PO12610,2025-01-12,S05,SUP005,Received,189,1245.51
PO12611,2025-01-21,S05,SUP004,Received,173,975.72
PO12612,2025-01-30,S05,SUP004,Received,188,1060.32
PO12613,2025-02-07,S05,SUP004,Received,176,992.64
PO12614,2025-02-16,S05,SUP004,Received,189,1065.96
PO12615,2025-02-24,S05,SUP005,Received,179,1179.61
PO12616,2025-03-04,S05,SUP004,Received,184,1037.76
PO12617,2025-03-11,S05,SUP005,Received,176,1159.84
PO12618,2025-03-19,S05,SUP004,Received,189,1065.96
PO12619,2025-03-26,S05,SUP004,Received,171,964.44
PO12620,2025-04-03,S05,SUP005,Received,179,1179.61
PO12621,2025-04-10,S05,SUP004,Received,189,1065.96
PO12622,2025-04-18,S05,SUP005,Received,186,1225.74
PO12623,2025-04-25,S05,SUP005,Received,181,1192.79
PO12624,2025-05-04,S05,SUP004,Received,186,1049.04
PO12625,2025-05-13,S05,SUP004,Received,182,1026.48
PO12626,2025-05-21,S05,SUP004,Received,189,1065.96
PO12627,2025-05-28,S05,SUP004,Received,172,970.08
PO12628,2025-06-05,S05,SUP004,Received,189,1065.96
PO12629,2025-06-13,S05,SUP005,Received,183,1205.97
PO12630,2025-06-21,S05,SUP004,Received,189,1065.96
PO12631,2025-06-29,S05,SUP004,Received,170,958.8
PO12632,2025-07-08,S05,SUP005,Received,177,1166.43
PO12633,2025-07-18,S05,SUP005,Received,175,1153.25
PO12634,2025-07-27,S05,SUP004,Received,169,953.16
PO12635,2025-08-06,S05,SUP005,Received,174,1146.66
PO12636,2025-08-16,S05,SUP005,Received,186,1225.74
PO12637,2025-08-26,S05,SUP005,Received,173,1140.07
PO12638,2025-09-03,S05,SUP004,Received,172,970.08
PO12639,2025-09-13,S05,SUP005,Received,173,1140.07
PO12640,2025-09-22,S05,SUP005,Received,181,1192.79
PO12641,2025-10-03,S05,SUP004,Received,181,1020.84
PO12642,2025-10-13,S05,SUP004,Received,184,1037.76
PO12643,2025-10-22,S05,SUP004,Received,170,958.8
PO12644,2025-11-01,S05,SUP005,Received,180,1186.2
PO12645,2025-11-10,S05,SUP004,Received,174,981.36
PO12646,2025-11-19,S05,SUP004,Received,175,987.0
PO12647,2025-11-27,S05,SUP005,Received,172,1133.48
PO12648,2025-12-06,S05,SUP005,Received,175,1153.25
PO12649,2025-12-16,S05,SUP004,Received,184,1037.76
PO12650,2025-12-26,S05,SUP004,Received,177,998.28
PO12651,2025-01-04,S05,SUP009,Received,262,1032.28
PO12652,2025-01-13,S05,SUP009,Received,257,1012.58
PO12653,2025-01-22,S05,SUP009,Received,262,1032.28
PO12654,2025-01-31,S05,SUP010,Received,260,933.4
PO12655,2025-02-10,S05,SUP009,Received,262,1032.28
PO12656,2025-02-19,S05,SUP010,Received,262,940.58
PO12657,2025-03-01,S05,SUP009,Received,262,1032.28
PO12658,2025-03-10,S05,SUP009,Received,256,1008.64
PO12659,2025-03-18,S05,SUP010,Received,261,936.99
PO12660,2025-03-25,S05,SUP010,Received,257,922.63
PO12661,2025-04-03,S05,SUP010,Received,262,940.58
PO12662,2025-04-11,S05,SUP010,Received,262,940.58
PO12663,2025-04-19,S05,SUP009,Received,262,1032.28
PO12664,2025-04-27,S05,SUP010,Received,262,940.58
PO12665,2025-05-05,S05,SUP009,Received,254,1000.76
PO12666,2025-05-13,S05,SUP010,Received,253,908.27
PO12667,2025-05-21,S05,SUP010,Received,262,940.58
PO12668,2025-05-30,S05,SUP009,Received,262,1032.28
PO12669,2025-06-07,S05,SUP009,Received,262,1032.28
PO12670,2025-06-16,S05,SUP010,Received,262,940.58
PO12671,2025-06-26,S05,SUP010,Received,262,940.58
PO12672,2025-07-06,S05,SUP010,Received,262,940.58
PO12673,2025-07-15,S05,SUP009,Received,260,1024.4
PO12674,2025-07-24,S05,SUP010,Received,262,940.58
PO12675,2025-08-03,S05,SUP009,Received,262,1032.28
PO12676,2025-08-14,S05,SUP009,Received,262,1032.28
PO12677,2025-08-24,S05,SUP010,Received,261,936.99
PO12678,2025-09-04,S05,SUP010,Received,262,940.58
PO12679,2025-09-15,S05,SUP010,Received,262,940.58
PO12680,2025-09-27,S05,SUP010,Received,262,940.58
PO12681,2025-10-08,S05,SUP010,Received,262,940.58
PO12682,2025-10-19,S05,SUP009,Received,260,1024.4
PO12683,2025-10-31,S05,SUP009,Received,262,1032.28
PO12684,2025-11-11,S05,SUP009,Received,258,1016.52
PO12685,2025-11-21,S05,SUP010,Received,258,926.22
PO12686,2025-12-01,S05,SUP010,Received,262,940.58
PO12687,2025-12-11,S05,SUP010,Received,254,911.86
PO12688,2025-12-22,S05,SUP009,Received,262,1032.28
PO12689,2025-01-09,S05,SUP002,Received,208,428.48
PO12690,2025-01-23,S05,SUP003,Received,221,450.84
PO12691,2025-02-04,S05,SUP003,Received,210,428.4
PO12692,2025-02-16,S05,SUP003,Received,218,444.72
PO12693,2025-02-28,S05,SUP002,Received,220,453.2
PO12694,2025-03-13,S05,SUP003,Received,205,418.2
PO12695,2025-03-25,S05,SUP003,Received,215,438.6
PO12696,2025-04-06,S05,SUP002,Received,215,442.9
PO12697,2025-04-19,S05,SUP003,Received,216,440.64
PO12698,2025-05-01,S05,SUP003,Received,203,414.12
PO12699,2025-05-14,S05,SUP003,Received,217,442.68
PO12700,2025-05-26,S05,SUP003,Received,212,432.48
PO12701,2025-06-08,S05,SUP002,Received,213,438.78
PO12702,2025-06-20,S05,SUP003,Received,203,414.12
PO12703,2025-07-03,S05,SUP002,Received,209,430.54
PO12704,2025-07-17,S05,SUP002,Received,210,432.6
PO12705,2025-07-31,S05,SUP003,Received,218,444.72
PO12706,2025-08-14,S05,SUP002,Received,205,422.3
PO12707,2025-08-29,S05,SUP003,Received,211,430.44
PO12708,2025-09-14,S05,SUP003,Received,215,438.6
PO12709,2025-09-30,S05,SUP002,Received,210,432.6
PO12710,2025-10-14,S05,SUP002,Received,203,418.18
PO12711,2025-10-31,S05,SUP002,Received,214,440.84
PO12712,2025-11-14,S05,SUP003,Received,214,436.56
PO12713,2025-11-29,S05,SUP003,Received,218,444.72
PO12714,2025-12-13,S05,SUP003,Received,204,416.16
PO12715,2025-12-27,S05,SUP003,Received,204,416.16
PO12716,2025-01-20,S05,SUP007,Received,129,2403.27
PO12717,2025-02-13,S05,SUP001,Received,127,3111.5
PO12718,2025-03-11,S05,SUP001,Received,131,3209.5
PO12719,2025-04-03,S05,SUP001,Received,132,3234.0
PO12720,2025-04-27,S05,SUP007,Received,131,2440.53
PO12721,2025-05-18,S05,SUP001,Received,126,3087.0
PO12722,2025-06-12,S05,SUP007,Received,136,2533.68
PO12723,2025-07-08,S05,SUP001,Received,127,3111.5
PO12724,2025-08-02,S05,SUP007,Received,129,2403.27
PO12725,2025-09-01,S05,SUP001,Received,126,3087.0
PO12726,2025-09-27,S05,SUP001,Received,130,3185.0
PO12727,2025-10-27,S05,SUP007,Received,127,2366.01
PO12728,2025-11-26,S05,SUP007,Received,126,2347.38
PO12729,2025-12-21,S05,SUP007,Received,128,2384.64
PO12730,2025-01-02,S05,SUP001,Received,101,965.56
PO12731,2025-01-05,S05,SUP006,Received,81,676.35
PO12732,2025-01-09,S05,SUP006,Received,88,734.8
PO12733,2025-01-13,S05,SUP001,Received,99,946.44
PO12734,2025-01-17,S05,SUP006,Received,85,709.75
PO12735,2025-01-21,S05,SUP003,Received,90,829.8
PO12736,2025-01-25,S05,SUP003,Received,87,802.14
PO12737,2025-01-29,S05,SUP006,Received,108,901.8
PO12738,2025-02-02,S05,SUP001,Received,107,1022.92
PO12739,2025-02-06,S05,SUP001,Received,97,927.32
PO12740,2025-02-10,S05,SUP003,Received,106,977.32
PO12741,2025-02-14,S05,SUP003,Received,86,792.92
PO12742,2025-02-17,S05,SUP003,Received,82,756.04
PO12743,2025-02-21,S05,SUP003,Received,90,829.8
PO12744,2025-02-25,S05,SUP001,Received,98,936.88
PO12745,2025-02-28,S05,SUP001,Received,83,793.48
PO12746,2025-03-03,S05,SUP006,Received,92,768.2
PO12747,2025-03-07,S05,SUP003,Received,101,931.22
PO12748,2025-03-11,S05,SUP006,Received,98,818.3
PO12749,2025-03-14,S05,SUP006,Received,89,743.15
PO12750,2025-03-17,S05,SUP003,Received,94,866.68
PO12751,2025-03-20,S05,SUP006,Received,93,776.55
PO12752,2025-03-23,S05,SUP006,Received,97,809.95
PO12753,2025-03-26,S05,SUP003,Received,83,765.26
PO12754,2025-03-29,S05,SUP003,Received,100,922.0
PO12755,2025-04-01,S05,SUP003,Received,101,931.22
PO12756,2025-04-05,S05,SUP001,Received,98,936.88
PO12757,2025-04-08,S05,SUP001,Received,87,831.72
PO12758,2025-04-12,S05,SUP001,Received,102,975.12
PO12759,2025-04-16,S05,SUP003,Received,104,958.88
PO12760,2025-04-19,S05,SUP003,Received,89,820.58
PO12761,2025-04-23,S05,SUP001,Received,98,936.88
PO12762,2025-04-26,S05,SUP003,Received,93,857.46
PO12763,2025-04-29,S05,SUP001,Received,82,783.92
PO12764,2025-05-02,S05,SUP003,Received,84,774.48
PO12765,2025-05-05,S05,SUP001,Received,84,803.04
PO12766,2025-05-09,S05,SUP001,Received,96,917.76
PO12767,2025-05-12,S05,SUP003,Received,85,783.7
PO12768,2025-05-16,S05,SUP003,Received,83,765.26
PO12769,2025-05-20,S05,SUP001,Received,99,946.44
PO12770,2025-05-23,S05,SUP006,Received,83,693.05
PO12771,2025-05-26,S05,SUP006,Received,81,676.35
PO12772,2025-05-30,S05,SUP001,Received,90,860.4
PO12773,2025-06-02,S05,SUP003,Received,89,820.58
PO12774,2025-06-05,S05,SUP006,Received,81,676.35
PO12775,2025-06-08,S05,SUP006,Received,84,701.4
PO12776,2025-06-12,S05,SUP001,Received,96,917.76
PO12777,2025-06-16,S05,SUP006,Received,98,818.3
PO12778,2025-06-20,S05,SUP003,Received,103,949.66
PO12779,2025-06-23,S05,SUP003,Received,91,839.02
PO12780,2025-06-27,S05,SUP001,Received,82,783.92
PO12781,2025-06-30,S05,SUP006,Received,92,768.2
PO12782,2025-07-04,S05,SUP001,Received,102,975.12
PO12783,2025-07-08,S05,SUP006,Received,94,784.9
PO12784,2025-07-12,S05,SUP003,Received,81,746.82
PO12785,2025-07-16,S05,SUP001,Received,97,927.32
PO12786,2025-07-20,S05,SUP006,Received,98,818.3
PO12787,2025-07-25,S05,SUP006,Received,103,860.05
PO12788,2025-07-29,S05,SUP006,Received,97,809.95
PO12789,2025-08-02,S05,SUP003,Received,87,802.14
PO12790,2025-08-07,S05,SUP003,Received,93,857.46
PO12791,2025-08-11,S05,SUP001,Received,92,879.52
PO12792,2025-08-16,S05,SUP001,Received,93,889.08
PO12793,2025-08-20,S05,SUP001,Received,99,946.44
PO12794,2025-08-24,S05,SUP003,Received,84,774.48
PO12795,2025-08-30,S05,SUP006,Received,97,809.95
PO12796,2025-09-03,S05,SUP003,Received,92,848.24
PO12797,2025-09-07,S05,SUP006,Received,84,701.4
PO12798,2025-09-12,S05,SUP001,Received,100,956.0
PO12799,2025-09-16,S05,SUP006,Received,92,768.2
PO12800,2025-09-20,S05,SUP003,Received,88,811.36
PO12801,2025-09-25,S05,SUP006,Received,82,684.7
PO12802,2025-09-30,S05,SUP003,Received,95,875.9
PO12803,2025-10-04,S05,SUP003,Received,91,839.02
PO12804,2025-10-09,S05,SUP006,Received,93,776.55
PO12805,2025-10-13,S05,SUP006,Received,99,826.65
PO12806,2025-10-17,S05,SUP003,Received,83,765.26
PO12807,2025-10-22,S05,SUP003,Received,88,811.36
PO12808,2025-10-27,S05,SUP006,Received,102,851.7
PO12809,2025-10-31,S05,SUP006,Received,85,709.75
PO12810,2025-11-04,S05,SUP001,Received,82,783.92
PO12811,2025-11-08,S05,SUP003,Received,87,802.14
PO12812,2025-11-12,S05,SUP001,Received,92,879.52
PO12813,2025-11-16,S05,SUP003,Received,102,940.44
PO12814,2025-11-21,S05,SUP003,Received,88,811.36
PO12815,2025-11-25,S05,SUP001,Received,97,927.32
PO12816,2025-11-29,S05,SUP003,Received,92,848.24
PO12817,2025-12-03,S05,SUP003,Received,81,746.82
PO12818,2025-12-07,S05,SUP006,Received,104,868.4
PO12819,2025-12-12,S05,SUP001,Received,96,917.76
PO12820,2025-12-16,S05,SUP001,Received,90,860.4
PO12821,2025-12-20,S05,SUP003,Received,91,839.02
PO12822,2025-12-23,S05,SUP006,Received,85,709.75
PO12823,2025-12-27,S05,SUP006,Received,94,784.9
PO12824,2025-12-30,S05,SUP003,Received,106,977.32
PO12825,2025-01-10,S05,SUP001,Received,228,2726.88
PO12826,2025-02-03,S05,SUP001,Received,228,2726.88
PO12827,2025-02-24,S05,SUP001,Received,223,2667.08
PO12828,2025-03-19,S05,SUP001,Received,229,2738.84
PO12829,2025-04-11,S05,SUP001,Received,229,2738.84
PO12830,2025-05-02,S05,SUP001,Received,226,2702.96
PO12831,2025-05-27,S05,SUP001,Received,229,2738.84
PO12832,2025-06-19,S05,SUP001,Received,224,2679.04
PO12833,2025-07-17,S05,SUP001,Received,228,2726.88
PO12834,2025-08-11,S05,SUP001,Received,227,2714.92
PO12835,2025-09-09,S05,SUP001,Received,227,2714.92
PO12836,2025-10-05,S05,SUP001,Received,228,2726.88
PO12837,2025-11-05,S05,SUP001,Received,225,2691.0
PO12838,2025-11-30,S05,SUP001,Received,230,2750.8
PO12839,2025-12-27,S05,SUP001,Received,231,2762.76
PO12840,2025-01-19,S05,SUP009,Received,280,5944.4
PO12841,2025-02-14,S05,SUP007,Received,284,5035.32
PO12842,2025-03-11,S05,SUP008,Received,282,5885.34
PO12843,2025-04-03,S05,SUP008,Received,283,5906.21
PO12844,2025-04-24,S05,SUP009,Received,281,5965.63
PO12845,2025-05-19,S05,SUP008,Received,290,6052.3
PO12846,2025-06-14,S05,SUP007,Received,285,5053.05
PO12847,2025-07-08,S05,SUP008,Received,284,5927.08
PO12848,2025-08-06,S05,SUP007,Received,281,4982.13
PO12849,2025-09-06,S05,SUP009,Received,289,6135.47
PO12850,2025-10-08,S05,SUP008,Received,285,5947.95
PO12851,2025-11-12,S05,SUP008,Received,284,5927.08
PO12852,2025-12-09,S05,SUP008,Received,285,5947.95
PO12853,2025-01-07,S05,SUP003,Received,170,2810.1
PO12854,2025-01-23,S05,SUP006,Received,172,2822.52
PO12855,2025-02-10,S05,SUP003,Received,171,2826.63
PO12856,2025-02-27,S05,SUP003,Received,172,2843.16
PO12857,2025-03-15,S05,SUP003,Received,174,2876.22
PO12858,2025-03-31,S05,SUP003,Received,171,2826.63
PO12859,2025-04-17,S05,SUP003,Received,172,2843.16
PO12860,2025-05-04,S05,SUP003,Received,171,2826.63
PO12861,2025-05-23,S05,SUP006,Received,171,2806.11
PO12862,2025-06-08,S05,SUP003,Received,170,2810.1
PO12863,2025-06-24,S05,SUP006,Received,176,2888.16
PO12864,2025-07-12,S05,SUP003,Received,172,2843.16
PO12865,2025-07-31,S05,SUP003,Received,172,2843.16
PO12866,2025-08-20,S05,SUP003,Received,173,2859.69
PO12867,2025-09-10,S05,SUP003,Received,173,2859.69
PO12868,2025-10-01,S05,SUP003,Received,173,2859.69
PO12869,2025-10-21,S05,SUP003,Received,170,2810.1
PO12870,2025-11-12,S05,SUP006,Received,171,2806.11
PO12871,2025-12-03,S05,SUP003,Received,174,2876.22
PO12872,2025-12-22,S05,SUP006,Received,176,2888.16
PO12873,2025-01-08,S05,SUP007,Received,135,1683.45
PO12874,2025-01-21,S05,SUP007,Received,132,1646.04
PO12875,2025-02-01,S05,SUP007,Received,144,1795.68
PO12876,2025-02-12,S05,SUP007,Received,137,1708.39
PO12877,2025-02-23,S05,SUP007,Received,140,1745.8
PO12878,2025-03-06,S05,SUP007,Received,148,1845.56
PO12879,2025-03-15,S05,SUP007,Received,134,1670.98
PO12880,2025-03-25,S05,SUP007,Received,142,1770.74
PO12881,2025-04-04,S05,SUP007,Received,138,1720.86
PO12882,2025-04-12,S05,SUP007,Received,134,1670.98
PO12883,2025-04-23,S05,SUP007,Received,136,1695.92
PO12884,2025-05-03,S05,SUP007,Received,132,1646.04
PO12885,2025-05-13,S05,SUP007,Received,133,1658.51
PO12886,2025-05-24,S05,SUP007,Received,139,1733.33
PO12887,2025-06-04,S05,SUP007,Received,137,1708.39
PO12888,2025-06-15,S05,SUP007,Received,132,1646.04
PO12889,2025-06-28,S05,SUP007,Received,137,1708.39
PO12890,2025-07-09,S05,SUP007,Received,141,1758.27
PO12891,2025-07-20,S05,SUP007,Received,133,1658.51
PO12892,2025-08-03,S05,SUP007,Received,145,1808.15
PO12893,2025-08-16,S05,SUP007,Received,141,1758.27
PO12894,2025-08-29,S05,SUP007,Received,144,1795.68
PO12895,2025-09-10,S05,SUP007,Received,132,1646.04
PO12896,2025-09-25,S05,SUP007,Received,142,1770.74
PO12897,2025-10-08,S05,SUP007,Received,135,1683.45
PO12898,2025-10-21,S05,SUP007,Received,140,1745.8
PO12899,2025-11-02,S05,SUP007,Received,137,1708.39
PO12900,2025-11-15,S05,SUP007,Received,142,1770.74
PO12901,2025-11-29,S05,SUP007,Received,133,1658.51
PO12902,2025-12-11,S05,SUP007,Received,140,1745.8
PO12903,2025-12-22,S05,SUP007,Received,133,1658.51
PO12904,2025-01-08,S05,SUP010,Received,346,6670.88
PO12905,2025-01-20,S05,SUP010,Received,346,6670.88
PO12906,2025-01-31,S05,SUP002,Received,346,5940.82
PO12907,2025-02-09,S05,SUP002,Received,346,5940.82
PO12908,2025-02-20,S05,SUP010,Received,346,6670.88
PO12909,2025-03-02,S05,SUP010,Received,346,6670.88
PO12910,2025-03-13,S05,SUP010,Received,346,6670.88
PO12911,2025-03-24,S05,SUP002,Received,346,5940.82
PO12912,2025-04-04,S05,SUP010,Received,346,6670.88
PO12913,2025-04-14,S05,SUP010,Received,346,6670.88
PO12914,2025-04-24,S05,SUP002,Received,346,5940.82
PO12915,2025-05-04,S05,SUP002,Received,337,5786.29
PO12916,2025-05-15,S05,SUP010,Received,346,6670.88
PO12917,2025-05-25,S05,SUP010,Received,337,6497.36
PO12918,2025-06-04,S05,SUP010,Received,344,6632.32
PO12919,2025-06-15,S05,SUP010,Received,346,6670.88
PO12920,2025-06-26,S05,SUP010,Received,346,6670.88
PO12921,2025-07-07,S05,SUP010,Received,337,6497.36
PO12922,2025-07-20,S05,SUP002,Received,346,5940.82
PO12923,2025-08-01,S05,SUP002,Received,336,5769.12
PO12924,2025-08-14,S05,SUP002,Received,346,5940.82
PO12925,2025-08-28,S05,SUP002,Received,345,5923.65
PO12926,2025-09-10,S05,SUP010,Received,346,6670.88
PO12927,2025-09-23,S05,SUP010,Received,337,6497.36
PO12928,2025-10-07,S05,SUP010,Received,346,6670.88
PO12929,2025-10-20,S05,SUP002,Received,337,5786.29
PO12930,2025-11-02,S05,SUP010,Received,344,6632.32
PO12931,2025-11-14,S05,SUP010,Received,336,6478.08
PO12932,2025-11-28,S05,SUP010,Received,346,6670.88
PO12933,2025-12-10,S05,SUP010,Received,338,6516.64
PO12934,2025-12-22,S05,SUP010,Received,346,6670.88
PO12935,2025-01-30,S05,SUP006,Received,398,2204.92
PO12936,2025-04-13,S05,SUP006,Received,398,2204.92
PO12937,2025-06-21,S05,SUP006,Received,395,2188.3
PO12938,2025-09-12,S05,SUP006,Received,395,2188.3
PO12939,2025-12-06,S05,SUP006,Received,395,2188.3
PO12940,2025-01-11,S05,SUP002,Received,479,6825.75
PO12941,2025-02-01,S05,SUP002,Received,484,6897.0
PO12942,2025-02-22,S05,SUP002,Received,484,6897.0
PO12943,2025-03-13,S05,SUP002,Received,480,6840.0
PO12944,2025-03-31,S05,SUP002,Received,484,6897.0
PO12945,2025-04-20,S05,SUP002,Received,484,6897.0
PO12946,2025-05-09,S05,SUP002,Received,484,6897.0
PO12947,2025-05-29,S05,SUP002,Received,484,6897.0
PO12948,2025-06-18,S05,SUP002,Received,484,6897.0
PO12949,2025-07-12,S05,SUP002,Received,484,6897.0
PO12950,2025-08-02,S05,SUP002,Received,484,6897.0
PO12951,2025-08-27,S05,SUP002,Received,484,6897.0
PO12952,2025-09-22,S05,SUP002,Received,484,6897.0
PO12953,2025-10-17,S05,SUP002,Received,479,6825.75
PO12954,2025-11-09,S05,SUP002,Received,480,6840.0
PO12955,2025-12-02,S05,SUP002,Received,480,6840.0
PO12956,2025-12-26,S05,SUP002,Received,484,6897.0
PO12957,2025-01-07,S05,SUP003,Received,118,2094.5
PO12958,2025-01-17,S05,SUP001,Received,112,1565.76
PO12959,2025-01-25,S05,SUP010,Received,114,2079.36
PO12960,2025-02-04,S05,SUP003,Received,115,2041.25
PO12961,2025-02-13,S05,SUP001,Received,115,1607.7
PO12962,2025-02-22,S05,SUP001,Received,114,1593.72
PO12963,2025-03-03,S05,SUP003,Received,109,1934.75
PO12964,2025-03-12,S05,SUP003,Received,129,2289.75
PO12965,2025-03-20,S05,SUP010,Received,110,2006.4
PO12966,2025-03-29,S05,SUP003,Received,112,1988.0
PO12967,2025-04-07,S05,SUP010,Received,117,2134.08
PO12968,2025-04-17,S05,SUP003,Received,114,2023.5
PO12969,2025-04-26,S05,SUP003,Received,110,1952.5
PO12970,2025-05-04,S05,SUP001,Received,109,1523.82
PO12971,2025-05-13,S05,SUP010,Received,114,2079.36
PO12972,2025-05-24,S05,SUP003,Received,113,2005.75
PO12973,2025-06-02,S05,SUP003,Received,111,1970.25
PO12974,2025-06-13,S05,SUP003,Received,118,2094.5
PO12975,2025-06-21,S05,SUP010,Received,118,2152.32
PO12976,2025-07-01,S05,SUP001,Received,113,1579.74
PO12977,2025-07-11,S05,SUP001,Received,119,1663.62
PO12978,2025-07-22,S05,SUP001,Received,113,1579.74
PO12979,2025-08-01,S05,SUP010,Received,114,2079.36
PO12980,2025-08-12,S05,SUP010,Received,111,2024.64
PO12981,2025-08-23,S05,SUP001,Received,115,1607.7
PO12982,2025-09-02,S05,SUP001,Received,112,1565.76
PO12983,2025-09-16,S05,SUP010,Received,113,2061.12
PO12984,2025-09-27,S05,SUP010,Received,114,2079.36
PO12985,2025-10-09,S05,SUP001,Received,116,1621.68
PO12986,2025-10-20,S05,SUP010,Received,112,2042.88
PO12987,2025-10-31,S05,SUP001,Received,116,1621.68
PO12988,2025-11-13,S05,SUP001,Received,115,1607.7
PO12989,2025-11-25,S05,SUP001,Received,112,1565.76
PO12990,2025-12-04,S05,SUP010,Received,119,2170.56
PO12991,2025-12-14,S05,SUP010,Received,109,1988.16
PO12992,2025-12-24,S05,SUP003,Received,113,2005.75
PO12993,2025-01-06,S05,SUP008,Received,187,3758.7
PO12994,2025-01-19,S05,SUP006,Received,183,4093.71
PO12995,2025-01-30,S05,SUP008,Received,187,3758.7
PO12996,2025-02-13,S05,SUP008,Received,188,3778.8
PO12997,2025-02-24,S05,SUP006,Received,182,4071.34
PO12998,2025-03-09,S05,SUP008,Received,184,3698.4
PO12999,2025-03-23,S05,SUP008,Received,192,3859.2
PO13000,2025-04-05,S05,SUP008,Received,192,3859.2
PO13001,2025-04-18,S05,SUP008,Received,186,3738.6
PO13002,2025-05-01,S05,SUP006,Received,187,4183.19
PO13003,2025-05-14,S05,SUP008,Received,185,3718.5
PO13004,2025-05-27,S05,SUP006,Received,188,4205.56
PO13005,2025-06-08,S05,SUP006,Received,186,4160.82
PO13006,2025-06-22,S05,SUP008,Received,185,3718.5
PO13007,2025-07-07,S05,SUP008,Received,192,3859.2
PO13008,2025-07-22,S05,SUP008,Received,191,3839.1
PO13009,2025-08-09,S05,SUP006,Received,186,4160.82
PO13010,2025-08-25,S05,SUP008,Received,187,3758.7
PO13011,2025-09-10,S05,SUP006,Received,182,4071.34
PO13012,2025-09-26,S05,SUP006,Received,188,4205.56
PO13013,2025-10-16,S05,SUP006,Received,192,4295.04
PO13014,2025-11-03,S05,SUP006,Received,187,4183.19
PO13015,2025-11-21,S05,SUP008,Received,182,3658.2
PO13016,2025-12-06,S05,SUP008,Received,191,3839.1
PO13017,2025-12-22,S05,SUP006,Received,192,4295.04
PO13018,2025-01-10,S05,SUP001,Received,220,281.6
PO13019,2025-01-24,S05,SUP001,Received,218,279.04
PO13020,2025-02-06,S05,SUP001,Received,231,295.68
PO13021,2025-02-21,S05,SUP001,Received,222,284.16
PO13022,2025-03-05,S05,SUP001,Received,222,284.16
PO13023,2025-03-17,S05,SUP001,Received,226,289.28
PO13024,2025-03-29,S05,SUP001,Received,219,280.32
PO13025,2025-04-11,S05,SUP001,Received,227,290.56
PO13026,2025-04-23,S05,SUP001,Received,213,272.64
PO13027,2025-05-04,S05,SUP001,Received,215,275.2
PO13028,2025-05-17,S05,SUP001,Received,221,282.88
PO13029,2025-06-01,S05,SUP001,Received,228,291.84
PO13030,2025-06-15,S05,SUP001,Received,225,288.0
PO13031,2025-06-28,S05,SUP001,Received,223,285.44
PO13032,2025-07-12,S05,SUP001,Received,225,288.0
PO13033,2025-07-25,S05,SUP001,Received,217,277.76
PO13034,2025-08-08,S05,SUP001,Received,224,286.72
PO13035,2025-08-24,S05,SUP001,Received,231,295.68
PO13036,2025-09-09,S05,SUP001,Received,220,281.6
PO13037,2025-09-27,S05,SUP001,Received,216,276.48
PO13038,2025-10-14,S05,SUP001,Received,223,285.44
PO13039,2025-10-30,S05,SUP001,Received,226,289.28
PO13040,2025-11-15,S05,SUP001,Received,217,277.76
PO13041,2025-11-30,S05,SUP001,Received,218,279.04
PO13042,2025-12-16,S05,SUP001,Received,225,288.0
PO13043,2025-12-30,S05,SUP001,Received,231,295.68
PO13044,2025-01-05,S05,SUP005,Received,283,229.23
PO13045,2025-01-19,S05,SUP005,Received,281,227.61
PO13046,2025-02-02,S05,SUP005,Received,275,222.75
PO13047,2025-02-16,S05,SUP005,Received,282,228.42
PO13048,2025-03-01,S05,SUP005,Received,282,228.42
PO13049,2025-03-14,S05,SUP005,Received,279,225.99
PO13050,2025-03-27,S05,SUP005,Received,282,228.42
PO13051,2025-04-09,S05,SUP005,Received,289,234.09
PO13052,2025-04-21,S05,SUP005,Received,287,232.47
PO13053,2025-05-05,S05,SUP005,Received,279,225.99
PO13054,2025-05-18,S05,SUP005,Received,285,230.85
PO13055,2025-05-31,S05,SUP005,Received,289,234.09
PO13056,2025-06-14,S05,SUP005,Received,276,223.56
PO13057,2025-06-28,S05,SUP005,Received,278,225.18
PO13058,2025-07-12,S05,SUP005,Received,276,223.56
PO13059,2025-07-27,S05,SUP005,Received,300,243.0
PO13060,2025-08-10,S05,SUP005,Received,284,230.04
PO13061,2025-08-28,S05,SUP005,Received,277,224.37
PO13062,2025-09-14,S05,SUP005,Received,274,221.94
PO13063,2025-09-30,S05,SUP005,Received,271,219.51
PO13064,2025-10-17,S05,SUP005,Received,277,224.37
PO13065,2025-11-02,S05,SUP005,Received,272,220.32
PO13066,2025-11-18,S05,SUP005,Received,286,231.66
PO13067,2025-12-03,S05,SUP005,Received,277,224.37
PO13068,2025-12-19,S05,SUP005,Received,271,219.51
PO13069,2025-01-09,S05,SUP008,Received,128,2855.68
PO13070,2025-01-30,S05,SUP005,Received,127,2244.09
PO13071,2025-02-19,S05,SUP005,Received,125,2208.75
PO13072,2025-03-10,S05,SUP004,Received,131,2977.63
PO13073,2025-03-25,S05,SUP005,Received,129,2279.43
PO13074,2025-04-18,S05,SUP004,Received,131,2977.63
PO13075,2025-05-06,S05,SUP008,Received,126,2811.06
PO13076,2025-05-26,S05,SUP005,Received,133,2350.11
PO13077,2025-06-21,S05,SUP004,Received,126,2863.98
PO13078,2025-07-13,S05,SUP005,Received,130,2297.1
PO13079,2025-08-05,S05,SUP008,Received,129,2877.99
PO13080,2025-09-01,S05,SUP008,Received,126,2811.06
PO13081,2025-10-02,S05,SUP004,Received,128,2909.44
PO13082,2025-10-31,S05,SUP004,Received,127,2886.71
PO13083,2025-11-27,S05,SUP008,Received,130,2900.3
PO13084,2025-12-19,S05,SUP005,Received,125,2208.75
PO13085,2025-01-10,S05,SUP005,Received,383,5189.65
PO13086,2025-02-10,S05,SUP005,Received,395,5352.25
PO13087,2025-03-12,S05,SUP010,Received,388,4826.72
PO13088,2025-04-11,S05,SUP005,Received,392,5311.6
PO13089,2025-05-08,S05,SUP010,Received,383,4764.52
PO13090,2025-06-07,S05,SUP005,Received,388,5257.4
PO13091,2025-07-06,S05,SUP005,Received,386,5230.3
PO13092,2025-08-10,S05,SUP005,Received,395,5352.25
PO13093,2025-09-14,S05,SUP009,Received,386,5762.98
PO13094,2025-10-20,S05,SUP010,Received,383,4764.52
PO13095,2025-11-26,S05,SUP005,Received,390,5284.5
PO13096,2025-12-28,S05,SUP010,Received,396,4926.24
PO13097,2025-01-14,S05,SUP003,Received,145,542.3
PO13098,2025-01-29,S05,SUP006,Received,144,515.52
PO13099,2025-02-19,S05,SUP003,Received,151,564.74
PO13100,2025-03-07,S05,SUP006,Received,146,522.68
PO13101,2025-03-22,S05,SUP003,Received,147,549.78
PO13102,2025-04-08,S05,SUP008,Received,149,593.02
PO13103,2025-04-24,S05,SUP008,Received,152,604.96
PO13104,2025-05-10,S05,SUP003,Received,143,534.82
PO13105,2025-05-25,S05,SUP006,Received,150,537.0
PO13106,2025-06-14,S05,SUP003,Received,156,583.44
PO13107,2025-07-02,S05,SUP003,Received,145,542.3
PO13108,2025-07-24,S05,SUP008,Received,144,573.12
PO13109,2025-08-13,S05,SUP003,Received,143,534.82
PO13110,2025-09-02,S05,SUP006,Received,151,540.58
PO13111,2025-09-24,S05,SUP008,Received,150,597.0
PO13112,2025-10-17,S05,SUP006,Received,146,522.68
PO13113,2025-11-09,S05,SUP008,Received,149,593.02
PO13114,2025-11-30,S05,SUP003,Received,155,579.7
PO13115,2025-12-19,S05,SUP006,Received,146,522.68
PO13116,2025-01-15,S05,SUP002,Received,277,2127.36
PO13117,2025-02-09,S05,SUP002,Received,274,2104.32
PO13118,2025-03-07,S05,SUP002,Received,277,2127.36
PO13119,2025-03-30,S05,SUP008,Received,275,2345.75
PO13120,2025-04-23,S05,SUP008,Received,275,2345.75
PO13121,2025-05-18,S05,SUP002,Received,283,2173.44
PO13122,2025-06-14,S05,SUP002,Received,279,2142.72
PO13123,2025-07-13,S05,SUP002,Received,284,2181.12
PO13124,2025-08-11,S05,SUP008,Received,277,2362.81
PO13125,2025-09-11,S05,SUP002,Received,276,2119.68
PO13126,2025-10-15,S05,SUP002,Received,280,2150.4
PO13127,2025-11-17,S05,SUP008,Received,273,2328.69
PO13128,2025-12-16,S05,SUP002,Received,274,2104.32
PO13129,2025-01-11,S05,SUP007,Received,489,3750.63
PO13130,2025-01-28,S05,SUP007,Received,496,3804.32
PO13131,2025-02-14,S05,SUP007,Received,496,3804.32
PO13132,2025-03-01,S05,SUP007,Received,496,3804.32
PO13133,2025-03-16,S05,SUP007,Received,496,3804.32
PO13134,2025-03-30,S05,SUP007,Received,496,3804.32
PO13135,2025-04-14,S05,SUP007,Received,493,3781.31
PO13136,2025-04-28,S05,SUP007,Received,487,3735.29
PO13137,2025-05-13,S05,SUP007,Received,496,3804.32
PO13138,2025-05-27,S05,SUP007,Received,495,3796.65
PO13139,2025-06-12,S05,SUP007,Received,492,3773.64
PO13140,2025-06-28,S05,SUP007,Received,496,3804.32
PO13141,2025-07-15,S05,SUP007,Received,488,3742.96
PO13142,2025-08-03,S05,SUP007,Received,496,3804.32
PO13143,2025-08-21,S05,SUP007,Received,485,3719.95
PO13144,2025-09-09,S05,SUP007,Received,495,3796.65
PO13145,2025-09-30,S05,SUP007,Received,496,3804.32
PO13146,2025-10-19,S05,SUP007,Received,489,3750.63
PO13147,2025-11-08,S05,SUP007,Received,496,3804.32
PO13148,2025-11-26,S05,SUP007,Received,495,3796.65
PO13149,2025-12-15,S05,SUP007,Received,485,3719.95
PO13150,2025-01-01,S05,SUP005,Received,87,1111.86
PO13151,2025-01-06,S05,SUP005,Received,84,1073.52
PO13152,2025-01-11,S05,SUP010,Received,88,1034.0
PO13153,2025-01-15,S05,SUP005,Received,77,984.06
PO13154,2025-01-18,S05,SUP005,Received,83,1060.74
PO13155,2025-01-22,S05,SUP003,Received,91,923.65
PO13156,2025-01-26,S05,SUP003,Received,73,740.95
PO13157,2025-01-31,S05,SUP005,Received,85,1086.3
PO13158,2025-02-03,S05,SUP005,Received,75,958.5
PO13159,2025-02-07,S05,SUP003,Received,76,771.4
PO13160,2025-02-11,S05,SUP010,Received,86,1010.5
PO13161,2025-02-15,S05,SUP003,Received,95,964.25
PO13162,2025-02-19,S05,SUP003,Received,79,801.85
PO13163,2025-02-23,S05,SUP003,Received,85,862.75
PO13164,2025-02-27,S05,SUP003,Received,74,751.1
PO13165,2025-03-02,S05,SUP003,Received,74,751.1
PO13166,2025-03-06,S05,SUP003,Received,86,872.9
PO13167,2025-03-10,S05,SUP010,Received,83,975.25
PO13168,2025-03-14,S05,SUP010,Received,77,904.75
PO13169,2025-03-17,S05,SUP003,Received,78,791.7
PO13170,2025-03-21,S05,SUP005,Received,83,1060.74
PO13171,2025-03-24,S05,SUP005,Received,78,996.84
PO13172,2025-03-28,S05,SUP010,Received,82,963.5
PO13173,2025-04-01,S05,SUP005,Received,89,1137.42
PO13174,2025-04-05,S05,SUP005,Received,86,1099.08
PO13175,2025-04-09,S05,SUP005,Received,88,1124.64
PO13176,2025-04-13,S05,SUP010,Received,107,1257.25
PO13177,2025-04-18,S05,SUP010,Received,92,1081.0
PO13178,2025-04-21,S05,SUP005,Received,83,1060.74
PO13179,2025-04-25,S05,SUP005,Received,74,945.72
PO13180,2025-04-29,S05,SUP005,Received,81,1035.18
PO13181,2025-05-02,S05,SUP005,Received,85,1086.3
PO13182,2025-05-05,S05,SUP005,Received,80,1022.4
PO13183,2025-05-09,S05,SUP003,Received,78,791.7
PO13184,2025-05-13,S05,SUP010,Received,82,963.5
PO13185,2025-05-17,S05,SUP010,Received,98,1151.5
PO13186,2025-05-21,S05,SUP003,Received,79,801.85
PO13187,2025-05-25,S05,SUP010,Received,92,1081.0
PO13188,2025-05-29,S05,SUP003,Received,80,812.0
PO13189,2025-06-02,S05,SUP005,Received,87,1111.86
PO13190,2025-06-06,S05,SUP005,Received,85,1086.3
PO13191,2025-06-10,S05,SUP010,Received,87,1022.25
PO13192,2025-06-14,S05,SUP005,Received,79,1009.62
PO13193,2025-06-19,S05,SUP003,Received,89,903.35
PO13194,2025-06-23,S05,SUP010,Received,85,998.75
PO13195,2025-06-28,S05,SUP010,Received,102,1198.5
PO13196,2025-07-02,S05,SUP005,Received,84,1073.52
PO13197,2025-07-06,S05,SUP005,Received,76,971.28
PO13198,2025-07-11,S05,SUP003,Received,93,943.95
PO13199,2025-07-16,S05,SUP005,Received,88,1124.64
PO13200,2025-07-20,S05,SUP005,Received,73,932.94
PO13201,2025-07-24,S05,SUP005,Received,82,1047.96
PO13202,2025-07-28,S05,SUP003,Received,81,822.15
PO13203,2025-08-03,S05,SUP010,Received,82,963.5
PO13204,2025-08-09,S05,SUP005,Received,89,1137.42
PO13205,2025-08-13,S05,SUP003,Received,75,761.25
PO13206,2025-08-17,S05,SUP005,Received,77,984.06
PO13207,2025-08-21,S05,SUP003,Received,76,771.4
PO13208,2025-08-26,S05,SUP010,Received,88,1034.0
PO13209,2025-08-31,S05,SUP005,Received,75,958.5
PO13210,2025-09-05,S05,SUP003,Received,74,751.1
PO13211,2025-09-10,S05,SUP003,Received,82,832.3
PO13212,2025-09-15,S05,SUP005,Received,78,996.84
PO13213,2025-09-20,S05,SUP010,Received,79,928.25
PO13214,2025-09-25,S05,SUP003,Received,87,883.05
PO13215,2025-09-30,S05,SUP005,Received,76,971.28
PO13216,2025-10-05,S05,SUP005,Received,81,1035.18
PO13217,2025-10-11,S05,SUP010,Received,76,893.0
PO13218,2025-10-16,S05,SUP010,Received,79,928.25
PO13219,2025-10-21,S05,SUP005,Received,80,1022.4
PO13220,2025-10-26,S05,SUP010,Received,76,893.0
PO13221,2025-10-31,S05,SUP010,Received,83,975.25
PO13222,2025-11-04,S05,SUP005,Received,83,1060.74
PO13223,2025-11-08,S05,SUP010,Received,74,869.5
PO13224,2025-11-13,S05,SUP003,Received,90,913.5
PO13225,2025-11-17,S05,SUP003,Received,77,781.55
PO13226,2025-11-21,S05,SUP003,Received,77,781.55
PO13227,2025-11-25,S05,SUP010,Received,74,869.5
PO13228,2025-11-30,S05,SUP010,Received,91,1069.25
PO13229,2025-12-05,S05,SUP010,Received,84,987.0
PO13230,2025-12-10,S05,SUP003,Received,91,923.65
PO13231,2025-12-14,S05,SUP003,Received,73,740.95
PO13232,2025-12-18,S05,SUP010,Received,73,857.75
PO13233,2025-12-22,S05,SUP005,Received,73,932.94
PO13234,2025-12-26,S05,SUP005,Received,81,1035.18
PO13235,2025-12-31,S05,SUP003,Received,87,883.05
PO13236,2025-01-05,S05,SUP010,Received,177,2474.46
PO13237,2025-01-13,S05,SUP010,Received,175,2446.5
PO13238,2025-01-21,S05,SUP009,Received,176,2870.56
PO13239,2025-01-28,S05,SUP010,Received,177,2474.46
PO13240,2025-02-04,S05,SUP009,Received,177,2886.87
PO13241,2025-02-11,S05,SUP010,Received,174,2432.52
PO13242,2025-02-17,S05,SUP009,Received,177,2886.87
PO13243,2025-02-24,S05,SUP009,Received,175,2854.25
PO13244,2025-03-03,S05,SUP010,Received,170,2376.6
PO13245,2025-03-10,S05,SUP010,Received,177,2474.46
PO13246,2025-03-17,S05,SUP009,Received,177,2886.87
PO13247,2025-03-23,S05,SUP009,Received,177,2886.87
PO13248,2025-03-31,S05,SUP009,Received,169,2756.39
PO13249,2025-04-06,S05,SUP010,Received,177,2474.46
PO13250,2025-04-13,S05,SUP010,Received,177,2474.46
PO13251,2025-04-20,S05,SUP009,Received,174,2837.94
PO13252,2025-04-27,S05,SUP009,Received,177,2886.87
PO13253,2025-05-04,S05,SUP009,Received,177,2886.87
PO13254,2025-05-12,S05,SUP009,Received,177,2886.87
PO13255,2025-05-19,S05,SUP009,Received,174,2837.94
PO13256,2025-05-26,S05,SUP010,Received,177,2474.46
PO13257,2025-06-02,S05,SUP009,Received,168,2740.08
PO13258,2025-06-10,S05,SUP009,Received,177,2886.87
PO13259,2025-06-18,S05,SUP010,Received,177,2474.46
PO13260,2025-06-26,S05,SUP009,Received,177,2886.87
PO13261,2025-07-05,S05,SUP010,Received,177,2474.46
PO13262,2025-07-13,S05,SUP009,Received,177,2886.87
PO13263,2025-07-21,S05,SUP010,Received,177,2474.46
PO13264,2025-07-30,S05,SUP009,Received,177,2886.87
PO13265,2025-08-08,S05,SUP009,Received,177,2886.87
PO13266,2025-08-17,S05,SUP009,Received,177,2886.87
PO13267,2025-08-25,S05,SUP010,Received,167,2334.66
PO13268,2025-09-02,S05,SUP010,Received,171,2390.58
PO13269,2025-09-10,S05,SUP009,Received,167,2723.77
PO13270,2025-09-20,S05,SUP009,Received,177,2886.87
PO13271,2025-09-28,S05,SUP009,Received,167,2723.77
PO13272,2025-10-07,S05,SUP010,Received,172,2404.56
PO13273,2025-10-17,S05,SUP009,Received,167,2723.77
PO13274,2025-10-25,S05,SUP010,Received,174,2432.52
PO13275,2025-11-02,S05,SUP009,Received,170,2772.7
PO13276,2025-11-11,S05,SUP009,Received,174,2837.94
PO13277,2025-11-19,S05,SUP009,Received,174,2837.94
PO13278,2025-11-29,S05,SUP010,Received,177,2474.46
PO13279,2025-12-08,S05,SUP009,Received,177,2886.87
PO13280,2025-12-17,S05,SUP010,Received,177,2474.46
PO13281,2025-12-25,S05,SUP010,Received,171,2390.58
PO13282,2025-01-06,S05,SUP010,Received,320,3395.2
PO13283,2025-01-17,S05,SUP002,Received,323,3291.37
PO13284,2025-01-29,S05,SUP010,Received,333,3533.13
PO13285,2025-02-09,S05,SUP002,Received,341,3474.79
PO13286,2025-02-20,S05,SUP001,Received,340,2883.2
PO13287,2025-03-03,S05,SUP002,Received,341,3474.79
PO13288,2025-03-13,S05,SUP010,Received,319,3384.59
PO13289,2025-03-23,S05,SUP001,Received,341,2891.68
PO13290,2025-04-03,S05,SUP010,Received,339,3596.79
PO13291,2025-04-13,S05,SUP010,Received,332,3522.52
PO13292,2025-04-24,S05,SUP002,Received,341,3474.79
PO13293,2025-05-05,S05,SUP002,Received,341,3474.79
PO13294,2025-05-16,S05,SUP001,Received,322,2730.56
PO13295,2025-05-26,S05,SUP001,Received,331,2806.88
PO13296,2025-06-06,S05,SUP010,Received,324,3437.64
PO13297,2025-06-17,S05,SUP001,Received,334,2832.32
PO13298,2025-06-29,S05,SUP010,Received,328,3480.08
PO13299,2025-07-11,S05,SUP010,Received,319,3384.59
PO13300,2025-07-23,S05,SUP002,Received,320,3260.8
PO13301,2025-08-05,S05,SUP010,Received,324,3437.64
PO13302,2025-08-18,S05,SUP002,Received,337,3434.03
PO13303,2025-08-31,S05,SUP002,Received,317,3230.23
PO13304,2025-09-14,S05,SUP010,Received,338,3586.18
PO13305,2025-09-28,S05,SUP010,Received,339,3596.79
PO13306,2025-10-13,S05,SUP010,Received,321,3405.81
PO13307,2025-10-27,S05,SUP002,Received,324,3301.56
PO13308,2025-11-09,S05,SUP001,Received,328,2781.44
PO13309,2025-11-22,S05,SUP002,Received,330,3362.7
PO13310,2025-12-06,S05,SUP002,Received,341,3474.79
PO13311,2025-12-20,S05,SUP010,Received,332,3522.52
PO13312,2025-01-06,S05,SUP007,Received,332,1640.08
PO13313,2025-01-19,S05,SUP007,Received,332,1640.08
PO13314,2025-01-31,S05,SUP005,Received,328,1849.92
PO13315,2025-02-11,S05,SUP007,Received,330,1630.2
PO13316,2025-02-22,S05,SUP007,Received,323,1595.62
PO13317,2025-03-04,S05,SUP008,Received,332,1776.2
PO13318,2025-03-15,S05,SUP005,Received,332,1872.48
PO13319,2025-03-26,S05,SUP008,Received,332,1776.2
PO13320,2025-04-05,S05,SUP007,Received,320,1580.8
PO13321,2025-04-16,S05,SUP005,Received,332,1872.48
PO13322,2025-04-26,S05,SUP005,Received,332,1872.48
PO13323,2025-05-08,S05,SUP008,Received,328,1754.8
PO13324,2025-05-20,S05,SUP008,Received,332,1776.2
PO13325,2025-05-31,S05,SUP005,Received,332,1872.48
PO13326,2025-06-12,S05,SUP008,Received,332,1776.2
PO13327,2025-06-24,S05,SUP007,Received,317,1565.98
PO13328,2025-07-06,S05,SUP008,Received,332,1776.2
PO13329,2025-07-19,S05,SUP007,Received,324,1600.56
PO13330,2025-08-01,S05,SUP005,Received,324,1827.36
PO13331,2025-08-15,S05,SUP008,Received,319,1706.65
PO13332,2025-08-28,S05,SUP005,Received,318,1793.52
PO13333,2025-09-10,S05,SUP005,Received,329,1855.56
PO13334,2025-09-24,S05,SUP008,Received,325,1738.75
PO13335,2025-10-08,S05,SUP008,Received,316,1690.6
PO13336,2025-10-23,S05,SUP008,Received,321,1717.35
PO13337,2025-11-06,S05,SUP008,Received,317,1695.95
PO13338,2025-11-18,S05,SUP007,Received,320,1580.8
PO13339,2025-12-02,S05,SUP008,Received,327,1749.45
PO13340,2025-12-14,S05,SUP008,Received,332,1776.2
PO13341,2025-12-27,S05,SUP005,Received,332,1872.48
PO13342,2025-01-07,S05,SUP007,Received,394,7387.5
PO13343,2025-01-18,S05,SUP003,Received,388,6681.36
PO13344,2025-01-29,S05,SUP007,Received,396,7425.0
PO13345,2025-02-10,S05,SUP003,Received,407,7008.54
PO13346,2025-02-21,S05,SUP003,Received,405,6974.1
PO13347,2025-03-04,S05,SUP007,Received,403,7556.25
PO13348,2025-03-15,S05,SUP007,Received,405,7593.75
PO13349,2025-03-26,S05,SUP003,Received,411,7077.42
PO13350,2025-04-06,S05,SUP003,Received,411,7077.42
PO13351,2025-04-16,S05,SUP003,Received,393,6767.46
PO13352,2025-04-27,S05,SUP007,Received,411,7706.25
PO13353,2025-05-08,S05,SUP003,Received,388,6681.36
PO13354,2025-05-19,S05,SUP003,Received,393,6767.46
PO13355,2025-05-31,S05,SUP007,Received,411,7706.25
PO13356,2025-06-12,S05,SUP007,Received,392,7350.0
PO13357,2025-06-24,S05,SUP003,Received,411,7077.42
PO13358,2025-07-06,S05,SUP007,Received,411,7706.25
PO13359,2025-07-18,S05,SUP007,Received,390,7312.5
PO13360,2025-07-30,S05,SUP003,Received,397,6836.34
PO13361,2025-08-11,S05,SUP007,Received,389,7293.75
PO13362,2025-08-25,S05,SUP003,Received,401,6905.22
PO13363,2025-09-09,S05,SUP007,Received,410,7687.5
PO13364,2025-09-23,S05,SUP007,Received,409,7668.75
PO13365,2025-10-07,S05,SUP003,Received,410,7060.2
PO13366,2025-10-22,S05,SUP007,Received,400,7500.0
PO13367,2025-11-04,S05,SUP003,Received,388,6681.36
PO13368,2025-11-17,S05,SUP007,Received,389,7293.75
PO13369,2025-12-01,S05,SUP007,Received,390,7312.5
PO13370,2025-12-15,S05,SUP007,Received,411,7706.25
PO13371,2025-12-27,S05,SUP003,Received,403,6939.66
PO13372,2025-01-01,S05,SUP001,Received,77,448.91
PO13373,2025-01-04,S05,SUP001,Received,90,524.7
PO13374,2025-01-07,S05,SUP001,Received,89,518.87
PO13375,2025-01-10,S05,SUP001,Received,83,483.89
PO13376,2025-01-14,S05,SUP001,Received,90,524.7
PO13377,2025-01-17,S05,SUP001,Received,92,536.36
PO13378,2025-01-20,S05,SUP001,Received,76,443.08
PO13379,2025-01-23,S05,SUP001,Received,98,571.34
PO13380,2025-01-26,S05,SUP001,Received,97,565.51
PO13381,2025-01-29,S05,SUP001,Received,80,466.4
PO13382,2025-02-01,S05,SUP001,Received,91,530.53
PO13383,2025-02-04,S05,SUP001,Received,83,483.89
PO13384,2025-02-07,S05,SUP001,Received,92,536.36
PO13385,2025-02-10,S05,SUP001,Received,92,536.36
PO13386,2025-02-13,S05,SUP001,Received,79,460.57
PO13387,2025-02-16,S05,SUP001,Received,98,571.34
PO13388,2025-02-19,S05,SUP001,Received,80,466.4
PO13389,2025-02-22,S05,SUP001,Received,82,478.06
PO13390,2025-02-25,S05,SUP001,Received,88,513.04
PO13391,2025-03-01,S05,SUP001,Received,108,629.64
PO13392,2025-03-04,S05,SUP001,Received,76,443.08
PO13393,2025-03-07,S05,SUP001,Received,82,478.06
PO13394,2025-03-10,S05,SUP001,Received,108,629.64
PO13395,2025-03-13,S05,SUP001,Received,82,478.06
PO13396,2025-03-16,S05,SUP001,Received,101,588.83
PO13397,2025-03-19,S05,SUP001,Received,96,559.68
PO13398,2025-03-22,S05,SUP001,Received,98,571.34
PO13399,2025-03-25,S05,SUP001,Received,78,454.74
PO13400,2025-03-28,S05,SUP001,Received,93,542.19
PO13401,2025-03-30,S05,SUP001,Received,81,472.23
PO13402,2025-04-02,S05,SUP001,Received,89,518.87
PO13403,2025-04-05,S05,SUP001,Received,88,513.04
PO13404,2025-04-08,S05,SUP001,Received,93,542.19
PO13405,2025-04-11,S05,SUP001,Received,93,542.19
PO13406,2025-04-14,S05,SUP001,Received,100,583.0
PO13407,2025-04-17,S05,SUP001,Received,89,518.87
PO13408,2025-04-20,S05,SUP001,Received,93,542.19
PO13409,2025-04-24,S05,SUP001,Received,108,629.64
PO13410,2025-04-27,S05,SUP001,Received,86,501.38
PO13411,2025-04-30,S05,SUP001,Received,92,536.36
PO13412,2025-05-03,S05,SUP001,Received,89,518.87
PO13413,2025-05-06,S05,SUP001,Received,89,518.87
PO13414,2025-05-09,S05,SUP001,Received,93,542.19
PO13415,2025-05-12,S05,SUP001,Received,89,518.87
PO13416,2025-05-16,S05,SUP001,Received,92,536.36
PO13417,2025-05-19,S05,SUP001,Received,90,524.7
PO13418,2025-05-22,S05,SUP001,Received,79,460.57
PO13419,2025-05-25,S05,SUP001,Received,104,606.32
PO13420,2025-05-28,S05,SUP001,Received,81,472.23
PO13421,2025-05-31,S05,SUP001,Received,83,483.89
PO13422,2025-06-03,S05,SUP001,Received,81,472.23
PO13423,2025-06-06,S05,SUP001,Received,78,454.74
PO13424,2025-06-09,S05,SUP001,Received,90,524.7
PO13425,2025-06-12,S05,SUP001,Received,86,501.38
PO13426,2025-06-15,S05,SUP001,Received,93,542.19
PO13427,2025-06-19,S05,SUP001,Received,97,565.51
PO13428,2025-06-22,S05,SUP001,Received,93,542.19
PO13429,2025-06-25,S05,SUP001,Received,80,466.4
PO13430,2025-06-28,S05,SUP001,Received,79,460.57
PO13431,2025-07-01,S05,SUP001,Received,90,524.7
PO13432,2025-07-04,S05,SUP001,Received,82,478.06
PO13433,2025-07-07,S05,SUP001,Received,104,606.32
PO13434,2025-07-10,S05,SUP001,Received,80,466.4
PO13435,2025-07-13,S05,SUP001,Received,93,542.19
PO13436,2025-07-17,S05,SUP001,Received,99,577.17
PO13437,2025-07-21,S05,SUP001,Received,95,553.85
PO13438,2025-07-24,S05,SUP001,Received,84,489.72
PO13439,2025-07-27,S05,SUP001,Received,85,495.55
PO13440,2025-07-31,S05,SUP001,Received,86,501.38
PO13441,2025-08-04,S05,SUP001,Received,102,594.66
PO13442,2025-08-08,S05,SUP001,Received,95,553.85
PO13443,2025-08-12,S05,SUP001,Received,94,548.02
PO13444,2025-08-16,S05,SUP001,Received,93,542.19
PO13445,2025-08-20,S05,SUP001,Received,93,542.19
PO13446,2025-08-23,S05,SUP001,Received,85,495.55
PO13447,2025-08-26,S05,SUP001,Received,80,466.4
PO13448,2025-08-29,S05,SUP001,Received,82,478.06
PO13449,2025-09-02,S05,SUP001,Received,98,571.34
PO13450,2025-09-06,S05,SUP001,Received,97,565.51
PO13451,2025-09-10,S05,SUP001,Received,92,536.36
PO13452,2025-09-14,S05,SUP001,Received,98,571.34
PO13453,2025-09-18,S05,SUP001,Received,86,501.38
PO13454,2025-09-22,S05,SUP001,Received,84,489.72
PO13455,2025-09-25,S05,SUP001,Received,80,466.4
PO13456,2025-09-29,S05,SUP001,Received,82,478.06
PO13457,2025-10-04,S05,SUP001,Received,96,559.68
PO13458,2025-10-09,S05,SUP001,Received,102,594.66
PO13459,2025-10-12,S05,SUP001,Received,79,460.57
PO13460,2025-10-16,S05,SUP001,Received,88,513.04
PO13461,2025-10-20,S05,SUP001,Received,108,629.64
PO13462,2025-10-24,S05,SUP001,Received,89,518.87
PO13463,2025-10-28,S05,SUP001,Received,87,507.21
PO13464,2025-11-01,S05,SUP001,Received,82,478.06
PO13465,2025-11-05,S05,SUP001,Received,94,548.02
PO13466,2025-11-09,S05,SUP001,Received,87,507.21
PO13467,2025-11-12,S05,SUP001,Received,77,448.91
PO13468,2025-11-16,S05,SUP001,Received,96,559.68
PO13469,2025-11-20,S05,SUP001,Received,87,507.21
PO13470,2025-11-23,S05,SUP001,Received,78,454.74
PO13471,2025-11-26,S05,SUP001,Received,82,478.06
PO13472,2025-11-30,S05,SUP001,Received,93,542.19
PO13473,2025-12-04,S05,SUP001,Received,97,565.51
PO13474,2025-12-07,S05,SUP001,Received,84,489.72
PO13475,2025-12-10,S05,SUP001,Received,84,489.72
PO13476,2025-12-13,S05,SUP001,Received,83,483.89
PO13477,2025-12-17,S05,SUP001,Received,103,600.49
PO13478,2025-12-21,S05,SUP001,Received,101,588.83
PO13479,2025-12-24,S05,SUP001,Received,80,466.4
PO13480,2025-12-27,S05,SUP001,Received,89,518.87
PO13481,2025-12-30,S05,SUP001,Received,84,489.72
PO13482,2025-01-02,S05,SUP006,Received,90,228.6
PO13483,2025-01-08,S05,SUP006,Received,93,236.22
PO13484,2025-01-14,S05,SUP006,Received,84,213.36
PO13485,2025-01-21,S05,SUP006,Received,90,228.6
PO13486,2025-01-27,S05,SUP006,Received,90,228.6
PO13487,2025-02-01,S05,SUP006,Received,85,215.9
PO13488,2025-02-07,S05,SUP006,Received,88,223.52
PO13489,2025-02-12,S05,SUP006,Received,81,205.74
PO13490,2025-02-17,S05,SUP006,Received,87,220.98
PO13491,2025-02-22,S05,SUP006,Received,87,220.98
PO13492,2025-02-28,S05,SUP006,Received,82,208.28
PO13493,2025-03-06,S05,SUP006,Received,89,226.06
PO13494,2025-03-12,S05,SUP006,Received,94,238.76
PO13495,2025-03-17,S05,SUP006,Received,81,205.74
PO13496,2025-03-22,S05,SUP006,Received,88,223.52
PO13497,2025-03-27,S05,SUP006,Received,82,208.28
PO13498,2025-04-01,S05,SUP006,Received,94,238.76
PO13499,2025-04-06,S05,SUP006,Received,92,233.68
PO13500,2025-04-11,S05,SUP006,Received,88,223.52
PO13501,2025-04-17,S05,SUP006,Received,95,241.3
PO13502,2025-04-22,S05,SUP006,Received,88,223.52
PO13503,2025-04-27,S05,SUP006,Received,94,238.76
PO13504,2025-05-02,S05,SUP006,Received,82,208.28
PO13505,2025-05-08,S05,SUP006,Received,88,223.52
PO13506,2025-05-14,S05,SUP006,Received,89,226.06
PO13507,2025-05-20,S05,SUP006,Received,83,210.82
PO13508,2025-05-26,S05,SUP006,Received,92,233.68
PO13509,2025-06-02,S05,SUP006,Received,85,215.9
PO13510,2025-06-08,S05,SUP006,Received,83,210.82
PO13511,2025-06-15,S05,SUP006,Received,87,220.98
PO13512,2025-06-22,S05,SUP006,Received,91,231.14
PO13513,2025-06-28,S05,SUP006,Received,91,231.14
PO13514,2025-07-04,S05,SUP006,Received,93,236.22
PO13515,2025-07-12,S05,SUP006,Received,93,236.22
PO13516,2025-07-19,S05,SUP006,Received,95,241.3
PO13517,2025-07-25,S05,SUP006,Received,94,238.76
PO13518,2025-07-31,S05,SUP006,Received,86,218.44
PO13519,2025-08-07,S05,SUP006,Received,89,226.06
PO13520,2025-08-14,S05,SUP006,Received,84,213.36
PO13521,2025-08-20,S05,SUP006,Received,83,210.82
PO13522,2025-08-27,S05,SUP006,Received,85,215.9
PO13523,2025-09-02,S05,SUP006,Received,80,203.2
PO13524,2025-09-09,S05,SUP006,Received,88,223.52
PO13525,2025-09-16,S05,SUP006,Received,84,213.36
PO13526,2025-09-23,S05,SUP006,Received,80,203.2
PO13527,2025-09-28,S05,SUP006,Received,81,205.74
PO13528,2025-10-05,S05,SUP006,Received,82,208.28
PO13529,2025-10-11,S05,SUP006,Received,81,205.74
PO13530,2025-10-18,S05,SUP006,Received,89,226.06
PO13531,2025-10-26,S05,SUP006,Received,92,233.68
PO13532,2025-11-01,S05,SUP006,Received,85,215.9
PO13533,2025-11-08,S05,SUP006,Received,90,228.6
PO13534,2025-11-13,S05,SUP006,Received,87,220.98
PO13535,2025-11-18,S05,SUP006,Received,82,208.28
PO13536,2025-11-26,S05,SUP006,Received,89,226.06
PO13537,2025-12-03,S05,SUP006,Received,92,233.68
PO13538,2025-12-10,S05,SUP006,Received,84,213.36
PO13539,2025-12-16,S05,SUP006,Received,92,233.68
PO13540,2025-12-21,S05,SUP006,Received,80,203.2
PO13541,2025-12-27,S05,SUP006,Received,83,210.82
PO13542,2025-01-12,S05,SUP008,Received,418,6127.88
PO13543,2025-01-31,S05,SUP008,Received,399,5849.34
PO13544,2025-02-16,S05,SUP008,Received,404,5922.64
PO13545,2025-03-08,S05,SUP008,Received,406,5951.96
PO13546,2025-03-26,S05,SUP008,Received,406,5951.96
PO13547,2025-04-12,S05,SUP008,Received,412,6039.92
PO13548,2025-04-29,S05,SUP008,Received,396,5805.36
PO13549,2025-05-16,S05,SUP008,Received,415,6083.9
PO13550,2025-06-03,S05,SUP008,Received,403,5907.98
PO13551,2025-06-22,S05,SUP008,Received,398,5834.68
PO13552,2025-07-13,S05,SUP008,Received,422,6186.52
PO13553,2025-08-03,S05,SUP008,Received,404,5922.64
PO13554,2025-08-24,S05,SUP008,Received,401,5878.66
PO13555,2025-09-15,S05,SUP008,Received,404,5922.64
PO13556,2025-10-07,S05,SUP008,Received,395,5790.7
PO13557,2025-11-02,S05,SUP008,Received,405,5937.3
PO13558,2025-11-26,S05,SUP008,Received,405,5937.3
PO13559,2025-12-18,S05,SUP008,Received,394,5776.04
PO13560,2025-01-15,S05,SUP002,Received,435,2431.65
PO13561,2025-02-07,S05,SUP001,Received,422,2924.46
PO13562,2025-03-01,S05,SUP002,Received,428,2392.52
PO13563,2025-03-21,S05,SUP001,Received,431,2986.83
PO13564,2025-04-09,S05,SUP002,Received,426,2381.34
PO13565,2025-04-30,S05,SUP002,Received,433,2420.47
PO13566,2025-05-19,S05,SUP001,Received,433,3000.69
PO13567,2025-06-09,S05,SUP002,Received,437,2442.83
PO13568,2025-07-01,S05,SUP002,Received,436,2437.24
PO13569,2025-07-25,S05,SUP001,Received,429,2972.97
PO13570,2025-08-20,S05,SUP001,Received,422,2924.46
PO13571,2025-09-16,S05,SUP001,Received,440,3049.2
PO13572,2025-10-16,S05,SUP001,Received,439,3042.27
PO13573,2025-11-12,S05,SUP002,Received,425,2375.75
PO13574,2025-12-08,S05,SUP002,Received,426,2381.34
PO13575,2025-01-04,S05,SUP010,Received,263,3250.68
PO13576,2025-01-11,S05,SUP010,Received,241,2978.76
PO13577,2025-01-18,S05,SUP008,Received,237,3491.01
PO13578,2025-01-26,S05,SUP008,Received,247,3638.31
PO13579,2025-02-03,S05,SUP010,Received,246,3040.56
PO13580,2025-02-10,S05,SUP010,Received,240,2966.4
PO13581,2025-02-18,S05,SUP010,Received,251,3102.36
PO13582,2025-02-25,S05,SUP010,Received,263,3250.68
PO13583,2025-03-04,S05,SUP008,Received,240,3535.2
PO13584,2025-03-11,S05,SUP010,Received,237,2929.32
PO13585,2025-03-18,S05,SUP010,Received,253,3127.08
PO13586,2025-03-25,S05,SUP008,Received,247,3638.31
PO13587,2025-04-01,S05,SUP008,Received,260,3829.8
PO13588,2025-04-08,S05,SUP008,Received,240,3535.2
PO13589,2025-04-15,S05,SUP008,Received,238,3505.74
PO13590,2025-04-23,S05,SUP010,Received,247,3052.92
PO13591,2025-04-30,S05,SUP010,Received,241,2978.76
PO13592,2025-05-08,S05,SUP010,Received,255,3151.8
PO13593,2025-05-16,S05,SUP008,Received,255,3756.15
PO13594,2025-05-23,S05,SUP010,Received,236,2916.96
PO13595,2025-05-30,S05,SUP010,Received,234,2892.24
PO13596,2025-06-07,S05,SUP010,Received,250,3090.0
PO13597,2025-06-14,S05,SUP008,Received,235,3461.55
PO13598,2025-06-22,S05,SUP008,Received,267,3932.91
PO13599,2025-06-29,S05,SUP010,Received,243,3003.48
PO13600,2025-07-07,S05,SUP008,Received,249,3667.77
PO13601,2025-07-15,S05,SUP008,Received,257,3785.61
PO13602,2025-07-24,S05,SUP010,Received,248,3065.28
PO13603,2025-08-02,S05,SUP008,Received,251,3697.23
PO13604,2025-08-11,S05,SUP010,Received,258,3188.88
PO13605,2025-08-20,S05,SUP008,Received,248,3653.04
PO13606,2025-08-30,S05,SUP008,Received,242,3564.66
PO13607,2025-09-07,S05,SUP010,Received,249,3077.64
PO13608,2025-09-16,S05,SUP008,Received,235,3461.55
PO13609,2025-09-25,S05,SUP010,Received,236,2916.96
PO13610,2025-10-05,S05,SUP008,Received,256,3770.88
PO13611,2025-10-15,S05,SUP010,Received,245,3028.2
PO13612,2025-10-25,S05,SUP008,Received,238,3505.74
PO13613,2025-11-02,S05,SUP010,Received,235,2904.6
PO13614,2025-11-11,S05,SUP008,Received,242,3564.66
PO13615,2025-11-20,S05,SUP010,Received,248,3065.28
PO13616,2025-11-29,S05,SUP010,Received,238,2941.68
PO13617,2025-12-07,S05,SUP008,Received,245,3608.85
PO13618,2025-12-15,S05,SUP008,Received,248,3653.04
PO13619,2025-12-23,S05,SUP008,Received,241,3549.93
PO13620,2025-12-31,S05,SUP008,Received,239,3520.47
PO13621,2025-01-13,S05,SUP007,Received,377,3061.24
PO13622,2025-02-02,S05,SUP001,Received,398,2985.0
PO13623,2025-02-19,S05,SUP007,Received,376,3053.12
PO13624,2025-03-09,S05,SUP001,Received,382,2865.0
PO13625,2025-03-28,S05,SUP001,Received,399,2992.5
PO13626,2025-04-14,S05,SUP007,Received,375,3045.0
PO13627,2025-05-02,S05,SUP007,Received,376,3053.12
PO13628,2025-05-20,S05,SUP007,Received,377,3061.24
PO13629,2025-06-08,S05,SUP001,Received,384,2880.0
PO13630,2025-06-30,S05,SUP001,Received,379,2842.5
PO13631,2025-07-20,S05,SUP001,Received,386,2895.0
PO13632,2025-08-13,S05,SUP007,Received,382,3101.84
PO13633,2025-09-07,S05,SUP007,Received,397,3223.64
PO13634,2025-10-02,S05,SUP007,Received,382,3101.84
PO13635,2025-10-26,S05,SUP001,Received,394,2955.0
PO13636,2025-11-17,S05,SUP001,Received,387,2902.5
PO13637,2025-12-08,S05,SUP001,Received,377,2827.5
PO13638,2025-12-29,S05,SUP001,Received,378,2835.0
PO13639,2025-01-17,S05,SUP010,Received,438,1033.68
PO13640,2025-02-11,S05,SUP010,Received,447,1054.92
PO13641,2025-03-09,S05,SUP010,Received,443,1045.48
PO13642,2025-04-04,S05,SUP002,Received,438,1335.9
PO13643,2025-04-29,S05,SUP002,Received,439,1338.95
PO13644,2025-05-27,S05,SUP002,Received,452,1378.6
PO13645,2025-06-23,S05,SUP010,Received,449,1059.64
PO13646,2025-07-24,S05,SUP010,Received,451,1064.36
PO13647,2025-08-25,S05,SUP002,Received,441,1345.05
PO13648,2025-09-26,S05,SUP002,Received,441,1345.05
PO13649,2025-10-27,S05,SUP002,Received,441,1345.05
PO13650,2025-11-28,S05,SUP002,Received,443,1351.15
PO13651,2025-12-27,S05,SUP010,Received,445,1050.2
PO13652,2025-01-07,S05,SUP010,Received,153,781.83
PO13653,2025-01-24,S05,SUP010,Received,149,761.39
PO13654,2025-02-09,S05,SUP010,Received,154,786.94
PO13655,2025-02-23,S05,SUP010,Received,150,766.5
PO13656,2025-03-10,S05,SUP010,Received,154,786.94
PO13657,2025-03-25,S05,SUP010,Received,151,771.61
PO13658,2025-04-06,S05,SUP010,Received,149,761.39
PO13659,2025-04-21,S05,SUP010,Received,151,771.61
PO13660,2025-05-06,S05,SUP010,Received,146,746.06
PO13661,2025-05-21,S05,SUP010,Received,148,756.28
PO13662,2025-06-07,S05,SUP010,Received,151,771.61
PO13663,2025-06-23,S05,SUP010,Received,154,786.94
PO13664,2025-07-11,S05,SUP010,Received,153,781.83
PO13665,2025-07-29,S05,SUP010,Received,149,761.39
PO13666,2025-08-17,S05,SUP010,Received,154,786.94
PO13667,2025-09-05,S05,SUP010,Received,149,761.39
PO13668,2025-09-25,S05,SUP010,Received,149,761.39
PO13669,2025-10-14,S05,SUP010,Received,148,756.28
PO13670,2025-11-02,S05,SUP010,Received,154,786.94
PO13671,2025-11-24,S05,SUP010,Received,154,786.94
PO13672,2025-12-13,S05,SUP010,Received,153,781.83
PO13673,2025-12-30,S05,SUP010,Received,150,766.5
PO13674,2025-01-03,S05,SUP006,Received,94,2264.46
PO13675,2025-01-10,S05,SUP006,Received,89,2144.01
PO13676,2025-01-16,S05,SUP006,Received,93,2240.37
PO13677,2025-01-21,S05,SUP006,Received,83,1999.47
PO13678,2025-01-26,S05,SUP006,Received,86,2071.74
PO13679,2025-02-01,S05,SUP006,Received,86,2071.74
PO13680,2025-02-06,S05,SUP006,Received,86,2071.74
PO13681,2025-02-13,S05,SUP006,Received,90,2168.1
PO13682,2025-02-18,S05,SUP006,Received,85,2047.65
PO13683,2025-02-23,S05,SUP006,Received,88,2119.92
PO13684,2025-03-01,S05,SUP006,Received,88,2119.92
PO13685,2025-03-08,S05,SUP006,Received,100,2409.0
PO13686,2025-03-14,S05,SUP006,Received,87,2095.83
PO13687,2025-03-18,S05,SUP006,Received,82,1975.38
PO13688,2025-03-23,S05,SUP006,Received,84,2023.56
PO13689,2025-03-29,S05,SUP006,Received,89,2144.01
PO13690,2025-04-04,S05,SUP006,Received,93,2240.37
PO13691,2025-04-11,S05,SUP006,Received,91,2192.19
PO13692,2025-04-18,S05,SUP006,Received,96,2312.64
PO13693,2025-04-23,S05,SUP006,Received,82,1975.38
PO13694,2025-04-28,S05,SUP006,Received,81,1951.29
PO13695,2025-05-03,S05,SUP006,Received,85,2047.65
PO13696,2025-05-09,S05,SUP006,Received,88,2119.92
PO13697,2025-05-15,S05,SUP006,Received,92,2216.28
PO13698,2025-05-21,S05,SUP006,Received,90,2168.1
PO13699,2025-05-28,S05,SUP006,Received,93,2240.37
PO13700,2025-06-02,S05,SUP006,Received,87,2095.83
PO13701,2025-06-08,S05,SUP006,Received,87,2095.83
PO13702,2025-06-14,S05,SUP006,Received,93,2240.37
PO13703,2025-06-21,S05,SUP006,Received,82,1975.38
PO13704,2025-06-28,S05,SUP006,Received,97,2336.73
PO13705,2025-07-05,S05,SUP006,Received,83,1999.47
PO13706,2025-07-12,S05,SUP006,Received,92,2216.28
PO13707,2025-07-19,S05,SUP006,Received,94,2264.46
PO13708,2025-07-26,S05,SUP006,Received,83,1999.47
PO13709,2025-08-01,S05,SUP006,Received,87,2095.83
PO13710,2025-08-07,S05,SUP006,Received,81,1951.29
PO13711,2025-08-14,S05,SUP006,Received,81,1951.29
PO13712,2025-08-20,S05,SUP006,Received,87,2095.83
PO13713,2025-08-27,S05,SUP006,Received,87,2095.83
PO13714,2025-09-04,S05,SUP006,Received,84,2023.56
PO13715,2025-09-12,S05,SUP006,Received,86,2071.74
PO13716,2025-09-19,S05,SUP006,Received,84,2023.56
PO13717,2025-09-27,S05,SUP006,Received,85,2047.65
PO13718,2025-10-03,S05,SUP006,Received,81,1951.29
PO13719,2025-10-11,S05,SUP006,Received,81,1951.29
PO13720,2025-10-18,S05,SUP006,Received,81,1951.29
PO13721,2025-10-26,S05,SUP006,Received,90,2168.1
PO13722,2025-11-02,S05,SUP006,Received,85,2047.65
PO13723,2025-11-10,S05,SUP006,Received,89,2144.01
PO13724,2025-11-16,S05,SUP006,Received,84,2023.56
PO13725,2025-11-23,S05,SUP006,Received,84,2023.56
PO13726,2025-12-02,S05,SUP006,Received,85,2047.65
PO13727,2025-12-11,S05,SUP006,Received,86,2071.74
PO13728,2025-12-17,S05,SUP006,Received,84,2023.56
PO13729,2025-12-24,S05,SUP006,Received,91,2192.19
PO13730,2025-12-29,S05,SUP006,Received,81,1951.29
PO13731,2025-01-13,S05,SUP003,Received,379,2046.6
PO13732,2025-02-15,S05,SUP009,Received,374,2113.1
PO13733,2025-03-21,S05,SUP003,Received,373,2014.2
PO13734,2025-04-20,S05,SUP009,Received,381,2152.65
PO13735,2025-05-18,S05,SUP003,Received,371,2003.4
PO13736,2025-06-21,S05,SUP003,Received,381,2057.4
PO13737,2025-07-27,S05,SUP009,Received,369,2084.85
PO13738,2025-09-04,S05,SUP009,Received,371,2096.15
PO13739,2025-10-16,S05,SUP006,Received,369,2221.38
PO13740,2025-11-26,S05,SUP003,Received,378,2041.2
PO13741,2025-01-03,S05,SUP007,Received,98,1909.04
PO13742,2025-01-06,S05,SUP007,Received,87,1694.76
PO13743,2025-01-10,S05,SUP002,Received,104,2373.28
PO13744,2025-01-13,S05,SUP007,Received,93,1811.64
PO13745,2025-01-16,S05,SUP007,Received,84,1636.32
PO13746,2025-01-19,S05,SUP007,Received,97,1889.56
PO13747,2025-01-22,S05,SUP007,Received,90,1753.2
PO13748,2025-01-25,S05,SUP007,Received,94,1831.12
PO13749,2025-01-28,S05,SUP007,Received,105,2045.4
PO13750,2025-01-31,S05,SUP002,Received,92,2099.44
PO13751,2025-02-03,S05,SUP007,Received,102,1986.96
PO13752,2025-02-06,S05,SUP002,Received,90,2053.8
PO13753,2025-02-09,S05,SUP005,Received,115,2469.05
PO13754,2025-02-12,S05,SUP002,Received,95,2167.9
PO13755,2025-02-15,S05,SUP002,Received,110,2510.2
PO13756,2025-02-18,S05,SUP005,Received,95,2039.65
PO13757,2025-02-21,S05,SUP005,Received,105,2254.35
PO13758,2025-02-24,S05,SUP005,Received,115,2469.05
PO13759,2025-02-27,S05,SUP005,Received,86,1846.42
PO13760,2025-03-02,S05,SUP002,Received,112,2555.84
PO13761,2025-03-05,S05,SUP002,Received,108,2464.56
PO13762,2025-03-08,S05,SUP002,Received,101,2304.82
PO13763,2025-03-11,S05,SUP005,Received,106,2275.82
PO13764,2025-03-14,S05,SUP005,Received,104,2232.88
PO13765,2025-03-16,S05,SUP005,Received,85,1824.95
PO13766,2025-03-19,S05,SUP002,Received,92,2099.44
PO13767,2025-03-22,S05,SUP005,Received,97,2082.59
PO13768,2025-03-25,S05,SUP007,Received,114,2220.72
PO13769,2025-03-28,S05,SUP005,Received,102,2189.94
PO13770,2025-03-31,S05,SUP007,Received,116,2259.68
PO13771,2025-04-03,S05,SUP005,Received,89,1910.83
PO13772,2025-04-06,S05,SUP007,Received,106,2064.88
PO13773,2025-04-09,S05,SUP007,Received,106,2064.88
PO13774,2025-04-12,S05,SUP002,Received,104,2373.28
PO13775,2025-04-15,S05,SUP005,Received,87,1867.89
PO13776,2025-04-18,S05,SUP005,Received,106,2275.82
PO13777,2025-04-21,S05,SUP002,Received,111,2533.02
PO13778,2025-04-24,S05,SUP002,Received,90,2053.8
PO13779,2025-04-27,S05,SUP002,Received,99,2259.18
PO13780,2025-05-01,S05,SUP007,Received,109,2123.32
PO13781,2025-05-04,S05,SUP002,Received,124,2829.68
PO13782,2025-05-07,S05,SUP002,Received,100,2282.0
PO13783,2025-05-10,S05,SUP005,Received,115,2469.05
PO13784,2025-05-13,S05,SUP002,Received,84,1916.88
PO13785,2025-05-16,S05,SUP005,Received,87,1867.89
PO13786,2025-05-19,S05,SUP007,Received,105,2045.4
PO13787,2025-05-23,S05,SUP007,Received,113,2201.24
PO13788,2025-05-26,S05,SUP005,Received,99,2125.53
PO13789,2025-05-29,S05,SUP002,Received,99,2259.18
PO13790,2025-06-01,S05,SUP005,Received,95,2039.65
PO13791,2025-06-04,S05,SUP002,Received,96,2190.72
PO13792,2025-06-07,S05,SUP007,Received,100,1948.0
PO13793,2025-06-10,S05,SUP007,Received,86,1675.28
PO13794,2025-06-13,S05,SUP005,Received,87,1867.89
PO13795,2025-06-16,S05,SUP007,Received,92,1792.16
PO13796,2025-06-20,S05,SUP002,Received,113,2578.66
PO13797,2025-06-23,S05,SUP002,Received,94,2145.08
PO13798,2025-06-27,S05,SUP002,Received,109,2487.38
PO13799,2025-06-30,S05,SUP007,Received,89,1733.72
PO13800,2025-07-03,S05,SUP002,Received,85,1939.7
PO13801,2025-07-07,S05,SUP002,Received,93,2122.26
PO13802,2025-07-11,S05,SUP007,Received,106,2064.88
PO13803,2025-07-14,S05,SUP005,Received,89,1910.83
PO13804,2025-07-18,S05,SUP005,Received,109,2340.23
PO13805,2025-07-22,S05,SUP007,Received,102,1986.96
PO13806,2025-07-25,S05,SUP007,Received,96,1870.08
PO13807,2025-07-28,S05,SUP005,Received,92,1975.24
PO13808,2025-08-01,S05,SUP005,Received,98,2104.06
PO13809,2025-08-04,S05,SUP005,Received,87,1867.89
PO13810,2025-08-08,S05,SUP007,Received,101,1967.48
PO13811,2025-08-11,S05,SUP005,Received,100,2147.0
PO13812,2025-08-15,S05,SUP002,Received,84,1916.88
PO13813,2025-08-19,S05,SUP007,Received,104,2025.92
PO13814,2025-08-24,S05,SUP002,Received,108,2464.56
PO13815,2025-08-28,S05,SUP002,Received,107,2441.74
PO13816,2025-09-01,S05,SUP007,Received,96,1870.08
PO13817,2025-09-05,S05,SUP005,Received,85,1824.95
PO13818,2025-09-08,S05,SUP005,Received,98,2104.06
PO13819,2025-09-12,S05,SUP005,Received,93,1996.71
PO13820,2025-09-16,S05,SUP005,Received,104,2232.88
PO13821,2025-09-20,S05,SUP007,Received,93,1811.64
PO13822,2025-09-24,S05,SUP002,Received,109,2487.38
PO13823,2025-09-27,S05,SUP007,Received,86,1675.28
PO13824,2025-10-01,S05,SUP005,Received,108,2318.76
PO13825,2025-10-04,S05,SUP002,Received,102,2327.64
PO13826,2025-10-08,S05,SUP007,Received,89,1733.72
PO13827,2025-10-11,S05,SUP005,Received,92,1975.24
PO13828,2025-10-14,S05,SUP005,Received,92,1975.24
PO13829,2025-10-18,S05,SUP002,Received,89,2030.98
PO13830,2025-10-21,S05,SUP002,Received,86,1962.52
PO13831,2025-10-25,S05,SUP005,Received,104,2232.88
PO13832,2025-10-30,S05,SUP005,Received,112,2404.64
PO13833,2025-11-02,S05,SUP002,Received,94,2145.08
PO13834,2025-11-06,S05,SUP002,Received,104,2373.28
PO13835,2025-11-10,S05,SUP005,Received,102,2189.94
PO13836,2025-11-14,S05,SUP005,Received,100,2147.0
PO13837,2025-11-17,S05,SUP007,Received,85,1655.8
PO13838,2025-11-21,S05,SUP002,Received,94,2145.08
PO13839,2025-11-24,S05,SUP007,Received,85,1655.8
PO13840,2025-11-28,S05,SUP007,Received,104,2025.92
PO13841,2025-12-01,S05,SUP002,Received,86,1962.52
PO13842,2025-12-04,S05,SUP002,Received,91,2076.62
PO13843,2025-12-08,S05,SUP007,Received,107,2084.36
PO13844,2025-12-12,S05,SUP002,Received,86,1962.52
PO13845,2025-12-15,S05,SUP007,Received,93,1811.64
PO13846,2025-12-19,S05,SUP005,Received,101,2168.47
PO13847,2025-12-22,S05,SUP002,Received,88,2008.16
PO13848,2025-12-26,S05,SUP005,Received,101,2168.47
PO13849,2025-12-29,S05,SUP005,Received,94,2018.18
PO13850,2025-01-06,S05,SUP004,Received,431,8620.0
PO13851,2025-01-22,S05,SUP004,Received,431,8620.0
PO13852,2025-02-05,S05,SUP004,Received,431,8620.0
PO13853,2025-02-20,S05,SUP002,Received,448,10205.44
PO13854,2025-03-07,S05,SUP004,Received,446,8920.0
PO13855,2025-03-22,S05,SUP001,Received,441,9463.86
PO13856,2025-04-05,S05,SUP001,Received,436,9356.56
PO13857,2025-04-20,S05,SUP004,Received,442,8840.0
PO13858,2025-05-05,S05,SUP004,Received,444,8880.0
PO13859,2025-05-19,S05,SUP004,Received,431,8620.0
PO13860,2025-06-01,S05,SUP002,Received,437,9954.86
PO13861,2025-06-17,S05,SUP004,Received,436,8720.0
PO13862,2025-07-04,S05,SUP001,Received,441,9463.86
PO13863,2025-07-21,S05,SUP001,Received,440,9442.4
PO13864,2025-08-08,S05,SUP001,Received,437,9378.02
PO13865,2025-08-25,S05,SUP004,Received,435,8700.0
PO13866,2025-09-12,S05,SUP002,Received,445,10137.1
PO13867,2025-09-30,S05,SUP002,Received,428,9749.84
PO13868,2025-10-18,S05,SUP001,Received,437,9378.02
PO13869,2025-11-07,S05,SUP002,Received,437,9954.86
PO13870,2025-11-26,S05,SUP002,Received,441,10045.98
PO13871,2025-12-16,S05,SUP001,Received,445,9549.7
PO13872,2025-01-26,S05,SUP009,Received,261,3463.47
PO13873,2025-03-09,S05,SUP006,Received,258,3996.42
PO13874,2025-04-20,S05,SUP006,Received,261,4042.89
PO13875,2025-05-30,S05,SUP006,Received,262,4058.38
PO13876,2025-07-14,S05,SUP009,Received,261,3463.47
PO13877,2025-09-05,S05,SUP004,Received,260,4396.6
PO13878,2025-11-04,S05,SUP004,Received,258,4362.78
PO13879,2025-12-26,S05,SUP009,Received,259,3436.93
PO13880,2025-01-03,S05,SUP004,Received,242,2635.38
PO13881,2025-01-10,S05,SUP004,Received,229,2493.81
PO13882,2025-01-17,S05,SUP004,Received,222,2417.58
PO13883,2025-01-24,S05,SUP004,Received,221,2406.69
PO13884,2025-01-30,S05,SUP004,Received,221,2406.69
PO13885,2025-02-05,S05,SUP004,Received,208,2265.12
PO13886,2025-02-11,S05,SUP004,Received,221,2406.69
PO13887,2025-02-17,S05,SUP004,Received,230,2504.7
PO13888,2025-02-23,S05,SUP004,Received,232,2526.48
PO13889,2025-03-01,S05,SUP004,Received,216,2352.24
PO13890,2025-03-08,S05,SUP004,Received,231,2515.59
PO13891,2025-03-14,S05,SUP004,Received,229,2493.81
PO13892,2025-03-20,S05,SUP004,Received,240,2613.6
PO13893,2025-03-26,S05,SUP004,Received,206,2243.34
PO13894,2025-04-01,S05,SUP004,Received,215,2341.35
PO13895,2025-04-07,S05,SUP004,Received,234,2548.26
PO13896,2025-04-13,S05,SUP004,Received,229,2493.81
PO13897,2025-04-19,S05,SUP004,Received,208,2265.12
PO13898,2025-04-25,S05,SUP004,Received,215,2341.35
PO13899,2025-05-01,S05,SUP004,Received,246,2678.94
PO13900,2025-05-07,S05,SUP004,Received,234,2548.26
PO13901,2025-05-13,S05,SUP004,Received,216,2352.24
PO13902,2025-05-20,S05,SUP004,Received,235,2559.15
PO13903,2025-05-26,S05,SUP004,Received,224,2439.36
PO13904,2025-06-01,S05,SUP004,Received,216,2352.24
PO13905,2025-06-07,S05,SUP004,Received,215,2341.35
PO13906,2025-06-14,S05,SUP004,Received,223,2428.47
PO13907,2025-06-20,S05,SUP004,Received,212,2308.68
PO13908,2025-06-26,S05,SUP004,Received,212,2308.68
PO13909,2025-07-02,S05,SUP004,Received,205,2232.45
PO13910,2025-07-08,S05,SUP004,Received,213,2319.57
PO13911,2025-07-15,S05,SUP004,Received,231,2515.59
PO13912,2025-07-22,S05,SUP004,Received,205,2232.45
PO13913,2025-07-28,S05,SUP004,Received,209,2276.01
PO13914,2025-08-04,S05,SUP004,Received,214,2330.46
PO13915,2025-08-11,S05,SUP004,Received,213,2319.57
PO13916,2025-08-19,S05,SUP004,Received,222,2417.58
PO13917,2025-08-27,S05,SUP004,Received,238,2591.82
PO13918,2025-09-03,S05,SUP004,Received,224,2439.36
PO13919,2025-09-08,S05,SUP004,Received,223,2428.47
PO13920,2025-09-16,S05,SUP004,Received,205,2232.45
PO13921,2025-09-24,S05,SUP004,Received,214,2330.46
PO13922,2025-10-02,S05,SUP004,Received,230,2504.7
PO13923,2025-10-11,S05,SUP004,Received,233,2537.37
PO13924,2025-10-19,S05,SUP004,Received,225,2450.25
PO13925,2025-10-26,S05,SUP004,Received,218,2374.02
PO13926,2025-11-03,S05,SUP004,Received,230,2504.7
PO13927,2025-11-12,S05,SUP004,Received,227,2472.03
PO13928,2025-11-19,S05,SUP004,Received,209,2276.01
PO13929,2025-11-27,S05,SUP004,Received,238,2591.82
PO13930,2025-12-05,S05,SUP004,Received,232,2526.48
PO13931,2025-12-13,S05,SUP004,Received,230,2504.7
PO13932,2025-12-20,S05,SUP004,Received,236,2570.04
PO13933,2025-12-27,S05,SUP004,Received,218,2374.02
PO13934,2025-01-08,S05,SUP004,Received,413,5084.03
PO13935,2025-01-29,S05,SUP004,Received,433,5330.23
PO13936,2025-02-17,S05,SUP005,Received,408,5214.24
PO13937,2025-03-08,S05,SUP005,Received,423,5405.94
PO13938,2025-03-27,S05,SUP004,Received,430,5293.3
PO13939,2025-04-14,S05,SUP004,Received,419,5157.89
PO13940,2025-05-05,S05,SUP004,Received,417,5133.27
PO13941,2025-05-24,S05,SUP005,Received,430,5495.4
PO13942,2025-06-15,S05,SUP005,Received,423,5405.94
PO13943,2025-07-06,S05,SUP004,Received,415,5108.65
PO13944,2025-07-29,S05,SUP004,Received,421,5182.51
PO13945,2025-08-20,S05,SUP004,Received,423,5207.13
PO13946,2025-09-14,S05,SUP004,Received,422,5194.82
PO13947,2025-10-09,S05,SUP005,Received,423,5405.94
PO13948,2025-11-03,S05,SUP004,Received,409,5034.79
PO13949,2025-11-28,S05,SUP005,Received,422,5393.16
PO13950,2025-12-21,S05,SUP004,Received,415,5108.65
PO13951,2025-01-05,S05,SUP009,Received,319,8440.74
PO13952,2025-01-17,S05,SUP007,Received,319,7212.59
PO13953,2025-01-30,S05,SUP009,Received,310,8202.6
PO13954,2025-02-10,S05,SUP009,Received,319,8440.74
PO13955,2025-02-22,S05,SUP010,Received,319,7569.87
PO13956,2025-03-05,S05,SUP009,Received,319,8440.74
PO13957,2025-03-16,S05,SUP007,Received,316,7144.76
PO13958,2025-03-26,S05,SUP007,Received,308,6963.88
PO13959,2025-04-06,S05,SUP010,Received,318,7546.14
PO13960,2025-04-16,S05,SUP009,Received,311,8229.06
PO13961,2025-04-26,S05,SUP007,Received,311,7031.71
PO13962,2025-05-06,S05,SUP010,Received,309,7332.57
PO13963,2025-05-17,S05,SUP007,Received,319,7212.59
PO13964,2025-05-28,S05,SUP010,Received,315,7474.95
PO13965,2025-06-08,S05,SUP010,Received,319,7569.87
PO13966,2025-06-21,S05,SUP009,Received,319,8440.74
PO13967,2025-07-04,S05,SUP007,Received,319,7212.59
PO13968,2025-07-16,S05,SUP007,Received,319,7212.59
PO13969,2025-07-30,S05,SUP010,Received,319,7569.87
PO13970,2025-08-12,S05,SUP010,Received,319,7569.87
PO13971,2025-08-25,S05,SUP009,Received,310,8202.6
PO13972,2025-09-07,S05,SUP010,Received,316,7498.68
PO13973,2025-09-22,S05,SUP007,Received,319,7212.59
PO13974,2025-10-07,S05,SUP007,Received,319,7212.59
PO13975,2025-10-21,S05,SUP009,Received,319,8440.74
PO13976,2025-11-05,S05,SUP010,Received,318,7546.14
PO13977,2025-11-18,S05,SUP010,Received,315,7474.95
PO13978,2025-12-02,S05,SUP007,Received,319,7212.59
PO13979,2025-12-15,S05,SUP007,Received,318,7189.98
PO13980,2025-12-27,S05,SUP007,Received,319,7212.59
PO13981,2025-01-04,S05,SUP005,Received,374,8085.88
PO13982,2025-01-15,S05,SUP010,Received,377,7917.0
PO13983,2025-01-26,S05,SUP010,Received,376,7896.0
PO13984,2025-02-05,S05,SUP010,Received,361,7581.0
PO13985,2025-02-15,S05,SUP010,Received,390,8190.0
PO13986,2025-02-26,S05,SUP010,Received,377,7917.0
PO13987,2025-03-08,S05,SUP010,Received,368,7728.0
PO13988,2025-03-18,S05,SUP005,Received,376,8129.12
PO13989,2025-03-28,S05,SUP010,Received,374,7854.0
PO13990,2025-04-07,S05,SUP010,Received,383,8043.0
PO13991,2025-04-17,S05,SUP009,Received,376,9588.0
PO13992,2025-04-27,S05,SUP005,Received,377,8150.74
PO13993,2025-05-06,S05,SUP005,Received,361,7804.82
PO13994,2025-05-16,S05,SUP009,Received,376,9588.0
PO13995,2025-05-27,S05,SUP010,Received,370,7770.0
PO13996,2025-06-07,S05,SUP010,Received,374,7854.0
PO13997,2025-06-20,S05,SUP005,Received,371,8021.02
PO13998,2025-07-01,S05,SUP005,Received,370,7999.4
PO13999,2025-07-12,S05,SUP010,Received,378,7938.0
PO14000,2025-07-23,S05,SUP005,Received,364,7869.68
PO14001,2025-08-05,S05,SUP010,Received,376,7896.0
PO14002,2025-08-17,S05,SUP010,Received,369,7749.0
PO14003,2025-08-31,S05,SUP009,Received,388,9894.0
PO14004,2025-09-13,S05,SUP010,Received,375,7875.0
PO14005,2025-09-26,S05,SUP010,Received,366,7686.0
PO14006,2025-10-09,S05,SUP009,Received,374,9537.0
PO14007,2025-10-22,S05,SUP009,Received,368,9384.0
PO14008,2025-11-04,S05,SUP010,Received,386,8106.0
PO14009,2025-11-17,S05,SUP010,Received,365,7665.0
PO14010,2025-11-30,S05,SUP010,Received,390,8190.0
PO14011,2025-12-13,S05,SUP010,Received,395,8295.0
PO14012,2025-12-25,S05,SUP010,Received,365,7665.0
PO14013,2025-01-01,S05,SUP003,Received,63,1156.05
PO14014,2025-01-02,S05,SUP003,Received,31,568.85
PO14015,2025-01-04,S05,SUP003,Received,61,1119.35
PO14016,2025-01-05,S05,SUP003,Received,41,752.35
PO14017,2025-01-07,S05,SUP003,Received,48,880.8
PO14018,2025-01-09,S05,SUP003,Received,62,1137.7
PO14019,2025-01-10,S05,SUP003,Received,29,532.15
PO14020,2025-01-11,S05,SUP003,Received,33,605.55
PO14021,2025-01-12,S05,SUP003,Received,34,623.9
PO14022,2025-01-13,S05,SUP003,Received,31,568.85
PO14023,2025-01-15,S05,SUP003,Received,57,1045.95
PO14024,2025-01-17,S05,SUP003,Received,57,1045.95
PO14025,2025-01-18,S05,SUP003,Received,57,1045.95
PO14026,2025-01-20,S05,SUP003,Received,51,935.85
PO14027,2025-01-21,S05,SUP003,Received,33,605.55
PO14028,2025-01-23,S05,SUP003,Received,52,954.2
PO14029,2025-01-25,S05,SUP003,Received,68,1247.8
PO14030,2025-01-26,S05,SUP003,Received,46,844.1
PO14031,2025-01-27,S05,SUP003,Received,37,678.95
PO14032,2025-01-28,S05,SUP003,Received,38,697.3
PO14033,2025-01-29,S05,SUP003,Received,45,825.75
PO14034,2025-01-31,S05,SUP003,Received,62,1137.7
PO14035,2025-02-01,S05,SUP003,Received,35,642.25
PO14036,2025-02-02,S05,SUP003,Received,38,697.3
PO14037,2025-02-03,S05,SUP003,Received,37,678.95
PO14038,2025-02-04,S05,SUP003,Received,40,734.0
PO14039,2025-02-05,S05,SUP003,Received,40,734.0
PO14040,2025-02-07,S05,SUP003,Received,56,1027.6
PO14041,2025-02-08,S05,SUP003,Received,37,678.95
PO14042,2025-02-09,S05,SUP003,Received,35,642.25
PO14043,2025-02-10,S05,SUP003,Received,40,734.0
PO14044,2025-02-11,S05,SUP003,Received,47,862.45
PO14045,2025-02-12,S05,SUP003,Received,33,605.55
PO14046,2025-02-13,S05,SUP003,Received,42,770.7
PO14047,2025-02-15,S05,SUP003,Received,68,1247.8
PO14048,2025-02-16,S05,SUP003,Received,39,715.65
PO14049,2025-02-17,S05,SUP003,Received,32,587.2
PO14050,2025-02-18,S05,SUP003,Received,33,605.55
PO14051,2025-02-19,S05,SUP003,Received,36,660.6
PO14052,2025-02-20,S05,SUP003,Received,47,862.45
PO14053,2025-02-22,S05,SUP003,Received,62,1137.7
PO14054,2025-02-23,S05,SUP003,Received,50,917.5
PO14055,2025-02-24,S05,SUP003,Received,38,697.3
PO14056,2025-02-25,S05,SUP003,Received,40,734.0
PO14057,2025-02-26,S05,SUP003,Received,35,642.25
PO14058,2025-02-27,S05,SUP003,Received,41,752.35
PO14059,2025-02-28,S05,SUP003,Received,49,899.15
PO14060,2025-03-01,S05,SUP003,Received,42,770.7
PO14061,2025-03-02,S05,SUP003,Received,47,862.45
PO14062,2025-03-03,S05,SUP003,Received,30,550.5
PO14063,2025-03-04,S05,SUP003,Received,36,660.6
PO14064,2025-03-05,S05,SUP003,Received,30,550.5
PO14065,2025-03-06,S05,SUP003,Received,39,715.65
PO14066,2025-03-07,S05,SUP003,Received,33,605.55
PO14067,2025-03-08,S05,SUP003,Received,47,862.45
PO14068,2025-03-09,S05,SUP003,Received,60,1101.0
PO14069,2025-03-10,S05,SUP003,Received,35,642.25
PO14070,2025-03-11,S05,SUP003,Received,33,605.55
PO14071,2025-03-12,S05,SUP003,Received,42,770.7
PO14072,2025-03-14,S05,SUP003,Received,68,1247.8
PO14073,2025-03-15,S05,SUP003,Received,56,1027.6
PO14074,2025-03-16,S05,SUP003,Received,42,770.7
PO14075,2025-03-17,S05,SUP003,Received,30,550.5
PO14076,2025-03-18,S05,SUP003,Received,37,678.95
PO14077,2025-03-19,S05,SUP003,Received,38,697.3
PO14078,2025-03-20,S05,SUP003,Received,39,715.65
PO14079,2025-03-21,S05,SUP003,Received,30,550.5
PO14080,2025-03-22,S05,SUP003,Received,44,807.4
PO14081,2025-03-23,S05,SUP003,Received,56,1027.6
PO14082,2025-03-24,S05,SUP003,Received,29,532.15
PO14083,2025-03-25,S05,SUP003,Received,32,587.2
PO14084,2025-03-26,S05,SUP003,Received,32,587.2
PO14085,2025-03-27,S05,SUP003,Received,39,715.65
PO14086,2025-03-28,S05,SUP003,Received,43,789.05
PO14087,2025-03-29,S05,SUP003,Received,46,844.1
PO14088,2025-03-30,S05,SUP003,Received,47,862.45
PO14089,2025-03-31,S05,SUP003,Received,41,752.35
PO14090,2025-04-01,S05,SUP003,Received,40,734.0
PO14091,2025-04-02,S05,SUP003,Received,40,734.0
PO14092,2025-04-03,S05,SUP003,Received,29,532.15
PO14093,2025-04-04,S05,SUP003,Received,42,770.7
PO14094,2025-04-05,S05,SUP003,Received,31,568.85
PO14095,2025-04-06,S05,SUP003,Received,43,789.05
PO14096,2025-04-07,S05,SUP003,Received,36,660.6
PO14097,2025-04-08,S05,SUP003,Received,37,678.95
PO14098,2025-04-09,S05,SUP003,Received,39,715.65
PO14099,2025-04-10,S05,SUP003,Received,41,752.35
PO14100,2025-04-11,S05,SUP003,Received,30,550.5
PO14101,2025-04-12,S05,SUP003,Received,48,880.8
PO14102,2025-04-13,S05,SUP003,Received,37,678.95
PO14103,2025-04-14,S05,SUP003,Received,46,844.1
PO14104,2025-04-16,S05,SUP003,Received,64,1174.4
PO14105,2025-04-17,S05,SUP003,Received,31,568.85
PO14106,2025-04-18,S05,SUP003,Received,30,550.5
PO14107,2025-04-19,S05,SUP003,Received,38,697.3
PO14108,2025-04-20,S05,SUP003,Received,50,917.5
PO14109,2025-04-22,S05,SUP003,Received,59,1082.65
PO14110,2025-04-23,S05,SUP003,Received,37,678.95
PO14111,2025-04-25,S05,SUP003,Received,62,1137.7
PO14112,2025-04-26,S05,SUP003,Received,48,880.8
PO14113,2025-04-27,S05,SUP003,Received,49,899.15
PO14114,2025-04-29,S05,SUP003,Received,60,1101.0
PO14115,2025-04-30,S05,SUP003,Received,34,623.9
PO14116,2025-05-02,S05,SUP003,Received,66,1211.1
PO14117,2025-05-03,S05,SUP003,Received,39,715.65
PO14118,2025-05-04,S05,SUP003,Received,49,899.15
PO14119,2025-05-05,S05,SUP003,Received,34,623.9
PO14120,2025-05-06,S05,SUP003,Received,41,752.35
PO14121,2025-05-07,S05,SUP003,Received,37,678.95
PO14122,2025-05-08,S05,SUP003,Received,30,550.5
PO14123,2025-05-09,S05,SUP003,Received,34,623.9
PO14124,2025-05-10,S05,SUP003,Received,52,954.2
PO14125,2025-05-11,S05,SUP003,Received,42,770.7
PO14126,2025-05-12,S05,SUP003,Received,31,568.85
PO14127,2025-05-13,S05,SUP003,Received,40,734.0
PO14128,2025-05-14,S05,SUP003,Received,31,568.85
PO14129,2025-05-15,S05,SUP003,Received,36,660.6
PO14130,2025-05-16,S05,SUP003,Received,32,587.2
PO14131,2025-05-17,S05,SUP003,Received,38,697.3
PO14132,2025-05-18,S05,SUP003,Received,55,1009.25
PO14133,2025-05-19,S05,SUP003,Received,31,568.85
PO14134,2025-05-21,S05,SUP003,Received,62,1137.7
PO14135,2025-05-22,S05,SUP003,Received,42,770.7
PO14136,2025-05-23,S05,SUP003,Received,36,660.6
PO14137,2025-05-24,S05,SUP003,Received,42,770.7
PO14138,2025-05-25,S05,SUP003,Received,33,605.55
PO14139,2025-05-26,S05,SUP003,Received,29,532.15
PO14140,2025-05-27,S05,SUP003,Received,41,752.35
PO14141,2025-05-28,S05,SUP003,Received,29,532.15
PO14142,2025-05-29,S05,SUP003,Received,30,550.5
PO14143,2025-05-30,S05,SUP003,Received,37,678.95
PO14144,2025-05-31,S05,SUP003,Received,35,642.25
PO14145,2025-06-01,S05,SUP003,Received,39,715.65
PO14146,2025-06-02,S05,SUP003,Received,30,550.5
PO14147,2025-06-04,S05,SUP003,Received,56,1027.6
PO14148,2025-06-05,S05,SUP003,Received,29,532.15
PO14149,2025-06-07,S05,SUP003,Received,58,1064.3
PO14150,2025-06-08,S05,SUP003,Received,32,587.2
PO14151,2025-06-10,S05,SUP003,Received,54,990.9
PO14152,2025-06-11,S05,SUP003,Received,30,550.5
PO14153,2025-06-12,S05,SUP003,Received,31,568.85
PO14154,2025-06-13,S05,SUP003,Received,35,642.25
PO14155,2025-06-14,S05,SUP003,Received,29,532.15
PO14156,2025-06-15,S05,SUP003,Received,37,678.95
PO14157,2025-06-16,S05,SUP003,Received,33,605.55
PO14158,2025-06-18,S05,SUP003,Received,54,990.9
PO14159,2025-06-19,S05,SUP003,Received,45,825.75
PO14160,2025-06-21,S05,SUP003,Received,66,1211.1
PO14161,2025-06-22,S05,SUP003,Received,35,642.25
PO14162,2025-06-24,S05,SUP003,Received,53,972.55
PO14163,2025-06-25,S05,SUP003,Received,31,568.85
PO14164,2025-06-26,S05,SUP003,Received,33,605.55
PO14165,2025-06-27,S05,SUP003,Received,40,734.0
PO14166,2025-06-28,S05,SUP003,Received,38,697.3
PO14167,2025-06-29,S05,SUP003,Received,34,623.9
PO14168,2025-07-01,S05,SUP003,Received,59,1082.65
PO14169,2025-07-02,S05,SUP003,Received,30,550.5
PO14170,2025-07-04,S05,SUP003,Received,50,917.5
PO14171,2025-07-05,S05,SUP003,Received,35,642.25
PO14172,2025-07-06,S05,SUP003,Received,42,770.7
PO14173,2025-07-07,S05,SUP003,Received,34,623.9
PO14174,2025-07-08,S05,SUP003,Received,34,623.9
PO14175,2025-07-09,S05,SUP003,Received,29,532.15
PO14176,2025-07-10,S05,SUP003,Received,33,605.55
PO14177,2025-07-12,S05,SUP003,Received,61,1119.35
PO14178,2025-07-13,S05,SUP003,Received,39,715.65
PO14179,2025-07-14,S05,SUP003,Received,36,660.6
PO14180,2025-07-15,S05,SUP003,Received,30,550.5
PO14181,2025-07-17,S05,SUP003,Received,61,1119.35
PO14182,2025-07-18,S05,SUP003,Received,35,642.25
PO14183,2025-07-19,S05,SUP003,Received,32,587.2
PO14184,2025-07-20,S05,SUP003,Received,43,789.05
PO14185,2025-07-22,S05,SUP003,Received,51,935.85
PO14186,2025-07-23,S05,SUP003,Received,30,550.5
PO14187,2025-07-24,S05,SUP003,Received,29,532.15
PO14188,2025-07-26,S05,SUP003,Received,59,1082.65
PO14189,2025-07-27,S05,SUP003,Received,44,807.4
PO14190,2025-07-28,S05,SUP003,Received,33,605.55
PO14191,2025-07-30,S05,SUP003,Received,51,935.85
PO14192,2025-07-31,S05,SUP003,Received,30,550.5
PO14193,2025-08-02,S05,SUP003,Received,62,1137.7
PO14194,2025-08-03,S05,SUP003,Received,35,642.25
PO14195,2025-08-05,S05,SUP003,Received,57,1045.95
PO14196,2025-08-07,S05,SUP003,Received,48,880.8
PO14197,2025-08-09,S05,SUP003,Received,54,990.9
PO14198,2025-08-11,S05,SUP003,Received,47,862.45
PO14199,2025-08-13,S05,SUP003,Received,61,1119.35
PO14200,2025-08-15,S05,SUP003,Received,53,972.55
PO14201,2025-08-16,S05,SUP003,Received,45,825.75
PO14202,2025-08-17,S05,SUP003,Received,29,532.15
PO14203,2025-08-19,S05,SUP003,Received,55,1009.25
PO14204,2025-08-20,S05,SUP003,Received,31,568.85
PO14205,2025-08-21,S05,SUP003,Received,31,568.85
PO14206,2025-08-22,S05,SUP003,Received,30,550.5
PO14207,2025-08-23,S05,SUP003,Received,33,605.55
PO14208,2025-08-24,S05,SUP003,Received,31,568.85
PO14209,2025-08-26,S05,SUP003,Received,46,844.1
PO14210,2025-08-27,S05,SUP003,Received,35,642.25
PO14211,2025-08-29,S05,SUP003,Received,52,954.2
PO14212,2025-08-30,S05,SUP003,Received,31,568.85
PO14213,2025-08-31,S05,SUP003,Received,35,642.25
PO14214,2025-09-02,S05,SUP003,Received,57,1045.95
PO14215,2025-09-04,S05,SUP003,Received,47,862.45
PO14216,2025-09-06,S05,SUP003,Received,58,1064.3
PO14217,2025-09-07,S05,SUP003,Received,29,532.15
PO14218,2025-09-08,S05,SUP003,Received,30,550.5
PO14219,2025-09-10,S05,SUP003,Received,53,972.55
PO14220,2025-09-12,S05,SUP003,Received,39,715.65
PO14221,2025-09-14,S05,SUP003,Received,59,1082.65
PO14222,2025-09-15,S05,SUP003,Received,29,532.15
PO14223,2025-09-17,S05,SUP003,Received,49,899.15
PO14224,2025-09-19,S05,SUP003,Received,51,935.85
PO14225,2025-09-21,S05,SUP003,Received,60,1101.0
PO14226,2025-09-22,S05,SUP003,Received,39,715.65
PO14227,2025-09-24,S05,SUP003,Received,57,1045.95
PO14228,2025-09-26,S05,SUP003,Received,51,935.85
PO14229,2025-09-28,S05,SUP003,Received,60,1101.0
PO14230,2025-09-30,S05,SUP003,Received,51,935.85
PO14231,2025-10-01,S05,SUP003,Received,30,550.5
PO14232,2025-10-03,S05,SUP003,Received,45,825.75
PO14233,2025-10-04,S05,SUP003,Received,34,623.9
PO14234,2025-10-05,S05,SUP003,Received,30,550.5
PO14235,2025-10-06,S05,SUP003,Received,29,532.15
PO14236,2025-10-07,S05,SUP003,Received,35,642.25
PO14237,2025-10-08,S05,SUP003,Received,31,568.85
PO14238,2025-10-10,S05,SUP003,Received,49,899.15
PO14239,2025-10-11,S05,SUP003,Received,41,752.35
PO14240,2025-10-13,S05,SUP003,Received,53,972.55
PO14241,2025-10-15,S05,SUP003,Received,53,972.55
PO14242,2025-10-16,S05,SUP003,Received,31,568.85
PO14243,2025-10-18,S05,SUP003,Received,62,1137.7
PO14244,2025-10-19,S05,SUP003,Received,37,678.95
PO14245,2025-10-21,S05,SUP003,Received,44,807.4
PO14246,2025-10-22,S05,SUP003,Received,29,532.15
PO14247,2025-10-23,S05,SUP003,Received,29,532.15
PO14248,2025-10-24,S05,SUP003,Received,33,605.55
PO14249,2025-10-25,S05,SUP003,Received,39,715.65
PO14250,2025-10-26,S05,SUP003,Received,43,789.05
PO14251,2025-10-27,S05,SUP003,Received,29,532.15
PO14252,2025-10-29,S05,SUP003,Received,57,1045.95
PO14253,2025-10-31,S05,SUP003,Received,57,1045.95
PO14254,2025-11-01,S05,SUP003,Received,30,550.5
PO14255,2025-11-03,S05,SUP003,Received,42,770.7
PO14256,2025-11-05,S05,SUP003,Received,39,715.65
PO14257,2025-11-07,S05,SUP003,Received,48,880.8
PO14258,2025-11-08,S05,SUP003,Received,32,587.2
PO14259,2025-11-09,S05,SUP003,Received,31,568.85
PO14260,2025-11-11,S05,SUP003,Received,52,954.2
PO14261,2025-11-12,S05,SUP003,Received,31,568.85
PO14262,2025-11-13,S05,SUP003,Received,41,752.35
PO14263,2025-11-15,S05,SUP003,Received,50,917.5
PO14264,2025-11-17,S05,SUP003,Received,50,917.5
PO14265,2025-11-18,S05,SUP003,Received,33,605.55
PO14266,2025-11-20,S05,SUP003,Received,42,770.7
PO14267,2025-11-22,S05,SUP003,Received,57,1045.95
PO14268,2025-11-23,S05,SUP003,Received,37,678.95
PO14269,2025-11-24,S05,SUP003,Received,31,568.85
PO14270,2025-11-25,S05,SUP003,Received,39,715.65
PO14271,2025-11-27,S05,SUP003,Received,47,862.45
PO14272,2025-11-29,S05,SUP003,Received,60,1101.0
PO14273,2025-11-30,S05,SUP003,Received,30,550.5
PO14274,2025-12-02,S05,SUP003,Received,57,1045.95
PO14275,2025-12-04,S05,SUP003,Received,57,1045.95
PO14276,2025-12-06,S05,SUP003,Received,66,1211.1
PO14277,2025-12-07,S05,SUP003,Received,41,752.35
PO14278,2025-12-09,S05,SUP003,Received,49,899.15
PO14279,2025-12-10,S05,SUP003,Received,31,568.85
PO14280,2025-12-11,S05,SUP003,Received,30,550.5
PO14281,2025-12-12,S05,SUP003,Received,30,550.5
PO14282,2025-12-13,S05,SUP003,Received,36,660.6
PO14283,2025-12-14,S05,SUP003,Received,41,752.35
PO14284,2025-12-15,S05,SUP003,Received,31,568.85
PO14285,2025-12-16,S05,SUP003,Received,33,605.55
PO14286,2025-12-18,S05,SUP003,Received,56,1027.6
PO14287,2025-12-19,S05,SUP003,Received,37,678.95
PO14288,2025-12-20,S05,SUP003,Received,45,825.75
PO14289,2025-12-21,S05,SUP003,Received,36,660.6
PO14290,2025-12-22,S05,SUP003,Received,35,642.25
PO14291,2025-12-23,S05,SUP003,Received,33,605.55
PO14292,2025-12-24,S05,SUP003,Received,35,642.25
PO14293,2025-12-25,S05,SUP003,Received,35,642.25
PO14294,2025-12-26,S05,SUP003,Received,35,642.25
PO14295,2025-12-27,S05,SUP003,Received,44,807.4
PO14296,2025-12-28,S05,SUP003,Received,39,715.65
PO14297,2025-12-29,S05,SUP003,Received,41,752.35
PO14298,2025-12-31,S05,SUP003,Received,56,1027.6
PO14299,2025-01-05,S05,SUP008,Received,103,300.76
PO14300,2025-01-20,S05,SUP008,Received,107,312.44
PO14301,2025-02-01,S05,SUP008,Received,113,329.96
PO14302,2025-02-16,S05,SUP008,Received,104,303.68
PO14303,2025-03-05,S05,SUP004,Received,108,253.8
PO14304,2025-03-18,S05,SUP004,Received,103,242.05
PO14305,2025-03-31,S05,SUP008,Received,102,297.84
PO14306,2025-04-11,S05,SUP008,Received,102,297.84
PO14307,2025-04-23,S05,SUP008,Received,104,303.68
PO14308,2025-05-08,S05,SUP008,Received,107,312.44
PO14309,2025-05-20,S05,SUP008,Received,107,312.44
PO14310,2025-06-03,S05,SUP004,Received,102,239.7
PO14311,2025-06-20,S05,SUP004,Received,107,251.45
PO14312,2025-07-04,S05,SUP008,Received,102,297.84
PO14313,2025-07-20,S05,SUP004,Received,110,258.5
PO14314,2025-08-05,S05,SUP008,Received,107,312.44
PO14315,2025-08-23,S05,SUP008,Received,105,306.6
PO14316,2025-09-12,S05,SUP008,Received,103,300.76
PO14317,2025-09-30,S05,SUP004,Received,108,253.8
PO14318,2025-10-21,S05,SUP004,Received,105,246.75
PO14319,2025-11-07,S05,SUP008,Received,102,297.84
PO14320,2025-11-21,S05,SUP008,Received,108,315.36
PO14321,2025-12-06,S05,SUP004,Received,102,239.7
PO14322,2025-12-22,S05,SUP008,Received,106,309.52
PO14323,2025-01-05,S05,SUP009,Received,224,1845.76
PO14324,2025-01-15,S05,SUP009,Received,239,1969.36
PO14325,2025-01-24,S05,SUP009,Received,227,1870.48
PO14326,2025-02-02,S05,SUP009,Received,235,1936.4
PO14327,2025-02-11,S05,SUP009,Received,226,1862.24
PO14328,2025-02-19,S05,SUP009,Received,233,1919.92
PO14329,2025-02-28,S05,SUP009,Received,237,1952.88
PO14330,2025-03-09,S05,SUP009,Received,238,1961.12
PO14331,2025-03-19,S05,SUP009,Received,243,2002.32
PO14332,2025-03-28,S05,SUP009,Received,233,1919.92
PO14333,2025-04-06,S05,SUP009,Received,255,2101.2
PO14334,2025-04-15,S05,SUP009,Received,241,1985.84
PO14335,2025-04-23,S05,SUP009,Received,223,1837.52
PO14336,2025-05-02,S05,SUP009,Received,243,2002.32
PO14337,2025-05-10,S05,SUP009,Received,240,1977.6
PO14338,2025-05-19,S05,SUP009,Received,233,1919.92
PO14339,2025-05-28,S05,SUP009,Received,223,1837.52
PO14340,2025-06-07,S05,SUP009,Received,241,1985.84
PO14341,2025-06-16,S05,SUP009,Received,242,1994.08
PO14342,2025-06-26,S05,SUP009,Received,246,2027.04
PO14343,2025-07-06,S05,SUP009,Received,235,1936.4
PO14344,2025-07-16,S05,SUP009,Received,229,1886.96
PO14345,2025-07-27,S05,SUP009,Received,235,1936.4
PO14346,2025-08-06,S05,SUP009,Received,225,1854.0
PO14347,2025-08-18,S05,SUP009,Received,248,2043.52
PO14348,2025-08-30,S05,SUP009,Received,231,1903.44
PO14349,2025-09-10,S05,SUP009,Received,225,1854.0
PO14350,2025-09-23,S05,SUP009,Received,230,1895.2
PO14351,2025-10-06,S05,SUP009,Received,234,1928.16
PO14352,2025-10-18,S05,SUP009,Received,232,1911.68
PO14353,2025-10-30,S05,SUP009,Received,228,1878.72
PO14354,2025-11-11,S05,SUP009,Received,230,1895.2
PO14355,2025-11-22,S05,SUP009,Received,224,1845.76
PO14356,2025-12-03,S05,SUP009,Received,230,1895.2
PO14357,2025-12-12,S05,SUP009,Received,226,1862.24
PO14358,2025-12-22,S05,SUP009,Received,236,1944.64
PO14359,2025-01-02,S05,SUP007,Received,89,2166.26
PO14360,2025-01-11,S05,SUP007,Received,93,2263.62
PO14361,2025-01-18,S05,SUP007,Received,87,2117.58
PO14362,2025-01-26,S05,SUP007,Received,104,2531.36
PO14363,2025-02-02,S05,SUP007,Received,87,2117.58
PO14364,2025-02-09,S05,SUP007,Received,81,1971.54
PO14365,2025-02-16,S05,SUP007,Received,91,2214.94
PO14366,2025-02-23,S05,SUP007,Received,95,2312.3
PO14367,2025-03-02,S05,SUP007,Received,88,2141.92
PO14368,2025-03-10,S05,SUP007,Received,91,2214.94
PO14369,2025-03-16,S05,SUP007,Received,81,1971.54
PO14370,2025-03-24,S05,SUP007,Received,92,2239.28
PO14371,2025-03-31,S05,SUP007,Received,81,1971.54
PO14372,2025-04-06,S05,SUP007,Received,90,2190.6
PO14373,2025-04-13,S05,SUP007,Received,82,1995.88
PO14374,2025-04-20,S05,SUP007,Received,90,2190.6
PO14375,2025-04-26,S05,SUP007,Received,83,2020.22
PO14376,2025-05-04,S05,SUP007,Received,91,2214.94
PO14377,2025-05-10,S05,SUP007,Received,83,2020.22
PO14378,2025-05-16,S05,SUP007,Received,88,2141.92
PO14379,2025-05-23,S05,SUP007,Received,86,2093.24
PO14380,2025-05-29,S05,SUP007,Received,83,2020.22
PO14381,2025-06-05,S05,SUP007,Received,90,2190.6
PO14382,2025-06-12,S05,SUP007,Received,88,2141.92
PO14383,2025-06-20,S05,SUP007,Received,91,2214.94
PO14384,2025-06-26,S05,SUP007,Received,82,1995.88
PO14385,2025-07-04,S05,SUP007,Received,81,1971.54
PO14386,2025-07-11,S05,SUP007,Received,89,2166.26
PO14387,2025-07-18,S05,SUP007,Received,82,1995.88
PO14388,2025-07-25,S05,SUP007,Received,86,2093.24
PO14389,2025-08-02,S05,SUP007,Received,81,1971.54
PO14390,2025-08-10,S05,SUP007,Received,81,1971.54
PO14391,2025-08-18,S05,SUP007,Received,95,2312.3
PO14392,2025-08-26,S05,SUP007,Received,83,2020.22
PO14393,2025-09-04,S05,SUP007,Received,87,2117.58
PO14394,2025-09-15,S05,SUP007,Received,87,2117.58
PO14395,2025-09-23,S05,SUP007,Received,87,2117.58
PO14396,2025-10-02,S05,SUP007,Received,83,2020.22
PO14397,2025-10-10,S05,SUP007,Received,87,2117.58
PO14398,2025-10-17,S05,SUP007,Received,81,1971.54
PO14399,2025-10-25,S05,SUP007,Received,92,2239.28
PO14400,2025-11-03,S05,SUP007,Received,87,2117.58
PO14401,2025-11-11,S05,SUP007,Received,90,2190.6
PO14402,2025-11-19,S05,SUP007,Received,81,1971.54
PO14403,2025-11-29,S05,SUP007,Received,88,2141.92
PO14404,2025-12-07,S05,SUP007,Received,83,2020.22
PO14405,2025-12-15,S05,SUP007,Received,91,2214.94
PO14406,2025-12-22,S05,SUP007,Received,85,2068.9
PO14407,2025-12-29,S05,SUP007,Received,87,2117.58
PO14408,2025-01-06,S05,SUP008,Received,294,5600.7
PO14409,2025-01-17,S05,SUP008,Received,291,5543.55
PO14410,2025-01-27,S05,SUP008,Received,299,5695.95
PO14411,2025-02-06,S05,SUP008,Received,284,5410.2
PO14412,2025-02-15,S05,SUP003,Received,305,4379.8
PO14413,2025-02-24,S05,SUP008,Received,297,5657.85
PO14414,2025-03-06,S05,SUP003,Received,316,4537.76
PO14415,2025-03-15,S05,SUP003,Received,292,4193.12
PO14416,2025-03-24,S05,SUP008,Received,296,5638.8
PO14417,2025-04-02,S05,SUP003,Received,286,4106.96
PO14418,2025-04-11,S05,SUP008,Received,289,5505.45
PO14419,2025-04-20,S05,SUP008,Received,302,5753.1
PO14420,2025-05-01,S05,SUP008,Received,294,5600.7
PO14421,2025-05-11,S05,SUP008,Received,329,6267.45
PO14422,2025-05-21,S05,SUP008,Received,306,5829.3
PO14423,2025-06-01,S05,SUP003,Received,284,4078.24
PO14424,2025-06-11,S05,SUP008,Received,288,5486.4
PO14425,2025-06-22,S05,SUP008,Received,299,5695.95
PO14426,2025-07-03,S05,SUP008,Received,288,5486.4
PO14427,2025-07-14,S05,SUP003,Received,298,4279.28
PO14428,2025-07-25,S05,SUP008,Received,311,5924.55
PO14429,2025-08-05,S05,SUP003,Received,303,4351.08
PO14430,2025-08-16,S05,SUP003,Received,283,4063.88
PO14431,2025-08-29,S05,SUP008,Received,283,5391.15
PO14432,2025-09-12,S05,SUP008,Received,288,5486.4
PO14433,2025-09-23,S05,SUP008,Received,285,5429.25
PO14434,2025-10-04,S05,SUP003,Received,288,4135.68
PO14435,2025-10-16,S05,SUP008,Received,287,5467.35
PO14436,2025-10-27,S05,SUP003,Received,287,4121.32
PO14437,2025-11-09,S05,SUP008,Received,308,5867.4
PO14438,2025-11-20,S05,SUP003,Received,292,4193.12
PO14439,2025-12-02,S05,SUP003,Received,288,4135.68
PO14440,2025-12-15,S05,SUP008,Received,289,5505.45
PO14441,2025-12-26,S05,SUP008,Received,309,5886.45
PO14442,2025-01-08,S05,SUP008,Received,459,3199.23
PO14443,2025-01-22,S05,SUP008,Received,475,3310.75
PO14444,2025-02-05,S05,SUP005,Received,456,4094.88
PO14445,2025-02-18,S05,SUP008,Received,474,3303.78
PO14446,2025-03-03,S05,SUP008,Received,450,3136.5
PO14447,2025-03-17,S05,SUP005,Received,468,4202.64
PO14448,2025-03-31,S05,SUP005,Received,481,4319.38
PO14449,2025-04-13,S05,SUP008,Received,461,3213.17
PO14450,2025-04-27,S05,SUP008,Received,482,3359.54
PO14451,2025-05-11,S05,SUP008,Received,477,3324.69
PO14452,2025-05-24,S05,SUP005,Received,463,4157.74
PO14453,2025-06-06,S05,SUP005,Received,450,4041.0
PO14454,2025-06-20,S05,SUP008,Received,456,3178.32
PO14455,2025-07-05,S05,SUP005,Received,457,4103.86
PO14456,2025-07-21,S05,SUP008,Received,468,3261.96
PO14457,2025-08-07,S05,SUP005,Received,458,4112.84
PO14458,2025-08-24,S05,SUP008,Received,458,3192.26
PO14459,2025-09-10,S05,SUP008,Received,448,3122.56
PO14460,2025-09-27,S05,SUP005,Received,471,4229.58
PO14461,2025-10-16,S05,SUP008,Received,460,3206.2
PO14462,2025-11-02,S05,SUP005,Received,462,4148.76
PO14463,2025-11-18,S05,SUP008,Received,466,3248.02
PO14464,2025-12-06,S05,SUP008,Received,469,3268.93
PO14465,2025-12-22,S05,SUP005,Received,456,4094.88
PO14466,2025-01-06,S05,SUP006,Received,154,873.18
PO14467,2025-01-29,S05,SUP006,Received,152,861.84
PO14468,2025-02-23,S05,SUP006,Received,160,907.2
PO14469,2025-03-19,S05,SUP006,Received,153,867.51
PO14470,2025-04-14,S05,SUP006,Received,154,873.18
PO14471,2025-05-06,S05,SUP006,Received,153,867.51
PO14472,2025-06-01,S05,SUP006,Received,157,890.19
PO14473,2025-06-28,S05,SUP006,Received,164,929.88
PO14474,2025-07-25,S05,SUP006,Received,158,895.86
PO14475,2025-08-23,S05,SUP006,Received,156,884.52
PO14476,2025-09-21,S05,SUP006,Received,155,878.85
PO14477,2025-10-25,S05,SUP006,Received,156,884.52
PO14478,2025-11-27,S05,SUP006,Received,155,878.85
PO14479,2025-12-27,S05,SUP006,Received,156,884.52
PO14480,2025-01-07,S05,SUP006,Received,426,6654.12
PO14481,2025-01-18,S05,SUP006,Received,409,6388.58
PO14482,2025-01-30,S05,SUP006,Received,417,6513.54
PO14483,2025-02-10,S05,SUP006,Received,417,6513.54
PO14484,2025-02-22,S05,SUP006,Received,418,6529.16
PO14485,2025-03-05,S05,SUP006,Received,398,6216.76
PO14486,2025-03-16,S05,SUP006,Received,415,6482.3
PO14487,2025-03-26,S05,SUP006,Received,390,6091.8
PO14488,2025-04-05,S05,SUP006,Received,404,6310.48
PO14489,2025-04-15,S05,SUP006,Received,393,6138.66
PO14490,2025-04-27,S05,SUP006,Received,431,6732.22
PO14491,2025-05-08,S05,SUP006,Received,401,6263.62
PO14492,2025-05-20,S05,SUP006,Received,427,6669.74
PO14493,2025-06-01,S05,SUP006,Received,431,6732.22
PO14494,2025-06-13,S05,SUP006,Received,410,6404.2
PO14495,2025-06-25,S05,SUP006,Received,419,6544.78
PO14496,2025-07-07,S05,SUP006,Received,407,6357.34
PO14497,2025-07-20,S05,SUP006,Received,410,6404.2
PO14498,2025-08-02,S05,SUP006,Received,389,6076.18
PO14499,2025-08-14,S05,SUP006,Received,396,6185.52
PO14500,2025-08-27,S05,SUP006,Received,396,6185.52
PO14501,2025-09-10,S05,SUP006,Received,394,6154.28
PO14502,2025-09-24,S05,SUP006,Received,400,6248.0
PO14503,2025-10-09,S05,SUP006,Received,399,6232.38
PO14504,2025-10-23,S05,SUP006,Received,409,6388.58
PO14505,2025-11-05,S05,SUP006,Received,400,6248.0
PO14506,2025-11-20,S05,SUP006,Received,416,6497.92
PO14507,2025-12-03,S05,SUP006,Received,403,6294.86
PO14508,2025-12-16,S05,SUP006,Received,391,6107.42
PO14509,2025-12-28,S05,SUP006,Received,388,6060.56
PO030001,2025-12-22,S04,SUP011,partially_delivered,338,47073.24
PO030002,2025-03-16,S02,SUP005,cancelled,305,11521.98
PO030003,2025-05-18,S01,SUP018,ordered,376,31287.29
PO030004,2025-02-27,S01,SUP014,ordered,592,131499.48
PO030005,2025-07-16,S05,SUP019,delivered,513,28109.04
PO030006,2025-11-17,S04,SUP010,ordered,92,4389.44
PO030007,2025-08-10,S01,SUP015,ordered,360,87941.25
PO030008,2025-02-19,S03,SUP020,partially_delivered,351,31698.01
PO030009,2025-09-27,S05,SUP001,partially_delivered,358,20567.76
PO030010,2025-11-06,S03,SUP002,approved,327,93867.68
PO030011,2025-11-22,S04,SUP003,ordered,373,2524.16
PO030012,2025-07-01,S01,SUP017,delivered,394,42899.32
PO030013,2025-01-22,S05,SUP015,ordered,368,26058.16
PO030014,2025-03-03,S02,SUP008,approved,218,2054.54
PO030015,2025-12-20,S03,SUP001,cancelled,387,70065.93
PO030016,2025-09-23,S03,SUP001,ordered,647,100316.55
PO030017,2025-06-04,S03,SUP017,delivered,372,42505.76
PO030018,2025-04-20,S03,SUP014,delivered,467,34843.77
PO030019,2025-12-26,S04,SUP003,approved,368,60114.46
PO030020,2025-04-05,S02,SUP003,partially_delivered,81,12616.41
PO030021,2025-06-19,S03,SUP017,approved,322,34207.4
PO030022,2025-11-05,S05,SUP003,ordered,235,16740.05
PO030023,2025-08-24,S01,SUP020,delivered,290,16811.6
PO030024,2025-11-26,S01,SUP010,ordered,95,320.1
PO030025,2025-04-11,S02,SUP014,delivered,741,86733.93
PO030026,2025-06-14,S01,SUP005,partially_delivered,420,40698.4
PO030027,2025-09-22,S01,SUP012,approved,270,11551.66
PO030028,2025-08-25,S05,SUP011,approved,466,128497.74
PO030029,2025-11-10,S05,SUP014,approved,380,60096.84
PO030030,2025-07-30,S04,SUP018,cancelled,466,40873.46
PO030031,2025-07-03,S01,SUP007,delivered,113,13928.8
PO030032,2025-06-11,S02,SUP008,approved,300,5415.4
PO030033,2025-07-02,S02,SUP012,ordered,168,25158.37
PO030034,2025-02-18,S02,SUP008,partially_delivered,150,995.4
PO030035,2025-12-17,S04,SUP008,cancelled,35,269.8
PO030036,2025-09-25,S03,SUP007,approved,200,1818.4
PO030037,2025-12-22,S04,SUP018,cancelled,133,31615.89
PO030038,2025-05-26,S05,SUP013,delivered,328,32895.4
PO030039,2025-03-02,S02,SUP017,delivered,448,46595.2
PO030040,2025-11-03,S04,SUP019,ordered,596,114681.52
PO030041,2025-10-05,S02,SUP006,approved,409,781.68
PO030042,2025-04-17,S04,SUP001,ordered,498,8539.28
PO030043,2025-04-18,S05,SUP001,ordered,317,8563.08
PO030044,2025-11-15,S04,SUP012,cancelled,420,86442.25
PO030045,2025-05-23,S04,SUP010,ordered,125,2385.15
PO030046,2025-09-26,S04,SUP020,partially_delivered,308,29690.64
PO030047,2025-08-08,S02,SUP008,approved,402,46247.4
PO030048,2025-06-23,S03,SUP016,cancelled,316,42950.6
PO030049,2025-01-11,S01,SUP003,cancelled,394,100644.08
PO030050,2025-05-15,S04,SUP016,partially_delivered,592,65171.24
PO030051,2025-05-27,S02,SUP008,cancelled,130,931.5
PO030052,2025-11-17,S02,SUP015,delivered,567,109313.91
PO030053,2025-12-06,S03,SUP005,partially_delivered,115,1044.1
PO030054,2025-11-30,S03,SUP004,approved,244,973.88
PO030055,2025-07-07,S01,SUP007,approved,55,279.65
PO030056,2025-10-02,S01,SUP013,partially_delivered,608,53288.48
PO030057,2025-05-15,S04,SUP012,cancelled,270,11551.66
PO030058,2025-03-28,S02,SUP010,cancelled,240,4247.6
PO030059,2025-05-05,S03,SUP020,approved,450,43970.3
PO030060,2025-10-31,S03,SUP015,approved,196,53974.86
PO030061,2025-05-06,S03,SUP002,cancelled,359,12229.78
PO030062,2025-05-06,S04,SUP002,cancelled,107,20706.07
PO030063,2025-07-03,S01,SUP003,delivered,201,29526.73
PO030064,2025-02-08,S05,SUP018,cancelled,483,15635.08
PO030065,2025-05-21,S02,SUP007,ordered,130,554.1
PO030066,2025-11-30,S03,SUP008,partially_delivered,581,46195.49
PO030067,2025-03-11,S04,SUP014,ordered,241,24928.05
PO030068,2025-09-19,S02,SUP001,cancelled,420,94407.44
PO030069,2025-11-06,S05,SUP018,approved,209,35891.91
PO030070,2025-06-09,S05,SUP011,partially_delivered,522,39808.84
PO030071,2025-06-09,S03,SUP012,partially_delivered,574,71831.1
PO030072,2025-07-24,S02,SUP018,delivered,508,49837.52
PO030073,2025-08-15,S04,SUP006,approved,339,95220.8
PO030074,2025-09-25,S05,SUP014,cancelled,229,37151.49
PO030075,2025-03-09,S04,SUP017,ordered,384,41551.92
PO030076,2025-03-24,S01,SUP006,partially_delivered,740,6555.14
PO030077,2025-10-13,S04,SUP016,ordered,386,5993.1
PO030078,2025-01-29,S01,SUP014,delivered,561,23587.11
PO030079,2025-07-05,S03,SUP017,partially_delivered,332,35554.8
PO030080,2025-03-28,S03,SUP019,ordered,379,66698.84
PO030081,2025-09-26,S04,SUP005,cancelled,95,1346.75
PO030082,2025-01-27,S01,SUP015,delivered,675,101345.04
PO030083,2025-09-23,S03,SUP010,approved,244,5892.98
PO030084,2025-10-21,S02,SUP012,partially_delivered,345,35012.25
PO030085,2025-07-09,S01,SUP019,cancelled,474,24844.72
PO030086,2025-04-24,S03,SUP012,delivered,177,1302.94
PO030087,2025-03-01,S05,SUP001,delivered,161,16455.16
PO030088,2025-10-26,S03,SUP001,partially_delivered,349,7459.14
PO030089,2025-03-09,S03,SUP002,ordered,385,34763.25
PO030090,2025-03-17,S01,SUP015,approved,329,47938.87
PO030091,2025-02-20,S01,SUP002,ordered,317,48070.38
PO030092,2025-12-23,S02,SUP006,partially_delivered,252,44631.2
PO030093,2025-07-24,S01,SUP001,approved,260,1879.1
PO030094,2025-12-23,S03,SUP020,delivered,402,1196.82
PO030095,2025-11-25,S05,SUP014,approved,635,51032.61
PO030096,2025-07-19,S04,SUP005,ordered,390,8030.2
PO030097,2025-12-31,S02,SUP020,delivered,588,107005.5
PO030098,2025-03-09,S04,SUP020,ordered,610,91985.06
PO030099,2025-11-25,S04,SUP012,partially_delivered,407,66295.45
PO030100,2025-12-02,S02,SUP009,approved,239,28953.76
PO030101,2025-10-09,S01,SUP017,partially_delivered,418,40991.64
PO030102,2025-02-23,S04,SUP014,cancelled,326,80625.24
PO030103,2025-04-08,S04,SUP009,ordered,321,21268.33
PO030104,2025-04-22,S02,SUP008,partially_delivered,130,806.3
PO030105,2025-11-01,S01,SUP007,partially_delivered,140,1788.4
PO030106,2025-10-03,S01,SUP017,ordered,552,57028.08
PO030107,2025-11-12,S03,SUP006,cancelled,36,1069.1
PO030108,2025-12-18,S03,SUP001,delivered,370,2871.2
PO030109,2025-02-21,S01,SUP009,partially_delivered,80,1508.2
PO030110,2025-03-11,S02,SUP017,partially_delivered,364,38857.12
PO030111,2025-05-24,S04,SUP004,partially_delivered,159,18551.92
PO030112,2025-12-04,S03,SUP008,partially_delivered,235,6792.7
PO030113,2025-03-30,S03,SUP008,cancelled,396,6424.52
PO030114,2025-03-19,S01,SUP012,approved,251,22537.92
PO030115,2025-11-13,S01,SUP002,cancelled,130,1800.5
PO030116,2025-07-29,S02,SUP018,partially_delivered,219,59489.73
PO030117,2025-05-03,S04,SUP007,delivered,200,1230.4
PO030118,2025-04-26,S03,SUP001,approved,180,906.4
PO030119,2025-07-01,S01,SUP018,partially_delivered,437,35242.66
PO030120,2025-09-11,S05,SUP002,delivered,270,25771.2
PO030121,2025-03-17,S01,SUP020,approved,464,35617.5
PO030122,2025-06-01,S04,SUP012,ordered,310,70791.98
PO030123,2025-07-21,S02,SUP001,partially_delivered,261,14244.42
PO030124,2025-07-14,S02,SUP013,delivered,303,31474.09
PO030125,2025-04-20,S03,SUP008,ordered,132,1437.84
PO030126,2025-01-21,S04,SUP017,approved,594,61677.8
PO030127,2025-02-06,S04,SUP020,partially_delivered,464,35617.5
PO030128,2025-04-28,S03,SUP006,partially_delivered,155,2361.3
PO030129,2025-03-15,S02,SUP004,approved,306,14262.68
PO030130,2025-04-04,S02,SUP003,partially_delivered,67,5554.11
PO030131,2025-01-20,S02,SUP013,delivered,494,60313.34
PO030132,2025-11-13,S05,SUP003,cancelled,260,16004.1
PO030133,2025-10-23,S01,SUP007,delivered,230,2727.9
PO030134,2025-08-26,S03,SUP003,ordered,203,36946.98
PO030135,2025-08-18,S02,SUP018,partially_delivered,357,53478.48
PO030136,2025-08-02,S05,SUP016,cancelled,734,9951.54
PO030137,2025-08-13,S04,SUP020,ordered,353,49805.67
PO030138,2025-07-28,S01,SUP018,delivered,271,25604.64
PO030139,2025-08-09,S01,SUP002,approved,85,817.5
PO030140,2025-01-30,S02,SUP011,delivered,300,39875.92
PO030141,2025-12-17,S02,SUP019,delivered,620,108309.6
PO030142,2025-01-21,S03,SUP001,partially_delivered,324,16750.66
PO030143,2025-08-23,S04,SUP007,ordered,284,19947.56
PO030144,2025-07-10,S05,SUP003,partially_delivered,150,6738.8
PO030145,2025-06-16,S04,SUP012,approved,588,95903.07
PO030146,2025-07-08,S03,SUP016,approved,827,111725.0
PO030147,2025-08-19,S05,SUP018,cancelled,196,25073.28
PO030148,2025-10-22,S02,SUP019,partially_delivered,593,129115.24
PO030149,2025-08-24,S04,SUP017,partially_delivered,490,49683.56
PO030150,2025-10-14,S05,SUP001,approved,513,75008.33
PO030151,2025-08-25,S01,SUP012,approved,222,20037.98
PO030152,2025-06-08,S02,SUP014,ordered,237,38167.41
PO030153,2025-04-04,S04,SUP007,ordered,227,15666.7
PO030154,2025-12-23,S03,SUP001,cancelled,280,1765.0
PO030155,2025-08-01,S05,SUP016,partially_delivered,484,24994.44
PO030156,2025-04-27,S03,SUP012,approved,306,42487.3
PO030157,2025-12-13,S05,SUP018,ordered,270,71252.1
PO030158,2025-11-08,S04,SUP017,approved,624,65720.0
PO030159,2025-02-11,S03,SUP013,approved,232,29242.32
PO030160,2025-05-05,S05,SUP003,cancelled,138,6069.48
PO030161,2025-03-07,S02,SUP020,cancelled,360,16955.1
PO030162,2025-11-15,S03,SUP008,ordered,378,25299.8
PO030163,2025-02-28,S01,SUP014,ordered,483,68562.39
PO030164,2025-09-19,S05,SUP006,approved,399,53463.73
PO030165,2025-12-25,S01,SUP013,approved,518,28524.28
PO030166,2025-01-10,S03,SUP002,ordered,96,14780.14
PO030167,2025-06-05,S04,SUP010,cancelled,120,1988.6
PO030168,2025-06-20,S05,SUP004,approved,150,16844.78
PO030169,2025-02-26,S04,SUP013,approved,503,102419.28
PO030170,2025-10-16,S05,SUP003,delivered,130,1516.1
PO030171,2025-06-04,S05,SUP003,ordered,601,33915.43
PO030172,2025-10-13,S04,SUP012,ordered,445,6398.25
PO030173,2025-05-22,S01,SUP015,ordered,796,206596.4
PO030174,2025-08-27,S01,SUP007,ordered,338,42545.35
PO030175,2025-02-12,S05,SUP001,partially_delivered,451,24876.74
PO030176,2025-04-08,S01,SUP009,approved,180,2041.8
PO030177,2025-08-19,S01,SUP017,partially_delivered,500,51030.96
PO030178,2025-07-12,S04,SUP017,ordered,416,43292.88
PO030179,2025-06-17,S05,SUP007,delivered,35,707.85
PO030180,2025-11-05,S02,SUP013,delivered,353,74330.15
PO030181,2025-06-17,S03,SUP008,ordered,87,6435.0
PO030182,2025-12-06,S03,SUP003,delivered,294,11256.22
PO030183,2025-05-25,S01,SUP016,partially_delivered,428,73615.08
PO030184,2025-06-27,S03,SUP005,ordered,235,41980.1
PO030185,2025-11-24,S04,SUP010,delivered,110,10171.3
PO030186,2025-11-09,S02,SUP019,ordered,326,22609.36
PO030187,2025-09-15,S02,SUP017,approved,542,55680.68
PO030188,2025-02-20,S03,SUP019,ordered,332,48617.4
PO030189,2025-12-13,S04,SUP016,approved,624,84355.8
PO030190,2025-11-21,S01,SUP018,approved,185,25750.18
PO030191,2025-01-18,S01,SUP010,ordered,250,4699.0
PO030192,2025-01-31,S03,SUP009,ordered,414,48785.82
PO030193,2025-08-25,S01,SUP020,delivered,372,58926.64
PO030194,2025-07-05,S03,SUP005,ordered,200,3304.2
PO030195,2025-07-02,S03,SUP020,delivered,341,50427.15
PO030196,2025-07-14,S05,SUP019,cancelled,303,7421.96
PO030197,2025-11-22,S03,SUP006,delivered,80,1242.0
PO030198,2025-08-13,S02,SUP014,ordered,551,71834.67
PO030199,2025-01-06,S05,SUP013,approved,326,6373.04
PO030200,2025-09-02,S01,SUP016,delivered,642,8320.14
PO030201,2025-01-20,S05,SUP003,approved,209,42401.5
PO030202,2025-01-08,S04,SUP017,approved,532,54333.28
PO030203,2025-09-02,S05,SUP004,approved,416,24988.64
PO030204,2025-03-01,S05,SUP020,delivered,591,69634.31
PO030205,2025-08-29,S04,SUP019,cancelled,344,37617.16
PO030206,2025-05-23,S03,SUP014,cancelled,327,40150.11
PO030207,2025-07-14,S02,SUP011,ordered,364,67975.96
PO030208,2025-06-16,S05,SUP014,approved,407,90380.37
PO030209,2025-01-06,S03,SUP011,ordered,432,81255.72
PO030210,2025-06-03,S04,SUP020,approved,340,16404.7
PO030211,2025-05-19,S01,SUP001,partially_delivered,388,17116.56
PO030212,2025-01-06,S02,SUP009,delivered,130,1930.4
PO030213,2025-10-03,S01,SUP008,delivered,305,3608.05
PO030214,2025-05-25,S02,SUP013,approved,351,8377.64
PO030215,2025-08-14,S03,SUP013,ordered,333,36774.96
PO030216,2025-04-03,S05,SUP004,ordered,199,3958.98
PO030217,2025-07-08,S04,SUP017,partially_delivered,334,33253.56
PO030218,2025-01-23,S04,SUP004,partially_delivered,84,11440.8
PO030219,2025-12-18,S03,SUP002,cancelled,126,2504.92
PO030220,2025-03-31,S03,SUP002,ordered,320,62486.5
PO030221,2025-05-02,S04,SUP005,approved,222,60737.4
PO030222,2025-04-07,S03,SUP007,approved,55,603.35
PO030223,2025-12-15,S05,SUP002,ordered,295,65846.8
PO030224,2025-02-08,S05,SUP011,ordered,342,86406.04
PO030225,2025-09-19,S03,SUP020,cancelled,447,47648.07
PO030226,2025-09-07,S03,SUP007,cancelled,77,1805.05
PO030227,2025-06-02,S04,SUP007,delivered,45,734.95
PO030228,2025-02-15,S01,SUP016,cancelled,147,15623.25
PO030229,2025-06-03,S01,SUP006,ordered,320,5112.9
PO030230,2025-10-12,S04,SUP012,ordered,376,12573.44
PO030231,2025-05-04,S01,SUP017,delivered,310,35161.24
PO030232,2025-12-23,S02,SUP018,delivered,150,37782.33
PO030233,2025-02-27,S03,SUP014,cancelled,209,16672.23
PO030234,2025-07-10,S01,SUP016,ordered,396,41658.68
PO030235,2025-12-25,S01,SUP020,delivered,331,17435.51
PO030236,2025-01-25,S04,SUP018,delivered,554,64309.12
PO030237,2025-11-17,S02,SUP002,ordered,314,27355.22
PO030238,2025-03-16,S01,SUP007,cancelled,75,819.8
PO030239,2025-01-07,S03,SUP005,approved,287,4391.8
PO030240,2025-02-09,S04,SUP017,cancelled,406,41945.48
PO030241,2025-01-02,S05,SUP003,cancelled,263,37299.18
PO030242,2025-06-29,S04,SUP011,cancelled,318,41916.0
PO030243,2025-10-25,S01,SUP010,partially_delivered,188,29911.72
PO030244,2025-10-03,S04,SUP012,approved,566,4649.44
PO030245,2025-03-24,S05,SUP004,cancelled,320,5967.2
PO030246,2025-09-12,S05,SUP011,ordered,275,74239.41
PO030247,2025-12-29,S04,SUP006,ordered,318,566.56
PO030248,2025-07-22,S02,SUP017,ordered,352,39810.96
PO030249,2025-01-17,S02,SUP002,partially_delivered,45,4816.0
PO030250,2025-04-30,S05,SUP020,partially_delivered,185,20402.03
