po_item_id,po_id,product_id,quantity,unit_cost,line_total
POI000001,PO00001,P0001,233,4.44,1034.52
POI000002,PO00002,P0001,237,4.13,978.81
POI000003,PO00003,P0001,233,4.44,1034.52
POI000004,PO00004,P0001,225,4.13,929.25
POI000005,PO00005,P0001,231,4.44,1025.64
POI000006,PO00006,P0001,244,4.44,1083.36
POI000007,PO00007,P0001,227,4.44,1007.88
POI000008,PO00008,P0001,239,4.44,1061.16
POI000009,PO00009,P0001,247,4.44,1096.68
POI000010,PO00010,P0001,224,4.13,925.12
POI000011,PO00011,P0001,232,4.44,1030.08
POI000012,PO00012,P0001,238,4.13,982.94
POI000013,PO00013,P0001,247,4.13,1020.11
POI000014,PO00014,P0001,225,4.13,929.25
POI000015,PO00015,P0001,249,4.13,1028.37
POI000016,PO00016,P0001,248,4.13,1024.24
POI000017,PO00017,P0001,248,4.44,1101.12
POI000018,PO00018,P0001,229,4.44,1016.76
POI000019,PO00019,P0001,226,4.44,1003.44
POI000020,PO00020,P0001,232,4.13,958.16
POI000021,PO00021,P0001,229,4.13,945.77
POI000022,PO00022,P0001,230,4.44,1021.2
POI000023,PO00023,P0001,236,4.44,1047.84
POI000024,PO00024,P0001,224,4.44,994.56
POI000025,PO00025,P0001,242,4.13,999.46
POI000026,PO00026,P0001,231,4.13,954.03
POI000027,PO00027,P0001,231,4.44,1025.64
POI000028,PO00028,P0001,231,4.13,954.03
POI000029,PO00029,P0001,225,4.13,929.25
POI000030,PO00030,P0001,227,4.13,937.51
POI000031,PO00031,P0001,252,4.13,1040.76
POI000032,PO00032,P0001,228,4.13,941.64
POI000033,PO00033,P0001,228,4.44,1012.32
POI000034,PO00034,P0001,236,4.44,1047.84
POI000035,PO00035,P0001,233,4.44,1034.52
POI000036,PO00036,P0002,262,11.4,2986.8
POI000037,PO00037,P0002,271,12.85,3482.35
POI000038,PO00038,P0002,271,12.85,3482.35
POI000039,PO00039,P0002,263,11.47,3016.61
POI000040,PO00040,P0002,270,12.85,3469.5
POI000041,PO00041,P0002,260,12.85,3341.0
POI000042,PO00042,P0002,270,11.4,3078.0
POI000043,PO00043,P0002,265,12.85,3405.25
POI000044,PO00044,P0002,263,12.85,3379.55
POI000045,PO00045,P0002,264,11.47,3028.08
POI000046,PO00046,P0003,241,7.56,1821.96
POI000047,PO00047,P0003,234,7.56,1769.04
POI000048,PO00048,P0003,237,8.16,1933.92
POI000049,PO00049,P0003,244,6.69,1632.36
POI000050,PO00050,P0003,240,6.69,1605.6
POI000051,PO00051,P0003,240,8.16,1958.4
POI000052,PO00052,P0003,243,6.69,1625.67
POI000053,PO00053,P0003,234,7.56,1769.04
POI000054,PO00054,P0003,242,6.69,1618.98
POI000055,PO00055,P0003,239,7.56,1806.84
POI000056,PO00056,P0003,239,7.56,1806.84
POI000057,PO00057,P0003,243,7.56,1837.08
POI000058,PO00058,P0003,235,6.69,1572.15
POI000059,PO00059,P0003,236,6.69,1578.84
POI000060,PO00060,P0004,168,18.63,3129.84
POI000061,PO00061,P0004,161,18.63,2999.43
POI000062,PO00062,P0004,160,18.63,2980.8
POI000063,PO00063,P0004,166,18.63,3092.58
POI000064,PO00064,P0004,167,18.63,3111.21
POI000065,PO00065,P0004,163,18.63,3036.69
POI000066,PO00066,P0004,160,18.63,2980.8
POI000067,PO00067,P0004,160,18.63,2980.8
POI000068,PO00068,P0004,162,18.63,3018.06
POI000069,PO00069,P0004,168,18.63,3129.84
POI000070,PO00070,P0004,168,18.63,3129.84
POI000071,PO00071,P0004,164,18.63,3055.32
POI000072,PO00072,P0004,160,18.63,2980.8
POI000073,PO00073,P0004,167,18.63,3111.21
POI000074,PO00074,P0004,165,18.63,3073.95
POI000075,PO00075,P0004,162,18.63,3018.06
POI000076,PO00076,P0004,167,18.63,3111.21
POI000077,PO00077,P0004,160,18.63,2980.8
POI000078,PO00078,P0005,474,1.84,872.16
POI000079,PO00079,P0005,476,1.84,875.84
POI000080,PO00080,P0005,474,1.84,872.16
POI000081,PO00081,P0005,477,1.84,877.68
POI000082,PO00082,P0006,139,22.74,3160.86
POI000083,PO00083,P0006,139,21.28,2957.92
POI000084,PO00084,P0006,143,21.28,3043.04
POI000085,PO00085,P0006,142,21.28,3021.76
POI000086,PO00086,P0006,140,21.28,2979.2
POI000087,PO00087,P0006,149,21.28,3170.72
POI000088,PO00088,P0006,140,22.74,3183.6
POI000089,PO00089,P0006,143,21.28,3043.04
POI000090,PO00090,P0006,141,22.74,3206.34
POI000091,PO00091,P0006,140,21.28,2979.2
POI000092,PO00092,P0006,148,21.28,3149.44
POI000093,PO00093,P0006,140,22.74,3183.6
POI000094,PO00094,P0006,140,22.74,3183.6
POI000095,PO00095,P0006,142,21.28,3021.76
POI000096,PO00096,P0006,141,22.74,3206.34
POI000097,PO00097,P0007,171,12.8,2188.8
POI000098,PO00098,P0007,170,12.8,2176.0
POI000099,PO00099,P0007,174,12.8,2227.2
POI000100,PO00100,P0007,184,12.8,2355.2
POI000101,PO00101,P0007,178,12.8,2278.4
POI000102,PO00102,P0007,180,12.8,2304.0
POI000103,PO00103,P0007,170,12.8,2176.0
POI000104,PO00104,P0007,180,12.8,2304.0
POI000105,PO00105,P0007,172,12.8,2201.6
POI000106,PO00106,P0007,178,12.8,2278.4
POI000107,PO00107,P0007,176,12.8,2252.8
POI000108,PO00108,P0007,179,12.8,2291.2
POI000109,PO00109,P0007,174,12.8,2227.2
POI000110,PO00110,P0007,172,12.8,2201.6
POI000111,PO00111,P0007,182,12.8,2329.6
POI000112,PO00112,P0007,181,12.8,2316.8
POI000113,PO00113,P0007,174,12.8,2227.2
POI000114,PO00114,P0007,173,12.8,2214.4
POI000115,PO00115,P0007,172,12.8,2201.6
POI000116,PO00116,P0007,183,12.8,2342.4
POI000117,PO00117,P0007,172,12.8,2201.6
POI000118,PO00118,P0007,182,12.8,2329.6
POI000119,PO00119,P0007,175,12.8,2240.0
POI000120,PO00120,P0007,169,12.8,2163.2
POI000121,PO00121,P0007,176,12.8,2252.8
POI000122,PO00122,P0007,169,12.8,2163.2
POI000123,PO00123,P0007,182,12.8,2329.6
POI000124,PO00124,P0007,176,12.8,2252.8
POI000125,PO00125,P0007,168,12.8,2150.4
POI000126,PO00126,P0007,171,12.8,2188.8
POI000127,PO00127,P0007,175,12.8,2240.0
POI000128,PO00128,P0007,176,12.8,2252.8
POI000129,PO00129,P0007,180,12.8,2304.0
POI000130,PO00130,P0007,179,12.8,2291.2
POI000131,PO00131,P0007,185,12.8,2368.0
POI000132,PO00132,P0008,375,7.15,2681.25
POI000133,PO00133,P0008,385,7.15,2752.75
POI000134,PO00134,P0008,385,7.15,2752.75
POI000135,PO00135,P0008,367,7.15,2624.05
POI000136,PO00136,P0008,374,7.15,2674.1
POI000137,PO00137,P0008,385,7.15,2752.75
POI000138,PO00138,P0008,372,7.15,2659.8
POI000139,PO00139,P0008,385,7.15,2752.75
POI000140,PO00140,P0008,372,7.15,2659.8
POI000141,PO00141,P0008,368,7.15,2631.2
POI000142,PO00142,P0008,375,7.15,2681.25
POI000143,PO00143,P0008,367,7.15,2624.05
POI000144,PO00144,P0008,374,7.15,2674.1
POI000145,PO00145,P0008,379,7.15,2709.85
POI000146,PO00146,P0008,371,7.15,2652.65
POI000147,PO00147,P0008,369,7.15,2638.35
POI000148,PO00148,P0008,376,7.15,2688.4
POI000149,PO00149,P0008,385,7.15,2752.75
POI000150,PO00150,P0008,385,7.15,2752.75
POI000151,PO00151,P0009,250,3.35,837.5
POI000152,PO00152,P0009,234,3.35,783.9
POI000153,PO00153,P0009,245,3.35,820.75
POI000154,PO00154,P0009,251,3.35,840.85
POI000155,PO00155,P0009,246,3.35,824.1
POI000156,PO00156,P0009,252,3.35,844.2
POI000157,PO00157,P0009,235,3.35,787.25
POI000158,PO00158,P0009,235,3.35,787.25
POI000159,PO00159,P0009,248,3.35,830.8
POI000160,PO00160,P0009,238,3.35,797.3
POI000161,PO00161,P0009,237,3.35,793.95
POI000162,PO00162,P0009,231,3.35,773.85
POI000163,PO00163,P0009,253,3.35,847.55
POI000164,PO00164,P0009,238,3.35,797.3
POI000165,PO00165,P0009,230,3.35,770.5
POI000166,PO00166,P0009,239,3.35,800.65
POI000167,PO00167,P0009,235,3.35,787.25
POI000168,PO00168,P0009,235,3.35,787.25
POI000169,PO00169,P0009,245,3.35,820.75
POI000170,PO00170,P0009,227,3.35,760.45
POI000171,PO00171,P0009,231,3.35,773.85
POI000172,PO00172,P0009,239,3.35,800.65
POI000173,PO00173,P0009,246,3.35,824.1
POI000174,PO00174,P0009,233,3.35,780.55
POI000175,PO00175,P0009,230,3.35,770.5
POI000176,PO00176,P0009,236,3.35,790.6
POI000177,PO00177,P0009,233,3.35,780.55
POI000178,PO00178,P0010,87,11.7,1017.9
POI000179,PO00179,P0010,88,11.7,1029.6
POI000180,PO00180,P0010,86,11.7,1006.2
POI000181,PO00181,P0010,88,11.7,1029.6
POI000182,PO00182,P0010,87,11.7,1017.9
POI000183,PO00183,P0010,90,11.7,1053.0
POI000184,PO00184,P0010,88,11.7,1029.6
POI000185,PO00185,P0010,96,11.7,1123.2
POI000186,PO00186,P0010,86,11.7,1006.2
POI000187,PO00187,P0010,91,11.7,1064.7
POI000188,PO00188,P0010,87,11.7,1017.9
POI000189,PO00189,P0010,86,11.7,1006.2
POI000190,PO00190,P0010,87,11.7,1017.9
POI000191,PO00191,P0010,89,11.7,1041.3
POI000192,PO00192,P0010,87,11.7,1017.9
POI000193,PO00193,P0010,87,11.7,1017.9
POI000194,PO00194,P0011,389,13.84,5383.76
POI000195,PO00195,P0011,382,16.95,6474.9
POI000196,PO00196,P0011,375,13.84,5190.0
POI000197,PO00197,P0011,377,16.95,6390.15
POI000198,PO00198,P0011,383,13.84,5300.72
POI000199,PO00199,P0011,377,16.36,6167.72
POI000200,PO00200,P0011,399,16.36,6527.64
POI000201,PO00201,P0011,382,16.95,6474.9
POI000202,PO00202,P0011,384,13.84,5314.56
POI000203,PO00203,P0011,386,13.84,5342.24
POI000204,PO00204,P0011,374,16.95,6339.3
POI000205,PO00205,P0011,380,16.36,6216.8
POI000206,PO00206,P0011,384,16.36,6282.24
POI000207,PO00207,P0011,376,16.36,6151.36
POI000208,PO00208,P0011,381,16.95,6457.95
POI000209,PO00209,P0011,374,16.36,6118.64
POI000210,PO00210,P0011,377,16.95,6390.15
POI000211,PO00211,P0011,386,16.95,6542.7
POI000212,PO00212,P0011,382,16.36,6249.52
POI000213,PO00213,P0012,409,8.84,3615.56
POI000214,PO00214,P0012,407,8.84,3597.88
POI000215,PO00215,P0012,413,8.84,3650.92
POI000216,PO00216,P0012,409,8.84,3615.56
POI000217,PO00217,P0012,411,8.84,3633.24
POI000218,PO00218,P0012,405,8.84,3580.2
POI000219,PO00219,P0012,403,8.84,3562.52
POI000220,PO00220,P0012,405,8.84,3580.2
POI000221,PO00221,P0012,405,8.84,3580.2
POI000222,PO00222,P0013,410,13.76,5641.6
POI000223,PO00223,P0013,415,13.76,5710.4
POI000224,PO00224,P0013,413,13.76,5682.88
POI000225,PO00225,P0013,415,13.76,5710.4
POI000226,PO00226,P0014,168,3.33,559.44
POI000227,PO00227,P0014,167,2.82,470.94
POI000228,PO00228,P0014,171,3.33,569.43
POI000229,PO00229,P0014,172,2.82,485.04
POI000230,PO00230,P0014,166,3.33,552.78
POI000231,PO00231,P0014,169,2.82,476.58
POI000232,PO00232,P0014,169,3.33,562.77
POI000233,PO00233,P0014,166,3.33,552.78
POI000234,PO00234,P0014,170,2.82,479.4
POI000235,PO00235,P0014,173,3.33,576.09
POI000236,PO00236,P0014,170,3.33,566.1
POI000237,PO00237,P0014,168,3.33,559.44
POI000238,PO00238,P0014,168,2.82,473.76
POI000239,PO00239,P0014,171,2.82,482.22
POI000240,PO00240,P0014,168,2.82,473.76
POI000241,PO00241,P0014,172,3.33,572.76
POI000242,PO00242,P0015,301,21.5,6471.5
POI000243,PO00243,P0015,307,21.3,6539.1
POI000244,PO00244,P0015,313,21.3,6666.9
POI000245,PO00245,P0015,301,21.5,6471.5
POI000246,PO00246,P0015,301,21.3,6411.3
POI000247,PO00247,P0015,305,21.5,6557.5
POI000248,PO00248,P0015,303,21.5,6514.5
POI000249,PO00249,P0015,309,21.5,6643.5
POI000250,PO00250,P0015,303,21.3,6453.9
POI000251,PO00251,P0015,305,21.3,6496.5
POI000252,PO00252,P0015,304,21.5,6536.0
POI000253,PO00253,P0015,300,21.5,6450.0
POI000254,PO00254,P0016,294,4.86,1428.84
POI000255,PO00255,P0016,283,4.86,1375.38
POI000256,PO00256,P0016,284,4.86,1380.24
POI000257,PO00257,P0016,297,4.86,1443.42
POI000258,PO00258,P0016,289,5.12,1479.68
POI000259,PO00259,P0016,283,4.86,1375.38
POI000260,PO00260,P0016,294,5.12,1505.28
POI000261,PO00261,P0016,295,5.12,1510.4
POI000262,PO00262,P0016,288,4.86,1399.68
POI000263,PO00263,P0016,297,5.12,1520.64
POI000264,PO00264,P0016,288,4.86,1399.68
POI000265,PO00265,P0016,291,5.12,1489.92
POI000266,PO00266,P0016,284,4.86,1380.24
POI000267,PO00267,P0016,289,5.12,1479.68
POI000268,PO00268,P0016,286,5.12,1464.32
POI000269,PO00269,P0016,287,5.12,1469.44
POI000270,PO00270,P0016,289,4.86,1404.54
POI000271,PO00271,P0017,85,8.6,731.0
POI000272,PO00272,P0017,85,8.6,731.0
POI000273,PO00273,P0017,86,8.6,739.6
POI000274,PO00274,P0017,86,8.6,739.6
POI000275,PO00275,P0017,86,8.6,739.6
POI000276,PO00276,P0017,83,8.6,713.8
POI000277,PO00277,P0017,86,8.6,739.6
POI000278,PO00278,P0017,85,8.6,731.0
POI000279,PO00279,P0017,86,8.6,739.6
POI000280,PO00280,P0017,86,8.6,739.6
POI000281,PO00281,P0017,86,8.6,739.6
POI000282,PO00282,P0017,86,8.6,739.6
POI000283,PO00283,P0017,86,8.6,739.6
POI000284,PO00284,P0017,86,8.6,739.6
POI000285,PO00285,P0017,86,8.6,739.6
POI000286,PO00286,P0017,86,8.6,739.6
POI000287,PO00287,P0017,84,8.6,722.4
POI000288,PO00288,P0017,82,8.6,705.2
POI000289,PO00289,P0017,86,8.6,739.6
POI000290,PO00290,P0017,86,8.6,739.6
POI000291,PO00291,P0017,86,8.6,739.6
POI000292,PO00292,P0017,83,8.6,713.8
POI000293,PO00293,P0017,86,8.6,739.6
POI000294,PO00294,P0017,86,8.6,739.6
POI000295,PO00295,P0017,86,8.6,739.6
POI000296,PO00296,P0017,86,8.6,739.6
POI000297,PO00297,P0017,86,8.6,739.6
POI000298,PO00298,P0017,82,8.6,705.2
POI000299,PO00299,P0017,86,8.6,739.6
POI000300,PO00300,P0017,83,8.6,713.8
POI000301,PO00301,P0017,86,8.6,739.6
POI000302,PO00302,P0017,86,8.6,739.6
POI000303,PO00303,P0017,86,8.6,739.6
POI000304,PO00304,P0017,86,8.6,739.6
POI000305,PO00305,P0017,86,8.6,739.6
POI000306,PO00306,P0017,83,8.6,713.8
POI000307,PO00307,P0017,86,8.6,739.6
POI000308,PO00308,P0017,86,8.6,739.6
POI000309,PO00309,P0017,86,8.6,739.6
POI000310,PO00310,P0017,86,8.6,739.6
POI000311,PO00311,P0017,86,8.6,739.6
POI000312,PO00312,P0017,86,8.6,739.6
POI000313,PO00313,P0017,82,8.6,705.2
POI000314,PO00314,P0017,86,8.6,739.6
POI000315,PO00315,P0017,86,8.6,739.6
POI000316,PO00316,P0017,86,8.6,739.6
POI000317,PO00317,P0017,86,8.6,739.6
POI000318,PO00318,P0017,81,8.6,696.6
POI000319,PO00319,P0017,86,8.6,739.6
POI000320,PO00320,P0017,84,8.6,722.4
POI000321,PO00321,P0017,85,8.6,731.0
POI000322,PO00322,P0017,82,8.6,705.2
POI000323,PO00323,P0017,86,8.6,739.6
POI000324,PO00324,P0017,86,8.6,739.6
POI000325,PO00325,P0017,82,8.6,705.2
POI000326,PO00326,P0017,83,8.6,713.8
POI000327,PO00327,P0017,86,8.6,739.6
POI000328,PO00328,P0017,86,8.6,739.6
POI000329,PO00329,P0017,86,8.6,739.6
POI000330,PO00330,P0017,86,8.6,739.6
POI000331,PO00331,P0017,86,8.6,739.6
POI000332,PO00332,P0017,86,8.6,739.6
POI000333,PO00333,P0017,86,8.6,739.6
POI000334,PO00334,P0017,86,8.6,739.6
POI000335,PO00335,P0017,86,8.6,739.6
POI000336,PO00336,P0017,86,8.6,739.6
POI000337,PO00337,P0017,86,8.6,739.6
POI000338,PO00338,P0018,314,2.54,797.56
POI000339,PO00339,P0018,311,2.35,730.85
POI000340,PO00340,P0018,311,2.35,730.85
POI000341,PO00341,P0018,308,2.35,723.8
POI000342,PO00342,P0018,308,2.54,782.32
POI000343,PO00343,P0018,316,2.35,742.6
POI000344,PO00344,P0018,312,2.54,792.48
POI000345,PO00345,P0018,311,2.54,789.94
POI000346,PO00346,P0018,308,2.31,711.48
POI000347,PO00347,P0018,314,2.31,725.34
POI000348,PO00348,P0019,249,21.23,5286.27
POI000349,PO00349,P0019,247,21.23,5243.81
POI000350,PO00350,P0019,242,21.23,5137.66
POI000351,PO00351,P0019,248,21.23,5265.04
POI000352,PO00352,P0019,249,21.23,5286.27
POI000353,PO00353,P0019,242,21.23,5137.66
POI000354,PO00354,P0019,240,21.23,5095.2
POI000355,PO00355,P0019,248,21.23,5265.04
POI000356,PO00356,P0019,262,21.23,5562.26
POI000357,PO00357,P0019,242,21.23,5137.66
POI000358,PO00358,P0019,245,21.23,5201.35
POI000359,PO00359,P0019,266,21.23,5647.18
POI000360,PO00360,P0019,240,21.23,5095.2
POI000361,PO00361,P0019,251,21.23,5328.73
POI000362,PO00362,P0019,241,21.23,5116.43
POI000363,PO00363,P0019,249,21.23,5286.27
POI000364,PO00364,P0019,248,21.23,5265.04
POI000365,PO00365,P0019,245,21.23,5201.35
POI000366,PO00366,P0019,260,21.23,5519.8
POI000367,PO00367,P0019,244,21.23,5180.12
POI000368,PO00368,P0019,245,21.23,5201.35
POI000369,PO00369,P0019,251,21.23,5328.73
POI000370,PO00370,P0019,243,21.23,5158.89
POI000371,PO00371,P0019,249,21.23,5286.27
POI000372,PO00372,P0019,243,21.23,5158.89
POI000373,PO00373,P0019,253,21.23,5371.19
POI000374,PO00374,P0019,251,21.23,5328.73
POI000375,PO00375,P0019,242,21.23,5137.66
POI000376,PO00376,P0019,252,21.23,5349.96
POI000377,PO00377,P0019,254,21.23,5392.42
POI000378,PO00378,P0019,241,21.23,5116.43
POI000379,PO00379,P0019,248,21.23,5265.04
POI000380,PO00380,P0019,254,21.23,5392.42
POI000381,PO00381,P0019,255,21.23,5413.65
POI000382,PO00382,P0020,435,16.88,7342.8
POI000383,PO00383,P0020,435,16.88,7342.8
POI000384,PO00384,P0020,436,18.86,8222.96
POI000385,PO00385,P0021,487,11.15,5430.05
POI000386,PO00386,P0021,490,10.98,5380.2
POI000387,PO00387,P0021,491,10.98,5391.18
POI000388,PO00388,P0021,488,11.15,5441.2
POI000389,PO00389,P0021,481,11.15,5363.15
POI000390,PO00390,P0021,482,11.15,5374.3
POI000391,PO00391,P0021,480,11.15,5352.0
POI000392,PO00392,P0021,477,10.98,5237.46
POI000393,PO00393,P0022,245,23.66,5796.7
POI000394,PO00394,P0022,258,23.66,6104.28
POI000395,PO00395,P0022,254,22.4,5689.6
POI000396,PO00396,P0022,255,23.66,6033.3
POI000397,PO00397,P0022,249,24.63,6132.87
POI000398,PO00398,P0022,248,22.4,5555.2
POI000399,PO00399,P0022,258,23.66,6104.28
POI000400,PO00400,P0022,250,22.4,5600.0
POI000401,PO00401,P0022,251,23.66,5938.66
POI000402,PO00402,P0022,250,24.63,6157.5
POI000403,PO00403,P0022,246,24.63,6058.98
POI000404,PO00404,P0022,246,24.63,6058.98
POI000405,PO00405,P0022,247,23.66,5844.02
POI000406,PO00406,P0022,253,23.66,5985.98
POI000407,PO00407,P0022,247,23.66,5844.02
POI000408,PO00408,P0022,248,22.4,5555.2
POI000409,PO00409,P0022,248,22.4,5555.2
POI000410,PO00410,P0022,248,24.63,6108.24
POI000411,PO00411,P0023,176,4.51,793.76
POI000412,PO00412,P0023,170,4.51,766.7
POI000413,PO00413,P0023,182,4.51,820.82
POI000414,PO00414,P0023,162,4.88,790.56
POI000415,PO00415,P0023,178,4.88,868.64
POI000416,PO00416,P0023,186,4.88,907.68
POI000417,PO00417,P0023,168,4.88,819.84
POI000418,PO00418,P0023,174,4.51,784.74
POI000419,PO00419,P0023,178,4.88,868.64
POI000420,PO00420,P0023,170,4.51,766.7
POI000421,PO00421,P0023,166,4.51,748.66
POI000422,PO00422,P0023,171,4.51,771.21
POI000423,PO00423,P0023,165,4.51,744.15
POI000424,PO00424,P0023,183,4.51,825.33
POI000425,PO00425,P0023,172,4.88,839.36
POI000426,PO00426,P0023,170,4.51,766.7
POI000427,PO00427,P0023,176,4.51,793.76
POI000428,PO00428,P0023,170,4.51,766.7
POI000429,PO00429,P0023,176,4.88,858.88
POI000430,PO00430,P0023,183,4.51,825.33
POI000431,PO00431,P0023,164,4.51,739.64
POI000432,PO00432,P0023,173,4.51,780.23
POI000433,PO00433,P0023,165,4.51,744.15
POI000434,PO00434,P0023,162,4.88,790.56
POI000435,PO00435,P0023,179,4.51,807.29
POI000436,PO00436,P0023,167,4.88,814.96
POI000437,PO00437,P0023,167,4.51,753.17
POI000438,PO00438,P0023,167,4.88,814.96
POI000439,PO00439,P0023,164,4.51,739.64
POI000440,PO00440,P0023,180,4.88,878.4
POI000441,PO00441,P0023,174,4.51,784.74
POI000442,PO00442,P0023,168,4.51,757.68
POI000443,PO00443,P0023,165,4.88,805.2
POI000444,PO00444,P0023,168,4.88,819.84
POI000445,PO00445,P0023,168,4.88,819.84
POI000446,PO00446,P0023,177,4.88,863.76
POI000447,PO00447,P0023,170,4.88,829.6
POI000448,PO00448,P0023,181,4.51,816.31
POI000449,PO00449,P0023,176,4.51,793.76
POI000450,PO00450,P0024,341,20.73,7068.93
POI000451,PO00451,P0024,342,20.73,7089.66
POI000452,PO00452,P0024,341,20.73,7068.93
POI000453,PO00453,P0024,346,18.25,6314.5
POI000454,PO00454,P0024,338,18.25,6168.5
POI000455,PO00455,P0024,338,18.25,6168.5
POI000456,PO00456,P0024,340,20.73,7048.2
POI000457,PO00457,P0024,339,20.73,7027.47
POI000458,PO00458,P0024,343,20.73,7110.39
POI000459,PO00459,P0025,310,15.98,4953.8
POI000460,PO00460,P0025,308,15.98,4921.84
POI000461,PO00461,P0025,307,15.98,4905.86
POI000462,PO00462,P0025,310,15.98,4953.8
POI000463,PO00463,P0025,310,15.98,4953.8
POI000464,PO00464,P0025,305,15.98,4873.9
POI000465,PO00465,P0025,310,15.98,4953.8
POI000466,PO00466,P0025,304,15.98,4857.92
POI000467,PO00467,P0025,310,15.98,4953.8
POI000468,PO00468,P0025,308,15.98,4921.84
POI000469,PO00469,P0025,310,15.98,4953.8
POI000470,PO00470,P0025,309,15.98,4937.82
POI000471,PO00471,P0025,310,15.98,4953.8
POI000472,PO00472,P0025,308,15.98,4921.84
POI000473,PO00473,P0025,310,15.98,4953.8
POI000474,PO00474,P0026,314,19.21,6031.94
POI000475,PO00475,P0026,325,23.77,7725.25
POI000476,PO00476,P0026,337,23.77,8010.49
POI000477,PO00477,P0026,326,19.21,6262.46
POI000478,PO00478,P0026,321,23.77,7630.17
POI000479,PO00479,P0026,326,23.77,7749.02
POI000480,PO00480,P0026,317,23.77,7535.09
POI000481,PO00481,P0026,314,23.77,7463.78
POI000482,PO00482,P0026,318,23.77,7558.86
POI000483,PO00483,P0026,333,19.21,6396.93
POI000484,PO00484,P0026,316,19.21,6070.36
POI000485,PO00485,P0026,313,19.21,6012.73
POI000486,PO00486,P0026,318,23.77,7558.86
POI000487,PO00487,P0026,315,23.77,7487.55
POI000488,PO00488,P0026,319,23.77,7582.63
POI000489,PO00489,P0026,313,19.21,6012.73
POI000490,PO00490,P0026,320,19.21,6147.2
POI000491,PO00491,P0026,320,23.77,7606.4
POI000492,PO00492,P0026,314,23.77,7463.78
POI000493,PO00493,P0026,322,19.21,6185.62
POI000494,PO00494,P0026,314,19.21,6031.94
POI000495,PO00495,P0026,319,23.77,7582.63
POI000496,PO00496,P0027,372,14.62,5438.64
POI000497,PO00497,P0027,375,14.62,5482.5
POI000498,PO00498,P0027,373,15.13,5643.49
POI000499,PO00499,P0027,373,15.13,5643.49
POI000500,PO00500,P0027,372,14.38,5349.36
POI000501,PO00501,P0028,280,16.45,4606.0
POI000502,PO00502,P0028,280,16.45,4606.0
POI000503,PO00503,P0028,279,16.45,4589.55
POI000504,PO00504,P0028,279,18.21,5080.59
POI000505,PO00505,P0029,124,24.29,3011.96
POI000506,PO00506,P0029,108,24.29,2623.32
POI000507,PO00507,P0029,112,24.29,2720.48
POI000508,PO00508,P0029,108,24.29,2623.32
POI000509,PO00509,P0029,109,24.29,2647.61
POI000510,PO00510,P0029,124,24.29,3011.96
POI000511,PO00511,P0029,120,24.29,2914.8
POI000512,PO00512,P0029,115,24.29,2793.35
POI000513,PO00513,P0029,114,24.29,2769.06
POI000514,PO00514,P0029,107,24.29,2599.03
POI000515,PO00515,P0029,130,24.29,3157.7
POI000516,PO00516,P0029,108,24.29,2623.32
POI000517,PO00517,P0029,124,24.29,3011.96
POI000518,PO00518,P0029,130,24.29,3157.7
POI000519,PO00519,P0029,116,24.29,2817.64
POI000520,PO00520,P0029,130,24.29,3157.7
POI000521,PO00521,P0029,129,24.29,3133.41
POI000522,PO00522,P0029,113,24.29,2744.77
POI000523,PO00523,P0029,130,24.29,3157.7
POI000524,PO00524,P0029,111,24.29,2696.19
POI000525,PO00525,P0029,127,24.29,3084.83
POI000526,PO00526,P0029,116,24.29,2817.64
POI000527,PO00527,P0029,127,24.29,3084.83
POI000528,PO00528,P0029,118,24.29,2866.22
POI000529,PO00529,P0029,116,24.29,2817.64
POI000530,PO00530,P0029,109,24.29,2647.61
POI000531,PO00531,P0029,125,24.29,3036.25
POI000532,PO00532,P0029,110,24.29,2671.9
POI000533,PO00533,P0029,111,24.29,2696.19
POI000534,PO00534,P0029,107,24.29,2599.03
POI000535,PO00535,P0029,115,24.29,2793.35
POI000536,PO00536,P0029,127,24.29,3084.83
POI000537,PO00537,P0029,118,24.29,2866.22
POI000538,PO00538,P0029,110,24.29,2671.9
POI000539,PO00539,P0029,109,24.29,2647.61
POI000540,PO00540,P0029,109,24.29,2647.61
POI000541,PO00541,P0029,115,24.29,2793.35
POI000542,PO00542,P0029,130,24.29,3157.7
POI000543,PO00543,P0029,107,24.29,2599.03
POI000544,PO00544,P0029,113,24.29,2744.77
POI000545,PO00545,P0029,117,24.29,2841.93
POI000546,PO00546,P0029,118,24.29,2866.22
POI000547,PO00547,P0029,111,24.29,2696.19
POI000548,PO00548,P0029,124,24.29,3011.96
POI000549,PO00549,P0029,117,24.29,2841.93
POI000550,PO00550,P0029,112,24.29,2720.48
POI000551,PO00551,P0029,108,24.29,2623.32
POI000552,PO00552,P0029,117,24.29,2841.93
POI000553,PO00553,P0029,123,24.29,2987.67
POI000554,PO00554,P0029,120,24.29,2914.8
POI000555,PO00555,P0029,112,24.29,2720.48
POI000556,PO00556,P0029,115,24.29,2793.35
POI000557,PO00557,P0029,107,24.29,2599.03
POI000558,PO00558,P0029,116,24.29,2817.64
POI000559,PO00559,P0029,126,24.29,3060.54
POI000560,PO00560,P0029,113,24.29,2744.77
POI000561,PO00561,P0029,119,24.29,2890.51
POI000562,PO00562,P0029,116,24.29,2817.64
POI000563,PO00563,P0029,122,24.29,2963.38
POI000564,PO00564,P0029,121,24.29,2939.09
POI000565,PO00565,P0029,116,24.29,2817.64
POI000566,PO00566,P0029,111,24.29,2696.19
POI000567,PO00567,P0029,119,24.29,2890.51
POI000568,PO00568,P0030,180,21.15,3807.0
POI000569,PO00569,P0030,172,18.9,3250.8
POI000570,PO00570,P0030,185,18.9,3496.5
POI000571,PO00571,P0030,185,21.15,3912.75
POI000572,PO00572,P0030,176,18.9,3326.4
POI000573,PO00573,P0030,185,21.15,3912.75
POI000574,PO00574,P0030,182,21.15,3849.3
POI000575,PO00575,P0030,181,21.15,3828.15
POI000576,PO00576,P0030,183,18.9,3458.7
POI000577,PO00577,P0030,179,21.15,3785.85
POI000578,PO00578,P0030,184,21.15,3891.6
POI000579,PO00579,P0030,185,18.9,3496.5
POI000580,PO00580,P0030,184,21.15,3891.6
POI000581,PO00581,P0030,185,18.9,3496.5
POI000582,PO00582,P0030,185,18.9,3496.5
POI000583,PO00583,P0030,175,18.9,3307.5
POI000584,PO00584,P0030,172,21.15,3637.8
POI000585,PO00585,P0030,173,18.9,3269.7
POI000586,PO00586,P0030,177,18.9,3345.3
POI000587,PO00587,P0030,185,21.15,3912.75
POI000588,PO00588,P0030,181,18.9,3420.9
POI000589,PO00589,P0030,183,21.15,3870.45
POI000590,PO00590,P0030,185,21.15,3912.75
POI000591,PO00591,P0030,185,18.9,3496.5
POI000592,PO00592,P0030,185,18.9,3496.5
POI000593,PO00593,P0030,180,21.15,3807.0
POI000594,PO00594,P0030,185,18.9,3496.5
POI000595,PO00595,P0030,181,21.15,3828.15
POI000596,PO00596,P0030,177,18.9,3345.3
POI000597,PO00597,P0030,185,21.15,3912.75
POI000598,PO00598,P0030,183,21.15,3870.45
POI000599,PO00599,P0030,175,21.15,3701.25
POI000600,PO00600,P0030,178,18.9,3364.2
POI000601,PO00601,P0030,178,21.15,3764.7
POI000602,PO00602,P0030,185,21.15,3912.75
POI000603,PO00603,P0030,175,18.9,3307.5
POI000604,PO00604,P0030,185,18.9,3496.5
POI000605,PO00605,P0030,179,18.9,3383.1
POI000606,PO00606,P0030,178,18.9,3364.2
POI000607,PO00607,P0030,175,18.9,3307.5
POI000608,PO00608,P0030,179,21.15,3785.85
POI000609,PO00609,P0030,185,21.15,3912.75
POI000610,PO00610,P0030,185,21.15,3912.75
POI000611,PO00611,P0030,177,18.9,3345.3
POI000612,PO00612,P0030,185,21.15,3912.75
POI000613,PO00613,P0030,185,21.15,3912.75
POI000614,PO00614,P0031,264,15.05,3973.2
POI000615,PO00615,P0031,264,15.9,4197.6
POI000616,PO00616,P0031,263,15.05,3958.15
POI000617,PO00617,P0031,263,15.9,4181.7
POI000618,PO00618,P0031,266,15.05,4003.3
POI000619,PO00619,P0031,266,15.05,4003.3
POI000620,PO00620,P0031,263,15.9,4181.7
POI000621,PO00621,P0032,424,1.49,631.76
POI000622,PO00622,P0032,416,1.74,723.84
POI000623,PO00623,P0032,424,1.49,631.76
POI000624,PO00624,P0032,429,1.49,639.21
POI000625,PO00625,P0032,429,1.49,639.21
POI000626,PO00626,P0032,423,1.49,630.27
POI000627,PO00627,P0032,429,1.74,746.46
POI000628,PO00628,P0032,414,1.74,720.36
POI000629,PO00629,P0032,428,1.74,744.72
POI000630,PO00630,P0032,419,1.74,729.06
POI000631,PO00631,P0032,426,1.49,634.74
POI000632,PO00632,P0032,417,1.74,725.58
POI000633,PO00633,P0032,420,1.74,730.8
POI000634,PO00634,P0032,417,1.74,725.58
POI000635,PO00635,P0032,429,1.74,746.46
POI000636,PO00636,P0032,414,1.49,616.86
POI000637,PO00637,P0032,429,1.74,746.46
POI000638,PO00638,P0033,322,2.3,740.6
POI000639,PO00639,P0033,323,2.32,749.36
POI000640,PO00640,P0033,329,2.32,763.28
POI000641,PO00641,P0033,337,2.3,775.1
POI000642,PO00642,P0033,322,2.56,824.32
POI000643,PO00643,P0033,328,2.56,839.68
POI000644,PO00644,P0033,324,2.56,829.44
POI000645,PO00645,P0033,327,2.3,752.1
POI000646,PO00646,P0033,321,2.56,821.76
POI000647,PO00647,P0033,324,2.32,751.68
POI000648,PO00648,P0033,330,2.32,765.6
POI000649,PO00649,P0033,328,2.56,839.68
POI000650,PO00650,P0034,399,9.84,3926.16
POI000651,PO00651,P0034,393,9.84,3867.12
POI000652,PO00652,P0034,384,9.84,3778.56
POI000653,PO00653,P0034,382,9.84,3758.88
POI000654,PO00654,P0034,382,9.84,3758.88
POI000655,PO00655,P0034,382,9.84,3758.88
POI000656,PO00656,P0034,399,9.84,3926.16
POI000657,PO00657,P0034,382,9.84,3758.88
POI000658,PO00658,P0034,388,9.84,3817.92
POI000659,PO00659,P0034,397,9.84,3906.48
POI000660,PO00660,P0034,395,9.84,3886.8
POI000661,PO00661,P0034,384,9.84,3778.56
POI000662,PO00662,P0034,390,9.84,3837.6
POI000663,PO00663,P0034,385,9.84,3788.4
POI000664,PO00664,P0034,391,9.84,3847.44
POI000665,PO00665,P0035,487,21.41,10426.67
POI000666,PO00666,P0035,487,22.89,11147.43
POI000667,PO00667,P0035,486,22.89,11124.54
POI000668,PO00668,P0035,486,22.89,11124.54
POI000669,PO00669,P0035,492,22.89,11261.88
POI000670,PO00670,P0035,481,21.41,10298.21
POI000671,PO00671,P0035,485,22.89,11101.65
POI000672,PO00672,P0035,479,21.41,10255.39
POI000673,PO00673,P0035,476,22.89,10895.64
POI000674,PO00674,P0035,482,21.41,10319.62
POI000675,PO00675,P0035,487,21.41,10426.67
POI000676,PO00676,P0035,476,21.41,10191.16
POI000677,PO00677,P0036,111,16.13,1790.43
POI000678,PO00678,P0036,109,16.13,1758.17
POI000679,PO00679,P0036,113,16.13,1822.69
POI000680,PO00680,P0036,118,16.13,1903.34
POI000681,PO00681,P0036,122,16.13,1967.86
POI000682,PO00682,P0036,110,16.13,1774.3
POI000683,PO00683,P0036,113,16.13,1822.69
POI000684,PO00684,P0036,112,16.13,1806.56
POI000685,PO00685,P0036,115,16.13,1854.95
POI000686,PO00686,P0036,113,16.13,1822.69
POI000687,PO00687,P0036,109,16.13,1758.17
POI000688,PO00688,P0036,112,16.13,1806.56
POI000689,PO00689,P0036,125,16.13,2016.25
POI000690,PO00690,P0036,114,16.13,1838.82
POI000691,PO00691,P0036,109,16.13,1758.17
POI000692,PO00692,P0036,130,16.13,2096.9
POI000693,PO00693,P0036,111,16.13,1790.43
POI000694,PO00694,P0036,115,16.13,1854.95
POI000695,PO00695,P0036,116,16.13,1871.08
POI000696,PO00696,P0036,119,16.13,1919.47
POI000697,PO00697,P0036,109,16.13,1758.17
POI000698,PO00698,P0036,124,16.13,2000.12
POI000699,PO00699,P0036,109,16.13,1758.17
POI000700,PO00700,P0036,118,16.13,1903.34
POI000701,PO00701,P0036,125,16.13,2016.25
POI000702,PO00702,P0036,118,16.13,1903.34
POI000703,PO00703,P0036,113,16.13,1822.69
POI000704,PO00704,P0036,117,16.13,1887.21
POI000705,PO00705,P0036,111,16.13,1790.43
POI000706,PO00706,P0036,120,16.13,1935.6
POI000707,PO00707,P0036,121,16.13,1951.73
POI000708,PO00708,P0036,113,16.13,1822.69
POI000709,PO00709,P0036,111,16.13,1790.43
POI000710,PO00710,P0036,109,16.13,1758.17
POI000711,PO00711,P0036,113,16.13,1822.69
POI000712,PO00712,P0036,114,16.13,1838.82
POI000713,PO00713,P0036,122,16.13,1967.86
POI000714,PO00714,P0036,119,16.13,1919.47
POI000715,PO00715,P0036,114,16.13,1838.82
POI000716,PO00716,P0036,121,16.13,1951.73
POI000717,PO00717,P0036,112,16.13,1806.56
POI000718,PO00718,P0036,118,16.13,1903.34
POI000719,PO00719,P0036,115,16.13,1854.95
POI000720,PO00720,P0036,110,16.13,1774.3
POI000721,PO00721,P0036,125,16.13,2016.25
POI000722,PO00722,P0036,119,16.13,1919.47
POI000723,PO00723,P0037,146,5.08,741.68
POI000724,PO00724,P0037,152,5.73,870.96
POI000725,PO00725,P0037,148,5.08,751.84
POI000726,PO00726,P0037,149,5.08,756.92
POI000727,PO00727,P0037,145,5.73,830.85
POI000728,PO00728,P0037,153,5.73,876.69
POI000729,PO00729,P0037,159,4.71,748.89
POI000730,PO00730,P0037,145,5.73,830.85
POI000731,PO00731,P0037,146,5.08,741.68
POI000732,PO00732,P0037,146,4.71,687.66
POI000733,PO00733,P0037,146,4.71,687.66
POI000734,PO00734,P0037,150,5.08,762.0
POI000735,PO00735,P0037,147,4.71,692.37
POI000736,PO00736,P0037,146,5.73,836.58
POI000737,PO00737,P0037,145,5.73,830.85
POI000738,PO00738,P0037,155,5.73,888.15
POI000739,PO00739,P0037,146,5.73,836.58
POI000740,PO00740,P0037,148,5.73,848.04
POI000741,PO00741,P0037,148,5.08,751.84
POI000742,PO00742,P0037,146,4.71,687.66
POI000743,PO00743,P0038,265,6.91,1831.15
POI000744,PO00744,P0038,265,7.3,1934.5
POI000745,PO00745,P0038,268,7.65,2050.2
POI000746,PO00746,P0038,280,6.91,1934.8
POI000747,PO00747,P0038,280,7.65,2142.0
POI000748,PO00748,P0038,274,7.3,2000.2
POI000749,PO00749,P0038,290,7.65,2218.5
POI000750,PO00750,P0038,282,7.65,2157.3
POI000751,PO00751,P0038,279,6.91,1927.89
POI000752,PO00752,P0038,270,7.3,1971.0
POI000753,PO00753,P0038,275,7.3,2007.5
POI000754,PO00754,P0038,264,7.3,1927.2
POI000755,PO00755,P0038,266,7.65,2034.9
POI000756,PO00756,P0038,272,7.65,2080.8
POI000757,PO00757,P0038,269,7.65,2057.85
POI000758,PO00758,P0038,283,7.65,2164.95
POI000759,PO00759,P0038,267,7.65,2042.55
POI000760,PO00760,P0038,271,6.91,1872.61
POI000761,PO00761,P0038,266,6.91,1838.06
POI000762,PO00762,P0038,274,7.65,2096.1
POI000763,PO00763,P0038,271,7.3,1978.3
POI000764,PO00764,P0038,266,6.91,1838.06
POI000765,PO00765,P0038,264,7.3,1927.2
POI000766,PO00766,P0038,271,7.3,1978.3
POI000767,PO00767,P0038,264,6.91,1824.24
POI000768,PO00768,P0038,278,7.3,2029.4
POI000769,PO00769,P0039,100,3.71,371.0
POI000770,PO00770,P0039,100,3.71,371.0
POI000771,PO00771,P0039,102,3.6,367.2
POI000772,PO00772,P0039,98,3.71,363.58
POI000773,PO00773,P0039,101,3.71,374.71
POI000774,PO00774,P0039,102,3.71,378.42
POI000775,PO00775,P0039,100,3.71,371.0
POI000776,PO00776,P0039,102,3.71,378.42
POI000777,PO00777,P0039,102,3.6,367.2
POI000778,PO00778,P0039,98,3.71,363.58
POI000779,PO00779,P0039,98,3.71,363.58
POI000780,PO00780,P0039,101,3.71,374.71
POI000781,PO00781,P0040,51,13.88,707.88
POI000782,PO00782,P0040,51,13.88,707.88
POI000783,PO00783,P0040,52,13.88,721.76
POI000784,PO00784,P0040,58,13.88,805.04
POI000785,PO00785,P0040,52,13.88,721.76
POI000786,PO00786,P0040,52,13.88,721.76
POI000787,PO00787,P0040,51,13.88,707.88
POI000788,PO00788,P0040,51,13.88,707.88
POI000789,PO00789,P0040,55,13.88,763.4
POI000790,PO00790,P0040,53,13.88,735.64
POI000791,PO00791,P0040,51,13.88,707.88
POI000792,PO00792,P0040,55,13.88,763.4
POI000793,PO00793,P0040,53,13.88,735.64
POI000794,PO00794,P0040,51,13.88,707.88
POI000795,PO00795,P0040,51,13.88,707.88
POI000796,PO00796,P0040,52,13.88,721.76
POI000797,PO00797,P0040,54,13.88,749.52
POI000798,PO00798,P0040,56,13.88,777.28
POI000799,PO00799,P0040,53,13.88,735.64
POI000800,PO00800,P0040,53,13.88,735.64
POI000801,PO00801,P0040,52,13.88,721.76
POI000802,PO00802,P0040,52,13.88,721.76
POI000803,PO00803,P0040,53,13.88,735.64
POI000804,PO00804,P0040,54,13.88,749.52
POI000805,PO00805,P0040,54,13.88,749.52
POI000806,PO00806,P0040,55,13.88,763.4
POI000807,PO00807,P0040,51,13.88,707.88
POI000808,PO00808,P0040,51,13.88,707.88
POI000809,PO00809,P0040,57,13.88,791.16
POI000810,PO00810,P0041,257,17.39,4469.23
POI000811,PO00811,P0041,248,17.39,4312.72
POI000812,PO00812,P0041,252,17.39,4382.28
POI000813,PO00813,P0041,250,17.39,4347.5
POI000814,PO00814,P0041,256,17.39,4451.84
POI000815,PO00815,P0041,258,17.39,4486.62
POI000816,PO00816,P0041,252,17.39,4382.28
POI000817,PO00817,P0041,258,17.39,4486.62
POI000818,PO00818,P0041,245,17.39,4260.55
POI000819,PO00819,P0041,257,17.39,4469.23
POI000820,PO00820,P0041,250,17.39,4347.5
POI000821,PO00821,P0041,268,17.39,4660.52
POI000822,PO00822,P0041,259,17.39,4504.01
POI000823,PO00823,P0041,254,17.39,4417.06
POI000824,PO00824,P0041,266,17.39,4625.74
POI000825,PO00825,P0041,248,17.39,4312.72
POI000826,PO00826,P0041,264,17.39,4590.96
POI000827,PO00827,P0041,247,17.39,4295.33
POI000828,PO00828,P0041,248,17.39,4312.72
POI000829,PO00829,P0041,256,17.39,4451.84
POI000830,PO00830,P0041,244,17.39,4243.16
POI000831,PO00831,P0041,257,17.39,4469.23
POI000832,PO00832,P0041,243,17.39,4225.77
POI000833,PO00833,P0041,242,17.39,4208.38
POI000834,PO00834,P0041,257,17.39,4469.23
POI000835,PO00835,P0041,250,17.39,4347.5
POI000836,PO00836,P0041,243,17.39,4225.77
POI000837,PO00837,P0041,248,17.39,4312.72
POI000838,PO00838,P0041,244,17.39,4243.16
POI000839,PO00839,P0041,242,17.39,4208.38
POI000840,PO00840,P0041,254,17.39,4417.06
POI000841,PO00841,P0042,223,19.33,4310.59
POI000842,PO00842,P0042,219,21.5,4708.5
POI000843,PO00843,P0042,213,21.5,4579.5
POI000844,PO00844,P0042,213,19.33,4117.29
POI000845,PO00845,P0042,215,19.33,4155.95
POI000846,PO00846,P0042,221,21.5,4751.5
POI000847,PO00847,P0042,220,19.89,4375.8
POI000848,PO00848,P0042,215,19.89,4276.35
POI000849,PO00849,P0042,215,19.89,4276.35
POI000850,PO00850,P0042,217,19.33,4194.61
POI000851,PO00851,P0042,223,21.5,4794.5
POI000852,PO00852,P0042,225,19.33,4349.25
POI000853,PO00853,P0042,216,21.5,4644.0
POI000854,PO00854,P0042,216,19.33,4175.28
POI000855,PO00855,P0042,222,19.33,4291.26
POI000856,PO00856,P0042,218,19.89,4336.02
POI000857,PO00857,P0042,215,19.89,4276.35
POI000858,PO00858,P0042,220,19.89,4375.8
POI000859,PO00859,P0042,212,21.5,4558.0
POI000860,PO00860,P0042,215,21.5,4622.5
POI000861,PO00861,P0043,299,3.23,965.77
POI000862,PO00862,P0043,299,3.23,965.77
POI000863,PO00863,P0043,297,3.23,959.31
POI000864,PO00864,P0043,301,3.23,972.23
POI000865,PO00865,P0043,299,3.23,965.77
POI000866,PO00866,P0043,300,3.23,969.0
POI000867,PO00867,P0043,301,3.23,972.23
POI000868,PO00868,P0044,251,6.1,1531.1
POI000869,PO00869,P0044,253,6.1,1543.3
POI000870,PO00870,P0044,246,6.1,1500.6
POI000871,PO00871,P0044,260,6.01,1562.6
POI000872,PO00872,P0044,259,6.1,1579.9
POI000873,PO00873,P0044,256,6.01,1538.56
POI000874,PO00874,P0044,254,6.01,1526.54
POI000875,PO00875,P0044,251,6.01,1508.51
POI000876,PO00876,P0044,252,6.1,1537.2
POI000877,PO00877,P0044,245,6.1,1494.5
POI000878,PO00878,P0044,243,6.01,1460.43
POI000879,PO00879,P0044,246,6.1,1500.6
POI000880,PO00880,P0044,252,6.1,1537.2
POI000881,PO00881,P0044,245,6.1,1494.5
POI000882,PO00882,P0044,253,6.01,1520.53
POI000883,PO00883,P0044,263,6.01,1580.63
POI000884,PO00884,P0044,243,6.01,1460.43
POI000885,PO00885,P0044,255,6.1,1555.5
POI000886,PO00886,P0044,263,6.1,1604.3
POI000887,PO00887,P0044,252,6.1,1537.2
POI000888,PO00888,P0044,243,6.01,1460.43
POI000889,PO00889,P0044,265,6.01,1592.65
POI000890,PO00890,P0044,249,6.1,1518.9
POI000891,PO00891,P0044,252,6.01,1514.52
POI000892,PO00892,P0044,252,6.1,1537.2
POI000893,PO00893,P0044,248,6.01,1490.48
POI000894,PO00894,P0044,258,6.1,1573.8
POI000895,PO00895,P0044,258,6.01,1550.58
POI000896,PO00896,P0044,252,6.01,1514.52
POI000897,PO00897,P0044,253,6.1,1543.3
POI000898,PO00898,P0044,249,6.1,1518.9
POI000899,PO00899,P0045,469,4.09,1918.21
POI000900,PO00900,P0045,465,4.09,1901.85
POI000901,PO00901,P0045,469,4.09,1918.21
POI000902,PO00902,P0045,469,4.09,1918.21
POI000903,PO00903,P0045,469,4.09,1918.21
POI000904,PO00904,P0045,469,4.09,1918.21
POI000905,PO00905,P0045,469,4.09,1918.21
POI000906,PO00906,P0045,460,4.09,1881.4
POI000907,PO00907,P0045,466,4.09,1905.94
POI000908,PO00908,P0045,460,4.09,1881.4
POI000909,PO00909,P0045,469,4.09,1918.21
POI000910,PO00910,P0045,461,4.09,1885.49
POI000911,PO00911,P0045,463,4.09,1893.67
POI000912,PO00912,P0045,469,4.09,1918.21
POI000913,PO00913,P0045,465,4.09,1901.85
POI000914,PO00914,P0046,244,3.56,868.64
POI000915,PO00915,P0046,232,3.56,825.92
POI000916,PO00916,P0046,232,3.56,825.92
POI000917,PO00917,P0046,228,3.56,811.68
POI000918,PO00918,P0046,228,3.56,811.68
POI000919,PO00919,P0046,239,3.56,850.84
POI000920,PO00920,P0046,234,3.56,833.04
POI000921,PO00921,P0046,237,3.56,843.72
POI000922,PO00922,P0046,233,3.56,829.48
POI000923,PO00923,P0046,230,3.56,818.8
POI000924,PO00924,P0046,233,3.56,829.48
POI000925,PO00925,P0046,229,3.56,815.24
POI000926,PO00926,P0046,234,3.56,833.04
POI000927,PO00927,P0046,239,3.56,850.84
POI000928,PO00928,P0046,230,3.56,818.8
POI000929,PO00929,P0047,130,5.94,772.2
POI000930,PO00930,P0047,134,5.94,795.96
POI000931,PO00931,P0047,131,5.94,778.14
POI000932,PO00932,P0047,130,5.94,772.2
POI000933,PO00933,P0047,131,5.94,778.14
POI000934,PO00934,P0047,130,5.94,772.2
POI000935,PO00935,P0047,133,5.94,790.02
POI000936,PO00936,P0047,131,5.94,778.14
POI000937,PO00937,P0047,132,5.94,784.08
POI000938,PO00938,P0047,130,5.94,772.2
POI000939,PO00939,P0048,366,5.63,2060.58
POI000940,PO00940,P0048,365,5.69,2076.85
POI000941,PO00941,P0048,357,5.89,2102.73
POI000942,PO00942,P0048,363,5.63,2043.69
POI000943,PO00943,P0048,357,5.89,2102.73
POI000944,PO00944,P0048,360,5.63,2026.8
POI000945,PO00945,P0048,360,5.69,2048.4
POI000946,PO00946,P0048,367,5.69,2088.23
POI000947,PO00947,P0048,359,5.89,2114.51
POI000948,PO00948,P0048,360,5.63,2026.8
POI000949,PO00949,P0048,366,5.69,2082.54
POI000950,PO00950,P0048,357,5.69,2031.33
POI000951,PO00951,P0049,249,12.41,3090.09
POI000952,PO00952,P0049,249,12.41,3090.09
POI000953,PO00953,P0049,247,12.41,3065.27
POI000954,PO00954,P0049,250,12.41,3102.5
POI000955,PO00955,P0049,252,12.41,3127.32
POI000956,PO00956,P0049,246,12.41,3052.86
POI000957,PO00957,P0049,245,12.41,3040.45
POI000958,PO00958,P0049,248,12.41,3077.68
POI000959,PO00959,P0049,249,12.41,3090.09
POI000960,PO00960,P0050,175,5.64,987.0
POI000961,PO00961,P0050,175,6.59,1153.25
POI000962,PO00962,P0050,180,6.59,1186.2
POI000963,PO00963,P0050,178,5.64,1003.92
POI000964,PO00964,P0050,179,5.64,1009.56
POI000965,PO00965,P0050,182,6.59,1199.38
POI000966,PO00966,P0050,169,6.59,1113.71
POI000967,PO00967,P0050,169,6.59,1113.71
POI000968,PO00968,P0050,176,6.59,1159.84
POI000969,PO00969,P0050,176,6.59,1159.84
POI000970,PO00970,P0050,182,6.59,1199.38
POI000971,PO00971,P0050,170,6.59,1120.3
POI000972,PO00972,P0050,187,5.64,1054.68
POI000973,PO00973,P0050,179,6.59,1179.61
POI000974,PO00974,P0050,177,5.64,998.28
POI000975,PO00975,P0050,181,5.64,1020.84
POI000976,PO00976,P0050,183,5.64,1032.12
POI000977,PO00977,P0050,170,5.64,958.8
POI000978,PO00978,P0050,175,6.59,1153.25
POI000979,PO00979,P0050,182,6.59,1199.38
POI000980,PO00980,P0050,180,5.64,1015.2
POI000981,PO00981,P0050,175,6.59,1153.25
POI000982,PO00982,P0050,174,5.64,981.36
POI000983,PO00983,P0050,180,5.64,1015.2
POI000984,PO00984,P0050,178,6.59,1173.02
POI000985,PO00985,P0050,175,6.59,1153.25
POI000986,PO00986,P0050,171,5.64,964.44
POI000987,PO00987,P0050,171,6.59,1126.89
POI000988,PO00988,P0050,179,5.64,1009.56
POI000989,PO00989,P0050,170,5.64,958.8
POI000990,PO00990,P0051,260,3.94,1024.4
POI000991,PO00991,P0051,262,3.94,1032.28
POI000992,PO00992,P0051,254,3.59,911.86
POI000993,PO00993,P0051,262,3.94,1032.28
POI000994,PO00994,P0051,262,3.94,1032.28
POI000995,PO00995,P0051,262,3.59,940.58
POI000996,PO00996,P0051,254,3.59,911.86
POI000997,PO00997,P0051,255,3.94,1004.7
POI000998,PO00998,P0051,262,3.94,1032.28
POI000999,PO00999,P0051,262,3.94,1032.28
POI001000,PO01000,P0051,262,3.94,1032.28
POI001001,PO01001,P0051,259,3.94,1020.46
POI001002,PO01002,P0051,262,3.94,1032.28
POI001003,PO01003,P0051,262,3.94,1032.28
POI001004,PO01004,P0051,260,3.59,933.4
POI001005,PO01005,P0051,257,3.59,922.63
POI001006,PO01006,P0051,262,3.59,940.58
POI001007,PO01007,P0051,257,3.59,922.63
POI001008,PO01008,P0051,253,3.94,996.82
POI001009,PO01009,P0051,257,3.94,1012.58
POI001010,PO01010,P0051,262,3.94,1032.28
POI001011,PO01011,P0051,262,3.94,1032.28
POI001012,PO01012,P0051,258,3.94,1016.52
POI001013,PO01013,P0051,262,3.94,1032.28
POI001014,PO01014,P0051,262,3.59,940.58
POI001015,PO01015,P0051,253,3.59,908.27
POI001016,PO01016,P0051,255,3.94,1004.7
POI001017,PO01017,P0052,207,2.06,426.42
POI001018,PO01018,P0052,203,2.06,418.18
POI001019,PO01019,P0052,211,2.06,434.66
POI001020,PO01020,P0052,208,2.06,428.48
POI001021,PO01021,P0052,220,2.04,448.8
POI001022,PO01022,P0052,211,2.04,430.44
POI001023,PO01023,P0052,208,2.06,428.48
POI001024,PO01024,P0052,216,2.06,444.96
POI001025,PO01025,P0052,219,2.04,446.76
POI001026,PO01026,P0052,208,2.06,428.48
POI001027,PO01027,P0052,212,2.06,436.72
POI001028,PO01028,P0052,208,2.04,424.32
POI001029,PO01029,P0052,208,2.04,424.32
POI001030,PO01030,P0052,211,2.04,430.44
POI001031,PO01031,P0052,204,2.06,420.24
POI001032,PO01032,P0052,205,2.04,418.2
POI001033,PO01033,P0052,209,2.04,426.36
POI001034,PO01034,P0052,208,2.06,428.48
POI001035,PO01035,P0052,211,2.04,430.44
POI001036,PO01036,P0053,128,24.5,3136.0
POI001037,PO01037,P0053,128,18.63,2384.64
POI001038,PO01038,P0053,128,18.63,2384.64
POI001039,PO01039,P0053,128,18.63,2384.64
POI001040,PO01040,P0053,127,18.63,2366.01
POI001041,PO01041,P0053,128,24.5,3136.0
POI001042,PO01042,P0053,128,18.63,2384.64
POI001043,PO01043,P0053,129,18.63,2403.27
POI001044,PO01044,P0053,127,24.5,3111.5
POI001045,PO01045,P0053,127,24.5,3111.5
POI001046,PO01046,P0054,85,8.35,709.75
POI001047,PO01047,P0054,82,8.35,684.7
POI001048,PO01048,P0054,92,8.35,768.2
POI001049,PO01049,P0054,95,8.35,793.25
POI001050,PO01050,P0054,98,9.22,903.56
POI001051,PO01051,P0054,93,9.22,857.46
POI001052,PO01052,P0054,99,9.22,912.78
POI001053,PO01053,P0054,82,9.56,783.92
POI001054,PO01054,P0054,84,9.22,774.48
POI001055,PO01055,P0054,84,8.35,701.4
POI001056,PO01056,P0054,90,9.22,829.8
POI001057,PO01057,P0054,83,9.22,765.26
POI001058,PO01058,P0054,84,9.56,803.04
POI001059,PO01059,P0054,95,9.22,875.9
POI001060,PO01060,P0054,104,9.22,958.88
POI001061,PO01061,P0054,81,8.35,676.35
POI001062,PO01062,P0054,88,8.35,734.8
POI001063,PO01063,P0054,89,8.35,743.15
POI001064,PO01064,P0054,94,9.22,866.68
POI001065,PO01065,P0054,84,9.56,803.04
POI001066,PO01066,P0054,93,9.22,857.46
POI001067,PO01067,P0054,111,8.35,926.85
POI001068,PO01068,P0054,81,9.22,746.82
POI001069,PO01069,P0054,95,9.22,875.9
POI001070,PO01070,P0054,96,9.56,917.76
POI001071,PO01071,P0054,96,9.22,885.12
POI001072,PO01072,P0054,88,9.22,811.36
POI001073,PO01073,P0054,89,9.22,820.58
POI001074,PO01074,P0054,94,9.22,866.68
POI001075,PO01075,P0054,81,9.22,746.82
POI001076,PO01076,P0054,86,9.56,822.16
POI001077,PO01077,P0054,85,9.22,783.7
POI001078,PO01078,P0054,95,9.56,908.2
POI001079,PO01079,P0054,94,8.35,784.9
POI001080,PO01080,P0054,99,9.56,946.44
POI001081,PO01081,P0054,94,8.35,784.9
POI001082,PO01082,P0054,93,9.22,857.46
POI001083,PO01083,P0054,86,9.22,792.92
POI001084,PO01084,P0054,98,9.56,936.88
POI001085,PO01085,P0054,82,9.22,756.04
POI001086,PO01086,P0054,84,9.22,774.48
POI001087,PO01087,P0054,94,9.22,866.68
POI001088,PO01088,P0054,88,9.22,811.36
POI001089,PO01089,P0054,95,8.35,793.25
POI001090,PO01090,P0054,89,8.35,743.15
POI001091,PO01091,P0054,88,9.22,811.36
POI001092,PO01092,P0054,87,9.56,831.72
POI001093,PO01093,P0054,88,9.22,811.36
POI001094,PO01094,P0054,92,8.35,768.2
POI001095,PO01095,P0054,96,9.22,885.12
POI001096,PO01096,P0054,101,9.22,931.22
POI001097,PO01097,P0054,92,9.22,848.24
POI001098,PO01098,P0054,93,9.22,857.46
POI001099,PO01099,P0054,90,8.35,751.5
POI001100,PO01100,P0054,87,9.22,802.14
POI001101,PO01101,P0054,85,8.35,709.75
POI001102,PO01102,P0054,85,9.22,783.7
POI001103,PO01103,P0054,82,9.22,756.04
POI001104,PO01104,P0054,98,9.22,903.56
POI001105,PO01105,P0054,96,8.35,801.6
POI001106,PO01106,P0054,90,9.56,860.4
POI001107,PO01107,P0054,83,9.22,765.26
POI001108,PO01108,P0054,83,8.35,693.05
POI001109,PO01109,P0054,81,8.35,676.35
POI001110,PO01110,P0054,92,9.22,848.24
POI001111,PO01111,P0054,97,9.22,894.34
POI001112,PO01112,P0054,91,9.22,839.02
POI001113,PO01113,P0054,86,8.35,718.1
POI001114,PO01114,P0054,98,9.22,903.56
POI001115,PO01115,P0055,225,11.96,2691.0
POI001116,PO01116,P0055,233,11.96,2786.68
POI001117,PO01117,P0055,228,11.96,2726.88
POI001118,PO01118,P0055,228,11.96,2726.88
POI001119,PO01119,P0055,227,11.96,2714.92
POI001120,PO01120,P0055,228,11.96,2726.88
POI001121,PO01121,P0055,226,11.96,2702.96
POI001122,PO01122,P0055,223,11.96,2667.08
POI001123,PO01123,P0055,223,11.96,2667.08
POI001124,PO01124,P0055,236,11.96,2822.56
POI001125,PO01125,P0056,285,17.73,5053.05
POI001126,PO01126,P0056,282,21.23,5986.86
POI001127,PO01127,P0056,281,20.87,5864.47
POI001128,PO01128,P0056,290,21.23,6156.7
POI001129,PO01129,P0056,289,17.73,5123.97
POI001130,PO01130,P0056,282,17.73,4999.86
POI001131,PO01131,P0056,286,20.87,5968.82
POI001132,PO01132,P0056,286,17.73,5070.78
POI001133,PO01133,P0056,285,17.73,5053.05
POI001134,PO01134,P0057,174,16.53,2876.22
POI001135,PO01135,P0057,176,16.53,2909.28
POI001136,PO01136,P0057,170,16.53,2810.1
POI001137,PO01137,P0057,173,16.41,2838.93
POI001138,PO01138,P0057,172,16.41,2822.52
POI001139,PO01139,P0057,172,16.41,2822.52
POI001140,PO01140,P0057,171,16.53,2826.63
POI001141,PO01141,P0057,173,16.41,2838.93
POI001142,PO01142,P0057,173,16.53,2859.69
POI001143,PO01143,P0057,171,16.53,2826.63
POI001144,PO01144,P0057,172,16.41,2822.52
POI001145,PO01145,P0057,170,16.41,2789.7
POI001146,PO01146,P0057,176,16.41,2888.16
POI001147,PO01147,P0057,174,16.41,2855.34
POI001148,PO01148,P0058,133,12.47,1658.51
POI001149,PO01149,P0058,135,12.47,1683.45
POI001150,PO01150,P0058,141,12.47,1758.27
POI001151,PO01151,P0058,132,12.47,1646.04
POI001152,PO01152,P0058,136,12.47,1695.92
POI001153,PO01153,P0058,142,12.47,1770.74
POI001154,PO01154,P0058,138,12.47,1720.86
POI001155,PO01155,P0058,135,12.47,1683.45
POI001156,PO01156,P0058,132,12.47,1646.04
POI001157,PO01157,P0058,139,12.47,1733.33
POI001158,PO01158,P0058,139,12.47,1733.33
POI001159,PO01159,P0058,140,12.47,1745.8
POI001160,PO01160,P0058,132,12.47,1646.04
POI001161,PO01161,P0058,141,12.47,1758.27
POI001162,PO01162,P0058,138,12.47,1720.86
POI001163,PO01163,P0058,136,12.47,1695.92
POI001164,PO01164,P0058,137,12.47,1708.39
POI001165,PO01165,P0058,135,12.47,1683.45
POI001166,PO01166,P0058,135,12.47,1683.45
POI001167,PO01167,P0058,133,12.47,1658.51
POI001168,PO01168,P0058,134,12.47,1670.98
POI001169,PO01169,P0058,138,12.47,1720.86
POI001170,PO01170,P0058,138,12.47,1720.86
POI001171,PO01171,P0059,345,19.28,6651.6
POI001172,PO01172,P0059,346,17.17,5940.82
POI001173,PO01173,P0059,343,19.28,6613.04
POI001174,PO01174,P0059,344,17.17,5906.48
POI001175,PO01175,P0059,346,17.17,5940.82
POI001176,PO01176,P0059,346,17.17,5940.82
POI001177,PO01177,P0059,343,17.17,5889.31
POI001178,PO01178,P0059,346,19.28,6670.88
POI001179,PO01179,P0059,345,19.28,6651.6
POI001180,PO01180,P0059,341,17.17,5854.97
POI001181,PO01181,P0059,346,19.28,6670.88
POI001182,PO01182,P0059,346,19.28,6670.88
POI001183,PO01183,P0059,342,19.28,6593.76
POI001184,PO01184,P0059,345,19.28,6651.6
POI001185,PO01185,P0059,338,17.17,5803.46
POI001186,PO01186,P0059,338,17.17,5803.46
POI001187,PO01187,P0059,342,19.28,6593.76
POI001188,PO01188,P0059,346,17.17,5940.82
POI001189,PO01189,P0059,346,17.17,5940.82
POI001190,PO01190,P0059,346,19.28,6670.88
POI001191,PO01191,P0059,337,17.17,5786.29
POI001192,PO01192,P0059,346,17.17,5940.82
POI001193,PO01193,P0060,400,5.54,2216.0
POI001194,PO01194,P0060,397,5.54,2199.38
POI001195,PO01195,P0060,400,5.54,2216.0
POI001196,PO01196,P0061,484,14.25,6897.0
POI001197,PO01197,P0061,484,14.25,6897.0
POI001198,PO01198,P0061,484,14.25,6897.0
POI001199,PO01199,P0061,484,14.25,6897.0
POI001200,PO01200,P0061,484,14.25,6897.0
POI001201,PO01201,P0061,483,14.25,6882.75
POI001202,PO01202,P0061,484,14.25,6897.0
POI001203,PO01203,P0061,484,14.25,6897.0
POI001204,PO01204,P0061,480,14.25,6840.0
POI001205,PO01205,P0061,481,14.25,6854.25
POI001206,PO01206,P0061,484,14.25,6897.0
POI001207,PO01207,P0061,484,14.25,6897.0
POI001208,PO01208,P0062,114,17.75,2023.5
POI001209,PO01209,P0062,111,17.75,1970.25
POI001210,PO01210,P0062,116,18.24,2115.84
POI001211,PO01211,P0062,111,17.75,1970.25
POI001212,PO01212,P0062,123,13.98,1719.54
POI001213,PO01213,P0062,114,18.24,2079.36
POI001214,PO01214,P0062,108,18.24,1969.92
POI001215,PO01215,P0062,117,13.98,1635.66
POI001216,PO01216,P0062,111,17.75,1970.25
POI001217,PO01217,P0062,111,18.24,2024.64
POI001218,PO01218,P0062,117,18.24,2134.08
POI001219,PO01219,P0062,117,18.24,2134.08
POI001220,PO01220,P0062,115,18.24,2097.6
POI001221,PO01221,P0062,114,13.98,1593.72
POI001222,PO01222,P0062,114,13.98,1593.72
POI001223,PO01223,P0062,110,13.98,1537.8
POI001224,PO01224,P0062,111,18.24,2024.64
POI001225,PO01225,P0062,109,18.24,1988.16
POI001226,PO01226,P0062,109,13.98,1523.82
POI001227,PO01227,P0062,112,18.24,2042.88
POI001228,PO01228,P0062,110,13.98,1537.8
POI001229,PO01229,P0062,114,18.24,2079.36
POI001230,PO01230,P0062,109,13.98,1523.82
POI001231,PO01231,P0062,109,13.98,1523.82
POI001232,PO01232,P0062,112,17.75,1988.0
POI001233,PO01233,P0062,113,17.75,2005.75
POI001234,PO01234,P0063,186,20.1,3738.6
POI001235,PO01235,P0063,184,20.1,3698.4
POI001236,PO01236,P0063,186,22.37,4160.82
POI001237,PO01237,P0063,183,20.1,3678.3
POI001238,PO01238,P0063,189,20.1,3798.9
POI001239,PO01239,P0063,186,20.1,3738.6
POI001240,PO01240,P0063,187,20.1,3758.7
POI001241,PO01241,P0063,188,20.1,3778.8
POI001242,PO01242,P0063,183,22.37,4093.71
POI001243,PO01243,P0063,182,20.1,3658.2
POI001244,PO01244,P0063,183,20.1,3678.3
POI001245,PO01245,P0063,182,20.1,3658.2
POI001246,PO01246,P0063,183,20.1,3678.3
POI001247,PO01247,P0063,184,20.1,3698.4
POI001248,PO01248,P0063,182,22.37,4071.34
POI001249,PO01249,P0063,188,22.37,4205.56
POI001250,PO01250,P0063,186,22.37,4160.82
POI001251,PO01251,P0064,222,1.28,284.16
POI001252,PO01252,P0064,228,1.28,291.84
POI001253,PO01253,P0064,219,1.28,280.32
POI001254,PO01254,P0064,220,1.28,281.6
POI001255,PO01255,P0064,222,1.28,284.16
POI001256,PO01256,P0064,219,1.28,280.32
POI001257,PO01257,P0064,215,1.28,275.2
POI001258,PO01258,P0064,226,1.28,289.28
POI001259,PO01259,P0064,224,1.28,286.72
POI001260,PO01260,P0064,219,1.28,280.32
POI001261,PO01261,P0064,216,1.28,276.48
POI001262,PO01262,P0064,220,1.28,281.6
POI001263,PO01263,P0064,219,1.28,280.32
POI001264,PO01264,P0064,216,1.28,276.48
POI001265,PO01265,P0064,216,1.28,276.48
POI001266,PO01266,P0064,220,1.28,281.6
POI001267,PO01267,P0064,217,1.28,277.76
POI001268,PO01268,P0064,213,1.28,272.64
POI001269,PO01269,P0064,223,1.28,285.44
POI001270,PO01270,P0065,279,0.81,225.99
POI001271,PO01271,P0065,284,0.81,230.04
POI001272,PO01272,P0065,280,0.81,226.8
POI001273,PO01273,P0065,271,0.81,219.51
POI001274,PO01274,P0065,270,0.81,218.7
POI001275,PO01275,P0065,280,0.81,226.8
POI001276,PO01276,P0065,278,0.81,225.18
POI001277,PO01277,P0065,278,0.81,225.18
POI001278,PO01278,P0065,273,0.81,221.13
POI001279,PO01279,P0065,271,0.81,219.51
POI001280,PO01280,P0065,271,0.81,219.51
POI001281,PO01281,P0065,277,0.81,224.37
POI001282,PO01282,P0065,276,0.81,223.56
POI001283,PO01283,P0065,272,0.81,220.32
POI001284,PO01284,P0065,274,0.81,221.94
POI001285,PO01285,P0065,285,0.81,230.85
POI001286,PO01286,P0065,277,0.81,224.37
POI001287,PO01287,P0065,270,0.81,218.7
POI001288,PO01288,P0065,275,0.81,222.75
POI001289,PO01289,P0066,129,22.31,2877.99
POI001290,PO01290,P0066,125,22.73,2841.25
POI001291,PO01291,P0066,125,17.67,2208.75
POI001292,PO01292,P0066,126,22.31,2811.06
POI001293,PO01293,P0066,128,22.73,2909.44
POI001294,PO01294,P0066,125,17.67,2208.75
POI001295,PO01295,P0066,129,17.67,2279.43
POI001296,PO01296,P0066,130,22.31,2900.3
POI001297,PO01297,P0066,126,22.31,2811.06
POI001298,PO01298,P0066,126,22.73,2863.98
POI001299,PO01299,P0066,127,17.67,2244.09
POI001300,PO01300,P0066,125,22.73,2841.25
POI001301,PO01301,P0067,388,14.93,5792.84
POI001302,PO01302,P0067,393,12.44,4888.92
POI001303,PO01303,P0067,391,14.93,5837.63
POI001304,PO01304,P0067,387,12.44,4814.28
POI001305,PO01305,P0067,389,14.93,5807.77
POI001306,PO01306,P0067,387,13.55,5243.85
POI001307,PO01307,P0067,387,12.44,4814.28
POI001308,PO01308,P0067,382,14.93,5703.26
POI001309,PO01309,P0068,146,3.58,522.68
POI001310,PO01310,P0068,151,3.58,540.58
POI001311,PO01311,P0068,150,3.58,537.0
POI001312,PO01312,P0068,148,3.74,553.52
POI001313,PO01313,P0068,144,3.74,538.56
POI001314,PO01314,P0068,146,3.98,581.08
POI001315,PO01315,P0068,149,3.98,593.02
POI001316,PO01316,P0068,143,3.74,534.82
POI001317,PO01317,P0068,147,3.74,549.78
POI001318,PO01318,P0068,145,3.98,577.1
POI001319,PO01319,P0068,144,3.74,538.56
POI001320,PO01320,P0068,144,3.98,573.12
POI001321,PO01321,P0068,144,3.98,573.12
POI001322,PO01322,P0068,149,3.74,557.26
POI001323,PO01323,P0069,275,8.53,2345.75
POI001324,PO01324,P0069,273,7.68,2096.64
POI001325,PO01325,P0069,275,8.53,2345.75
POI001326,PO01326,P0069,274,7.68,2104.32
POI001327,PO01327,P0069,273,8.53,2328.69
POI001328,PO01328,P0069,276,8.53,2354.28
POI001329,PO01329,P0069,276,7.68,2119.68
POI001330,PO01330,P0069,276,8.53,2354.28
POI001331,PO01331,P0069,273,7.68,2096.64
POI001332,PO01332,P0070,493,7.67,3781.31
POI001333,PO01333,P0070,496,7.67,3804.32
POI001334,PO01334,P0070,494,7.67,3788.98
POI001335,PO01335,P0070,496,7.67,3804.32
POI001336,PO01336,P0070,496,7.67,3804.32
POI001337,PO01337,P0070,496,7.67,3804.32
POI001338,PO01338,P0070,496,7.67,3804.32
POI001339,PO01339,P0070,496,7.67,3804.32
POI001340,PO01340,P0070,496,7.67,3804.32
POI001341,PO01341,P0070,495,7.67,3796.65
POI001342,PO01342,P0070,488,7.67,3742.96
POI001343,PO01343,P0070,496,7.67,3804.32
POI001344,PO01344,P0070,494,7.67,3788.98
POI001345,PO01345,P0070,493,7.67,3781.31
POI001346,PO01346,P0070,496,7.67,3804.32
POI001347,PO01347,P0071,75,10.15,761.25
POI001348,PO01348,P0071,74,10.15,751.1
POI001349,PO01349,P0071,86,11.75,1010.5
POI001350,PO01350,P0071,78,11.75,916.5
POI001351,PO01351,P0071,79,12.78,1009.62
POI001352,PO01352,P0071,83,10.15,842.45
POI001353,PO01353,P0071,78,12.78,996.84
POI001354,PO01354,P0071,87,11.75,1022.25
POI001355,PO01355,P0071,79,12.78,1009.62
POI001356,PO01356,P0071,90,10.15,913.5
POI001357,PO01357,P0071,84,10.15,852.6
POI001358,PO01358,P0071,77,10.15,781.55
POI001359,PO01359,P0071,83,12.78,1060.74
POI001360,PO01360,P0071,84,11.75,987.0
POI001361,PO01361,P0071,81,11.75,951.75
POI001362,PO01362,P0071,87,10.15,883.05
POI001363,PO01363,P0071,79,12.78,1009.62
POI001364,PO01364,P0071,78,10.15,791.7
POI001365,PO01365,P0071,76,10.15,771.4
POI001366,PO01366,P0071,80,11.75,940.0
POI001367,PO01367,P0071,80,12.78,1022.4
POI001368,PO01368,P0071,77,12.78,984.06
POI001369,PO01369,P0071,82,11.75,963.5
POI001370,PO01370,P0071,80,12.78,1022.4
POI001371,PO01371,P0071,84,11.75,987.0
POI001372,PO01372,P0071,73,12.78,932.94
POI001373,PO01373,P0071,80,10.15,812.0
POI001374,PO01374,P0071,76,10.15,771.4
POI001375,PO01375,P0071,82,12.78,1047.96
POI001376,PO01376,P0071,82,12.78,1047.96
POI001377,PO01377,P0071,77,11.75,904.75
POI001378,PO01378,P0071,82,11.75,963.5
POI001379,PO01379,P0071,80,11.75,940.0
POI001380,PO01380,P0071,81,11.75,951.75
POI001381,PO01381,P0071,76,10.15,771.4
POI001382,PO01382,P0071,81,10.15,822.15
POI001383,PO01383,P0071,80,11.75,940.0
POI001384,PO01384,P0071,86,11.75,1010.5
POI001385,PO01385,P0071,81,11.75,951.75
POI001386,PO01386,P0071,88,12.78,1124.64
POI001387,PO01387,P0071,84,10.15,852.6
POI001388,PO01388,P0071,73,11.75,857.75
POI001389,PO01389,P0071,76,12.78,971.28
POI001390,PO01390,P0071,74,12.78,945.72
POI001391,PO01391,P0071,87,11.75,1022.25
POI001392,PO01392,P0071,73,10.15,740.95
POI001393,PO01393,P0071,82,12.78,1047.96
POI001394,PO01394,P0071,83,12.78,1060.74
POI001395,PO01395,P0071,73,12.78,932.94
POI001396,PO01396,P0071,78,12.78,996.84
POI001397,PO01397,P0071,74,11.75,869.5
POI001398,PO01398,P0071,77,12.78,984.06
POI001399,PO01399,P0071,74,11.75,869.5
POI001400,PO01400,P0071,76,12.78,971.28
POI001401,PO01401,P0071,86,10.15,872.9
POI001402,PO01402,P0071,77,10.15,781.55
POI001403,PO01403,P0071,77,11.75,904.75
POI001404,PO01404,P0071,84,11.75,987.0
POI001405,PO01405,P0071,75,10.15,761.25
POI001406,PO01406,P0071,78,11.75,916.5
POI001407,PO01407,P0071,80,11.75,940.0
POI001408,PO01408,P0071,82,11.75,963.5
POI001409,PO01409,P0072,171,16.31,2789.01
POI001410,PO01410,P0072,177,13.98,2474.46
POI001411,PO01411,P0072,177,16.31,2886.87
POI001412,PO01412,P0072,170,16.31,2772.7
POI001413,PO01413,P0072,177,16.31,2886.87
POI001414,PO01414,P0072,173,16.31,2821.63
POI001415,PO01415,P0072,177,13.98,2474.46
POI001416,PO01416,P0072,177,13.98,2474.46
POI001417,PO01417,P0072,177,16.31,2886.87
POI001418,PO01418,P0072,174,16.31,2837.94
POI001419,PO01419,P0072,177,13.98,2474.46
POI001420,PO01420,P0072,177,16.31,2886.87
POI001421,PO01421,P0072,173,16.31,2821.63
POI001422,PO01422,P0072,176,13.98,2460.48
POI001423,PO01423,P0072,174,13.98,2432.52
POI001424,PO01424,P0072,169,16.31,2756.39
POI001425,PO01425,P0072,175,13.98,2446.5
POI001426,PO01426,P0072,177,16.31,2886.87
POI001427,PO01427,P0072,177,16.31,2886.87
POI001428,PO01428,P0072,177,16.31,2886.87
POI001429,PO01429,P0072,177,16.31,2886.87
POI001430,PO01430,P0072,177,13.98,2474.46
POI001431,PO01431,P0072,167,16.31,2723.77
POI001432,PO01432,P0072,176,13.98,2460.48
POI001433,PO01433,P0072,172,13.98,2404.56
POI001434,PO01434,P0072,167,13.98,2334.66
POI001435,PO01435,P0072,177,16.31,2886.87
POI001436,PO01436,P0072,177,16.31,2886.87
POI001437,PO01437,P0072,171,13.98,2390.58
POI001438,PO01438,P0072,168,16.31,2740.08
POI001439,PO01439,P0072,175,16.31,2854.25
POI001440,PO01440,P0072,170,13.98,2376.6
POI001441,PO01441,P0072,170,13.98,2376.6
POI001442,PO01442,P0073,323,8.48,2739.04
POI001443,PO01443,P0073,330,8.48,2798.4
POI001444,PO01444,P0073,320,10.61,3395.2
POI001445,PO01445,P0073,321,10.19,3270.99
POI001446,PO01446,P0073,320,10.19,3260.8
POI001447,PO01447,P0073,319,10.19,3250.61
POI001448,PO01448,P0073,323,10.61,3427.03
POI001449,PO01449,P0073,324,10.61,3437.64
POI001450,PO01450,P0073,320,10.61,3395.2
POI001451,PO01451,P0073,318,10.19,3240.42
POI001452,PO01452,P0073,321,10.19,3270.99
POI001453,PO01453,P0073,323,10.19,3291.37
POI001454,PO01454,P0073,328,10.61,3480.08
POI001455,PO01455,P0073,332,10.19,3383.08
POI001456,PO01456,P0073,319,8.48,2705.12
POI001457,PO01457,P0073,335,8.48,2840.8
POI001458,PO01458,P0073,328,10.61,3480.08
POI001459,PO01459,P0073,333,8.48,2823.84
POI001460,PO01460,P0073,319,10.19,3250.61
POI001461,PO01461,P0073,326,10.19,3321.94
POI001462,PO01462,P0073,325,10.61,3448.25
POI001463,PO01463,P0074,316,4.94,1561.04
POI001464,PO01464,P0074,328,5.64,1849.92
POI001465,PO01465,P0074,319,4.94,1575.86
POI001466,PO01466,P0074,324,4.94,1600.56
POI001467,PO01467,P0074,329,5.35,1760.15
POI001468,PO01468,P0074,323,4.94,1595.62
POI001469,PO01469,P0074,332,4.94,1640.08
POI001470,PO01470,P0074,332,5.35,1776.2
POI001471,PO01471,P0074,332,4.94,1640.08
POI001472,PO01472,P0074,332,4.94,1640.08
POI001473,PO01473,P0074,331,5.64,1866.84
POI001474,PO01474,P0074,319,5.35,1706.65
POI001475,PO01475,P0074,325,5.35,1738.75
POI001476,PO01476,P0074,321,5.64,1810.44
POI001477,PO01477,P0074,318,5.64,1793.52
POI001478,PO01478,P0074,332,5.64,1872.48
POI001479,PO01479,P0074,317,5.35,1695.95
POI001480,PO01480,P0074,322,4.94,1590.68
POI001481,PO01481,P0074,328,4.94,1620.32
POI001482,PO01482,P0074,321,5.64,1810.44
POI001483,PO01483,P0074,327,4.94,1615.38
POI001484,PO01484,P0074,331,5.35,1770.85
POI001485,PO01485,P0075,390,18.75,7312.5
POI001486,PO01486,P0075,389,17.22,6698.58
POI001487,PO01487,P0075,400,18.75,7500.0
POI001488,PO01488,P0075,393,17.22,6767.46
POI001489,PO01489,P0075,403,17.22,6939.66
POI001490,PO01490,P0075,395,17.22,6801.9
POI001491,PO01491,P0075,393,17.22,6767.46
POI001492,PO01492,P0075,397,17.22,6836.34
POI001493,PO01493,P0075,399,18.75,7481.25
POI001494,PO01494,P0075,388,18.75,7275.0
POI001495,PO01495,P0075,400,17.22,6888.0
POI001496,PO01496,P0075,409,18.75,7668.75
POI001497,PO01497,P0075,401,18.75,7518.75
POI001498,PO01498,P0075,393,18.75,7368.75
POI001499,PO01499,P0075,410,18.75,7687.5
POI001500,PO01500,P0075,392,17.22,6750.24
POI001501,PO01501,P0075,393,17.22,6767.46
POI001502,PO01502,P0075,404,17.22,6956.88
POI001503,PO01503,P0075,400,17.22,6888.0
POI001504,PO01504,P0075,396,17.22,6819.12
POI001505,PO01505,P0075,411,17.22,7077.42
POI001506,PO01506,P0076,81,5.83,472.23
POI001507,PO01507,P0076,103,5.83,600.49
POI001508,PO01508,P0076,79,5.83,460.57
POI001509,PO01509,P0076,82,5.83,478.06
POI001510,PO01510,P0076,80,5.83,466.4
POI001511,PO01511,P0076,96,5.83,559.68
POI001512,PO01512,P0076,76,5.83,443.08
POI001513,PO01513,P0076,83,5.83,483.89
POI001514,PO01514,P0076,79,5.83,460.57
POI001515,PO01515,P0076,87,5.83,507.21
POI001516,PO01516,P0076,84,5.83,489.72
POI001517,PO01517,P0076,99,5.83,577.17
POI001518,PO01518,P0076,85,5.83,495.55
POI001519,PO01519,P0076,90,5.83,524.7
POI001520,PO01520,P0076,96,5.83,559.68
POI001521,PO01521,P0076,89,5.83,518.87
POI001522,PO01522,P0076,85,5.83,495.55
POI001523,PO01523,P0076,91,5.83,530.53
POI001524,PO01524,P0076,79,5.83,460.57
POI001525,PO01525,P0076,86,5.83,501.38
POI001526,PO01526,P0076,90,5.83,524.7
POI001527,PO01527,P0076,106,5.83,617.98
POI001528,PO01528,P0076,88,5.83,513.04
POI001529,PO01529,P0076,92,5.83,536.36
POI001530,PO01530,P0076,96,5.83,559.68
POI001531,PO01531,P0076,82,5.83,478.06
POI001532,PO01532,P0076,85,5.83,495.55
POI001533,PO01533,P0076,91,5.83,530.53
POI001534,PO01534,P0076,95,5.83,553.85
POI001535,PO01535,P0076,89,5.83,518.87
POI001536,PO01536,P0076,91,5.83,530.53
POI001537,PO01537,P0076,89,5.83,518.87
POI001538,PO01538,P0076,80,5.83,466.4
POI001539,PO01539,P0076,97,5.83,565.51
POI001540,PO01540,P0076,78,5.83,454.74
POI001541,PO01541,P0076,81,5.83,472.23
POI001542,PO01542,P0076,86,5.83,501.38
POI001543,PO01543,P0076,88,5.83,513.04
POI001544,PO01544,P0076,84,5.83,489.72
POI001545,PO01545,P0076,77,5.83,448.91
POI001546,PO01546,P0076,78,5.83,454.74
POI001547,PO01547,P0076,80,5.83,466.4
POI001548,PO01548,P0076,81,5.83,472.23
POI001549,PO01549,P0076,92,5.83,536.36
POI001550,PO01550,P0076,78,5.83,454.74
POI001551,PO01551,P0076,77,5.83,448.91
POI001552,PO01552,P0076,81,5.83,472.23
POI001553,PO01553,P0076,79,5.83,460.57
POI001554,PO01554,P0076,91,5.83,530.53
POI001555,PO01555,P0076,78,5.83,454.74
POI001556,PO01556,P0076,86,5.83,501.38
POI001557,PO01557,P0076,95,5.83,553.85
POI001558,PO01558,P0076,84,5.83,489.72
POI001559,PO01559,P0076,84,5.83,489.72
POI001560,PO01560,P0076,84,5.83,489.72
POI001561,PO01561,P0076,87,5.83,507.21
POI001562,PO01562,P0076,90,5.83,524.7
POI001563,PO01563,P0076,89,5.83,518.87
POI001564,PO01564,P0076,87,5.83,507.21
POI001565,PO01565,P0076,86,5.83,501.38
POI001566,PO01566,P0076,78,5.83,454.74
POI001567,PO01567,P0076,87,5.83,507.21
POI001568,PO01568,P0076,78,5.83,454.74
POI001569,PO01569,P0076,89,5.83,518.87
POI001570,PO01570,P0076,83,5.83,483.89
POI001571,PO01571,P0076,78,5.83,454.74
POI001572,PO01572,P0076,84,5.83,489.72
POI001573,PO01573,P0076,78,5.83,454.74
POI001574,PO01574,P0076,97,5.83,565.51
POI001575,PO01575,P0076,78,5.83,454.74
POI001576,PO01576,P0076,93,5.83,542.19
POI001577,PO01577,P0076,94,5.83,548.02
POI001578,PO01578,P0076,76,5.83,443.08
POI001579,PO01579,P0076,88,5.83,513.04
POI001580,PO01580,P0076,86,5.83,501.38
POI001581,PO01581,P0076,77,5.83,448.91
POI001582,PO01582,P0076,82,5.83,478.06
POI001583,PO01583,P0076,80,5.83,466.4
POI001584,PO01584,P0076,93,5.83,542.19
POI001585,PO01585,P0076,89,5.83,518.87
POI001586,PO01586,P0076,79,5.83,460.57
POI001587,PO01587,P0077,80,2.54,203.2
POI001588,PO01588,P0077,82,2.54,208.28
POI001589,PO01589,P0077,82,2.54,208.28
POI001590,PO01590,P0077,94,2.54,238.76
POI001591,PO01591,P0077,91,2.54,231.14
POI001592,PO01592,P0077,91,2.54,231.14
POI001593,PO01593,P0077,81,2.54,205.74
POI001594,PO01594,P0077,93,2.54,236.22
POI001595,PO01595,P0077,94,2.54,238.76
POI001596,PO01596,P0077,82,2.54,208.28
POI001597,PO01597,P0077,92,2.54,233.68
POI001598,PO01598,P0077,87,2.54,220.98
POI001599,PO01599,P0077,92,2.54,233.68
POI001600,PO01600,P0077,89,2.54,226.06
POI001601,PO01601,P0077,85,2.54,215.9
POI001602,PO01602,P0077,83,2.54,210.82
POI001603,PO01603,P0077,82,2.54,208.28
POI001604,PO01604,P0077,84,2.54,213.36
POI001605,PO01605,P0077,87,2.54,220.98
POI001606,PO01606,P0077,80,2.54,203.2
POI001607,PO01607,P0077,80,2.54,203.2
POI001608,PO01608,P0077,86,2.54,218.44
POI001609,PO01609,P0077,83,2.54,210.82
POI001610,PO01610,P0077,85,2.54,215.9
POI001611,PO01611,P0077,85,2.54,215.9
POI001612,PO01612,P0077,83,2.54,210.82
POI001613,PO01613,P0077,87,2.54,220.98
POI001614,PO01614,P0077,80,2.54,203.2
POI001615,PO01615,P0077,83,2.54,210.82
POI001616,PO01616,P0077,80,2.54,203.2
POI001617,PO01617,P0077,92,2.54,233.68
POI001618,PO01618,P0077,86,2.54,218.44
POI001619,PO01619,P0077,86,2.54,218.44
POI001620,PO01620,P0077,88,2.54,223.52
POI001621,PO01621,P0077,80,2.54,203.2
POI001622,PO01622,P0077,85,2.54,215.9
POI001623,PO01623,P0077,85,2.54,215.9
POI001624,PO01624,P0077,84,2.54,213.36
POI001625,PO01625,P0077,85,2.54,215.9
POI001626,PO01626,P0077,84,2.54,213.36
POI001627,PO01627,P0077,81,2.54,205.74
POI001628,PO01628,P0077,84,2.54,213.36
POI001629,PO01629,P0077,90,2.54,228.6
POI001630,PO01630,P0077,95,2.54,241.3
POI001631,PO01631,P0078,406,14.66,5951.96
POI001632,PO01632,P0078,412,14.66,6039.92
POI001633,PO01633,P0078,394,14.66,5776.04
POI001634,PO01634,P0078,408,14.66,5981.28
POI001635,PO01635,P0078,397,14.66,5820.02
POI001636,PO01636,P0078,399,14.66,5849.34
POI001637,PO01637,P0078,402,14.66,5893.32
POI001638,PO01638,P0078,405,14.66,5937.3
POI001639,PO01639,P0078,403,14.66,5907.98
POI001640,PO01640,P0078,400,14.66,5864.0
POI001641,PO01641,P0078,402,14.66,5893.32
POI001642,PO01642,P0078,394,14.66,5776.04
POI001643,PO01643,P0078,400,14.66,5864.0
POI001644,PO01644,P0079,423,5.59,2364.57
POI001645,PO01645,P0079,425,6.93,2945.25
POI001646,PO01646,P0079,430,5.59,2403.7
POI001647,PO01647,P0079,429,5.59,2398.11
POI001648,PO01648,P0079,436,5.59,2437.24
POI001649,PO01649,P0079,427,6.93,2959.11
POI001650,PO01650,P0079,429,6.93,2972.97
POI001651,PO01651,P0079,428,6.93,2966.04
POI001652,PO01652,P0079,425,5.59,2375.75
POI001653,PO01653,P0079,423,5.59,2364.57
POI001654,PO01654,P0079,428,6.93,2966.04
POI001655,PO01655,P0080,241,12.36,2978.76
POI001656,PO01656,P0080,245,14.73,3608.85
POI001657,PO01657,P0080,235,12.36,2904.6
POI001658,PO01658,P0080,235,12.36,2904.6
POI001659,PO01659,P0080,237,12.36,2929.32
POI001660,PO01660,P0080,239,14.73,3520.47
POI001661,PO01661,P0080,242,12.36,2991.12
POI001662,PO01662,P0080,231,14.73,3402.63
POI001663,PO01663,P0080,235,12.36,2904.6
POI001664,PO01664,P0080,240,14.73,3535.2
POI001665,PO01665,P0080,249,14.73,3667.77
POI001666,PO01666,P0080,251,12.36,3102.36
POI001667,PO01667,P0080,251,14.73,3697.23
POI001668,PO01668,P0080,232,12.36,2867.52
POI001669,PO01669,P0080,249,14.73,3667.77
POI001670,PO01670,P0080,237,12.36,2929.32
POI001671,PO01671,P0080,252,14.73,3711.96
POI001672,PO01672,P0080,235,12.36,2904.6
POI001673,PO01673,P0080,249,12.36,3077.64
POI001674,PO01674,P0080,243,12.36,3003.48
POI001675,PO01675,P0080,244,14.73,3594.12
POI001676,PO01676,P0080,252,14.73,3711.96
POI001677,PO01677,P0080,249,12.36,3077.64
POI001678,PO01678,P0080,232,12.36,2867.52
POI001679,PO01679,P0080,239,14.73,3520.47
POI001680,PO01680,P0080,243,14.73,3579.39
POI001681,PO01681,P0080,236,14.73,3476.28
POI001682,PO01682,P0080,235,12.36,2904.6
POI001683,PO01683,P0080,247,12.36,3052.92
POI001684,PO01684,P0080,253,12.36,3127.08
POI001685,PO01685,P0080,246,12.36,3040.56
POI001686,PO01686,P0080,235,14.73,3461.55
POI001687,PO01687,P0081,375,8.12,3045.0
POI001688,PO01688,P0081,385,7.5,2887.5
POI001689,PO01689,P0081,379,7.5,2842.5
POI001690,PO01690,P0081,378,8.12,3069.36
POI001691,PO01691,P0081,374,7.5,2805.0
POI001692,PO01692,P0081,378,7.5,2835.0
POI001693,PO01693,P0081,388,7.5,2910.0
POI001694,PO01694,P0081,386,7.5,2895.0
POI001695,PO01695,P0081,375,7.5,2812.5
POI001696,PO01696,P0081,376,8.12,3053.12
POI001697,PO01697,P0081,378,8.12,3069.36
POI001698,PO01698,P0081,385,7.5,2887.5
POI001699,PO01699,P0082,435,2.36,1026.6
POI001700,PO01700,P0082,437,2.36,1031.32
POI001701,PO01701,P0082,439,3.05,1338.95
POI001702,PO01702,P0082,436,3.05,1329.8
POI001703,PO01703,P0082,440,3.05,1342.0
POI001704,PO01704,P0082,442,2.36,1043.12
POI001705,PO01705,P0082,436,3.05,1329.8
POI001706,PO01706,P0082,445,3.05,1357.25
POI001707,PO01707,P0082,437,3.05,1332.85
POI001708,PO01708,P0083,150,5.11,766.5
POI001709,PO01709,P0083,151,5.11,771.61
POI001710,PO01710,P0083,154,5.11,786.94
POI001711,PO01711,P0083,153,5.11,781.83
POI001712,PO01712,P0083,152,5.11,776.72
POI001713,PO01713,P0083,148,5.11,756.28
POI001714,PO01714,P0083,151,5.11,771.61
POI001715,PO01715,P0083,153,5.11,781.83
POI001716,PO01716,P0083,154,5.11,786.94
POI001717,PO01717,P0083,146,5.11,746.06
POI001718,PO01718,P0083,151,5.11,771.61
POI001719,PO01719,P0083,147,5.11,751.17
POI001720,PO01720,P0083,152,5.11,776.72
POI001721,PO01721,P0083,146,5.11,746.06
POI001722,PO01722,P0083,148,5.11,756.28
POI001723,PO01723,P0083,149,5.11,761.39
POI001724,PO01724,P0084,81,24.09,1951.29
POI001725,PO01725,P0084,88,24.09,2119.92
POI001726,PO01726,P0084,90,24.09,2168.1
POI001727,PO01727,P0084,84,24.09,2023.56
POI001728,PO01728,P0084,83,24.09,1999.47
POI001729,PO01729,P0084,85,24.09,2047.65
POI001730,PO01730,P0084,86,24.09,2071.74
POI001731,PO01731,P0084,81,24.09,1951.29
POI001732,PO01732,P0084,90,24.09,2168.1
POI001733,PO01733,P0084,86,24.09,2071.74
POI001734,PO01734,P0084,83,24.09,1999.47
POI001735,PO01735,P0084,88,24.09,2119.92
POI001736,PO01736,P0084,86,24.09,2071.74
POI001737,PO01737,P0084,83,24.09,1999.47
POI001738,PO01738,P0084,85,24.09,2047.65
POI001739,PO01739,P0084,90,24.09,2168.1
POI001740,PO01740,P0084,89,24.09,2144.01
POI001741,PO01741,P0084,88,24.09,2119.92
POI001742,PO01742,P0084,86,24.09,2071.74
POI001743,PO01743,P0084,90,24.09,2168.1
POI001744,PO01744,P0084,84,24.09,2023.56
POI001745,PO01745,P0084,81,24.09,1951.29
POI001746,PO01746,P0084,82,24.09,1975.38
POI001747,PO01747,P0084,85,24.09,2047.65
POI001748,PO01748,P0084,87,24.09,2095.83
POI001749,PO01749,P0084,82,24.09,1975.38
POI001750,PO01750,P0084,92,24.09,2216.28
POI001751,PO01751,P0084,84,24.09,2023.56
POI001752,PO01752,P0084,93,24.09,2240.37
POI001753,PO01753,P0084,81,24.09,1951.29
POI001754,PO01754,P0084,85,24.09,2047.65
POI001755,PO01755,P0084,83,24.09,1999.47
POI001756,PO01756,P0084,87,24.09,2095.83
POI001757,PO01757,P0084,85,24.09,2047.65
POI001758,PO01758,P0084,84,24.09,2023.56
POI001759,PO01759,P0084,82,24.09,1975.38
POI001760,PO01760,P0084,88,24.09,2119.92
POI001761,PO01761,P0084,83,24.09,1999.47
POI001762,PO01762,P0084,88,24.09,2119.92
POI001763,PO01763,P0084,88,24.09,2119.92
POI001764,PO01764,P0084,91,24.09,2192.19
POI001765,PO01765,P0085,371,5.4,2003.4
POI001766,PO01766,P0085,379,5.65,2141.35
POI001767,PO01767,P0085,373,6.02,2245.46
POI001768,PO01768,P0085,370,5.65,2090.5
POI001769,PO01769,P0085,375,5.65,2118.75
POI001770,PO01770,P0085,374,5.4,2019.6
POI001771,PO01771,P0085,371,5.65,2096.15
POI001772,PO01772,P0086,96,22.82,2190.72
POI001773,PO01773,P0086,109,21.47,2340.23
POI001774,PO01774,P0086,88,21.47,1889.36
POI001775,PO01775,P0086,109,19.48,2123.32
POI001776,PO01776,P0086,84,22.82,1916.88
POI001777,PO01777,P0086,106,22.82,2418.92
POI001778,PO01778,P0086,107,19.48,2084.36
POI001779,PO01779,P0086,93,21.47,1996.71
POI001780,PO01780,P0086,89,22.82,2030.98
POI001781,PO01781,P0086,89,19.48,1733.72
POI001782,PO01782,P0086,90,22.82,2053.8
POI001783,PO01783,P0086,106,22.82,2418.92
POI001784,PO01784,P0086,102,22.82,2327.64
POI001785,PO01785,P0086,98,21.47,2104.06
POI001786,PO01786,P0086,89,21.47,1910.83
POI001787,PO01787,P0086,109,19.48,2123.32
POI001788,PO01788,P0086,105,21.47,2254.35
POI001789,PO01789,P0086,114,22.82,2601.48
POI001790,PO01790,P0086,98,19.48,1909.04
POI001791,PO01791,P0086,89,21.47,1910.83
POI001792,PO01792,P0086,87,22.82,1985.34
POI001793,PO01793,P0086,100,19.48,1948.0
POI001794,PO01794,P0086,95,19.48,1850.6
POI001795,PO01795,P0086,94,19.48,1831.12
POI001796,PO01796,P0086,106,19.48,2064.88
POI001797,PO01797,P0086,106,22.82,2418.92
POI001798,PO01798,P0086,105,22.82,2396.1
POI001799,PO01799,P0086,84,21.47,1803.48
POI001800,PO01800,P0086,96,21.47,2061.12
POI001801,PO01801,P0086,95,19.48,1850.6
POI001802,PO01802,P0086,94,22.82,2145.08
POI001803,PO01803,P0086,105,19.48,2045.4
POI001804,PO01804,P0086,102,22.82,2327.64
POI001805,PO01805,P0086,92,22.82,2099.44
POI001806,PO01806,P0086,106,22.82,2418.92
POI001807,PO01807,P0086,100,22.82,2282.0
POI001808,PO01808,P0086,95,22.82,2167.9
POI001809,PO01809,P0086,114,21.47,2447.58
POI001810,PO01810,P0086,87,19.48,1694.76
POI001811,PO01811,P0086,98,22.82,2236.36
POI001812,PO01812,P0086,87,21.47,1867.89
POI001813,PO01813,P0086,100,22.82,2282.0
POI001814,PO01814,P0086,97,19.48,1889.56
POI001815,PO01815,P0086,88,19.48,1714.24
POI001816,PO01816,P0086,95,22.82,2167.9
POI001817,PO01817,P0086,97,19.48,1889.56
POI001818,PO01818,P0086,100,19.48,1948.0
POI001819,PO01819,P0086,110,21.47,2361.7
POI001820,PO01820,P0086,89,21.47,1910.83
POI001821,PO01821,P0086,99,19.48,1928.52
POI001822,PO01822,P0086,94,19.48,1831.12
POI001823,PO01823,P0086,109,19.48,2123.32
POI001824,PO01824,P0086,100,21.47,2147.0
POI001825,PO01825,P0086,89,19.48,1733.72
POI001826,PO01826,P0086,96,21.47,2061.12
POI001827,PO01827,P0086,96,19.48,1870.08
POI001828,PO01828,P0086,110,22.82,2510.2
POI001829,PO01829,P0086,108,22.82,2464.56
POI001830,PO01830,P0086,91,21.47,1953.77
POI001831,PO01831,P0086,89,21.47,1910.83
POI001832,PO01832,P0086,87,21.47,1867.89
POI001833,PO01833,P0086,87,21.47,1867.89
POI001834,PO01834,P0086,94,19.48,1831.12
POI001835,PO01835,P0086,96,22.82,2190.72
POI001836,PO01836,P0086,90,21.47,1932.3
POI001837,PO01837,P0086,101,19.48,1967.48
POI001838,PO01838,P0086,93,21.47,1996.71
POI001839,PO01839,P0086,89,19.48,1733.72
POI001840,PO01840,P0086,88,21.47,1889.36
POI001841,PO01841,P0086,93,22.82,2122.26
POI001842,PO01842,P0086,88,21.47,1889.36
POI001843,PO01843,P0086,94,19.48,1831.12
POI001844,PO01844,P0086,92,21.47,1975.24
POI001845,PO01845,P0086,108,19.48,2103.84
POI001846,PO01846,P0086,91,22.82,2076.62
POI001847,PO01847,P0086,96,21.47,2061.12
POI001848,PO01848,P0086,92,21.47,1975.24
POI001849,PO01849,P0086,97,19.48,1889.56
POI001850,PO01850,P0086,93,22.82,2122.26
POI001851,PO01851,P0086,104,19.48,2025.92
POI001852,PO01852,P0086,86,19.48,1675.28
POI001853,PO01853,P0086,105,22.82,2396.1
POI001854,PO01854,P0087,439,21.46,9420.94
POI001855,PO01855,P0087,438,21.46,9399.48
POI001856,PO01856,P0087,441,20.0,8820.0
POI001857,PO01857,P0087,439,22.78,10000.42
POI001858,PO01858,P0087,438,20.0,8760.0
POI001859,PO01859,P0087,434,21.46,9313.64
POI001860,PO01860,P0087,453,22.78,10319.34
POI001861,PO01861,P0087,436,22.78,9932.08
POI001862,PO01862,P0087,448,20.0,8960.0
POI001863,PO01863,P0087,427,21.46,9163.42
POI001864,PO01864,P0087,431,22.78,9818.18
POI001865,PO01865,P0087,430,20.0,8600.0
POI001866,PO01866,P0087,431,21.46,9249.26
POI001867,PO01867,P0087,438,20.0,8760.0
POI001868,PO01868,P0087,438,22.78,9977.64
POI001869,PO01869,P0087,448,22.78,10205.44
POI001870,PO01870,P0088,262,16.91,4430.42
POI001871,PO01871,P0088,258,13.27,3423.66
POI001872,PO01872,P0088,259,16.91,4379.69
POI001873,PO01873,P0088,258,15.49,3996.42
POI001874,PO01874,P0088,260,15.49,4027.4
POI001875,PO01875,P0088,259,15.49,4011.91
POI001876,PO01876,P0089,221,10.89,2406.69
POI001877,PO01877,P0089,226,10.89,2461.14
POI001878,PO01878,P0089,221,10.89,2406.69
POI001879,PO01879,P0089,211,10.89,2297.79
POI001880,PO01880,P0089,226,10.89,2461.14
POI001881,PO01881,P0089,221,10.89,2406.69
POI001882,PO01882,P0089,212,10.89,2308.68
POI001883,PO01883,P0089,206,10.89,2243.34
POI001884,PO01884,P0089,206,10.89,2243.34
POI001885,PO01885,P0089,227,10.89,2472.03
POI001886,PO01886,P0089,215,10.89,2341.35
POI001887,PO01887,P0089,220,10.89,2395.8
POI001888,PO01888,P0089,220,10.89,2395.8
POI001889,PO01889,P0089,217,10.89,2363.13
POI001890,PO01890,P0089,208,10.89,2265.12
POI001891,PO01891,P0089,217,10.89,2363.13
POI001892,PO01892,P0089,216,10.89,2352.24
POI001893,PO01893,P0089,222,10.89,2417.58
POI001894,PO01894,P0089,216,10.89,2352.24
POI001895,PO01895,P0089,216,10.89,2352.24
POI001896,PO01896,P0089,213,10.89,2319.57
POI001897,PO01897,P0089,212,10.89,2308.68
POI001898,PO01898,P0089,225,10.89,2450.25
POI001899,PO01899,P0089,216,10.89,2352.24
POI001900,PO01900,P0089,218,10.89,2374.02
POI001901,PO01901,P0089,211,10.89,2297.79
POI001902,PO01902,P0089,219,10.89,2384.91
POI001903,PO01903,P0089,222,10.89,2417.58
POI001904,PO01904,P0089,223,10.89,2428.47
POI001905,PO01905,P0089,212,10.89,2308.68
POI001906,PO01906,P0089,210,10.89,2286.9
POI001907,PO01907,P0089,223,10.89,2428.47
POI001908,PO01908,P0089,206,10.89,2243.34
POI001909,PO01909,P0089,206,10.89,2243.34
POI001910,PO01910,P0089,217,10.89,2363.13
POI001911,PO01911,P0089,210,10.89,2286.9
POI001912,PO01912,P0089,223,10.89,2428.47
POI001913,PO01913,P0089,226,10.89,2461.14
POI001914,PO01914,P0089,213,10.89,2319.57
POI001915,PO01915,P0090,420,12.31,5170.2
POI001916,PO01916,P0090,413,12.31,5084.03
POI001917,PO01917,P0090,418,12.31,5145.58
POI001918,PO01918,P0090,408,12.78,5214.24
POI001919,PO01919,P0090,413,12.31,5084.03
POI001920,PO01920,P0090,419,12.78,5354.82
POI001921,PO01921,P0090,413,12.78,5278.14
POI001922,PO01922,P0090,416,12.31,5120.96
POI001923,PO01923,P0090,416,12.31,5120.96
POI001924,PO01924,P0090,413,12.31,5084.03
POI001925,PO01925,P0090,417,12.78,5329.26
POI001926,PO01926,P0090,409,12.31,5034.79
POI001927,PO01927,P0091,319,26.46,8440.74
POI001928,PO01928,P0091,308,22.61,6963.88
POI001929,PO01929,P0091,308,22.61,6963.88
POI001930,PO01930,P0091,319,26.46,8440.74
POI001931,PO01931,P0091,319,23.73,7569.87
POI001932,PO01932,P0091,316,23.73,7498.68
POI001933,PO01933,P0091,309,22.61,6986.49
POI001934,PO01934,P0091,319,26.46,8440.74
POI001935,PO01935,P0091,313,26.46,8281.98
POI001936,PO01936,P0091,317,26.46,8387.82
POI001937,PO01937,P0091,319,23.73,7569.87
POI001938,PO01938,P0091,311,22.61,7031.71
POI001939,PO01939,P0091,310,23.73,7356.3
POI001940,PO01940,P0091,313,26.46,8281.98
POI001941,PO01941,P0091,319,26.46,8440.74
POI001942,PO01942,P0091,315,22.61,7122.15
POI001943,PO01943,P0091,319,23.73,7569.87
POI001944,PO01944,P0091,319,26.46,8440.74
POI001945,PO01945,P0091,313,22.61,7076.93
POI001946,PO01946,P0091,319,26.46,8440.74
POI001947,PO01947,P0091,317,23.73,7522.41
POI001948,PO01948,P0092,378,25.5,9639.0
POI001949,PO01949,P0092,369,21.0,7749.0
POI001950,PO01950,P0092,384,21.0,8064.0
POI001951,PO01951,P0092,386,25.5,9843.0
POI001952,PO01952,P0092,361,21.62,7804.82
POI001953,PO01953,P0092,379,21.62,8193.98
POI001954,PO01954,P0092,383,21.0,8043.0
POI001955,PO01955,P0092,390,21.62,8431.8
POI001956,PO01956,P0092,362,25.5,9231.0
POI001957,PO01957,P0092,395,21.62,8539.9
POI001958,PO01958,P0092,363,25.5,9256.5
POI001959,PO01959,P0092,372,21.0,7812.0
POI001960,PO01960,P0092,369,25.5,9409.5
POI001961,PO01961,P0092,388,25.5,9894.0
POI001962,PO01962,P0092,369,25.5,9409.5
POI001963,PO01963,P0092,376,21.62,8129.12
POI001964,PO01964,P0092,367,25.5,9358.5
POI001965,PO01965,P0092,364,21.0,7644.0
POI001966,PO01966,P0092,360,25.5,9180.0
POI001967,PO01967,P0092,374,21.0,7854.0
POI001968,PO01968,P0092,369,21.62,7977.78
POI001969,PO01969,P0092,364,21.62,7869.68
POI001970,PO01970,P0092,384,21.0,8064.0
POI001971,PO01971,P0093,54,18.35,990.9
POI001972,PO01972,P0093,41,18.35,752.35
POI001973,PO01973,P0093,55,18.35,1009.25
POI001974,PO01974,P0093,37,18.35,678.95
POI001975,PO01975,P0093,44,18.35,807.4
POI001976,PO01976,P0093,49,18.35,899.15
POI001977,PO01977,P0093,39,18.35,715.65
POI001978,PO01978,P0093,39,18.35,715.65
POI001979,PO01979,P0093,41,18.35,752.35
POI001980,PO01980,P0093,29,18.35,532.15
POI001981,PO01981,P0093,33,18.35,605.55
POI001982,PO01982,P0093,32,18.35,587.2
POI001983,PO01983,P0093,47,18.35,862.45
POI001984,PO01984,P0093,48,18.35,880.8
POI001985,PO01985,P0093,46,18.35,844.1
POI001986,PO01986,P0093,49,18.35,899.15
POI001987,PO01987,P0093,29,18.35,532.15
POI001988,PO01988,P0093,29,18.35,532.15
POI001989,PO01989,P0093,47,18.35,862.45
POI001990,PO01990,P0093,47,18.35,862.45
POI001991,PO01991,P0093,38,18.35,697.3
POI001992,PO01992,P0093,51,18.35,935.85
POI001993,PO01993,P0093,47,18.35,862.45
POI001994,PO01994,P0093,33,18.35,605.55
POI001995,PO01995,P0093,41,18.35,752.35
POI001996,PO01996,P0093,29,18.35,532.15
POI001997,PO01997,P0093,54,18.35,990.9
POI001998,PO01998,P0093,33,18.35,605.55
POI001999,PO01999,P0093,33,18.35,605.55
POI002000,PO02000,P0093,44,18.35,807.4
POI002001,PO02001,P0093,40,18.35,734.0
POI002002,PO02002,P0093,51,18.35,935.85
POI002003,PO02003,P0093,49,18.35,899.15
POI002004,PO02004,P0093,32,18.35,587.2
POI002005,PO02005,P0093,60,18.35,1101.0
POI002006,PO02006,P0093,48,18.35,880.8
POI002007,PO02007,P0093,33,18.35,605.55
POI002008,PO02008,P0093,48,18.35,880.8
POI002009,PO02009,P0093,47,18.35,862.45
POI002010,PO02010,P0093,47,18.35,862.45
POI002011,PO02011,P0093,52,18.35,954.2
POI002012,PO02012,P0093,64,18.35,1174.4
POI002013,PO02013,P0093,42,18.35,770.7
POI002014,PO02014,P0093,58,18.35,1064.3
POI002015,PO02015,P0093,42,18.35,770.7
POI002016,PO02016,P0093,29,18.35,532.15
POI002017,PO02017,P0093,49,18.35,899.15
POI002018,PO02018,P0093,56,18.35,1027.6
POI002019,PO02019,P0093,47,18.35,862.45
POI002020,PO02020,P0093,43,18.35,789.05
POI002021,PO02021,P0093,56,18.35,1027.6
POI002022,PO02022,P0093,52,18.35,954.2
POI002023,PO02023,P0093,35,18.35,642.25
POI002024,PO02024,P0093,55,18.35,1009.25
POI002025,PO02025,P0093,51,18.35,935.85
POI002026,PO02026,P0093,47,18.35,862.45
POI002027,PO02027,P0093,45,18.35,825.75
POI002028,PO02028,P0093,51,18.35,935.85
POI002029,PO02029,P0093,52,18.35,954.2
POI002030,PO02030,P0093,33,18.35,605.55
POI002031,PO02031,P0093,45,18.35,825.75
POI002032,PO02032,P0093,56,18.35,1027.6
POI002033,PO02033,P0093,58,18.35,1064.3
POI002034,PO02034,P0093,48,18.35,880.8
POI002035,PO02035,P0093,46,18.35,844.1
POI002036,PO02036,P0093,47,18.35,862.45
POI002037,PO02037,P0093,34,18.35,623.9
POI002038,PO02038,P0093,49,18.35,899.15
POI002039,PO02039,P0093,40,18.35,734.0
POI002040,PO02040,P0093,51,18.35,935.85
POI002041,PO02041,P0093,52,18.35,954.2
POI002042,PO02042,P0093,49,18.35,899.15
POI002043,PO02043,P0093,54,18.35,990.9
POI002044,PO02044,P0093,68,18.35,1247.8
POI002045,PO02045,P0093,32,18.35,587.2
POI002046,PO02046,P0093,44,18.35,807.4
POI002047,PO02047,P0093,50,18.35,917.5
POI002048,PO02048,P0093,37,18.35,678.95
POI002049,PO02049,P0093,47,18.35,862.45
POI002050,PO02050,P0093,41,18.35,752.35
POI002051,PO02051,P0093,29,18.35,532.15
POI002052,PO02052,P0093,43,18.35,789.05
POI002053,PO02053,P0093,50,18.35,917.5
POI002054,PO02054,P0093,40,18.35,734.0
POI002055,PO02055,P0093,48,18.35,880.8
POI002056,PO02056,P0093,54,18.35,990.9
POI002057,PO02057,P0093,33,18.35,605.55
POI002058,PO02058,P0093,50,18.35,917.5
POI002059,PO02059,P0093,53,18.35,972.55
POI002060,PO02060,P0093,36,18.35,660.6
POI002061,PO02061,P0093,51,18.35,935.85
POI002062,PO02062,P0093,52,18.35,954.2
POI002063,PO02063,P0093,50,18.35,917.5
POI002064,PO02064,P0093,44,18.35,807.4
POI002065,PO02065,P0093,51,18.35,935.85
POI002066,PO02066,P0093,43,18.35,789.05
POI002067,PO02067,P0093,30,18.35,550.5
POI002068,PO02068,P0093,52,18.35,954.2
POI002069,PO02069,P0093,39,18.35,715.65
POI002070,PO02070,P0093,51,18.35,935.85
POI002071,PO02071,P0093,33,18.35,605.55
POI002072,PO02072,P0093,33,18.35,605.55
POI002073,PO02073,P0093,38,18.35,697.3
POI002074,PO02074,P0093,34,18.35,623.9
POI002075,PO02075,P0093,45,18.35,825.75
POI002076,PO02076,P0093,30,18.35,550.5
POI002077,PO02077,P0093,38,18.35,697.3
POI002078,PO02078,P0093,45,18.35,825.75
POI002079,PO02079,P0093,50,18.35,917.5
POI002080,PO02080,P0093,40,18.35,734.0
POI002081,PO02081,P0093,46,18.35,844.1
POI002082,PO02082,P0093,52,18.35,954.2
POI002083,PO02083,P0093,34,18.35,623.9
POI002084,PO02084,P0093,41,18.35,752.35
POI002085,PO02085,P0093,44,18.35,807.4
POI002086,PO02086,P0093,32,18.35,587.2
POI002087,PO02087,P0093,53,18.35,972.55
POI002088,PO02088,P0093,47,18.35,862.45
POI002089,PO02089,P0093,47,18.35,862.45
POI002090,PO02090,P0093,30,18.35,550.5
POI002091,PO02091,P0093,48,18.35,880.8
POI002092,PO02092,P0093,32,18.35,587.2
POI002093,PO02093,P0093,35,18.35,642.25
POI002094,PO02094,P0093,39,18.35,715.65
POI002095,PO02095,P0093,36,18.35,660.6
POI002096,PO02096,P0093,36,18.35,660.6
POI002097,PO02097,P0093,40,18.35,734.0
POI002098,PO02098,P0093,33,18.35,605.55
POI002099,PO02099,P0093,40,18.35,734.0
POI002100,PO02100,P0093,34,18.35,623.9
POI002101,PO02101,P0093,39,18.35,715.65
POI002102,PO02102,P0093,32,18.35,587.2
POI002103,PO02103,P0093,30,18.35,550.5
POI002104,PO02104,P0093,52,18.35,954.2
POI002105,PO02105,P0093,35,18.35,642.25
POI002106,PO02106,P0093,37,18.35,678.95
POI002107,PO02107,P0093,36,18.35,660.6
POI002108,PO02108,P0093,52,18.35,954.2
POI002109,PO02109,P0093,39,18.35,715.65
POI002110,PO02110,P0093,38,18.35,697.3
POI002111,PO02111,P0093,45,18.35,825.75
POI002112,PO02112,P0093,37,18.35,678.95
POI002113,PO02113,P0093,41,18.35,752.35
POI002114,PO02114,P0093,32,18.35,587.2
POI002115,PO02115,P0093,48,18.35,880.8
POI002116,PO02116,P0093,36,18.35,660.6
POI002117,PO02117,P0093,38,18.35,697.3
POI002118,PO02118,P0093,39,18.35,715.65
POI002119,PO02119,P0093,46,18.35,844.1
POI002120,PO02120,P0093,32,18.35,587.2
POI002121,PO02121,P0093,36,18.35,660.6
POI002122,PO02122,P0093,39,18.35,715.65
POI002123,PO02123,P0093,35,18.35,642.25
POI002124,PO02124,P0093,44,18.35,807.4
POI002125,PO02125,P0093,37,18.35,678.95
POI002126,PO02126,P0093,38,18.35,697.3
POI002127,PO02127,P0093,54,18.35,990.9
POI002128,PO02128,P0093,40,18.35,734.0
POI002129,PO02129,P0093,45,18.35,825.75
POI002130,PO02130,P0093,32,18.35,587.2
POI002131,PO02131,P0093,41,18.35,752.35
POI002132,PO02132,P0093,50,18.35,917.5
POI002133,PO02133,P0093,42,18.35,770.7
POI002134,PO02134,P0093,40,18.35,734.0
POI002135,PO02135,P0093,45,18.35,825.75
POI002136,PO02136,P0093,32,18.35,587.2
POI002137,PO02137,P0093,38,18.35,697.3
POI002138,PO02138,P0093,39,18.35,715.65
POI002139,PO02139,P0093,55,18.35,1009.25
POI002140,PO02140,P0093,41,18.35,752.35
POI002141,PO02141,P0093,31,18.35,568.85
POI002142,PO02142,P0093,41,18.35,752.35
POI002143,PO02143,P0093,53,18.35,972.55
POI002144,PO02144,P0093,33,18.35,605.55
POI002145,PO02145,P0093,43,18.35,789.05
POI002146,PO02146,P0093,41,18.35,752.35
POI002147,PO02147,P0093,41,18.35,752.35
POI002148,PO02148,P0093,38,18.35,697.3
POI002149,PO02149,P0093,50,18.35,917.5
POI002150,PO02150,P0093,33,18.35,605.55
POI002151,PO02151,P0093,41,18.35,752.35
POI002152,PO02152,P0093,40,18.35,734.0
POI002153,PO02153,P0093,45,18.35,825.75
POI002154,PO02154,P0093,42,18.35,770.7
POI002155,PO02155,P0093,40,18.35,734.0
POI002156,PO02156,P0093,51,18.35,935.85
POI002157,PO02157,P0093,45,18.35,825.75
POI002158,PO02158,P0093,37,18.35,678.95
POI002159,PO02159,P0093,42,18.35,770.7
POI002160,PO02160,P0093,47,18.35,862.45
POI002161,PO02161,P0093,43,18.35,789.05
POI002162,PO02162,P0093,37,18.35,678.95
POI002163,PO02163,P0093,47,18.35,862.45
POI002164,PO02164,P0093,30,18.35,550.5
POI002165,PO02165,P0093,47,18.35,862.45
POI002166,PO02166,P0094,103,2.92,300.76
POI002167,PO02167,P0094,103,2.92,300.76
POI002168,PO02168,P0094,109,2.35,256.15
POI002169,PO02169,P0094,105,2.35,246.75
POI002170,PO02170,P0094,106,2.92,309.52
POI002171,PO02171,P0094,105,2.92,306.6
POI002172,PO02172,P0094,107,2.35,251.45
POI002173,PO02173,P0094,102,2.92,297.84
POI002174,PO02174,P0094,102,2.35,239.7
POI002175,PO02175,P0094,107,2.35,251.45
POI002176,PO02176,P0094,110,2.92,321.2
POI002177,PO02177,P0094,103,2.35,242.05
POI002178,PO02178,P0094,103,2.35,242.05
POI002179,PO02179,P0094,107,2.35,251.45
POI002180,PO02180,P0094,107,2.35,251.45
POI002181,PO02181,P0094,103,2.35,242.05
POI002182,PO02182,P0094,106,2.35,249.1
POI002183,PO02183,P0095,223,8.24,1837.52
POI002184,PO02184,P0095,236,8.24,1944.64
POI002185,PO02185,P0095,224,8.24,1845.76
POI002186,PO02186,P0095,238,8.24,1961.12
POI002187,PO02187,P0095,238,8.24,1961.12
POI002188,PO02188,P0095,225,8.24,1854.0
POI002189,PO02189,P0095,235,8.24,1936.4
POI002190,PO02190,P0095,227,8.24,1870.48
POI002191,PO02191,P0095,226,8.24,1862.24
POI002192,PO02192,P0095,224,8.24,1845.76
POI002193,PO02193,P0095,232,8.24,1911.68
POI002194,PO02194,P0095,228,8.24,1878.72
POI002195,PO02195,P0095,229,8.24,1886.96
POI002196,PO02196,P0095,233,8.24,1919.92
POI002197,PO02197,P0095,235,8.24,1936.4
POI002198,PO02198,P0095,235,8.24,1936.4
POI002199,PO02199,P0095,231,8.24,1903.44
POI002200,PO02200,P0095,222,8.24,1829.28
POI002201,PO02201,P0095,226,8.24,1862.24
POI002202,PO02202,P0095,227,8.24,1870.48
POI002203,PO02203,P0095,228,8.24,1878.72
POI002204,PO02204,P0095,229,8.24,1886.96
POI002205,PO02205,P0095,236,8.24,1944.64
POI002206,PO02206,P0095,232,8.24,1911.68
POI002207,PO02207,P0095,229,8.24,1886.96
POI002208,PO02208,P0096,82,24.34,1995.88
POI002209,PO02209,P0096,90,24.34,2190.6
POI002210,PO02210,P0096,91,24.34,2214.94
POI002211,PO02211,P0096,84,24.34,2044.56
POI002212,PO02212,P0096,85,24.34,2068.9
POI002213,PO02213,P0096,82,24.34,1995.88
POI002214,PO02214,P0096,94,24.34,2287.96
POI002215,PO02215,P0096,81,24.34,1971.54
POI002216,PO02216,P0096,87,24.34,2117.58
POI002217,PO02217,P0096,81,24.34,1971.54
POI002218,PO02218,P0096,87,24.34,2117.58
POI002219,PO02219,P0096,91,24.34,2214.94
POI002220,PO02220,P0096,81,24.34,1971.54
POI002221,PO02221,P0096,84,24.34,2044.56
POI002222,PO02222,P0096,89,24.34,2166.26
POI002223,PO02223,P0096,90,24.34,2190.6
POI002224,PO02224,P0096,86,24.34,2093.24
POI002225,PO02225,P0096,89,24.34,2166.26
POI002226,PO02226,P0096,84,24.34,2044.56
POI002227,PO02227,P0096,84,24.34,2044.56
POI002228,PO02228,P0096,81,24.34,1971.54
POI002229,PO02229,P0096,89,24.34,2166.26
POI002230,PO02230,P0096,85,24.34,2068.9
POI002231,PO02231,P0096,90,24.34,2190.6
POI002232,PO02232,P0096,91,24.34,2214.94
POI002233,PO02233,P0096,85,24.34,2068.9
POI002234,PO02234,P0096,82,24.34,1995.88
POI002235,PO02235,P0096,83,24.34,2020.22
POI002236,PO02236,P0096,85,24.34,2068.9
POI002237,PO02237,P0096,82,24.34,1995.88
POI002238,PO02238,P0096,84,24.34,2044.56
POI002239,PO02239,P0096,91,24.34,2214.94
POI002240,PO02240,P0096,84,24.34,2044.56
POI002241,PO02241,P0096,83,24.34,2020.22
POI002242,PO02242,P0096,82,24.34,1995.88
POI002243,PO02243,P0096,88,24.34,2141.92
POI002244,PO02244,P0097,296,19.05,5638.8
POI002245,PO02245,P0097,286,19.05,5448.3
POI002246,PO02246,P0097,297,19.05,5657.85
POI002247,PO02247,P0097,285,14.36,4092.6
POI002248,PO02248,P0097,287,14.36,4121.32
POI002249,PO02249,P0097,285,14.36,4092.6
POI002250,PO02250,P0097,301,19.05,5734.05
POI002251,PO02251,P0097,286,19.05,5448.3
POI002252,PO02252,P0097,297,19.05,5657.85
POI002253,PO02253,P0097,296,19.05,5638.8
POI002254,PO02254,P0097,289,19.05,5505.45
POI002255,PO02255,P0097,307,14.36,4408.52
POI002256,PO02256,P0097,289,19.05,5505.45
POI002257,PO02257,P0097,281,19.05,5353.05
POI002258,PO02258,P0097,283,14.36,4063.88
POI002259,PO02259,P0097,282,14.36,4049.52
POI002260,PO02260,P0097,295,14.36,4236.2
POI002261,PO02261,P0097,287,19.05,5467.35
POI002262,PO02262,P0097,289,19.05,5505.45
POI002263,PO02263,P0097,290,14.36,4164.4
POI002264,PO02264,P0097,301,19.05,5734.05
POI002265,PO02265,P0097,296,19.05,5638.8
POI002266,PO02266,P0097,291,14.36,4178.76
POI002267,PO02267,P0097,294,14.36,4221.84
POI002268,PO02268,P0097,289,14.36,4150.04
POI002269,PO02269,P0098,451,8.98,4049.98
POI002270,PO02270,P0098,460,8.98,4130.8
POI002271,PO02271,P0098,470,6.97,3275.9
POI002272,PO02272,P0098,459,8.98,4121.82
POI002273,PO02273,P0098,468,8.98,4202.64
POI002274,PO02274,P0098,451,6.97,3143.47
POI002275,PO02275,P0098,467,6.97,3254.99
POI002276,PO02276,P0098,464,8.98,4166.72
POI002277,PO02277,P0098,456,8.98,4094.88
POI002278,PO02278,P0098,457,8.98,4103.86
POI002279,PO02279,P0098,453,6.97,3157.41
POI002280,PO02280,P0098,459,8.98,4121.82
POI002281,PO02281,P0098,457,6.97,3185.29
POI002282,PO02282,P0098,459,8.98,4121.82
POI002283,PO02283,P0098,461,8.98,4139.78
POI002284,PO02284,P0098,451,6.97,3143.47
POI002285,PO02285,P0098,462,8.98,4148.76
POI002286,PO02286,P0099,152,5.67,861.84
POI002287,PO02287,P0099,153,5.67,867.51
POI002288,PO02288,P0099,154,5.67,873.18
POI002289,PO02289,P0099,152,5.67,861.84
POI002290,PO02290,P0099,155,5.67,878.85
POI002291,PO02291,P0099,154,5.67,873.18
POI002292,PO02292,P0099,154,5.67,873.18
POI002293,PO02293,P0099,154,5.67,873.18
POI002294,PO02294,P0099,156,5.67,884.52
POI002295,PO02295,P0100,407,15.62,6357.34
POI002296,PO02296,P0100,392,15.62,6123.04
POI002297,PO02297,P0100,402,15.62,6279.24
POI002298,PO02298,P0100,403,15.62,6294.86
POI002299,PO02299,P0100,388,15.62,6060.56
POI002300,PO02300,P0100,413,15.62,6451.06
POI002301,PO02301,P0100,407,15.62,6357.34
POI002302,PO02302,P0100,393,15.62,6138.66
POI002303,PO02303,P0100,414,15.62,6466.68
POI002304,PO02304,P0100,392,15.62,6123.04
POI002305,PO02305,P0100,396,15.62,6185.52
POI002306,PO02306,P0100,390,15.62,6091.8
POI002307,PO02307,P0100,404,15.62,6310.48
POI002308,PO02308,P0100,391,15.62,6107.42
POI002309,PO02309,P0100,410,15.62,6404.2
POI002310,PO02310,P0100,397,15.62,6201.14
POI002311,PO02311,P0100,398,15.62,6216.76
POI002312,PO02312,P0100,412,15.62,6435.44
POI002313,PO02313,P0100,420,15.62,6560.4
POI002314,PO02314,P0100,405,15.62,6326.1
POI002315,PO02315,P0100,403,15.62,6294.86
POI002316,PO02316,P0001,229,4.13,945.77
POI002317,PO02317,P0001,251,4.13,1036.63
POI002318,PO02318,P0001,252,4.13,1040.76
POI002319,PO02319,P0001,232,4.13,958.16
POI002320,PO02320,P0001,227,4.44,1007.88
POI002321,PO02321,P0001,252,4.13,1040.76
POI002322,PO02322,P0001,254,4.44,1127.76
POI002323,PO02323,P0001,240,4.13,991.2
POI002324,PO02324,P0001,231,4.44,1025.64
POI002325,PO02325,P0001,247,4.44,1096.68
POI002326,PO02326,P0001,236,4.44,1047.84
POI002327,PO02327,P0001,239,4.44,1061.16
POI002328,PO02328,P0001,235,4.13,970.55
POI002329,PO02329,P0001,237,4.13,978.81
POI002330,PO02330,P0001,228,4.44,1012.32
POI002331,PO02331,P0001,258,4.13,1065.54
POI002332,PO02332,P0001,229,4.44,1016.76
POI002333,PO02333,P0001,245,4.13,1011.85
POI002334,PO02334,P0001,229,4.44,1016.76
POI002335,PO02335,P0001,227,4.44,1007.88
POI002336,PO02336,P0001,257,4.13,1061.41
POI002337,PO02337,P0001,253,4.13,1044.89
POI002338,PO02338,P0001,254,4.44,1127.76
POI002339,PO02339,P0001,249,4.44,1105.56
POI002340,PO02340,P0001,244,4.44,1083.36
POI002341,PO02341,P0001,235,4.13,970.55
POI002342,PO02342,P0001,265,4.44,1176.6
POI002343,PO02343,P0001,240,4.44,1065.6
POI002344,PO02344,P0001,260,4.13,1073.8
POI002345,PO02345,P0001,228,4.13,941.64
POI002346,PO02346,P0001,239,4.13,987.07
POI002347,PO02347,P0001,226,4.13,933.38
POI002348,PO02348,P0001,231,4.13,954.03
POI002349,PO02349,P0001,250,4.13,1032.5
POI002350,PO02350,P0001,252,4.44,1118.88
POI002351,PO02351,P0001,238,4.44,1056.72
POI002352,PO02352,P0001,255,4.44,1132.2
POI002353,PO02353,P0001,225,4.13,929.25
POI002354,PO02354,P0001,236,4.13,974.68
POI002355,PO02355,P0001,258,4.44,1145.52
POI002356,PO02356,P0001,224,4.13,925.12
POI002357,PO02357,P0001,248,4.13,1024.24
POI002358,PO02358,P0001,234,4.13,966.42
POI002359,PO02359,P0001,249,4.13,1028.37
POI002360,PO02360,P0001,257,4.13,1061.41
POI002361,PO02361,P0001,251,4.44,1114.44
POI002362,PO02362,P0001,256,4.13,1057.28
POI002363,PO02363,P0001,243,4.44,1078.92
POI002364,PO02364,P0001,226,4.13,933.38
POI002365,PO02365,P0002,270,11.47,3096.9
POI002366,PO02366,P0002,260,11.47,2982.2
POI002367,PO02367,P0002,261,11.4,2975.4
POI002368,PO02368,P0002,265,11.4,3021.0
POI002369,PO02369,P0002,261,11.47,2993.67
POI002370,PO02370,P0002,269,11.4,3066.6
POI002371,PO02371,P0002,268,11.47,3073.96
POI002372,PO02372,P0002,269,11.47,3085.43
POI002373,PO02373,P0002,269,11.4,3066.6
POI002374,PO02374,P0002,266,11.4,3032.4
POI002375,PO02375,P0002,262,11.4,2986.8
POI002376,PO02376,P0002,261,12.85,3353.85
POI002377,PO02377,P0002,263,11.4,2998.2
POI002378,PO02378,P0002,264,11.47,3028.08
POI002379,PO02379,P0003,237,6.69,1585.53
POI002380,PO02380,P0003,242,8.16,1974.72
POI002381,PO02381,P0003,240,7.56,1814.4
POI002382,PO02382,P0003,239,8.16,1950.24
POI002383,PO02383,P0003,244,7.56,1844.64
POI002384,PO02384,P0003,244,8.16,1991.04
POI002385,PO02385,P0003,240,6.69,1605.6
POI002386,PO02386,P0003,235,8.16,1917.6
POI002387,PO02387,P0003,235,7.56,1776.6
POI002388,PO02388,P0003,242,6.69,1618.98
POI002389,PO02389,P0003,240,7.56,1814.4
POI002390,PO02390,P0003,240,8.16,1958.4
POI002391,PO02391,P0003,243,6.69,1625.67
POI002392,PO02392,P0003,241,8.16,1966.56
POI002393,PO02393,P0003,235,8.16,1917.6
POI002394,PO02394,P0003,239,6.69,1598.91
POI002395,PO02395,P0003,244,8.16,1991.04
POI002396,PO02396,P0003,240,6.69,1605.6
POI002397,PO02397,P0003,236,7.56,1784.16
POI002398,PO02398,P0004,160,18.63,2980.8
POI002399,PO02399,P0004,174,18.63,3241.62
POI002400,PO02400,P0004,170,18.63,3167.1
POI002401,PO02401,P0004,167,18.63,3111.21
POI002402,PO02402,P0004,168,18.63,3129.84
POI002403,PO02403,P0004,162,18.63,3018.06
POI002404,PO02404,P0004,167,18.63,3111.21
POI002405,PO02405,P0004,169,18.63,3148.47
POI002406,PO02406,P0004,171,18.63,3185.73
POI002407,PO02407,P0004,167,18.63,3111.21
POI002408,PO02408,P0004,163,18.63,3036.69
POI002409,PO02409,P0004,165,18.63,3073.95
POI002410,PO02410,P0004,161,18.63,2999.43
POI002411,PO02411,P0004,166,18.63,3092.58
POI002412,PO02412,P0004,160,18.63,2980.8
POI002413,PO02413,P0004,177,18.63,3297.51
POI002414,PO02414,P0004,166,18.63,3092.58
POI002415,PO02415,P0004,166,18.63,3092.58
POI002416,PO02416,P0004,165,18.63,3073.95
POI002417,PO02417,P0004,163,18.63,3036.69
POI002418,PO02418,P0004,162,18.63,3018.06
POI002419,PO02419,P0004,169,18.63,3148.47
POI002420,PO02420,P0004,164,18.63,3055.32
POI002421,PO02421,P0004,168,18.63,3129.84
POI002422,PO02422,P0004,163,18.63,3036.69
POI002423,PO02423,P0004,167,18.63,3111.21
POI002424,PO02424,P0005,474,1.48,701.52
POI002425,PO02425,P0005,474,1.84,872.16
POI002426,PO02426,P0005,474,1.84,872.16
POI002427,PO02427,P0005,476,1.48,704.48
POI002428,PO02428,P0005,481,1.84,885.04
POI002429,PO02429,P0005,477,1.84,877.68
POI002430,PO02430,P0006,141,22.74,3206.34
POI002431,PO02431,P0006,142,22.74,3229.08
POI002432,PO02432,P0006,148,22.74,3365.52
POI002433,PO02433,P0006,140,21.28,2979.2
POI002434,PO02434,P0006,144,22.74,3274.56
POI002435,PO02435,P0006,143,22.74,3251.82
POI002436,PO02436,P0006,152,21.28,3234.56
POI002437,PO02437,P0006,145,21.28,3085.6
POI002438,PO02438,P0006,151,22.74,3433.74
POI002439,PO02439,P0006,142,22.74,3229.08
POI002440,PO02440,P0006,143,22.74,3251.82
POI002441,PO02441,P0006,142,21.28,3021.76
POI002442,PO02442,P0006,140,22.74,3183.6
POI002443,PO02443,P0006,139,22.74,3160.86
POI002444,PO02444,P0006,142,21.28,3021.76
POI002445,PO02445,P0006,139,22.74,3160.86
POI002446,PO02446,P0006,140,21.28,2979.2
POI002447,PO02447,P0006,142,22.74,3229.08
POI002448,PO02448,P0006,140,22.74,3183.6
POI002449,PO02449,P0006,145,21.28,3085.6
POI002450,PO02450,P0006,141,21.28,3000.48
POI002451,PO02451,P0007,172,12.8,2201.6
POI002452,PO02452,P0007,176,12.8,2252.8
POI002453,PO02453,P0007,170,12.8,2176.0
POI002454,PO02454,P0007,170,12.8,2176.0
POI002455,PO02455,P0007,182,12.8,2329.6
POI002456,PO02456,P0007,176,12.8,2252.8
POI002457,PO02457,P0007,196,12.8,2508.8
POI002458,PO02458,P0007,191,12.8,2444.8
POI002459,PO02459,P0007,169,12.8,2163.2
POI002460,PO02460,P0007,181,12.8,2316.8
POI002461,PO02461,P0007,170,12.8,2176.0
POI002462,PO02462,P0007,181,12.8,2316.8
POI002463,PO02463,P0007,194,12.8,2483.2
POI002464,PO02464,P0007,198,12.8,2534.4
POI002465,PO02465,P0007,187,12.8,2393.6
POI002466,PO02466,P0007,201,12.8,2572.8
POI002467,PO02467,P0007,188,12.8,2406.4
POI002468,PO02468,P0007,180,12.8,2304.0
POI002469,PO02469,P0007,189,12.8,2419.2
POI002470,PO02470,P0007,195,12.8,2496.0
POI002471,PO02471,P0007,195,12.8,2496.0
POI002472,PO02472,P0007,192,12.8,2457.6
POI002473,PO02473,P0007,189,12.8,2419.2
POI002474,PO02474,P0007,179,12.8,2291.2
POI002475,PO02475,P0007,179,12.8,2291.2
POI002476,PO02476,P0007,185,12.8,2368.0
POI002477,PO02477,P0007,170,12.8,2176.0
POI002478,PO02478,P0007,181,12.8,2316.8
POI002479,PO02479,P0007,186,12.8,2380.8
POI002480,PO02480,P0007,178,12.8,2278.4
POI002481,PO02481,P0007,174,12.8,2227.2
POI002482,PO02482,P0007,176,12.8,2252.8
POI002483,PO02483,P0007,180,12.8,2304.0
POI002484,PO02484,P0007,176,12.8,2252.8
POI002485,PO02485,P0007,183,12.8,2342.4
POI002486,PO02486,P0007,193,12.8,2470.4
POI002487,PO02487,P0007,174,12.8,2227.2
POI002488,PO02488,P0007,177,12.8,2265.6
POI002489,PO02489,P0007,177,12.8,2265.6
POI002490,PO02490,P0007,177,12.8,2265.6
POI002491,PO02491,P0007,168,12.8,2150.4
POI002492,PO02492,P0007,174,12.8,2227.2
POI002493,PO02493,P0007,173,12.8,2214.4
POI002494,PO02494,P0007,187,12.8,2393.6
POI002495,PO02495,P0007,172,12.8,2201.6
POI002496,PO02496,P0007,175,12.8,2240.0
POI002497,PO02497,P0007,175,12.8,2240.0
POI002498,PO02498,P0007,174,12.8,2227.2
POI002499,PO02499,P0008,385,7.15,2752.75
POI002500,PO02500,P0008,367,7.15,2624.05
POI002501,PO02501,P0008,385,7.15,2752.75
POI002502,PO02502,P0008,385,7.15,2752.75
POI002503,PO02503,P0008,368,7.15,2631.2
POI002504,PO02504,P0008,376,7.15,2688.4
POI002505,PO02505,P0008,377,7.15,2695.55
POI002506,PO02506,P0008,385,7.15,2752.75
POI002507,PO02507,P0008,385,7.15,2752.75
POI002508,PO02508,P0008,376,7.15,2688.4
POI002509,PO02509,P0008,385,7.15,2752.75
POI002510,PO02510,P0008,385,7.15,2752.75
POI002511,PO02511,P0008,372,7.15,2659.8
POI002512,PO02512,P0008,370,7.15,2645.5
POI002513,PO02513,P0008,374,7.15,2674.1
POI002514,PO02514,P0008,385,7.15,2752.75
POI002515,PO02515,P0008,385,7.15,2752.75
POI002516,PO02516,P0008,378,7.15,2702.7
POI002517,PO02517,P0008,377,7.15,2695.55
POI002518,PO02518,P0008,369,7.15,2638.35
POI002519,PO02519,P0008,369,7.15,2638.35
POI002520,PO02520,P0008,376,7.15,2688.4
POI002521,PO02521,P0008,385,7.15,2752.75
POI002522,PO02522,P0008,369,7.15,2638.35
POI002523,PO02523,P0008,380,7.15,2717.0
POI002524,PO02524,P0008,376,7.15,2688.4
POI002525,PO02525,P0008,385,7.15,2752.75
POI002526,PO02526,P0009,247,3.35,827.45
POI002527,PO02527,P0009,254,3.35,850.9
POI002528,PO02528,P0009,248,3.35,830.8
POI002529,PO02529,P0009,230,3.35,770.5
POI002530,PO02530,P0009,244,3.35,817.4
POI002531,PO02531,P0009,253,3.35,847.55
POI002532,PO02532,P0009,244,3.35,817.4
POI002533,PO02533,P0009,244,3.35,817.4
POI002534,PO02534,P0009,241,3.35,807.35
POI002535,PO02535,P0009,239,3.35,800.65
POI002536,PO02536,P0009,239,3.35,800.65
POI002537,PO02537,P0009,247,3.35,827.45
POI002538,PO02538,P0009,232,3.35,777.2
POI002539,PO02539,P0009,254,3.35,850.9
POI002540,PO02540,P0009,267,3.35,894.45
POI002541,PO02541,P0009,255,3.35,854.25
POI002542,PO02542,P0009,237,3.35,793.95
POI002543,PO02543,P0009,247,3.35,827.45
POI002544,PO02544,P0009,231,3.35,773.85
POI002545,PO02545,P0009,228,3.35,763.8
POI002546,PO02546,P0009,244,3.35,817.4
POI002547,PO02547,P0009,237,3.35,793.95
POI002548,PO02548,P0009,242,3.35,810.7
POI002549,PO02549,P0009,232,3.35,777.2
POI002550,PO02550,P0009,236,3.35,790.6
POI002551,PO02551,P0009,243,3.35,814.05
POI002552,PO02552,P0009,229,3.35,767.15
POI002553,PO02553,P0009,234,3.35,783.9
POI002554,PO02554,P0009,238,3.35,797.3
POI002555,PO02555,P0009,228,3.35,763.8
POI002556,PO02556,P0009,238,3.35,797.3
POI002557,PO02557,P0009,246,3.35,824.1
POI002558,PO02558,P0009,251,3.35,840.85
POI002559,PO02559,P0009,241,3.35,807.35
POI002560,PO02560,P0009,243,3.35,814.05
POI002561,PO02561,P0009,236,3.35,790.6
POI002562,PO02562,P0009,252,3.35,844.2
POI002563,PO02563,P0010,89,11.7,1041.3
POI002564,PO02564,P0010,88,11.7,1029.6
POI002565,PO02565,P0010,92,11.7,1076.4
POI002566,PO02566,P0010,91,11.7,1064.7
POI002567,PO02567,P0010,91,11.7,1064.7
POI002568,PO02568,P0010,90,11.7,1053.0
POI002569,PO02569,P0010,86,11.7,1006.2
POI002570,PO02570,P0010,94,11.7,1099.8
POI002571,PO02571,P0010,96,11.7,1123.2
POI002572,PO02572,P0010,90,11.7,1053.0
POI002573,PO02573,P0010,86,11.7,1006.2
POI002574,PO02574,P0010,86,11.7,1006.2
POI002575,PO02575,P0010,92,11.7,1076.4
POI002576,PO02576,P0010,91,11.7,1064.7
POI002577,PO02577,P0010,93,11.7,1088.1
POI002578,PO02578,P0010,95,11.7,1111.5
POI002579,PO02579,P0010,87,11.7,1017.9
POI002580,PO02580,P0010,87,11.7,1017.9
POI002581,PO02581,P0010,88,11.7,1029.6
POI002582,PO02582,P0010,86,11.7,1006.2
POI002583,PO02583,P0010,88,11.7,1029.6
POI002584,PO02584,P0010,88,11.7,1029.6
POI002585,PO02585,P0011,385,13.84,5328.4
POI002586,PO02586,P0011,393,13.84,5439.12
POI002587,PO02587,P0011,398,13.84,5508.32
POI002588,PO02588,P0011,388,16.36,6347.68
POI002589,PO02589,P0011,388,13.84,5369.92
POI002590,PO02590,P0011,377,16.36,6167.72
POI002591,PO02591,P0011,393,16.95,6661.35
POI002592,PO02592,P0011,385,13.84,5328.4
POI002593,PO02593,P0011,381,13.84,5273.04
POI002594,PO02594,P0011,390,16.36,6380.4
POI002595,PO02595,P0011,371,16.36,6069.56
POI002596,PO02596,P0011,379,16.95,6424.05
POI002597,PO02597,P0011,377,16.95,6390.15
POI002598,PO02598,P0011,380,16.95,6441.0
POI002599,PO02599,P0011,382,13.84,5286.88
POI002600,PO02600,P0011,393,13.84,5439.12
POI002601,PO02601,P0011,372,16.36,6085.92
POI002602,PO02602,P0011,373,13.84,5162.32
POI002603,PO02603,P0011,374,16.36,6118.64
POI002604,PO02604,P0011,390,16.36,6380.4
POI002605,PO02605,P0011,371,16.36,6069.56
POI002606,PO02606,P0011,384,13.84,5314.56
POI002607,PO02607,P0011,376,13.84,5203.84
POI002608,PO02608,P0011,378,16.36,6184.08
POI002609,PO02609,P0011,392,16.95,6644.4
POI002610,PO02610,P0011,373,13.84,5162.32
POI002611,PO02611,P0011,388,13.84,5369.92
POI002612,PO02612,P0012,412,8.84,3642.08
POI002613,PO02613,P0012,407,8.84,3597.88
POI002614,PO02614,P0012,410,8.84,3624.4
POI002615,PO02615,P0012,405,8.84,3580.2
POI002616,PO02616,P0012,407,8.84,3597.88
POI002617,PO02617,P0012,410,8.84,3624.4
POI002618,PO02618,P0012,413,8.84,3650.92
POI002619,PO02619,P0012,416,8.84,3677.44
POI002620,PO02620,P0012,415,8.84,3668.6
POI002621,PO02621,P0012,410,8.84,3624.4
POI002622,PO02622,P0012,417,8.84,3686.28
POI002623,PO02623,P0012,408,8.84,3606.72
POI002624,PO02624,P0013,411,13.76,5655.36
POI002625,PO02625,P0013,415,13.76,5710.4
POI002626,PO02626,P0013,412,13.76,5669.12
POI002627,PO02627,P0013,413,13.76,5682.88
POI002628,PO02628,P0013,413,13.76,5682.88
POI002629,PO02629,P0013,414,13.76,5696.64
POI002630,PO02630,P0014,169,3.33,562.77
POI002631,PO02631,P0014,167,2.82,470.94
POI002632,PO02632,P0014,173,3.33,576.09
POI002633,PO02633,P0014,173,2.82,487.86
POI002634,PO02634,P0014,166,2.82,468.12
POI002635,PO02635,P0014,168,2.82,473.76
POI002636,PO02636,P0014,171,2.82,482.22
POI002637,PO02637,P0014,170,2.82,479.4
POI002638,PO02638,P0014,167,3.33,556.11
POI002639,PO02639,P0014,169,2.82,476.58
POI002640,PO02640,P0014,173,2.82,487.86
POI002641,PO02641,P0014,165,3.33,549.45
POI002642,PO02642,P0014,173,2.82,487.86
POI002643,PO02643,P0014,173,3.33,576.09
POI002644,PO02644,P0014,173,2.82,487.86
POI002645,PO02645,P0014,173,3.33,576.09
POI002646,PO02646,P0014,173,3.33,576.09
POI002647,PO02647,P0014,166,3.33,552.78
POI002648,PO02648,P0014,165,3.33,549.45
POI002649,PO02649,P0014,167,2.82,470.94
POI002650,PO02650,P0014,173,3.33,576.09
POI002651,PO02651,P0014,168,3.33,559.44
POI002652,PO02652,P0014,171,3.33,569.43
POI002653,PO02653,P0014,173,2.82,487.86
POI002654,PO02654,P0015,308,21.3,6560.4
POI002655,PO02655,P0015,311,21.5,6686.5
POI002656,PO02656,P0015,301,21.5,6471.5
POI002657,PO02657,P0015,312,21.3,6645.6
POI002658,PO02658,P0015,308,21.5,6622.0
POI002659,PO02659,P0015,309,21.3,6581.7
POI002660,PO02660,P0015,305,21.3,6496.5
POI002661,PO02661,P0015,305,21.5,6557.5
POI002662,PO02662,P0015,302,21.5,6493.0
POI002663,PO02663,P0015,309,21.5,6643.5
POI002664,PO02664,P0015,308,21.5,6622.0
POI002665,PO02665,P0015,317,21.5,6815.5
POI002666,PO02666,P0015,308,21.3,6560.4
POI002667,PO02667,P0015,314,21.3,6688.2
POI002668,PO02668,P0015,304,21.3,6475.2
POI002669,PO02669,P0015,302,21.5,6493.0
POI002670,PO02670,P0015,304,21.3,6475.2
POI002671,PO02671,P0016,313,4.86,1521.18
POI002672,PO02672,P0016,282,5.12,1443.84
POI002673,PO02673,P0016,301,4.86,1462.86
POI002674,PO02674,P0016,290,4.86,1409.4
POI002675,PO02675,P0016,295,5.12,1510.4
POI002676,PO02676,P0016,284,5.12,1454.08
POI002677,PO02677,P0016,293,4.86,1423.98
POI002678,PO02678,P0016,298,4.86,1448.28
POI002679,PO02679,P0016,283,5.12,1448.96
POI002680,PO02680,P0016,295,5.12,1510.4
POI002681,PO02681,P0016,290,4.86,1409.4
POI002682,PO02682,P0016,289,4.86,1404.54
POI002683,PO02683,P0016,295,5.12,1510.4
POI002684,PO02684,P0016,290,4.86,1409.4
POI002685,PO02685,P0016,290,4.86,1409.4
POI002686,PO02686,P0016,297,4.86,1443.42
POI002687,PO02687,P0016,286,4.86,1389.96
POI002688,PO02688,P0016,300,5.12,1536.0
POI002689,PO02689,P0016,290,4.86,1409.4
POI002690,PO02690,P0016,286,5.12,1464.32
POI002691,PO02691,P0016,289,5.12,1479.68
POI002692,PO02692,P0016,298,4.86,1448.28
POI002693,PO02693,P0016,293,4.86,1423.98
POI002694,PO02694,P0016,286,4.86,1389.96
POI002695,PO02695,P0017,86,8.6,739.6
POI002696,PO02696,P0017,86,8.6,739.6
POI002697,PO02697,P0017,86,8.6,739.6
POI002698,PO02698,P0017,86,8.6,739.6
POI002699,PO02699,P0017,86,8.6,739.6
POI002700,PO02700,P0017,86,8.6,739.6
POI002701,PO02701,P0017,86,8.6,739.6
POI002702,PO02702,P0017,86,8.6,739.6
POI002703,PO02703,P0017,86,8.6,739.6
POI002704,PO02704,P0017,86,8.6,739.6
POI002705,PO02705,P0017,86,8.6,739.6
POI002706,PO02706,P0017,86,8.6,739.6
POI002707,PO02707,P0017,86,8.6,739.6
POI002708,PO02708,P0017,86,8.6,739.6
POI002709,PO02709,P0017,86,8.6,739.6
POI002710,PO02710,P0017,86,8.6,739.6
POI002711,PO02711,P0017,81,8.6,696.6
POI002712,PO02712,P0017,86,8.6,739.6
POI002713,PO02713,P0017,86,8.6,739.6
POI002714,PO02714,P0017,86,8.6,739.6
POI002715,PO02715,P0017,86,8.6,739.6
POI002716,PO02716,P0017,86,8.6,739.6
POI002717,PO02717,P0017,86,8.6,739.6
POI002718,PO02718,P0017,86,8.6,739.6
POI002719,PO02719,P0017,86,8.6,739.6
POI002720,PO02720,P0017,86,8.6,739.6
POI002721,PO02721,P0017,86,8.6,739.6
POI002722,PO02722,P0017,86,8.6,739.6
POI002723,PO02723,P0017,81,8.6,696.6
POI002724,PO02724,P0017,86,8.6,739.6
POI002725,PO02725,P0017,86,8.6,739.6
POI002726,PO02726,P0017,86,8.6,739.6
POI002727,PO02727,P0017,86,8.6,739.6
POI002728,PO02728,P0017,86,8.6,739.6
POI002729,PO02729,P0017,86,8.6,739.6
POI002730,PO02730,P0017,86,8.6,739.6
POI002731,PO02731,P0017,81,8.6,696.6
POI002732,PO02732,P0017,86,8.6,739.6
POI002733,PO02733,P0017,82,8.6,705.2
POI002734,PO02734,P0017,84,8.6,722.4
POI002735,PO02735,P0017,86,8.6,739.6
POI002736,PO02736,P0017,86,8.6,739.6
POI002737,PO02737,P0017,86,8.6,739.6
POI002738,PO02738,P0017,86,8.6,739.6
POI002739,PO02739,P0017,86,8.6,739.6
POI002740,PO02740,P0017,86,8.6,739.6
POI002741,PO02741,P0017,86,8.6,739.6
POI002742,PO02742,P0017,82,8.6,705.2
POI002743,PO02743,P0017,86,8.6,739.6
POI002744,PO02744,P0017,86,8.6,739.6
POI002745,PO02745,P0017,86,8.6,739.6
POI002746,PO02746,P0017,84,8.6,722.4
POI002747,PO02747,P0017,86,8.6,739.6
POI002748,PO02748,P0017,86,8.6,739.6
POI002749,PO02749,P0017,86,8.6,739.6
POI002750,PO02750,P0017,86,8.6,739.6
POI002751,PO02751,P0017,86,8.6,739.6
POI002752,PO02752,P0017,82,8.6,705.2
POI002753,PO02753,P0017,82,8.6,705.2
POI002754,PO02754,P0017,86,8.6,739.6
POI002755,PO02755,P0017,86,8.6,739.6
POI002756,PO02756,P0017,86,8.6,739.6
POI002757,PO02757,P0017,86,8.6,739.6
POI002758,PO02758,P0017,86,8.6,739.6
POI002759,PO02759,P0017,86,8.6,739.6
POI002760,PO02760,P0017,86,8.6,739.6
POI002761,PO02761,P0017,86,8.6,739.6
POI002762,PO02762,P0017,86,8.6,739.6
POI002763,PO02763,P0017,86,8.6,739.6
POI002764,PO02764,P0017,86,8.6,739.6
POI002765,PO02765,P0017,85,8.6,731.0
POI002766,PO02766,P0017,82,8.6,705.2
POI002767,PO02767,P0017,86,8.6,739.6
POI002768,PO02768,P0017,86,8.6,739.6
POI002769,PO02769,P0017,86,8.6,739.6
POI002770,PO02770,P0017,86,8.6,739.6
POI002771,PO02771,P0017,86,8.6,739.6
POI002772,PO02772,P0017,86,8.6,739.6
POI002773,PO02773,P0017,86,8.6,739.6
POI002774,PO02774,P0017,86,8.6,739.6
POI002775,PO02775,P0017,83,8.6,713.8
POI002776,PO02776,P0017,85,8.6,731.0
POI002777,PO02777,P0017,85,8.6,731.0
POI002778,PO02778,P0017,86,8.6,739.6
POI002779,PO02779,P0017,85,8.6,731.0
POI002780,PO02780,P0017,86,8.6,739.6
POI002781,PO02781,P0017,82,8.6,705.2
POI002782,PO02782,P0017,86,8.6,739.6
POI002783,PO02783,P0017,86,8.6,739.6
POI002784,PO02784,P0017,86,8.6,739.6
POI002785,PO02785,P0017,86,8.6,739.6
POI002786,PO02786,P0017,86,8.6,739.6
POI002787,PO02787,P0017,86,8.6,739.6
POI002788,PO02788,P0017,86,8.6,739.6
POI002789,PO02789,P0018,310,2.31,716.1
POI002790,PO02790,P0018,319,2.31,736.89
POI002791,PO02791,P0018,315,2.31,727.65
POI002792,PO02792,P0018,320,2.54,812.8
POI002793,PO02793,P0018,324,2.54,822.96
POI002794,PO02794,P0018,310,2.35,728.5
POI002795,PO02795,P0018,317,2.54,805.18
POI002796,PO02796,P0018,308,2.35,723.8
POI002797,PO02797,P0018,311,2.35,730.85
POI002798,PO02798,P0018,310,2.35,728.5
POI002799,PO02799,P0018,315,2.31,727.65
POI002800,PO02800,P0018,311,2.35,730.85
POI002801,PO02801,P0018,311,2.31,718.41
POI002802,PO02802,P0019,260,21.23,5519.8
POI002803,PO02803,P0019,266,21.23,5647.18
POI002804,PO02804,P0019,266,21.23,5647.18
POI002805,PO02805,P0019,260,21.23,5519.8
POI002806,PO02806,P0019,266,21.23,5647.18
POI002807,PO02807,P0019,263,21.23,5583.49
POI002808,PO02808,P0019,256,21.23,5434.88
POI002809,PO02809,P0019,248,21.23,5265.04
POI002810,PO02810,P0019,256,21.23,5434.88
POI002811,PO02811,P0019,256,21.23,5434.88
POI002812,PO02812,P0019,264,21.23,5604.72
POI002813,PO02813,P0019,266,21.23,5647.18
POI002814,PO02814,P0019,247,21.23,5243.81
POI002815,PO02815,P0019,266,21.23,5647.18
POI002816,PO02816,P0019,248,21.23,5265.04
POI002817,PO02817,P0019,249,21.23,5286.27
POI002818,PO02818,P0019,252,21.23,5349.96
POI002819,PO02819,P0019,252,21.23,5349.96
POI002820,PO02820,P0019,261,21.23,5541.03
POI002821,PO02821,P0019,253,21.23,5371.19
POI002822,PO02822,P0019,251,21.23,5328.73
POI002823,PO02823,P0019,266,21.23,5647.18
POI002824,PO02824,P0019,258,21.23,5477.34
POI002825,PO02825,P0019,253,21.23,5371.19
POI002826,PO02826,P0019,248,21.23,5265.04
POI002827,PO02827,P0019,266,21.23,5647.18
POI002828,PO02828,P0019,249,21.23,5286.27
POI002829,PO02829,P0019,250,21.23,5307.5
POI002830,PO02830,P0019,240,21.23,5095.2
POI002831,PO02831,P0019,266,21.23,5647.18
POI002832,PO02832,P0019,248,21.23,5265.04
POI002833,PO02833,P0019,251,21.23,5328.73
POI002834,PO02834,P0019,259,21.23,5498.57
POI002835,PO02835,P0019,240,21.23,5095.2
POI002836,PO02836,P0019,248,21.23,5265.04
POI002837,PO02837,P0019,256,21.23,5434.88
POI002838,PO02838,P0019,243,21.23,5158.89
POI002839,PO02839,P0019,243,21.23,5158.89
POI002840,PO02840,P0019,247,21.23,5243.81
POI002841,PO02841,P0019,240,21.23,5095.2
POI002842,PO02842,P0019,262,21.23,5562.26
POI002843,PO02843,P0019,242,21.23,5137.66
POI002844,PO02844,P0019,249,21.23,5286.27
POI002845,PO02845,P0019,248,21.23,5265.04
POI002846,PO02846,P0019,256,21.23,5434.88
POI002847,PO02847,P0019,241,21.23,5116.43
POI002848,PO02848,P0019,263,21.23,5583.49
POI002849,PO02849,P0019,255,21.23,5413.65
POI002850,PO02850,P0020,433,16.88,7309.04
POI002851,PO02851,P0020,438,17.29,7573.02
POI002852,PO02852,P0020,434,17.29,7503.86
POI002853,PO02853,P0020,437,17.29,7555.73
POI002854,PO02854,P0021,477,11.15,5318.55
POI002855,PO02855,P0021,488,10.98,5358.24
POI002856,PO02856,P0021,497,10.98,5457.06
POI002857,PO02857,P0021,495,10.98,5435.1
POI002858,PO02858,P0021,485,10.98,5325.3
POI002859,PO02859,P0021,493,10.98,5413.14
POI002860,PO02860,P0021,492,10.98,5402.16
POI002861,PO02861,P0021,485,11.15,5407.75
POI002862,PO02862,P0021,484,11.15,5396.6
POI002863,PO02863,P0021,489,10.98,5369.22
POI002864,PO02864,P0021,478,10.98,5248.44
POI002865,PO02865,P0021,478,10.98,5248.44
POI002866,PO02866,P0022,258,24.63,6354.54
POI002867,PO02867,P0022,245,23.66,5796.7
POI002868,PO02868,P0022,251,24.63,6182.13
POI002869,PO02869,P0022,258,22.4,5779.2
POI002870,PO02870,P0022,249,23.66,5891.34
POI002871,PO02871,P0022,258,24.63,6354.54
POI002872,PO02872,P0022,258,23.66,6104.28
POI002873,PO02873,P0022,243,22.4,5443.2
POI002874,PO02874,P0022,250,22.4,5600.0
POI002875,PO02875,P0022,244,22.4,5465.6
POI002876,PO02876,P0022,256,23.66,6056.96
POI002877,PO02877,P0022,257,23.66,6080.62
POI002878,PO02878,P0022,244,24.63,6009.72
POI002879,PO02879,P0022,253,24.63,6231.39
POI002880,PO02880,P0022,246,22.4,5510.4
POI002881,PO02881,P0022,255,24.63,6280.65
POI002882,PO02882,P0022,251,24.63,6182.13
POI002883,PO02883,P0022,243,24.63,5985.09
POI002884,PO02884,P0022,243,23.66,5749.38
POI002885,PO02885,P0022,253,22.4,5667.2
POI002886,PO02886,P0022,250,23.66,5915.0
POI002887,PO02887,P0022,243,24.63,5985.09
POI002888,PO02888,P0022,255,22.4,5712.0
POI002889,PO02889,P0022,248,22.4,5555.2
POI002890,PO02890,P0022,250,23.66,5915.0
POI002891,PO02891,P0023,172,4.51,775.72
POI002892,PO02892,P0023,179,4.88,873.52
POI002893,PO02893,P0023,167,4.51,753.17
POI002894,PO02894,P0023,168,4.88,819.84
POI002895,PO02895,P0023,182,4.51,820.82
POI002896,PO02896,P0023,173,4.88,844.24
POI002897,PO02897,P0023,171,4.88,834.48
POI002898,PO02898,P0023,185,4.51,834.35
POI002899,PO02899,P0023,182,4.88,888.16
POI002900,PO02900,P0023,166,4.51,748.66
POI002901,PO02901,P0023,162,4.51,730.62
POI002902,PO02902,P0023,196,4.88,956.48
POI002903,PO02903,P0023,171,4.51,771.21
POI002904,PO02904,P0023,173,4.88,844.24
POI002905,PO02905,P0023,184,4.88,897.92
POI002906,PO02906,P0023,172,4.51,775.72
POI002907,PO02907,P0023,164,4.51,739.64
POI002908,PO02908,P0023,165,4.51,744.15
POI002909,PO02909,P0023,168,4.51,757.68
POI002910,PO02910,P0023,179,4.51,807.29
POI002911,PO02911,P0023,170,4.51,766.7
POI002912,PO02912,P0023,180,4.88,878.4
POI002913,PO02913,P0023,185,4.51,834.35
POI002914,PO02914,P0023,182,4.88,888.16
POI002915,PO02915,P0023,167,4.88,814.96
POI002916,PO02916,P0023,178,4.88,868.64
POI002917,PO02917,P0023,167,4.51,753.17
POI002918,PO02918,P0023,163,4.88,795.44
POI002919,PO02919,P0023,171,4.88,834.48
POI002920,PO02920,P0023,167,4.88,814.96
POI002921,PO02921,P0023,168,4.51,757.68
POI002922,PO02922,P0023,168,4.88,819.84
POI002923,PO02923,P0023,164,4.51,739.64
POI002924,PO02924,P0023,183,4.51,825.33
POI002925,PO02925,P0023,172,4.51,775.72
POI002926,PO02926,P0023,177,4.88,863.76
POI002927,PO02927,P0023,162,4.88,790.56
POI002928,PO02928,P0023,180,4.88,878.4
POI002929,PO02929,P0023,176,4.88,858.88
POI002930,PO02930,P0023,170,4.88,829.6
POI002931,PO02931,P0023,165,4.88,805.2
POI002932,PO02932,P0023,167,4.88,814.96
POI002933,PO02933,P0023,171,4.51,771.21
POI002934,PO02934,P0023,166,4.88,810.08
POI002935,PO02935,P0023,164,4.51,739.64
POI002936,PO02936,P0023,165,4.51,744.15
POI002937,PO02937,P0023,180,4.88,878.4
POI002938,PO02938,P0023,165,4.88,805.2
POI002939,PO02939,P0023,170,4.51,766.7
POI002940,PO02940,P0023,182,4.88,888.16
POI002941,PO02941,P0023,163,4.51,735.13
POI002942,PO02942,P0023,163,4.88,795.44
POI002943,PO02943,P0023,166,4.51,748.66
POI002944,PO02944,P0023,168,4.88,819.84
POI002945,PO02945,P0024,345,18.25,6296.25
POI002946,PO02946,P0024,340,20.73,7048.2
POI002947,PO02947,P0024,342,18.25,6241.5
POI002948,PO02948,P0024,343,18.25,6259.75
POI002949,PO02949,P0024,338,18.25,6168.5
POI002950,PO02950,P0024,346,20.73,7172.58
POI002951,PO02951,P0024,339,20.73,7027.47
POI002952,PO02952,P0024,343,18.25,6259.75
POI002953,PO02953,P0024,339,20.73,7027.47
POI002954,PO02954,P0024,338,18.25,6168.5
POI002955,PO02955,P0024,341,18.25,6223.25
POI002956,PO02956,P0024,345,18.25,6296.25
POI002957,PO02957,P0025,310,15.98,4953.8
POI002958,PO02958,P0025,302,15.98,4825.96
POI002959,PO02959,P0025,309,15.98,4937.82
POI002960,PO02960,P0025,310,15.98,4953.8
POI002961,PO02961,P0025,310,15.98,4953.8
POI002962,PO02962,P0025,310,15.98,4953.8
POI002963,PO02963,P0025,310,15.98,4953.8
POI002964,PO02964,P0025,307,15.98,4905.86
POI002965,PO02965,P0025,307,15.98,4905.86
POI002966,PO02966,P0025,309,15.98,4937.82
POI002967,PO02967,P0025,305,15.98,4873.9
POI002968,PO02968,P0025,306,15.98,4889.88
POI002969,PO02969,P0025,310,15.98,4953.8
POI002970,PO02970,P0025,310,15.98,4953.8
POI002971,PO02971,P0025,305,15.98,4873.9
POI002972,PO02972,P0025,302,15.98,4825.96
POI002973,PO02973,P0025,302,15.98,4825.96
POI002974,PO02974,P0025,310,15.98,4953.8
POI002975,PO02975,P0025,310,15.98,4953.8
POI002976,PO02976,P0025,310,15.98,4953.8
POI002977,PO02977,P0026,317,23.77,7535.09
POI002978,PO02978,P0026,339,23.77,8058.03
POI002979,PO02979,P0026,343,23.77,8153.11
POI002980,PO02980,P0026,328,23.77,7796.56
POI002981,PO02981,P0026,343,19.21,6589.03
POI002982,PO02982,P0026,320,19.21,6147.2
POI002983,PO02983,P0026,317,23.77,7535.09
POI002984,PO02984,P0026,338,19.21,6492.98
POI002985,PO02985,P0026,333,23.77,7915.41
POI002986,PO02986,P0026,312,23.77,7416.24
POI002987,PO02987,P0026,314,23.77,7463.78
POI002988,PO02988,P0026,316,19.21,6070.36
POI002989,PO02989,P0026,343,19.21,6589.03
POI002990,PO02990,P0026,324,23.77,7701.48
POI002991,PO02991,P0026,325,23.77,7725.25
POI002992,PO02992,P0026,323,19.21,6204.83
POI002993,PO02993,P0026,328,23.77,7796.56
POI002994,PO02994,P0026,334,19.21,6416.14
POI002995,PO02995,P0026,326,23.77,7749.02
POI002996,PO02996,P0026,312,19.21,5993.52
POI002997,PO02997,P0026,327,19.21,6281.67
POI002998,PO02998,P0026,315,23.77,7487.55
POI002999,PO02999,P0026,312,19.21,5993.52
POI003000,PO03000,P0026,333,23.77,7915.41
POI003001,PO03001,P0026,323,19.21,6204.83
POI003002,PO03002,P0026,325,19.21,6243.25
POI003003,PO03003,P0026,320,23.77,7606.4
POI003004,PO03004,P0026,323,19.21,6204.83
POI003005,PO03005,P0026,322,23.77,7653.94
POI003006,PO03006,P0026,315,23.77,7487.55
POI003007,PO03007,P0026,330,19.21,6339.3
POI003008,PO03008,P0027,375,14.62,5482.5
POI003009,PO03009,P0027,373,14.62,5453.26
POI003010,PO03010,P0027,374,15.13,5658.62
POI003011,PO03011,P0027,370,15.13,5598.1
POI003012,PO03012,P0027,370,14.62,5409.4
POI003013,PO03013,P0027,370,15.13,5598.1
POI003014,PO03014,P0027,373,14.38,5363.74
POI003015,PO03015,P0027,381,14.62,5570.22
POI003016,PO03016,P0028,281,16.64,4675.84
POI003017,PO03017,P0028,279,16.45,4589.55
POI003018,PO03018,P0028,283,16.64,4709.12
POI003019,PO03019,P0028,280,18.21,5098.8
POI003020,PO03020,P0028,282,18.21,5135.22
POI003021,PO03021,P0028,283,18.21,5153.43
POI003022,PO03022,P0029,130,24.29,3157.7
POI003023,PO03023,P0029,130,24.29,3157.7
POI003024,PO03024,P0029,109,24.29,2647.61
POI003025,PO03025,P0029,118,24.29,2866.22
POI003026,PO03026,P0029,130,24.29,3157.7
POI003027,PO03027,P0029,123,24.29,2987.67
POI003028,PO03028,P0029,115,24.29,2793.35
POI003029,PO03029,P0029,123,24.29,2987.67
POI003030,PO03030,P0029,115,24.29,2793.35
POI003031,PO03031,P0029,107,24.29,2599.03
POI003032,PO03032,P0029,125,24.29,3036.25
POI003033,PO03033,P0029,122,24.29,2963.38
POI003034,PO03034,P0029,130,24.29,3157.7
POI003035,PO03035,P0029,130,24.29,3157.7
POI003036,PO03036,P0029,127,24.29,3084.83
POI003037,PO03037,P0029,114,24.29,2769.06
POI003038,PO03038,P0029,121,24.29,2939.09
POI003039,PO03039,P0029,108,24.29,2623.32
POI003040,PO03040,P0029,130,24.29,3157.7
POI003041,PO03041,P0029,125,24.29,3036.25
POI003042,PO03042,P0029,123,24.29,2987.67
POI003043,PO03043,P0029,116,24.29,2817.64
POI003044,PO03044,P0029,130,24.29,3157.7
POI003045,PO03045,P0029,126,24.29,3060.54
POI003046,PO03046,P0029,130,24.29,3157.7
POI003047,PO03047,P0029,130,24.29,3157.7
POI003048,PO03048,P0029,130,24.29,3157.7
POI003049,PO03049,P0029,123,24.29,2987.67
POI003050,PO03050,P0029,130,24.29,3157.7
POI003051,PO03051,P0029,130,24.29,3157.7
POI003052,PO03052,P0029,111,24.29,2696.19
POI003053,PO03053,P0029,110,24.29,2671.9
POI003054,PO03054,P0029,130,24.29,3157.7
POI003055,PO03055,P0029,122,24.29,2963.38
POI003056,PO03056,P0029,109,24.29,2647.61
POI003057,PO03057,P0029,121,24.29,2939.09
POI003058,PO03058,P0029,116,24.29,2817.64
POI003059,PO03059,P0029,130,24.29,3157.7
POI003060,PO03060,P0029,110,24.29,2671.9
POI003061,PO03061,P0029,107,24.29,2599.03
POI003062,PO03062,P0029,110,24.29,2671.9
POI003063,PO03063,P0029,117,24.29,2841.93
POI003064,PO03064,P0029,128,24.29,3109.12
POI003065,PO03065,P0029,122,24.29,2963.38
POI003066,PO03066,P0029,119,24.29,2890.51
POI003067,PO03067,P0029,117,24.29,2841.93
POI003068,PO03068,P0029,110,24.29,2671.9
POI003069,PO03069,P0029,130,24.29,3157.7
POI003070,PO03070,P0029,121,24.29,2939.09
POI003071,PO03071,P0029,128,24.29,3109.12
POI003072,PO03072,P0029,113,24.29,2744.77
POI003073,PO03073,P0029,111,24.29,2696.19
POI003074,PO03074,P0029,116,24.29,2817.64
POI003075,PO03075,P0029,111,24.29,2696.19
POI003076,PO03076,P0029,129,24.29,3133.41
POI003077,PO03077,P0029,113,24.29,2744.77
POI003078,PO03078,P0029,108,24.29,2623.32
POI003079,PO03079,P0029,130,24.29,3157.7
POI003080,PO03080,P0029,114,24.29,2769.06
POI003081,PO03081,P0029,108,24.29,2623.32
POI003082,PO03082,P0029,120,24.29,2914.8
POI003083,PO03083,P0029,109,24.29,2647.61
POI003084,PO03084,P0029,107,24.29,2599.03
POI003085,PO03085,P0029,130,24.29,3157.7
POI003086,PO03086,P0029,110,24.29,2671.9
POI003087,PO03087,P0029,118,24.29,2866.22
POI003088,PO03088,P0029,129,24.29,3133.41
POI003089,PO03089,P0029,124,24.29,3011.96
POI003090,PO03090,P0029,126,24.29,3060.54
POI003091,PO03091,P0029,109,24.29,2647.61
POI003092,PO03092,P0029,127,24.29,3084.83
POI003093,PO03093,P0029,112,24.29,2720.48
POI003094,PO03094,P0029,126,24.29,3060.54
POI003095,PO03095,P0029,111,24.29,2696.19
POI003096,PO03096,P0029,115,24.29,2793.35
POI003097,PO03097,P0029,114,24.29,2769.06
POI003098,PO03098,P0029,121,24.29,2939.09
POI003099,PO03099,P0029,122,24.29,2963.38
POI003100,PO03100,P0029,118,24.29,2866.22
POI003101,PO03101,P0029,115,24.29,2793.35
POI003102,PO03102,P0029,114,24.29,2769.06
POI003103,PO03103,P0029,129,24.29,3133.41
POI003104,PO03104,P0029,130,24.29,3157.7
POI003105,PO03105,P0029,127,24.29,3084.83
POI003106,PO03106,P0029,120,24.29,2914.8
POI003107,PO03107,P0030,185,21.15,3912.75
POI003108,PO03108,P0030,185,18.9,3496.5
POI003109,PO03109,P0030,176,21.15,3722.4
POI003110,PO03110,P0030,185,21.15,3912.75
POI003111,PO03111,P0030,185,21.15,3912.75
POI003112,PO03112,P0030,185,18.9,3496.5
POI003113,PO03113,P0030,185,21.15,3912.75
POI003114,PO03114,P0030,185,21.15,3912.75
POI003115,PO03115,P0030,185,18.9,3496.5
POI003116,PO03116,P0030,177,21.15,3743.55
POI003117,PO03117,P0030,185,21.15,3912.75
POI003118,PO03118,P0030,185,18.9,3496.5
POI003119,PO03119,P0030,185,18.9,3496.5
POI003120,PO03120,P0030,178,21.15,3764.7
POI003121,PO03121,P0030,185,21.15,3912.75
POI003122,PO03122,P0030,185,18.9,3496.5
POI003123,PO03123,P0030,185,18.9,3496.5
POI003124,PO03124,P0030,185,21.15,3912.75
POI003125,PO03125,P0030,185,18.9,3496.5
POI003126,PO03126,P0030,185,18.9,3496.5
POI003127,PO03127,P0030,185,18.9,3496.5
POI003128,PO03128,P0030,185,21.15,3912.75
POI003129,PO03129,P0030,185,18.9,3496.5
POI003130,PO03130,P0030,185,21.15,3912.75
POI003131,PO03131,P0030,185,18.9,3496.5
POI003132,PO03132,P0030,172,21.15,3637.8
POI003133,PO03133,P0030,185,21.15,3912.75
POI003134,PO03134,P0030,179,18.9,3383.1
POI003135,PO03135,P0030,185,21.15,3912.75
POI003136,PO03136,P0030,183,18.9,3458.7
POI003137,PO03137,P0030,183,21.15,3870.45
POI003138,PO03138,P0030,185,18.9,3496.5
POI003139,PO03139,P0030,178,18.9,3364.2
POI003140,PO03140,P0030,185,18.9,3496.5
POI003141,PO03141,P0030,185,21.15,3912.75
POI003142,PO03142,P0030,182,18.9,3439.8
POI003143,PO03143,P0030,182,21.15,3849.3
POI003144,PO03144,P0030,185,21.15,3912.75
POI003145,PO03145,P0030,183,18.9,3458.7
POI003146,PO03146,P0030,180,21.15,3807.0
POI003147,PO03147,P0030,177,21.15,3743.55
POI003148,PO03148,P0030,185,18.9,3496.5
POI003149,PO03149,P0030,185,18.9,3496.5
POI003150,PO03150,P0030,185,21.15,3912.75
POI003151,PO03151,P0030,185,18.9,3496.5
POI003152,PO03152,P0030,185,21.15,3912.75
POI003153,PO03153,P0030,181,18.9,3420.9
POI003154,PO03154,P0030,185,18.9,3496.5
POI003155,PO03155,P0030,185,18.9,3496.5
POI003156,PO03156,P0030,185,18.9,3496.5
POI003157,PO03157,P0030,185,21.15,3912.75
POI003158,PO03158,P0030,175,18.9,3307.5
POI003159,PO03159,P0030,179,21.15,3785.85
POI003160,PO03160,P0030,185,18.9,3496.5
POI003161,PO03161,P0030,185,21.15,3912.75
POI003162,PO03162,P0030,185,21.15,3912.75
POI003163,PO03163,P0030,177,18.9,3345.3
POI003164,PO03164,P0030,185,18.9,3496.5
POI003165,PO03165,P0030,174,18.9,3288.6
POI003166,PO03166,P0030,185,21.15,3912.75
POI003167,PO03167,P0030,185,21.15,3912.75
POI003168,PO03168,P0030,185,21.15,3912.75
POI003169,PO03169,P0030,185,21.15,3912.75
POI003170,PO03170,P0031,266,15.9,4229.4
POI003171,PO03171,P0031,263,15.9,4181.7
POI003172,PO03172,P0031,267,15.05,4018.35
POI003173,PO03173,P0031,270,16.15,4360.5
POI003174,PO03174,P0031,267,16.15,4312.05
POI003175,PO03175,P0031,265,15.05,3988.25
POI003176,PO03176,P0031,263,15.9,4181.7
POI003177,PO03177,P0031,263,15.9,4181.7
POI003178,PO03178,P0031,264,15.05,3973.2
POI003179,PO03179,P0031,264,15.05,3973.2
POI003180,PO03180,P0031,267,16.15,4312.05
POI003181,PO03181,P0032,418,1.74,727.32
POI003182,PO03182,P0032,422,1.74,734.28
POI003183,PO03183,P0032,429,1.74,746.46
POI003184,PO03184,P0032,429,1.74,746.46
POI003185,PO03185,P0032,416,1.74,723.84
POI003186,PO03186,P0032,426,1.49,634.74
POI003187,PO03187,P0032,429,1.49,639.21
POI003188,PO03188,P0032,429,1.49,639.21
POI003189,PO03189,P0032,429,1.49,639.21
POI003190,PO03190,P0032,427,1.74,742.98
POI003191,PO03191,P0032,416,1.49,619.84
POI003192,PO03192,P0032,418,1.49,622.82
POI003193,PO03193,P0032,429,1.49,639.21
POI003194,PO03194,P0032,428,1.74,744.72
POI003195,PO03195,P0032,419,1.49,624.31
POI003196,PO03196,P0032,429,1.74,746.46
POI003197,PO03197,P0032,429,1.74,746.46
POI003198,PO03198,P0032,414,1.49,616.86
POI003199,PO03199,P0032,429,1.49,639.21
POI003200,PO03200,P0032,418,1.74,727.32
POI003201,PO03201,P0032,429,1.49,639.21
POI003202,PO03202,P0032,426,1.74,741.24
POI003203,PO03203,P0032,420,1.49,625.8
POI003204,PO03204,P0032,429,1.74,746.46
POI003205,PO03205,P0033,321,2.32,744.72
POI003206,PO03206,P0033,329,2.56,842.24
POI003207,PO03207,P0033,321,2.3,738.3
POI003208,PO03208,P0033,322,2.3,740.6
POI003209,PO03209,P0033,331,2.56,847.36
POI003210,PO03210,P0033,323,2.32,749.36
POI003211,PO03211,P0033,335,2.56,857.6
POI003212,PO03212,P0033,328,2.3,754.4
POI003213,PO03213,P0033,324,2.56,829.44
POI003214,PO03214,P0033,327,2.3,752.1
POI003215,PO03215,P0033,333,2.56,852.48
POI003216,PO03216,P0033,324,2.56,829.44
POI003217,PO03217,P0033,328,2.3,754.4
POI003218,PO03218,P0033,325,2.3,747.5
POI003219,PO03219,P0033,328,2.32,760.96
POI003220,PO03220,P0033,332,2.56,849.92
POI003221,PO03221,P0033,336,2.3,772.8
POI003222,PO03222,P0034,399,9.84,3926.16
POI003223,PO03223,P0034,390,9.84,3837.6
POI003224,PO03224,P0034,399,9.84,3926.16
POI003225,PO03225,P0034,399,9.84,3926.16
POI003226,PO03226,P0034,394,9.84,3876.96
POI003227,PO03227,P0034,399,9.84,3926.16
POI003228,PO03228,P0034,399,9.84,3926.16
POI003229,PO03229,P0034,386,9.84,3798.24
POI003230,PO03230,P0034,393,9.84,3867.12
POI003231,PO03231,P0034,393,9.84,3867.12
POI003232,PO03232,P0034,391,9.84,3847.44
POI003233,PO03233,P0034,383,9.84,3768.72
POI003234,PO03234,P0034,399,9.84,3926.16
POI003235,PO03235,P0034,389,9.84,3827.76
POI003236,PO03236,P0034,389,9.84,3827.76
POI003237,PO03237,P0034,393,9.84,3867.12
POI003238,PO03238,P0034,388,9.84,3817.92
POI003239,PO03239,P0034,392,9.84,3857.28
POI003240,PO03240,P0034,382,9.84,3758.88
POI003241,PO03241,P0034,399,9.84,3926.16
POI003242,PO03242,P0034,398,9.84,3916.32
POI003243,PO03243,P0035,492,21.41,10533.72
POI003244,PO03244,P0035,492,21.41,10533.72
POI003245,PO03245,P0035,484,22.89,11078.76
POI003246,PO03246,P0035,476,22.89,10895.64
POI003247,PO03247,P0035,481,22.89,11010.09
POI003248,PO03248,P0035,488,22.89,11170.32
POI003249,PO03249,P0035,478,21.41,10233.98
POI003250,PO03250,P0035,475,22.89,10872.75
POI003251,PO03251,P0035,490,22.89,11216.1
POI003252,PO03252,P0035,491,22.89,11238.99
POI003253,PO03253,P0035,487,21.41,10426.67
POI003254,PO03254,P0035,479,21.41,10255.39
POI003255,PO03255,P0035,472,21.41,10105.52
POI003256,PO03256,P0035,486,21.41,10405.26
POI003257,PO03257,P0035,486,21.41,10405.26
POI003258,PO03258,P0035,478,22.89,10941.42
POI003259,PO03259,P0035,479,22.89,10964.31
POI003260,PO03260,P0036,112,16.13,1806.56
POI003261,PO03261,P0036,125,16.13,2016.25
POI003262,PO03262,P0036,113,16.13,1822.69
POI003263,PO03263,P0036,123,16.13,1983.99
POI003264,PO03264,P0036,112,16.13,1806.56
POI003265,PO03265,P0036,127,16.13,2048.51
POI003266,PO03266,P0036,109,16.13,1758.17
POI003267,PO03267,P0036,109,16.13,1758.17
POI003268,PO03268,P0036,129,16.13,2080.77
POI003269,PO03269,P0036,124,16.13,2000.12
POI003270,PO03270,P0036,118,16.13,1903.34
POI003271,PO03271,P0036,112,16.13,1806.56
POI003272,PO03272,P0036,126,16.13,2032.38
POI003273,PO03273,P0036,125,16.13,2016.25
POI003274,PO03274,P0036,113,16.13,1822.69
POI003275,PO03275,P0036,115,16.13,1854.95
POI003276,PO03276,P0036,125,16.13,2016.25
POI003277,PO03277,P0036,111,16.13,1790.43
POI003278,PO03278,P0036,120,16.13,1935.6
POI003279,PO03279,P0036,114,16.13,1838.82
POI003280,PO03280,P0036,128,16.13,2064.64
POI003281,PO03281,P0036,130,16.13,2096.9
POI003282,PO03282,P0036,131,16.13,2113.03
POI003283,PO03283,P0036,131,16.13,2113.03
POI003284,PO03284,P0036,112,16.13,1806.56
POI003285,PO03285,P0036,123,16.13,1983.99
POI003286,PO03286,P0036,110,16.13,1774.3
POI003287,PO03287,P0036,131,16.13,2113.03
POI003288,PO03288,P0036,111,16.13,1790.43
POI003289,PO03289,P0036,115,16.13,1854.95
POI003290,PO03290,P0036,130,16.13,2096.9
POI003291,PO03291,P0036,109,16.13,1758.17
POI003292,PO03292,P0036,119,16.13,1919.47
POI003293,PO03293,P0036,120,16.13,1935.6
POI003294,PO03294,P0036,122,16.13,1967.86
POI003295,PO03295,P0036,115,16.13,1854.95
POI003296,PO03296,P0036,110,16.13,1774.3
POI003297,PO03297,P0036,127,16.13,2048.51
POI003298,PO03298,P0036,127,16.13,2048.51
POI003299,PO03299,P0036,115,16.13,1854.95
POI003300,PO03300,P0036,116,16.13,1871.08
POI003301,PO03301,P0036,114,16.13,1838.82
POI003302,PO03302,P0036,124,16.13,2000.12
POI003303,PO03303,P0036,119,16.13,1919.47
POI003304,PO03304,P0036,111,16.13,1790.43
POI003305,PO03305,P0036,129,16.13,2080.77
POI003306,PO03306,P0036,121,16.13,1951.73
POI003307,PO03307,P0036,114,16.13,1838.82
POI003308,PO03308,P0036,111,16.13,1790.43
POI003309,PO03309,P0036,109,16.13,1758.17
POI003310,PO03310,P0036,121,16.13,1951.73
POI003311,PO03311,P0036,109,16.13,1758.17
POI003312,PO03312,P0036,118,16.13,1903.34
POI003313,PO03313,P0036,116,16.13,1871.08
POI003314,PO03314,P0036,119,16.13,1919.47
POI003315,PO03315,P0036,131,16.13,2113.03
POI003316,PO03316,P0036,114,16.13,1838.82
POI003317,PO03317,P0036,114,16.13,1838.82
POI003318,PO03318,P0036,114,16.13,1838.82
POI003319,PO03319,P0036,115,16.13,1854.95
POI003320,PO03320,P0036,128,16.13,2064.64
POI003321,PO03321,P0036,115,16.13,1854.95
POI003322,PO03322,P0036,116,16.13,1871.08
POI003323,PO03323,P0036,131,16.13,2113.03
POI003324,PO03324,P0036,129,16.13,2080.77
POI003325,PO03325,P0037,150,4.71,706.5
POI003326,PO03326,P0037,150,4.71,706.5
POI003327,PO03327,P0037,150,5.73,859.5
POI003328,PO03328,P0037,150,5.08,762.0
POI003329,PO03329,P0037,161,5.73,922.53
POI003330,PO03330,P0037,154,5.08,782.32
POI003331,PO03331,P0037,150,5.08,762.0
POI003332,PO03332,P0037,146,5.73,836.58
POI003333,PO03333,P0037,150,4.71,706.5
POI003334,PO03334,P0037,163,5.08,828.04
POI003335,PO03335,P0037,145,4.71,682.95
POI003336,PO03336,P0037,162,5.08,822.96
POI003337,PO03337,P0037,149,4.71,701.79
POI003338,PO03338,P0037,154,5.08,782.32
POI003339,PO03339,P0037,153,5.73,876.69
POI003340,PO03340,P0037,151,5.73,865.23
POI003341,PO03341,P0037,154,5.73,882.42
POI003342,PO03342,P0037,147,5.73,842.31
POI003343,PO03343,P0037,155,5.08,787.4
POI003344,PO03344,P0037,149,5.73,853.77
POI003345,PO03345,P0037,149,5.08,756.92
POI003346,PO03346,P0037,151,5.08,767.08
POI003347,PO03347,P0037,147,5.08,746.76
POI003348,PO03348,P0037,146,5.08,741.68
POI003349,PO03349,P0037,148,5.73,848.04
POI003350,PO03350,P0037,152,5.73,870.96
POI003351,PO03351,P0037,149,4.71,701.79
POI003352,PO03352,P0037,150,4.71,706.5
POI003353,PO03353,P0038,270,6.91,1865.7
POI003354,PO03354,P0038,277,7.65,2119.05
POI003355,PO03355,P0038,274,6.91,1893.34
POI003356,PO03356,P0038,269,6.91,1858.79
POI003357,PO03357,P0038,286,6.91,1976.26
POI003358,PO03358,P0038,289,7.3,2109.7
POI003359,PO03359,P0038,274,7.65,2096.1
POI003360,PO03360,P0038,286,7.3,2087.8
POI003361,PO03361,P0038,264,6.91,1824.24
POI003362,PO03362,P0038,278,7.65,2126.7
POI003363,PO03363,P0038,279,7.3,2036.7
POI003364,PO03364,P0038,290,6.91,2003.9
POI003365,PO03365,P0038,297,6.91,2052.27
POI003366,PO03366,P0038,279,6.91,1927.89
POI003367,PO03367,P0038,307,6.91,2121.37
POI003368,PO03368,P0038,297,7.3,2168.1
POI003369,PO03369,P0038,277,6.91,1914.07
POI003370,PO03370,P0038,285,7.3,2080.5
POI003371,PO03371,P0038,289,7.65,2210.85
POI003372,PO03372,P0038,276,7.3,2014.8
POI003373,PO03373,P0038,268,6.91,1851.88
POI003374,PO03374,P0038,268,7.3,1956.4
POI003375,PO03375,P0038,294,7.3,2146.2
POI003376,PO03376,P0038,291,7.3,2124.3
POI003377,PO03377,P0038,276,6.91,1907.16
POI003378,PO03378,P0038,279,7.3,2036.7
POI003379,PO03379,P0038,272,6.91,1879.52
POI003380,PO03380,P0038,278,7.3,2029.4
POI003381,PO03381,P0038,269,6.91,1858.79
POI003382,PO03382,P0038,269,7.65,2057.85
POI003383,PO03383,P0038,264,7.65,2019.6
POI003384,PO03384,P0038,288,7.3,2102.4
POI003385,PO03385,P0038,273,7.65,2088.45
POI003386,PO03386,P0038,282,7.3,2058.6
POI003387,PO03387,P0038,275,7.65,2103.75
POI003388,PO03388,P0038,266,7.65,2034.9
POI003389,PO03389,P0039,100,3.71,371.0
POI003390,PO03390,P0039,98,3.71,363.58
POI003391,PO03391,P0039,104,3.6,374.4
POI003392,PO03392,P0039,100,3.6,360.0
POI003393,PO03393,P0039,99,3.71,367.29
POI003394,PO03394,P0039,98,3.71,363.58
POI003395,PO03395,P0039,101,3.71,374.71
POI003396,PO03396,P0039,99,3.71,367.29
POI003397,PO03397,P0039,101,3.71,374.71
POI003398,PO03398,P0039,101,3.71,374.71
POI003399,PO03399,P0039,104,3.71,385.84
POI003400,PO03400,P0039,101,3.6,363.6
POI003401,PO03401,P0039,103,3.6,370.8
POI003402,PO03402,P0039,98,3.71,363.58
POI003403,PO03403,P0039,100,3.71,371.0
POI003404,PO03404,P0039,99,3.6,356.4
POI003405,PO03405,P0039,103,3.6,370.8
POI003406,PO03406,P0040,53,13.88,735.64
POI003407,PO03407,P0040,52,13.88,721.76
POI003408,PO03408,P0040,56,13.88,777.28
POI003409,PO03409,P0040,57,13.88,791.16
POI003410,PO03410,P0040,57,13.88,791.16
POI003411,PO03411,P0040,53,13.88,735.64
POI003412,PO03412,P0040,54,13.88,749.52
POI003413,PO03413,P0040,53,13.88,735.64
POI003414,PO03414,P0040,51,13.88,707.88
POI003415,PO03415,P0040,52,13.88,721.76
POI003416,PO03416,P0040,53,13.88,735.64
POI003417,PO03417,P0040,52,13.88,721.76
POI003418,PO03418,P0040,59,13.88,818.92
POI003419,PO03419,P0040,51,13.88,707.88
POI003420,PO03420,P0040,52,13.88,721.76
POI003421,PO03421,P0040,55,13.88,763.4
POI003422,PO03422,P0040,53,13.88,735.64
POI003423,PO03423,P0040,54,13.88,749.52
POI003424,PO03424,P0040,52,13.88,721.76
POI003425,PO03425,P0040,55,13.88,763.4
POI003426,PO03426,P0040,54,13.88,749.52
POI003427,PO03427,P0040,52,13.88,721.76
POI003428,PO03428,P0040,55,13.88,763.4
POI003429,PO03429,P0040,56,13.88,777.28
POI003430,PO03430,P0040,51,13.88,707.88
POI003431,PO03431,P0040,53,13.88,735.64
POI003432,PO03432,P0040,56,13.88,777.28
POI003433,PO03433,P0040,51,13.88,707.88
POI003434,PO03434,P0040,52,13.88,721.76
POI003435,PO03435,P0040,53,13.88,735.64
POI003436,PO03436,P0040,53,13.88,735.64
POI003437,PO03437,P0040,53,13.88,735.64
POI003438,PO03438,P0040,63,13.88,874.44
POI003439,PO03439,P0040,60,13.88,832.8
POI003440,PO03440,P0040,51,13.88,707.88
POI003441,PO03441,P0040,53,13.88,735.64
POI003442,PO03442,P0040,56,13.88,777.28
POI003443,PO03443,P0040,61,13.88,846.68
POI003444,PO03444,P0040,57,13.88,791.16
POI003445,PO03445,P0040,59,13.88,818.92
POI003446,PO03446,P0041,263,17.39,4573.57
POI003447,PO03447,P0041,260,17.39,4521.4
POI003448,PO03448,P0041,259,17.39,4504.01
POI003449,PO03449,P0041,244,17.39,4243.16
POI003450,PO03450,P0041,261,17.39,4538.79
POI003451,PO03451,P0041,254,17.39,4417.06
POI003452,PO03452,P0041,251,17.39,4364.89
POI003453,PO03453,P0041,247,17.39,4295.33
POI003454,PO03454,P0041,251,17.39,4364.89
POI003455,PO03455,P0041,270,17.39,4695.3
POI003456,PO03456,P0041,270,17.39,4695.3
POI003457,PO03457,P0041,251,17.39,4364.89
POI003458,PO03458,P0041,259,17.39,4504.01
POI003459,PO03459,P0041,254,17.39,4417.06
POI003460,PO03460,P0041,270,17.39,4695.3
POI003461,PO03461,P0041,254,17.39,4417.06
POI003462,PO03462,P0041,244,17.39,4243.16
POI003463,PO03463,P0041,249,17.39,4330.11
POI003464,PO03464,P0041,243,17.39,4225.77
POI003465,PO03465,P0041,245,17.39,4260.55
POI003466,PO03466,P0041,242,17.39,4208.38
POI003467,PO03467,P0041,262,17.39,4556.18
POI003468,PO03468,P0041,270,17.39,4695.3
POI003469,PO03469,P0041,258,17.39,4486.62
POI003470,PO03470,P0041,247,17.39,4295.33
POI003471,PO03471,P0041,260,17.39,4521.4
POI003472,PO03472,P0041,264,17.39,4590.96
POI003473,PO03473,P0041,258,17.39,4486.62
POI003474,PO03474,P0041,254,17.39,4417.06
POI003475,PO03475,P0041,262,17.39,4556.18
POI003476,PO03476,P0041,249,17.39,4330.11
POI003477,PO03477,P0041,257,17.39,4469.23
POI003478,PO03478,P0041,262,17.39,4556.18
POI003479,PO03479,P0041,264,17.39,4590.96
POI003480,PO03480,P0041,260,17.39,4521.4
POI003481,PO03481,P0041,249,17.39,4330.11
POI003482,PO03482,P0041,262,17.39,4556.18
POI003483,PO03483,P0041,243,17.39,4225.77
POI003484,PO03484,P0041,266,17.39,4625.74
POI003485,PO03485,P0041,254,17.39,4417.06
POI003486,PO03486,P0041,267,17.39,4643.13
POI003487,PO03487,P0041,270,17.39,4695.3
POI003488,PO03488,P0041,270,17.39,4695.3
POI003489,PO03489,P0042,227,19.33,4387.91
POI003490,PO03490,P0042,214,19.89,4256.46
POI003491,PO03491,P0042,216,21.5,4644.0
POI003492,PO03492,P0042,222,19.89,4415.58
POI003493,PO03493,P0042,219,21.5,4708.5
POI003494,PO03494,P0042,222,19.33,4291.26
POI003495,PO03495,P0042,212,19.33,4097.96
POI003496,PO03496,P0042,219,19.89,4355.91
POI003497,PO03497,P0042,224,19.89,4455.36
POI003498,PO03498,P0042,231,19.89,4594.59
POI003499,PO03499,P0042,226,19.33,4368.58
POI003500,PO03500,P0042,223,19.89,4435.47
POI003501,PO03501,P0042,227,19.33,4387.91
POI003502,PO03502,P0042,230,19.89,4574.7
POI003503,PO03503,P0042,221,19.33,4271.93
POI003504,PO03504,P0042,218,21.5,4687.0
POI003505,PO03505,P0042,215,19.33,4155.95
POI003506,PO03506,P0042,214,19.89,4256.46
POI003507,PO03507,P0042,216,21.5,4644.0
POI003508,PO03508,P0042,221,19.89,4395.69
POI003509,PO03509,P0042,213,21.5,4579.5
POI003510,PO03510,P0042,216,19.33,4175.28
POI003511,PO03511,P0042,214,19.89,4256.46
POI003512,PO03512,P0042,220,19.89,4375.8
POI003513,PO03513,P0042,214,19.89,4256.46
POI003514,PO03514,P0042,229,19.89,4554.81
POI003515,PO03515,P0042,220,19.89,4375.8
POI003516,PO03516,P0042,212,19.33,4097.96
POI003517,PO03517,P0043,301,3.23,972.23
POI003518,PO03518,P0043,307,3.23,991.61
POI003519,PO03519,P0043,300,3.23,969.0
POI003520,PO03520,P0043,303,3.23,978.69
POI003521,PO03521,P0043,306,3.23,988.38
POI003522,PO03522,P0043,302,3.23,975.46
POI003523,PO03523,P0043,297,3.23,959.31
POI003524,PO03524,P0043,299,3.23,965.77
POI003525,PO03525,P0043,303,3.23,978.69
POI003526,PO03526,P0043,302,3.23,975.46
POI003527,PO03527,P0044,264,6.01,1586.64
POI003528,PO03528,P0044,245,6.1,1494.5
POI003529,PO03529,P0044,266,6.1,1622.6
POI003530,PO03530,P0044,242,6.1,1476.2
POI003531,PO03531,P0044,260,6.01,1562.6
POI003532,PO03532,P0044,247,6.1,1506.7
POI003533,PO03533,P0044,254,6.01,1526.54
POI003534,PO03534,P0044,256,6.01,1538.56
POI003535,PO03535,P0044,258,6.01,1550.58
POI003536,PO03536,P0044,271,6.01,1628.71
POI003537,PO03537,P0044,260,6.01,1562.6
POI003538,PO03538,P0044,264,6.01,1586.64
POI003539,PO03539,P0044,250,6.01,1502.5
POI003540,PO03540,P0044,260,6.1,1586.0
POI003541,PO03541,P0044,246,6.01,1478.46
POI003542,PO03542,P0044,276,6.1,1683.6
POI003543,PO03543,P0044,256,6.1,1561.6
POI003544,PO03544,P0044,254,6.1,1549.4
POI003545,PO03545,P0044,243,6.1,1482.3
POI003546,PO03546,P0044,266,6.01,1598.66
POI003547,PO03547,P0044,246,6.01,1478.46
POI003548,PO03548,P0044,259,6.1,1579.9
POI003549,PO03549,P0044,245,6.01,1472.45
POI003550,PO03550,P0044,247,6.01,1484.47
POI003551,PO03551,P0044,249,6.01,1496.49
POI003552,PO03552,P0044,248,6.01,1490.48
POI003553,PO03553,P0044,263,6.01,1580.63
POI003554,PO03554,P0044,261,6.1,1592.1
POI003555,PO03555,P0044,243,6.01,1460.43
POI003556,PO03556,P0044,259,6.1,1579.9
POI003557,PO03557,P0044,259,6.1,1579.9
POI003558,PO03558,P0044,274,6.01,1646.74
POI003559,PO03559,P0044,251,6.1,1531.1
POI003560,PO03560,P0044,262,6.01,1574.62
POI003561,PO03561,P0044,257,6.1,1567.7
POI003562,PO03562,P0044,250,6.1,1525.0
POI003563,PO03563,P0044,260,6.01,1562.6
POI003564,PO03564,P0044,253,6.01,1520.53
POI003565,PO03565,P0044,261,6.1,1592.1
POI003566,PO03566,P0044,252,6.1,1537.2
POI003567,PO03567,P0044,270,6.1,1647.0
POI003568,PO03568,P0044,267,6.1,1628.7
POI003569,PO03569,P0044,242,6.01,1454.42
POI003570,PO03570,P0044,253,6.1,1543.3
POI003571,PO03571,P0044,257,6.1,1567.7
POI003572,PO03572,P0045,459,4.09,1877.31
POI003573,PO03573,P0045,469,4.09,1918.21
POI003574,PO03574,P0045,469,4.09,1918.21
POI003575,PO03575,P0045,464,4.09,1897.76
POI003576,PO03576,P0045,460,4.09,1881.4
POI003577,PO03577,P0045,469,4.09,1918.21
POI003578,PO03578,P0045,467,4.09,1910.03
POI003579,PO03579,P0045,469,4.09,1918.21
POI003580,PO03580,P0045,462,4.09,1889.58
POI003581,PO03581,P0045,469,4.09,1918.21
POI003582,PO03582,P0045,469,4.09,1918.21
POI003583,PO03583,P0045,469,4.09,1918.21
POI003584,PO03584,P0045,469,4.09,1918.21
POI003585,PO03585,P0045,469,4.09,1918.21
POI003586,PO03586,P0045,469,4.09,1918.21
POI003587,PO03587,P0045,460,4.09,1881.4
POI003588,PO03588,P0045,469,4.09,1918.21
POI003589,PO03589,P0045,461,4.09,1885.49
POI003590,PO03590,P0045,469,4.09,1918.21
POI003591,PO03591,P0045,464,4.09,1897.76
POI003592,PO03592,P0045,469,4.09,1918.21
POI003593,PO03593,P0045,459,4.09,1877.31
POI003594,PO03594,P0046,230,3.56,818.8
POI003595,PO03595,P0046,231,3.56,822.36
POI003596,PO03596,P0046,235,3.56,836.6
POI003597,PO03597,P0046,229,3.56,815.24
POI003598,PO03598,P0046,231,3.56,822.36
POI003599,PO03599,P0046,238,3.56,847.28
POI003600,PO03600,P0046,231,3.56,822.36
POI003601,PO03601,P0046,239,3.56,850.84
POI003602,PO03602,P0046,237,3.56,843.72
POI003603,PO03603,P0046,229,3.56,815.24
POI003604,PO03604,P0046,240,3.56,854.4
POI003605,PO03605,P0046,234,3.56,833.04
POI003606,PO03606,P0046,228,3.56,811.68
POI003607,PO03607,P0046,235,3.56,836.6
POI003608,PO03608,P0046,232,3.56,825.92
POI003609,PO03609,P0046,233,3.56,829.48
POI003610,PO03610,P0046,228,3.56,811.68
POI003611,PO03611,P0046,237,3.56,843.72
POI003612,PO03612,P0046,229,3.56,815.24
POI003613,PO03613,P0046,237,3.56,843.72
POI003614,PO03614,P0046,233,3.56,829.48
POI003615,PO03615,P0046,235,3.56,836.6
POI003616,PO03616,P0047,133,5.94,790.02
POI003617,PO03617,P0047,131,5.94,778.14
POI003618,PO03618,P0047,131,5.94,778.14
POI003619,PO03619,P0047,136,5.94,807.84
POI003620,PO03620,P0047,131,5.94,778.14
POI003621,PO03621,P0047,136,5.94,807.84
POI003622,PO03622,P0047,132,5.94,784.08
POI003623,PO03623,P0047,133,5.94,790.02
POI003624,PO03624,P0047,132,5.94,784.08
POI003625,PO03625,P0047,132,5.94,784.08
POI003626,PO03626,P0047,130,5.94,772.2
POI003627,PO03627,P0047,130,5.94,772.2
POI003628,PO03628,P0047,132,5.94,784.08
POI003629,PO03629,P0047,130,5.94,772.2
POI003630,PO03630,P0048,362,5.63,2038.06
POI003631,PO03631,P0048,359,5.89,2114.51
POI003632,PO03632,P0048,376,5.89,2214.64
POI003633,PO03633,P0048,372,5.69,2116.68
POI003634,PO03634,P0048,358,5.63,2015.54
POI003635,PO03635,P0048,367,5.69,2088.23
POI003636,PO03636,P0048,368,5.89,2167.52
POI003637,PO03637,P0048,368,5.89,2167.52
POI003638,PO03638,P0048,388,5.89,2285.32
POI003639,PO03639,P0048,369,5.63,2077.47
POI003640,PO03640,P0048,363,5.89,2138.07
POI003641,PO03641,P0048,363,5.63,2043.69
POI003642,PO03642,P0048,373,5.63,2099.99
POI003643,PO03643,P0048,361,5.69,2054.09
POI003644,PO03644,P0048,366,5.63,2060.58
POI003645,PO03645,P0048,369,5.63,2077.47
POI003646,PO03646,P0048,357,5.89,2102.73
POI003647,PO03647,P0049,248,12.41,3077.68
POI003648,PO03648,P0049,245,12.41,3040.45
POI003649,PO03649,P0049,252,12.41,3127.32
POI003650,PO03650,P0049,247,12.41,3065.27
POI003651,PO03651,P0049,247,12.41,3065.27
POI003652,PO03652,P0049,249,12.41,3090.09
POI003653,PO03653,P0049,255,12.41,3164.55
POI003654,PO03654,P0049,252,12.41,3127.32
POI003655,PO03655,P0049,254,12.41,3152.14
POI003656,PO03656,P0049,245,12.41,3040.45
POI003657,PO03657,P0049,245,12.41,3040.45
POI003658,PO03658,P0049,251,12.41,3114.91
POI003659,PO03659,P0049,245,12.41,3040.45
POI003660,PO03660,P0050,171,6.59,1126.89
POI003661,PO03661,P0050,189,5.64,1065.96
POI003662,PO03662,P0050,188,6.59,1238.92
POI003663,PO03663,P0050,184,5.64,1037.76
POI003664,PO03664,P0050,175,5.64,987.0
POI003665,PO03665,P0050,182,6.59,1199.38
POI003666,PO03666,P0050,170,5.64,958.8
POI003667,PO03667,P0050,175,5.64,987.0
POI003668,PO03668,P0050,170,6.59,1120.3
POI003669,PO03669,P0050,177,5.64,998.28
POI003670,PO03670,P0050,180,5.64,1015.2
POI003671,PO03671,P0050,183,6.59,1205.97
POI003672,PO03672,P0050,184,6.59,1212.56
POI003673,PO03673,P0050,178,6.59,1173.02
POI003674,PO03674,P0050,184,6.59,1212.56
POI003675,PO03675,P0050,177,6.59,1166.43
POI003676,PO03676,P0050,189,6.59,1245.51
POI003677,PO03677,P0050,183,5.64,1032.12
POI003678,PO03678,P0050,177,6.59,1166.43
POI003679,PO03679,P0050,171,5.64,964.44
POI003680,PO03680,P0050,186,6.59,1225.74
POI003681,PO03681,P0050,187,6.59,1232.33
POI003682,PO03682,P0050,180,6.59,1186.2
POI003683,PO03683,P0050,170,6.59,1120.3
POI003684,PO03684,P0050,189,5.64,1065.96
POI003685,PO03685,P0050,189,5.64,1065.96
POI003686,PO03686,P0050,181,5.64,1020.84
POI003687,PO03687,P0050,188,5.64,1060.32
POI003688,PO03688,P0050,179,5.64,1009.56
POI003689,PO03689,P0050,178,5.64,1003.92
POI003690,PO03690,P0050,184,5.64,1037.76
POI003691,PO03691,P0050,171,5.64,964.44
POI003692,PO03692,P0050,174,5.64,981.36
POI003693,PO03693,P0050,172,6.59,1133.48
POI003694,PO03694,P0050,187,6.59,1232.33
POI003695,PO03695,P0050,189,6.59,1245.51
POI003696,PO03696,P0050,174,5.64,981.36
POI003697,PO03697,P0050,173,5.64,975.72
POI003698,PO03698,P0050,171,6.59,1126.89
POI003699,PO03699,P0050,185,6.59,1219.15
POI003700,PO03700,P0050,173,5.64,975.72
POI003701,PO03701,P0050,185,5.64,1043.4
POI003702,PO03702,P0051,262,3.59,940.58
POI003703,PO03703,P0051,262,3.94,1032.28
POI003704,PO03704,P0051,262,3.94,1032.28
POI003705,PO03705,P0051,261,3.59,936.99
POI003706,PO03706,P0051,262,3.59,940.58
POI003707,PO03707,P0051,262,3.59,940.58
POI003708,PO03708,P0051,259,3.59,929.81
POI003709,PO03709,P0051,262,3.94,1032.28
POI003710,PO03710,P0051,262,3.94,1032.28
POI003711,PO03711,P0051,256,3.59,919.04
POI003712,PO03712,P0051,262,3.59,940.58
POI003713,PO03713,P0051,254,3.59,911.86
POI003714,PO03714,P0051,262,3.94,1032.28
POI003715,PO03715,P0051,260,3.94,1024.4
POI003716,PO03716,P0051,262,3.59,940.58
POI003717,PO03717,P0051,262,3.59,940.58
POI003718,PO03718,P0051,262,3.94,1032.28
POI003719,PO03719,P0051,256,3.59,919.04
POI003720,PO03720,P0051,262,3.94,1032.28
POI003721,PO03721,P0051,262,3.94,1032.28
POI003722,PO03722,P0051,262,3.94,1032.28
POI003723,PO03723,P0051,262,3.59,940.58
POI003724,PO03724,P0051,262,3.94,1032.28
POI003725,PO03725,P0051,262,3.59,940.58
POI003726,PO03726,P0051,255,3.59,915.45
POI003727,PO03727,P0051,262,3.94,1032.28
POI003728,PO03728,P0051,262,3.94,1032.28
POI003729,PO03729,P0051,262,3.59,940.58
POI003730,PO03730,P0051,262,3.59,940.58
POI003731,PO03731,P0051,257,3.59,922.63
POI003732,PO03732,P0051,253,3.94,996.82
POI003733,PO03733,P0051,262,3.59,940.58
POI003734,PO03734,P0051,262,3.94,1032.28
POI003735,PO03735,P0051,262,3.94,1032.28
POI003736,PO03736,P0051,262,3.94,1032.28
POI003737,PO03737,P0051,262,3.94,1032.28
POI003738,PO03738,P0051,262,3.59,940.58
POI003739,PO03739,P0051,258,3.59,926.22
POI003740,PO03740,P0052,205,2.06,422.3
POI003741,PO03741,P0052,207,2.06,426.42
POI003742,PO03742,P0052,219,2.06,451.14
POI003743,PO03743,P0052,211,2.04,430.44
POI003744,PO03744,P0052,220,2.06,453.2
POI003745,PO03745,P0052,205,2.06,422.3
POI003746,PO03746,P0052,216,2.04,440.64
POI003747,PO03747,P0052,208,2.04,424.32
POI003748,PO03748,P0052,218,2.06,449.08
POI003749,PO03749,P0052,206,2.06,424.36
POI003750,PO03750,P0052,209,2.06,430.54
POI003751,PO03751,P0052,210,2.04,428.4
POI003752,PO03752,P0052,222,2.06,457.32
POI003753,PO03753,P0052,220,2.04,448.8
POI003754,PO03754,P0052,203,2.04,414.12
POI003755,PO03755,P0052,209,2.04,426.36
POI003756,PO03756,P0052,213,2.04,434.52
POI003757,PO03757,P0052,203,2.04,414.12
POI003758,PO03758,P0052,212,2.04,432.48
POI003759,PO03759,P0052,222,2.04,452.88
POI003760,PO03760,P0052,210,2.06,432.6
POI003761,PO03761,P0052,205,2.06,422.3
POI003762,PO03762,P0052,206,2.04,420.24
POI003763,PO03763,P0052,210,2.06,432.6
POI003764,PO03764,P0052,209,2.04,426.36
POI003765,PO03765,P0052,214,2.06,440.84
POI003766,PO03766,P0052,213,2.04,434.52
POI003767,PO03767,P0053,127,24.5,3111.5
POI003768,PO03768,P0053,129,18.63,2403.27
POI003769,PO03769,P0053,127,24.5,3111.5
POI003770,PO03770,P0053,126,18.63,2347.38
POI003771,PO03771,P0053,126,18.63,2347.38
POI003772,PO03772,P0053,129,24.5,3160.5
POI003773,PO03773,P0053,130,18.63,2421.9
POI003774,PO03774,P0053,131,24.5,3209.5
POI003775,PO03775,P0053,129,18.63,2403.27
POI003776,PO03776,P0053,127,24.5,3111.5
POI003777,PO03777,P0053,127,24.5,3111.5
POI003778,PO03778,P0053,128,18.63,2384.64
POI003779,PO03779,P0053,126,18.63,2347.38
POI003780,PO03780,P0054,105,9.22,968.1
POI003781,PO03781,P0054,96,9.56,917.76
POI003782,PO03782,P0054,85,9.22,783.7
POI003783,PO03783,P0054,83,8.35,693.05
POI003784,PO03784,P0054,88,9.56,841.28
POI003785,PO03785,P0054,94,8.35,784.9
POI003786,PO03786,P0054,93,9.22,857.46
POI003787,PO03787,P0054,94,8.35,784.9
POI003788,PO03788,P0054,97,9.56,927.32
POI003789,PO03789,P0054,87,8.35,726.45
POI003790,PO03790,P0054,89,9.56,850.84
POI003791,PO03791,P0054,91,9.56,869.96
POI003792,PO03792,P0054,84,9.22,774.48
POI003793,PO03793,P0054,83,8.35,693.05
POI003794,PO03794,P0054,96,9.22,885.12
POI003795,PO03795,P0054,89,9.22,820.58
POI003796,PO03796,P0054,94,8.35,784.9
POI003797,PO03797,P0054,92,9.56,879.52
POI003798,PO03798,P0054,83,9.22,765.26
POI003799,PO03799,P0054,103,9.22,949.66
POI003800,PO03800,P0054,102,8.35,851.7
POI003801,PO03801,P0054,88,9.56,841.28
POI003802,PO03802,P0054,91,8.35,759.85
POI003803,PO03803,P0054,81,8.35,676.35
POI003804,PO03804,P0054,99,8.35,826.65
POI003805,PO03805,P0054,83,9.22,765.26
POI003806,PO03806,P0054,90,9.22,829.8
POI003807,PO03807,P0054,109,8.35,910.15
POI003808,PO03808,P0054,88,9.22,811.36
POI003809,PO03809,P0054,96,9.22,885.12
POI003810,PO03810,P0054,85,9.22,783.7
POI003811,PO03811,P0054,107,9.56,1022.92
POI003812,PO03812,P0054,83,9.22,765.26
POI003813,PO03813,P0054,88,9.22,811.36
POI003814,PO03814,P0054,96,8.35,801.6
POI003815,PO03815,P0054,104,9.56,994.24
POI003816,PO03816,P0054,102,9.22,940.44
POI003817,PO03817,P0054,83,9.56,793.48
POI003818,PO03818,P0054,88,9.22,811.36
POI003819,PO03819,P0054,92,9.22,848.24
POI003820,PO03820,P0054,96,9.56,917.76
POI003821,PO03821,P0054,103,9.22,949.66
POI003822,PO03822,P0054,105,8.35,876.75
POI003823,PO03823,P0054,82,8.35,684.7
POI003824,PO03824,P0054,96,8.35,801.6
POI003825,PO03825,P0054,95,9.22,875.9
POI003826,PO03826,P0054,108,8.35,901.8
POI003827,PO03827,P0054,85,9.56,812.6
POI003828,PO03828,P0054,101,8.35,843.35
POI003829,PO03829,P0054,81,9.56,774.36
POI003830,PO03830,P0054,88,8.35,734.8
POI003831,PO03831,P0054,85,9.22,783.7
POI003832,PO03832,P0054,92,9.56,879.52
POI003833,PO03833,P0054,104,9.56,994.24
POI003834,PO03834,P0054,86,9.22,792.92
POI003835,PO03835,P0054,97,8.35,809.95
POI003836,PO03836,P0054,90,9.56,860.4
POI003837,PO03837,P0054,91,9.22,839.02
POI003838,PO03838,P0054,100,9.22,922.0
POI003839,PO03839,P0054,99,8.35,826.65
POI003840,PO03840,P0054,92,9.22,848.24
POI003841,PO03841,P0054,99,8.35,826.65
POI003842,PO03842,P0054,103,8.35,860.05
POI003843,PO03843,P0054,84,9.22,774.48
POI003844,PO03844,P0054,99,9.56,946.44
POI003845,PO03845,P0054,89,9.22,820.58
POI003846,PO03846,P0054,93,9.56,889.08
POI003847,PO03847,P0054,94,9.56,898.64
POI003848,PO03848,P0054,98,9.22,903.56
POI003849,PO03849,P0054,89,9.22,820.58
POI003850,PO03850,P0054,88,9.22,811.36
POI003851,PO03851,P0054,104,9.56,994.24
POI003852,PO03852,P0054,84,8.35,701.4
POI003853,PO03853,P0054,96,8.35,801.6
POI003854,PO03854,P0054,86,9.22,792.92
POI003855,PO03855,P0054,90,9.22,829.8
POI003856,PO03856,P0054,82,8.35,684.7
POI003857,PO03857,P0054,90,9.56,860.4
POI003858,PO03858,P0054,90,9.56,860.4
POI003859,PO03859,P0054,101,9.56,965.56
POI003860,PO03860,P0054,103,9.56,984.68
POI003861,PO03861,P0054,94,9.22,866.68
POI003862,PO03862,P0054,88,8.35,734.8
POI003863,PO03863,P0054,93,9.22,857.46
POI003864,PO03864,P0054,83,9.22,765.26
POI003865,PO03865,P0054,94,8.35,784.9
POI003866,PO03866,P0054,92,9.22,848.24
POI003867,PO03867,P0054,98,8.35,818.3
POI003868,PO03868,P0054,85,8.35,709.75
POI003869,PO03869,P0054,98,9.22,903.56
POI003870,PO03870,P0054,98,9.56,936.88
POI003871,PO03871,P0054,97,9.22,894.34
POI003872,PO03872,P0054,92,9.22,848.24
POI003873,PO03873,P0054,99,8.35,826.65
POI003874,PO03874,P0054,87,8.35,726.45
POI003875,PO03875,P0055,232,11.96,2774.72
POI003876,PO03876,P0055,228,11.96,2726.88
POI003877,PO03877,P0055,224,11.96,2679.04
POI003878,PO03878,P0055,231,11.96,2762.76
POI003879,PO03879,P0055,230,11.96,2750.8
POI003880,PO03880,P0055,224,11.96,2679.04
POI003881,PO03881,P0055,230,11.96,2750.8
POI003882,PO03882,P0055,231,11.96,2762.76
POI003883,PO03883,P0055,232,11.96,2774.72
POI003884,PO03884,P0055,223,11.96,2667.08
POI003885,PO03885,P0055,223,11.96,2667.08
POI003886,PO03886,P0055,223,11.96,2667.08
POI003887,PO03887,P0055,224,11.96,2679.04
POI003888,PO03888,P0055,227,11.96,2714.92
POI003889,PO03889,P0056,285,20.87,5947.95
POI003890,PO03890,P0056,280,20.87,5843.6
POI003891,PO03891,P0056,290,21.23,6156.7
POI003892,PO03892,P0056,285,17.73,5053.05
POI003893,PO03893,P0056,285,20.87,5947.95
POI003894,PO03894,P0056,288,17.73,5106.24
POI003895,PO03895,P0056,287,17.73,5088.51
POI003896,PO03896,P0056,284,21.23,6029.32
POI003897,PO03897,P0056,290,21.23,6156.7
POI003898,PO03898,P0056,282,17.73,4999.86
POI003899,PO03899,P0056,288,21.23,6114.24
POI003900,PO03900,P0056,290,20.87,6052.3
POI003901,PO03901,P0056,290,21.23,6156.7
POI003902,PO03902,P0057,176,16.53,2909.28
POI003903,PO03903,P0057,171,16.53,2826.63
POI003904,PO03904,P0057,176,16.41,2888.16
POI003905,PO03905,P0057,175,16.53,2892.75
POI003906,PO03906,P0057,176,16.41,2888.16
POI003907,PO03907,P0057,173,16.53,2859.69
POI003908,PO03908,P0057,176,16.53,2909.28
POI003909,PO03909,P0057,171,16.53,2826.63
POI003910,PO03910,P0057,170,16.53,2810.1
POI003911,PO03911,P0057,176,16.41,2888.16
POI003912,PO03912,P0057,176,16.41,2888.16
POI003913,PO03913,P0057,170,16.53,2810.1
POI003914,PO03914,P0057,173,16.41,2838.93
POI003915,PO03915,P0057,175,16.53,2892.75
POI003916,PO03916,P0057,175,16.41,2871.75
POI003917,PO03917,P0057,174,16.53,2876.22
POI003918,PO03918,P0057,173,16.41,2838.93
POI003919,PO03919,P0057,175,16.41,2871.75
POI003920,PO03920,P0057,173,16.53,2859.69
POI003921,PO03921,P0057,172,16.53,2843.16
POI003922,PO03922,P0058,136,12.47,1695.92
POI003923,PO03923,P0058,135,12.47,1683.45
POI003924,PO03924,P0058,136,12.47,1695.92
POI003925,PO03925,P0058,138,12.47,1720.86
POI003926,PO03926,P0058,142,12.47,1770.74
POI003927,PO03927,P0058,149,12.47,1858.03
POI003928,PO03928,P0058,138,12.47,1720.86
POI003929,PO03929,P0058,138,12.47,1720.86
POI003930,PO03930,P0058,136,12.47,1695.92
POI003931,PO03931,P0058,140,12.47,1745.8
POI003932,PO03932,P0058,132,12.47,1646.04
POI003933,PO03933,P0058,149,12.47,1858.03
POI003934,PO03934,P0058,141,12.47,1758.27
POI003935,PO03935,P0058,138,12.47,1720.86
POI003936,PO03936,P0058,134,12.47,1670.98
POI003937,PO03937,P0058,134,12.47,1670.98
POI003938,PO03938,P0058,133,12.47,1658.51
POI003939,PO03939,P0058,139,12.47,1733.33
POI003940,PO03940,P0058,138,12.47,1720.86
POI003941,PO03941,P0058,139,12.47,1733.33
POI003942,PO03942,P0058,137,12.47,1708.39
POI003943,PO03943,P0058,132,12.47,1646.04
POI003944,PO03944,P0058,139,12.47,1733.33
POI003945,PO03945,P0058,138,12.47,1720.86
POI003946,PO03946,P0058,135,12.47,1683.45
POI003947,PO03947,P0058,133,12.47,1658.51
POI003948,PO03948,P0058,142,12.47,1770.74
POI003949,PO03949,P0058,140,12.47,1745.8
POI003950,PO03950,P0058,146,12.47,1820.62
POI003951,PO03951,P0058,137,12.47,1708.39
POI003952,PO03952,P0058,143,12.47,1783.21
POI003953,PO03953,P0058,138,12.47,1720.86
POI003954,PO03954,P0059,346,19.28,6670.88
POI003955,PO03955,P0059,344,19.28,6632.32
POI003956,PO03956,P0059,346,17.17,5940.82
POI003957,PO03957,P0059,346,19.28,6670.88
POI003958,PO03958,P0059,335,19.28,6458.8
POI003959,PO03959,P0059,346,19.28,6670.88
POI003960,PO03960,P0059,346,19.28,6670.88
POI003961,PO03961,P0059,346,17.17,5940.82
POI003962,PO03962,P0059,346,17.17,5940.82
POI003963,PO03963,P0059,346,19.28,6670.88
POI003964,PO03964,P0059,346,19.28,6670.88
POI003965,PO03965,P0059,335,19.28,6458.8
POI003966,PO03966,P0059,342,17.17,5872.14
POI003967,PO03967,P0059,346,19.28,6670.88
POI003968,PO03968,P0059,346,19.28,6670.88
POI003969,PO03969,P0059,346,17.17,5940.82
POI003970,PO03970,P0059,346,17.17,5940.82
POI003971,PO03971,P0059,342,19.28,6593.76
POI003972,PO03972,P0059,345,19.28,6651.6
POI003973,PO03973,P0059,344,17.17,5906.48
POI003974,PO03974,P0059,346,17.17,5940.82
POI003975,PO03975,P0059,337,17.17,5786.29
POI003976,PO03976,P0059,337,19.28,6497.36
POI003977,PO03977,P0059,346,17.17,5940.82
POI003978,PO03978,P0059,335,19.28,6458.8
POI003979,PO03979,P0059,346,19.28,6670.88
POI003980,PO03980,P0059,342,17.17,5872.14
POI003981,PO03981,P0059,346,19.28,6670.88
POI003982,PO03982,P0059,341,17.17,5854.97
POI003983,PO03983,P0059,346,17.17,5940.82
POI003984,PO03984,P0059,346,19.28,6670.88
POI003985,PO03985,P0060,397,5.54,2199.38
POI003986,PO03986,P0060,396,5.54,2193.84
POI003987,PO03987,P0060,403,5.54,2232.62
POI003988,PO03988,P0060,398,5.54,2204.92
POI003989,PO03989,P0060,397,5.54,2199.38
POI003990,PO03990,P0061,482,14.25,6868.5
POI003991,PO03991,P0061,484,14.25,6897.0
POI003992,PO03992,P0061,484,14.25,6897.0
POI003993,PO03993,P0061,484,14.25,6897.0
POI003994,PO03994,P0061,480,14.25,6840.0
POI003995,PO03995,P0061,484,14.25,6897.0
POI003996,PO03996,P0061,484,14.25,6897.0
POI003997,PO03997,P0061,483,14.25,6882.75
POI003998,PO03998,P0061,482,14.25,6868.5
POI003999,PO03999,P0061,484,14.25,6897.0
POI004000,PO04000,P0061,484,14.25,6897.0
POI004001,PO04001,P0061,484,14.25,6897.0
POI004002,PO04002,P0061,483,14.25,6882.75
POI004003,PO04003,P0061,484,14.25,6897.0
POI004004,PO04004,P0061,484,14.25,6897.0
POI004005,PO04005,P0061,484,14.25,6897.0
POI004006,PO04006,P0062,110,17.75,1952.5
POI004007,PO04007,P0062,109,18.24,1988.16
POI004008,PO04008,P0062,117,17.75,2076.75
POI004009,PO04009,P0062,110,13.98,1537.8
POI004010,PO04010,P0062,109,17.75,1934.75
POI004011,PO04011,P0062,108,17.75,1917.0
POI004012,PO04012,P0062,108,17.75,1917.0
POI004013,PO04013,P0062,108,17.75,1917.0
POI004014,PO04014,P0062,108,17.75,1917.0
POI004015,PO04015,P0062,113,18.24,2061.12
POI004016,PO04016,P0062,110,17.75,1952.5
POI004017,PO04017,P0062,111,18.24,2024.64
POI004018,PO04018,P0062,114,13.98,1593.72
POI004019,PO04019,P0062,121,13.98,1691.58
POI004020,PO04020,P0062,116,13.98,1621.68
POI004021,PO04021,P0062,112,13.98,1565.76
POI004022,PO04022,P0062,111,17.75,1970.25
POI004023,PO04023,P0062,113,18.24,2061.12
POI004024,PO04024,P0062,113,13.98,1579.74
POI004025,PO04025,P0062,114,13.98,1593.72
POI004026,PO04026,P0062,108,13.98,1509.84
POI004027,PO04027,P0062,115,17.75,2041.25
POI004028,PO04028,P0062,117,18.24,2134.08
POI004029,PO04029,P0062,123,17.75,2183.25
POI004030,PO04030,P0062,113,18.24,2061.12
POI004031,PO04031,P0062,117,18.24,2134.08
POI004032,PO04032,P0062,112,13.98,1565.76
POI004033,PO04033,P0062,111,17.75,1970.25
POI004034,PO04034,P0062,109,18.24,1988.16
POI004035,PO04035,P0062,122,13.98,1705.56
POI004036,PO04036,P0062,116,18.24,2115.84
POI004037,PO04037,P0062,122,18.24,2225.28
POI004038,PO04038,P0062,111,18.24,2024.64
POI004039,PO04039,P0062,118,17.75,2094.5
POI004040,PO04040,P0062,125,13.98,1747.5
POI004041,PO04041,P0062,114,13.98,1593.72
POI004042,PO04042,P0063,183,20.1,3678.3
POI004043,PO04043,P0063,184,22.37,4116.08
POI004044,PO04044,P0063,192,20.1,3859.2
POI004045,PO04045,P0063,192,20.1,3859.2
POI004046,PO04046,P0063,192,22.37,4295.04
POI004047,PO04047,P0063,184,22.37,4116.08
POI004048,PO04048,P0063,184,22.37,4116.08
POI004049,PO04049,P0063,192,20.1,3859.2
POI004050,PO04050,P0063,184,22.37,4116.08
POI004051,PO04051,P0063,192,20.1,3859.2
POI004052,PO04052,P0063,184,20.1,3698.4
POI004053,PO04053,P0063,187,20.1,3758.7
POI004054,PO04054,P0063,188,20.1,3778.8
POI004055,PO04055,P0063,192,22.37,4295.04
POI004056,PO04056,P0063,188,22.37,4205.56
POI004057,PO04057,P0063,184,22.37,4116.08
POI004058,PO04058,P0063,185,20.1,3718.5
POI004059,PO04059,P0063,188,20.1,3778.8
POI004060,PO04060,P0063,190,20.1,3819.0
POI004061,PO04061,P0063,182,20.1,3658.2
POI004062,PO04062,P0063,189,20.1,3798.9
POI004063,PO04063,P0063,184,22.37,4116.08
POI004064,PO04064,P0063,188,20.1,3778.8
POI004065,PO04065,P0063,184,22.37,4116.08
POI004066,PO04066,P0063,192,20.1,3859.2
POI004067,PO04067,P0064,226,1.28,289.28
POI004068,PO04068,P0064,224,1.28,286.72
POI004069,PO04069,P0064,216,1.28,276.48
POI004070,PO04070,P0064,213,1.28,272.64
POI004071,PO04071,P0064,222,1.28,284.16
POI004072,PO04072,P0064,213,1.28,272.64
POI004073,PO04073,P0064,224,1.28,286.72
POI004074,PO04074,P0064,223,1.28,285.44
POI004075,PO04075,P0064,231,1.28,295.68
POI004076,PO04076,P0064,223,1.28,285.44
POI004077,PO04077,P0064,223,1.28,285.44
POI004078,PO04078,P0064,218,1.28,279.04
POI004079,PO04079,P0064,216,1.28,276.48
POI004080,PO04080,P0064,227,1.28,290.56
POI004081,PO04081,P0064,219,1.28,280.32
POI004082,PO04082,P0064,223,1.28,285.44
POI004083,PO04083,P0064,218,1.28,279.04
POI004084,PO04084,P0064,216,1.28,276.48
POI004085,PO04085,P0064,216,1.28,276.48
POI004086,PO04086,P0064,216,1.28,276.48
POI004087,PO04087,P0064,228,1.28,291.84
POI004088,PO04088,P0064,224,1.28,286.72
POI004089,PO04089,P0064,217,1.28,277.76
POI004090,PO04090,P0064,216,1.28,276.48
POI004091,PO04091,P0064,218,1.28,279.04
POI004092,PO04092,P0064,219,1.28,280.32
POI004093,PO04093,P0064,213,1.28,272.64
POI004094,PO04094,P0065,285,0.81,230.85
POI004095,PO04095,P0065,287,0.81,232.47
POI004096,PO04096,P0065,270,0.81,218.7
POI004097,PO04097,P0065,286,0.81,231.66
POI004098,PO04098,P0065,276,0.81,223.56
POI004099,PO04099,P0065,286,0.81,231.66
POI004100,PO04100,P0065,269,0.81,217.89
POI004101,PO04101,P0065,273,0.81,221.13
POI004102,PO04102,P0065,281,0.81,227.61
POI004103,PO04103,P0065,273,0.81,221.13
POI004104,PO04104,P0065,280,0.81,226.8
POI004105,PO04105,P0065,285,0.81,230.85
POI004106,PO04106,P0065,273,0.81,221.13
POI004107,PO04107,P0065,277,0.81,224.37
POI004108,PO04108,P0065,280,0.81,226.8
POI004109,PO04109,P0065,278,0.81,225.18
POI004110,PO04110,P0065,276,0.81,223.56
POI004111,PO04111,P0065,278,0.81,225.18
POI004112,PO04112,P0065,284,0.81,230.04
POI004113,PO04113,P0065,279,0.81,225.99
POI004114,PO04114,P0065,275,0.81,222.75
POI004115,PO04115,P0065,285,0.81,230.85
POI004116,PO04116,P0065,282,0.81,228.42
POI004117,PO04117,P0065,286,0.81,231.66
POI004118,PO04118,P0065,292,0.81,236.52
POI004119,PO04119,P0065,272,0.81,220.32
POI004120,PO04120,P0066,125,22.31,2788.75
POI004121,PO04121,P0066,126,22.31,2811.06
POI004122,PO04122,P0066,126,17.67,2226.42
POI004123,PO04123,P0066,126,22.73,2863.98
POI004124,PO04124,P0066,125,17.67,2208.75
POI004125,PO04125,P0066,128,22.73,2909.44
POI004126,PO04126,P0066,128,22.31,2855.68
POI004127,PO04127,P0066,128,17.67,2261.76
POI004128,PO04128,P0066,126,22.31,2811.06
POI004129,PO04129,P0066,125,22.73,2841.25
POI004130,PO04130,P0066,126,17.67,2226.42
POI004131,PO04131,P0066,131,22.73,2977.63
POI004132,PO04132,P0066,126,17.67,2226.42
POI004133,PO04133,P0066,125,22.73,2841.25
POI004134,PO04134,P0066,126,22.73,2863.98
POI004135,PO04135,P0066,126,22.73,2863.98
POI004136,PO04136,P0066,126,22.31,2811.06
POI004137,PO04137,P0067,396,14.93,5912.28
POI004138,PO04138,P0067,393,12.44,4888.92
POI004139,PO04139,P0067,391,12.44,4864.04
POI004140,PO04140,P0067,389,14.93,5807.77
POI004141,PO04141,P0067,383,14.93,5718.19
POI004142,PO04142,P0067,387,13.55,5243.85
POI004143,PO04143,P0067,383,14.93,5718.19
POI004144,PO04144,P0067,391,14.93,5837.63
POI004145,PO04145,P0067,385,12.44,4789.4
POI004146,PO04146,P0067,388,13.55,5257.4
POI004147,PO04147,P0067,386,13.55,5230.3
POI004148,PO04148,P0068,145,3.98,577.1
POI004149,PO04149,P0068,156,3.74,583.44
POI004150,PO04150,P0068,149,3.74,557.26
POI004151,PO04151,P0068,150,3.58,537.0
POI004152,PO04152,P0068,150,3.98,597.0
POI004153,PO04153,P0068,156,3.98,620.88
POI004154,PO04154,P0068,143,3.74,534.82
POI004155,PO04155,P0068,149,3.98,593.02
POI004156,PO04156,P0068,144,3.98,573.12
POI004157,PO04157,P0068,150,3.98,597.0
POI004158,PO04158,P0068,148,3.58,529.84
POI004159,PO04159,P0068,144,3.98,573.12
POI004160,PO04160,P0068,145,3.98,577.1
POI004161,PO04161,P0068,143,3.98,569.14
POI004162,PO04162,P0068,145,3.98,577.1
POI004163,PO04163,P0068,143,3.98,569.14
POI004164,PO04164,P0068,143,3.74,534.82
POI004165,PO04165,P0068,148,3.58,529.84
POI004166,PO04166,P0068,146,3.74,546.04
POI004167,PO04167,P0068,148,3.98,589.04
POI004168,PO04168,P0069,279,7.68,2142.72
POI004169,PO04169,P0069,283,8.53,2413.99
POI004170,PO04170,P0069,273,7.68,2096.64
POI004171,PO04171,P0069,277,7.68,2127.36
POI004172,PO04172,P0069,278,8.53,2371.34
POI004173,PO04173,P0069,275,7.68,2112.0
POI004174,PO04174,P0069,282,8.53,2405.46
POI004175,PO04175,P0069,274,8.53,2337.22
POI004176,PO04176,P0069,284,8.53,2422.52
POI004177,PO04177,P0069,283,7.68,2173.44
POI004178,PO04178,P0069,280,7.68,2150.4
POI004179,PO04179,P0069,277,8.53,2362.81
POI004180,PO04180,P0069,280,8.53,2388.4
POI004181,PO04181,P0070,496,7.67,3804.32
POI004182,PO04182,P0070,496,7.67,3804.32
POI004183,PO04183,P0070,496,7.67,3804.32
POI004184,PO04184,P0070,496,7.67,3804.32
POI004185,PO04185,P0070,485,7.67,3719.95
POI004186,PO04186,P0070,496,7.67,3804.32
POI004187,PO04187,P0070,496,7.67,3804.32
POI004188,PO04188,P0070,496,7.67,3804.32
POI004189,PO04189,P0070,493,7.67,3781.31
POI004190,PO04190,P0070,496,7.67,3804.32
POI004191,PO04191,P0070,496,7.67,3804.32
POI004192,PO04192,P0070,491,7.67,3765.97
POI004193,PO04193,P0070,486,7.67,3727.62
POI004194,PO04194,P0070,493,7.67,3781.31
POI004195,PO04195,P0070,496,7.67,3804.32
POI004196,PO04196,P0070,490,7.67,3758.3
POI004197,PO04197,P0070,489,7.67,3750.63
POI004198,PO04198,P0070,487,7.67,3735.29
POI004199,PO04199,P0070,496,7.67,3804.32
POI004200,PO04200,P0070,496,7.67,3804.32
POI004201,PO04201,P0070,496,7.67,3804.32
POI004202,PO04202,P0070,485,7.67,3719.95
POI004203,PO04203,P0071,88,12.78,1124.64
POI004204,PO04204,P0071,89,12.78,1137.42
POI004205,PO04205,P0071,83,12.78,1060.74
POI004206,PO04206,P0071,76,10.15,771.4
POI004207,PO04207,P0071,79,11.75,928.25
POI004208,PO04208,P0071,85,12.78,1086.3
POI004209,PO04209,P0071,88,10.15,893.2
POI004210,PO04210,P0071,88,10.15,893.2
POI004211,PO04211,P0071,75,11.75,881.25
POI004212,PO04212,P0071,93,12.78,1188.54
POI004213,PO04213,P0071,81,11.75,951.75
POI004214,PO04214,P0071,76,12.78,971.28
POI004215,PO04215,P0071,80,12.78,1022.4
POI004216,PO04216,P0071,73,11.75,857.75
POI004217,PO04217,P0071,93,10.15,943.95
POI004218,PO04218,P0071,83,11.75,975.25
POI004219,PO04219,P0071,78,10.15,791.7
POI004220,PO04220,P0071,92,11.75,1081.0
POI004221,PO04221,P0071,94,12.78,1201.32
POI004222,PO04222,P0071,75,12.78,958.5
POI004223,PO04223,P0071,98,11.75,1151.5
POI004224,PO04224,P0071,74,11.75,869.5
POI004225,PO04225,P0071,84,10.15,852.6
POI004226,PO04226,P0071,80,11.75,940.0
POI004227,PO04227,P0071,82,12.78,1047.96
POI004228,PO04228,P0071,81,12.78,1035.18
POI004229,PO04229,P0071,93,12.78,1188.54
POI004230,PO04230,P0071,87,11.75,1022.25
POI004231,PO04231,P0071,74,10.15,751.1
POI004232,PO04232,P0071,82,12.78,1047.96
POI004233,PO04233,P0071,82,10.15,832.3
POI004234,PO04234,P0071,81,11.75,951.75
POI004235,PO04235,P0071,102,12.78,1303.56
POI004236,PO04236,P0071,75,12.78,958.5
POI004237,PO04237,P0071,89,12.78,1137.42
POI004238,PO04238,P0071,96,10.15,974.4
POI004239,PO04239,P0071,83,10.15,842.45
POI004240,PO04240,P0071,82,11.75,963.5
POI004241,PO04241,P0071,75,10.15,761.25
POI004242,PO04242,P0071,82,11.75,963.5
POI004243,PO04243,P0071,89,10.15,903.35
POI004244,PO04244,P0071,74,12.78,945.72
POI004245,PO04245,P0071,79,11.75,928.25
POI004246,PO04246,P0071,92,11.75,1081.0
POI004247,PO04247,P0071,79,12.78,1009.62
POI004248,PO04248,P0071,80,10.15,812.0
POI004249,PO04249,P0071,82,11.75,963.5
POI004250,PO04250,P0071,82,12.78,1047.96
POI004251,PO04251,P0071,75,12.78,958.5
POI004252,PO04252,P0071,76,10.15,771.4
POI004253,PO04253,P0071,95,12.78,1214.1
POI004254,PO04254,P0071,86,11.75,1010.5
POI004255,PO04255,P0071,92,12.78,1175.76
POI004256,PO04256,P0071,82,11.75,963.5
POI004257,PO04257,P0071,80,11.75,940.0
POI004258,PO04258,P0071,93,12.78,1188.54
POI004259,PO04259,P0071,83,11.75,975.25
POI004260,PO04260,P0071,83,11.75,975.25
POI004261,PO04261,P0071,80,11.75,940.0
POI004262,PO04262,P0071,73,12.78,932.94
POI004263,PO04263,P0071,81,10.15,822.15
POI004264,PO04264,P0071,75,12.78,958.5
POI004265,PO04265,P0071,74,10.15,751.1
POI004266,PO04266,P0071,74,10.15,751.1
POI004267,PO04267,P0071,81,12.78,1035.18
POI004268,PO04268,P0071,78,10.15,791.7
POI004269,PO04269,P0071,77,10.15,781.55
POI004270,PO04270,P0071,75,11.75,881.25
POI004271,PO04271,P0071,80,11.75,940.0
POI004272,PO04272,P0071,74,10.15,751.1
POI004273,PO04273,P0071,78,12.78,996.84
POI004274,PO04274,P0071,93,12.78,1188.54
POI004275,PO04275,P0071,75,11.75,881.25
POI004276,PO04276,P0071,81,11.75,951.75
POI004277,PO04277,P0071,92,10.15,933.8
POI004278,PO04278,P0071,80,10.15,812.0
POI004279,PO04279,P0071,79,10.15,801.85
POI004280,PO04280,P0071,76,10.15,771.4
POI004281,PO04281,P0071,74,11.75,869.5
POI004282,PO04282,P0071,76,12.78,971.28
POI004283,PO04283,P0071,82,12.78,1047.96
POI004284,PO04284,P0071,76,11.75,893.0
POI004285,PO04285,P0071,79,11.75,928.25
POI004286,PO04286,P0071,91,11.75,1069.25
POI004287,PO04287,P0071,93,12.78,1188.54
POI004288,PO04288,P0071,78,11.75,916.5
POI004289,PO04289,P0072,177,16.31,2886.87
POI004290,PO04290,P0072,177,13.98,2474.46
POI004291,PO04291,P0072,168,13.98,2348.64
POI004292,PO04292,P0072,177,16.31,2886.87
POI004293,PO04293,P0072,177,13.98,2474.46
POI004294,PO04294,P0072,171,16.31,2789.01
POI004295,PO04295,P0072,175,13.98,2446.5
POI004296,PO04296,P0072,177,16.31,2886.87
POI004297,PO04297,P0072,177,13.98,2474.46
POI004298,PO04298,P0072,177,16.31,2886.87
POI004299,PO04299,P0072,175,13.98,2446.5
POI004300,PO04300,P0072,177,16.31,2886.87
POI004301,PO04301,P0072,174,13.98,2432.52
POI004302,PO04302,P0072,177,13.98,2474.46
POI004303,PO04303,P0072,173,13.98,2418.54
POI004304,PO04304,P0072,175,16.31,2854.25
POI004305,PO04305,P0072,177,16.31,2886.87
POI004306,PO04306,P0072,177,16.31,2886.87
POI004307,PO04307,P0072,177,16.31,2886.87
POI004308,PO04308,P0072,169,16.31,2756.39
POI004309,PO04309,P0072,177,13.98,2474.46
POI004310,PO04310,P0072,172,16.31,2805.32
POI004311,PO04311,P0072,171,16.31,2789.01
POI004312,PO04312,P0072,176,13.98,2460.48
POI004313,PO04313,P0072,174,16.31,2837.94
POI004314,PO04314,P0072,177,13.98,2474.46
POI004315,PO04315,P0072,177,13.98,2474.46
POI004316,PO04316,P0072,174,13.98,2432.52
POI004317,PO04317,P0072,177,13.98,2474.46
POI004318,PO04318,P0072,177,16.31,2886.87
POI004319,PO04319,P0072,177,13.98,2474.46
POI004320,PO04320,P0072,177,13.98,2474.46
POI004321,PO04321,P0072,177,16.31,2886.87
POI004322,PO04322,P0072,177,13.98,2474.46
POI004323,PO04323,P0072,177,13.98,2474.46
POI004324,PO04324,P0072,168,13.98,2348.64
POI004325,PO04325,P0072,173,13.98,2418.54
POI004326,PO04326,P0072,176,13.98,2460.48
POI004327,PO04327,P0072,177,13.98,2474.46
POI004328,PO04328,P0072,177,13.98,2474.46
POI004329,PO04329,P0072,173,13.98,2418.54
POI004330,PO04330,P0072,177,13.98,2474.46
POI004331,PO04331,P0072,177,16.31,2886.87
POI004332,PO04332,P0072,177,13.98,2474.46
POI004333,PO04333,P0072,177,16.31,2886.87
POI004334,PO04334,P0072,177,16.31,2886.87
POI004335,PO04335,P0073,331,8.48,2806.88
POI004336,PO04336,P0073,329,10.19,3352.51
POI004337,PO04337,P0073,339,10.61,3596.79
POI004338,PO04338,P0073,340,10.61,3607.4
POI004339,PO04339,P0073,333,8.48,2823.84
POI004340,PO04340,P0073,332,8.48,2815.36
POI004341,PO04341,P0073,337,8.48,2857.76
POI004342,PO04342,P0073,330,10.61,3501.3
POI004343,PO04343,P0073,341,10.61,3618.01
POI004344,PO04344,P0073,341,10.61,3618.01
POI004345,PO04345,P0073,331,10.61,3511.91
POI004346,PO04346,P0073,322,8.48,2730.56
POI004347,PO04347,P0073,325,8.48,2756.0
POI004348,PO04348,P0073,333,10.61,3533.13
POI004349,PO04349,P0073,339,10.61,3596.79
POI004350,PO04350,P0073,325,8.48,2756.0
POI004351,PO04351,P0073,325,10.19,3311.75
POI004352,PO04352,P0073,326,8.48,2764.48
POI004353,PO04353,P0073,337,10.61,3575.57
POI004354,PO04354,P0073,330,10.19,3362.7
POI004355,PO04355,P0073,336,10.19,3423.84
POI004356,PO04356,P0073,319,8.48,2705.12
POI004357,PO04357,P0073,328,10.19,3342.32
POI004358,PO04358,P0073,327,10.61,3469.47
POI004359,PO04359,P0073,338,10.19,3444.22
POI004360,PO04360,P0073,320,8.48,2713.6
POI004361,PO04361,P0073,319,8.48,2705.12
POI004362,PO04362,P0073,334,10.61,3543.74
POI004363,PO04363,P0073,323,8.48,2739.04
POI004364,PO04364,P0073,319,8.48,2705.12
POI004365,PO04365,P0074,324,5.64,1827.36
POI004366,PO04366,P0074,324,5.64,1827.36
POI004367,PO04367,P0074,332,4.94,1640.08
POI004368,PO04368,P0074,332,5.35,1776.2
POI004369,PO04369,P0074,332,5.35,1776.2
POI004370,PO04370,P0074,332,4.94,1640.08
POI004371,PO04371,P0074,327,5.64,1844.28
POI004372,PO04372,P0074,320,4.94,1580.8
POI004373,PO04373,P0074,330,4.94,1630.2
POI004374,PO04374,P0074,329,5.35,1760.15
POI004375,PO04375,P0074,328,5.64,1849.92
POI004376,PO04376,P0074,325,5.64,1833.0
POI004377,PO04377,P0074,324,5.64,1827.36
POI004378,PO04378,P0074,332,4.94,1640.08
POI004379,PO04379,P0074,332,5.64,1872.48
POI004380,PO04380,P0074,322,4.94,1590.68
POI004381,PO04381,P0074,332,5.64,1872.48
POI004382,PO04382,P0074,317,4.94,1565.98
POI004383,PO04383,P0074,332,5.35,1776.2
POI004384,PO04384,P0074,332,5.64,1872.48
POI004385,PO04385,P0074,332,5.35,1776.2
POI004386,PO04386,P0074,318,5.35,1701.3
POI004387,PO04387,P0074,320,5.35,1712.0
POI004388,PO04388,P0074,323,5.64,1821.72
POI004389,PO04389,P0074,326,5.64,1838.64
POI004390,PO04390,P0074,321,5.35,1717.35
POI004391,PO04391,P0074,332,5.35,1776.2
POI004392,PO04392,P0074,331,4.94,1635.14
POI004393,PO04393,P0074,332,5.64,1872.48
POI004394,PO04394,P0074,318,4.94,1570.92
POI004395,PO04395,P0074,332,5.64,1872.48
POI004396,PO04396,P0075,406,17.22,6991.32
POI004397,PO04397,P0075,411,17.22,7077.42
POI004398,PO04398,P0075,411,17.22,7077.42
POI004399,PO04399,P0075,411,17.22,7077.42
POI004400,PO04400,P0075,396,17.22,6819.12
POI004401,PO04401,P0075,390,18.75,7312.5
POI004402,PO04402,P0075,411,17.22,7077.42
POI004403,PO04403,P0075,411,17.22,7077.42
POI004404,PO04404,P0075,389,17.22,6698.58
POI004405,PO04405,P0075,388,18.75,7275.0
POI004406,PO04406,P0075,405,18.75,7593.75
POI004407,PO04407,P0075,390,18.75,7312.5
POI004408,PO04408,P0075,411,17.22,7077.42
POI004409,PO04409,P0075,408,18.75,7650.0
POI004410,PO04410,P0075,411,18.75,7706.25
POI004411,PO04411,P0075,404,17.22,6956.88
POI004412,PO04412,P0075,389,18.75,7293.75
POI004413,PO04413,P0075,393,18.75,7368.75
POI004414,PO04414,P0075,402,18.75,7537.5
POI004415,PO04415,P0075,411,17.22,7077.42
POI004416,PO04416,P0075,411,17.22,7077.42
POI004417,PO04417,P0075,391,17.22,6733.02
POI004418,PO04418,P0075,402,17.22,6922.44
POI004419,PO04419,P0075,411,18.75,7706.25
POI004420,PO04420,P0075,404,17.22,6956.88
POI004421,PO04421,P0075,411,18.75,7706.25
POI004422,PO04422,P0075,400,18.75,7500.0
POI004423,PO04423,P0075,397,17.22,6836.34
POI004424,PO04424,P0075,391,17.22,6733.02
POI004425,PO04425,P0075,411,17.22,7077.42
POI004426,PO04426,P0076,97,5.83,565.51
POI004427,PO04427,P0076,82,5.83,478.06
POI004428,PO04428,P0076,83,5.83,483.89
POI004429,PO04429,P0076,87,5.83,507.21
POI004430,PO04430,P0076,76,5.83,443.08
POI004431,PO04431,P0076,101,5.83,588.83
POI004432,PO04432,P0076,80,5.83,466.4
POI004433,PO04433,P0076,96,5.83,559.68
POI004434,PO04434,P0076,82,5.83,478.06
POI004435,PO04435,P0076,78,5.83,454.74
POI004436,PO04436,P0076,99,5.83,577.17
POI004437,PO04437,P0076,86,5.83,501.38
POI004438,PO04438,P0076,83,5.83,483.89
POI004439,PO04439,P0076,102,5.83,594.66
POI004440,PO04440,P0076,85,5.83,495.55
POI004441,PO04441,P0076,96,5.83,559.68
POI004442,PO04442,P0076,91,5.83,530.53
POI004443,PO04443,P0076,95,5.83,553.85
POI004444,PO04444,P0076,108,5.83,629.64
POI004445,PO04445,P0076,94,5.83,548.02
POI004446,PO04446,P0076,82,5.83,478.06
POI004447,PO04447,P0076,93,5.83,542.19
POI004448,PO04448,P0076,98,5.83,571.34
POI004449,PO04449,P0076,82,5.83,478.06
POI004450,PO04450,P0076,100,5.83,583.0
POI004451,PO04451,P0076,102,5.83,594.66
POI004452,PO04452,P0076,89,5.83,518.87
POI004453,PO04453,P0076,93,5.83,542.19
POI004454,PO04454,P0076,103,5.83,600.49
POI004455,PO04455,P0076,93,5.83,542.19
POI004456,PO04456,P0076,107,5.83,623.81
POI004457,PO04457,P0076,97,5.83,565.51
POI004458,PO04458,P0076,79,5.83,460.57
POI004459,PO04459,P0076,95,5.83,553.85
POI004460,PO04460,P0076,100,5.83,583.0
POI004461,PO04461,P0076,85,5.83,495.55
POI004462,PO04462,P0076,80,5.83,466.4
POI004463,PO04463,P0076,93,5.83,542.19
POI004464,PO04464,P0076,87,5.83,507.21
POI004465,PO04465,P0076,82,5.83,478.06
POI004466,PO04466,P0076,92,5.83,536.36
POI004467,PO04467,P0076,83,5.83,483.89
POI004468,PO04468,P0076,95,5.83,553.85
POI004469,PO04469,P0076,94,5.83,548.02
POI004470,PO04470,P0076,103,5.83,600.49
POI004471,PO04471,P0076,94,5.83,548.02
POI004472,PO04472,P0076,108,5.83,629.64
POI004473,PO04473,P0076,92,5.83,536.36
POI004474,PO04474,P0076,108,5.83,629.64
POI004475,PO04475,P0076,87,5.83,507.21
POI004476,PO04476,P0076,97,5.83,565.51
POI004477,PO04477,P0076,92,5.83,536.36
POI004478,PO04478,P0076,97,5.83,565.51
POI004479,PO04479,P0076,81,5.83,472.23
POI004480,PO04480,P0076,105,5.83,612.15
POI004481,PO04481,P0076,83,5.83,483.89
POI004482,PO04482,P0076,88,5.83,513.04
POI004483,PO04483,P0076,97,5.83,565.51
POI004484,PO04484,P0076,99,5.83,577.17
POI004485,PO04485,P0076,97,5.83,565.51
POI004486,PO04486,P0076,92,5.83,536.36
POI004487,PO04487,P0076,76,5.83,443.08
POI004488,PO04488,P0076,92,5.83,536.36
POI004489,PO04489,P0076,81,5.83,472.23
POI004490,PO04490,P0076,90,5.83,524.7
POI004491,PO04491,P0076,84,5.83,489.72
POI004492,PO04492,P0076,84,5.83,489.72
POI004493,PO04493,P0076,78,5.83,454.74
POI004494,PO04494,P0076,92,5.83,536.36
POI004495,PO04495,P0076,82,5.83,478.06
POI004496,PO04496,P0076,91,5.83,530.53
POI004497,PO04497,P0076,93,5.83,542.19
POI004498,PO04498,P0076,97,5.83,565.51
POI004499,PO04499,P0076,83,5.83,483.89
POI004500,PO04500,P0076,96,5.83,559.68
POI004501,PO04501,P0076,92,5.83,536.36
POI004502,PO04502,P0076,86,5.83,501.38
POI004503,PO04503,P0076,78,5.83,454.74
POI004504,PO04504,P0076,86,5.83,501.38
POI004505,PO04505,P0076,80,5.83,466.4
POI004506,PO04506,P0076,94,5.83,548.02
POI004507,PO04507,P0076,79,5.83,460.57
POI004508,PO04508,P0076,76,5.83,443.08
POI004509,PO04509,P0076,96,5.83,559.68
POI004510,PO04510,P0076,83,5.83,483.89
POI004511,PO04511,P0076,88,5.83,513.04
POI004512,PO04512,P0076,77,5.83,448.91
POI004513,PO04513,P0076,78,5.83,454.74
POI004514,PO04514,P0076,86,5.83,501.38
POI004515,PO04515,P0076,91,5.83,530.53
POI004516,PO04516,P0076,76,5.83,443.08
POI004517,PO04517,P0076,91,5.83,530.53
POI004518,PO04518,P0076,76,5.83,443.08
POI004519,PO04519,P0076,92,5.83,536.36
POI004520,PO04520,P0076,76,5.83,443.08
POI004521,PO04521,P0076,94,5.83,548.02
POI004522,PO04522,P0076,83,5.83,483.89
POI004523,PO04523,P0076,90,5.83,524.7
POI004524,PO04524,P0076,87,5.83,507.21
POI004525,PO04525,P0076,76,5.83,443.08
POI004526,PO04526,P0076,85,5.83,495.55
POI004527,PO04527,P0076,96,5.83,559.68
POI004528,PO04528,P0076,78,5.83,454.74
POI004529,PO04529,P0076,93,5.83,542.19
POI004530,PO04530,P0076,76,5.83,443.08
POI004531,PO04531,P0076,102,5.83,594.66
POI004532,PO04532,P0076,98,5.83,571.34
POI004533,PO04533,P0076,81,5.83,472.23
POI004534,PO04534,P0076,92,5.83,536.36
POI004535,PO04535,P0076,92,5.83,536.36
POI004536,PO04536,P0077,82,2.54,208.28
POI004537,PO04537,P0077,87,2.54,220.98
POI004538,PO04538,P0077,86,2.54,218.44
POI004539,PO04539,P0077,81,2.54,205.74
POI004540,PO04540,P0077,93,2.54,236.22
POI004541,PO04541,P0077,97,2.54,246.38
POI004542,PO04542,P0077,85,2.54,215.9
POI004543,PO04543,P0077,80,2.54,203.2
POI004544,PO04544,P0077,85,2.54,215.9
POI004545,PO04545,P0077,93,2.54,236.22
POI004546,PO04546,P0077,94,2.54,238.76
POI004547,PO04547,P0077,92,2.54,233.68
POI004548,PO04548,P0077,80,2.54,203.2
POI004549,PO04549,P0077,88,2.54,223.52
POI004550,PO04550,P0077,87,2.54,220.98
POI004551,PO04551,P0077,80,2.54,203.2
POI004552,PO04552,P0077,80,2.54,203.2
POI004553,PO04553,P0077,84,2.54,213.36
POI004554,PO04554,P0077,81,2.54,205.74
POI004555,PO04555,P0077,87,2.54,220.98
POI004556,PO04556,P0077,80,2.54,203.2
POI004557,PO04557,P0077,81,2.54,205.74
POI004558,PO04558,P0077,82,2.54,208.28
POI004559,PO04559,P0077,84,2.54,213.36
POI004560,PO04560,P0077,92,2.54,233.68
POI004561,PO04561,P0077,91,2.54,231.14
POI004562,PO04562,P0077,80,2.54,203.2
POI004563,PO04563,P0077,89,2.54,226.06
POI004564,PO04564,P0077,91,2.54,231.14
POI004565,PO04565,P0077,92,2.54,233.68
POI004566,PO04566,P0077,80,2.54,203.2
POI004567,PO04567,P0077,86,2.54,218.44
POI004568,PO04568,P0077,84,2.54,213.36
POI004569,PO04569,P0077,86,2.54,218.44
POI004570,PO04570,P0077,82,2.54,208.28
POI004571,PO04571,P0077,88,2.54,223.52
POI004572,PO04572,P0077,82,2.54,208.28
POI004573,PO04573,P0077,81,2.54,205.74
POI004574,PO04574,P0077,85,2.54,215.9
POI004575,PO04575,P0077,90,2.54,228.6
POI004576,PO04576,P0077,81,2.54,205.74
POI004577,PO04577,P0077,81,2.54,205.74
POI004578,PO04578,P0077,92,2.54,233.68
POI004579,PO04579,P0077,90,2.54,228.6
POI004580,PO04580,P0077,86,2.54,218.44
POI004581,PO04581,P0077,82,2.54,208.28
POI004582,PO04582,P0077,83,2.54,210.82
POI004583,PO04583,P0077,85,2.54,215.9
POI004584,PO04584,P0077,85,2.54,215.9
POI004585,PO04585,P0077,80,2.54,203.2
POI004586,PO04586,P0077,92,2.54,233.68
POI004587,PO04587,P0077,91,2.54,231.14
POI004588,PO04588,P0077,90,2.54,228.6
POI004589,PO04589,P0077,88,2.54,223.52
POI004590,PO04590,P0077,82,2.54,208.28
POI004591,PO04591,P0077,84,2.54,213.36
POI004592,PO04592,P0077,88,2.54,223.52
POI004593,PO04593,P0077,85,2.54,215.9
POI004594,PO04594,P0077,83,2.54,210.82
POI004595,PO04595,P0077,82,2.54,208.28
POI004596,PO04596,P0077,91,2.54,231.14
POI004597,PO04597,P0078,403,14.66,5907.98
POI004598,PO04598,P0078,394,14.66,5776.04
POI004599,PO04599,P0078,395,14.66,5790.7
POI004600,PO04600,P0078,400,14.66,5864.0
POI004601,PO04601,P0078,413,14.66,6054.58
POI004602,PO04602,P0078,398,14.66,5834.68
POI004603,PO04603,P0078,418,14.66,6127.88
POI004604,PO04604,P0078,412,14.66,6039.92
POI004605,PO04605,P0078,403,14.66,5907.98
POI004606,PO04606,P0078,399,14.66,5849.34
POI004607,PO04607,P0078,420,14.66,6157.2
POI004608,PO04608,P0078,409,14.66,5995.94
POI004609,PO04609,P0078,394,14.66,5776.04
POI004610,PO04610,P0078,394,14.66,5776.04
POI004611,PO04611,P0078,397,14.66,5820.02
POI004612,PO04612,P0078,400,14.66,5864.0
POI004613,PO04613,P0078,394,14.66,5776.04
POI004614,PO04614,P0078,398,14.66,5834.68
POI004615,PO04615,P0079,436,6.93,3021.48
POI004616,PO04616,P0079,442,6.93,3063.06
POI004617,PO04617,P0079,430,6.93,2979.9
POI004618,PO04618,P0079,438,5.59,2448.42
POI004619,PO04619,P0079,434,5.59,2426.06
POI004620,PO04620,P0079,433,5.59,2420.47
POI004621,PO04621,P0079,431,6.93,2986.83
POI004622,PO04622,P0079,426,6.93,2952.18
POI004623,PO04623,P0079,431,6.93,2986.83
POI004624,PO04624,P0079,425,6.93,2945.25
POI004625,PO04625,P0079,434,5.59,2426.06
POI004626,PO04626,P0079,439,5.59,2454.01
POI004627,PO04627,P0079,436,6.93,3021.48
POI004628,PO04628,P0079,441,6.93,3056.13
POI004629,PO04629,P0079,430,5.59,2403.7
POI004630,PO04630,P0080,249,14.73,3667.77
POI004631,PO04631,P0080,261,12.36,3225.96
POI004632,PO04632,P0080,250,12.36,3090.0
POI004633,PO04633,P0080,236,12.36,2916.96
POI004634,PO04634,P0080,259,14.73,3815.07
POI004635,PO04635,P0080,256,14.73,3770.88
POI004636,PO04636,P0080,246,14.73,3623.58
POI004637,PO04637,P0080,247,12.36,3052.92
POI004638,PO04638,P0080,249,12.36,3077.64
POI004639,PO04639,P0080,243,14.73,3579.39
POI004640,PO04640,P0080,250,14.73,3682.5
POI004641,PO04641,P0080,260,14.73,3829.8
POI004642,PO04642,P0080,236,12.36,2916.96
POI004643,PO04643,P0080,246,14.73,3623.58
POI004644,PO04644,P0080,273,12.36,3374.28
POI004645,PO04645,P0080,257,12.36,3176.52
POI004646,PO04646,P0080,256,12.36,3164.16
POI004647,PO04647,P0080,251,12.36,3102.36
POI004648,PO04648,P0080,253,14.73,3726.69
POI004649,PO04649,P0080,240,12.36,2966.4
POI004650,PO04650,P0080,231,14.73,3402.63
POI004651,PO04651,P0080,244,14.73,3594.12
POI004652,PO04652,P0080,241,14.73,3549.93
POI004653,PO04653,P0080,245,14.73,3608.85
POI004654,PO04654,P0080,231,12.36,2855.16
POI004655,PO04655,P0080,231,14.73,3402.63
POI004656,PO04656,P0080,251,12.36,3102.36
POI004657,PO04657,P0080,238,12.36,2941.68
POI004658,PO04658,P0080,251,12.36,3102.36
POI004659,PO04659,P0080,259,14.73,3815.07
POI004660,PO04660,P0080,248,12.36,3065.28
POI004661,PO04661,P0080,256,12.36,3164.16
POI004662,PO04662,P0080,237,12.36,2929.32
POI004663,PO04663,P0080,238,12.36,2941.68
POI004664,PO04664,P0080,236,14.73,3476.28
POI004665,PO04665,P0080,249,14.73,3667.77
POI004666,PO04666,P0080,232,12.36,2867.52
POI004667,PO04667,P0080,248,12.36,3065.28
POI004668,PO04668,P0080,249,14.73,3667.77
POI004669,PO04669,P0080,245,12.36,3028.2
POI004670,PO04670,P0080,263,12.36,3250.68
POI004671,PO04671,P0080,244,12.36,3015.84
POI004672,PO04672,P0080,252,14.73,3711.96
POI004673,PO04673,P0080,260,12.36,3213.6
POI004674,PO04674,P0080,266,12.36,3287.76
POI004675,PO04675,P0081,384,8.12,3118.08
POI004676,PO04676,P0081,379,8.12,3077.48
POI004677,PO04677,P0081,391,8.12,3174.92
POI004678,PO04678,P0081,380,7.5,2850.0
POI004679,PO04679,P0081,383,8.12,3109.96
POI004680,PO04680,P0081,393,7.5,2947.5
POI004681,PO04681,P0081,387,8.12,3142.44
POI004682,PO04682,P0081,374,7.5,2805.0
POI004683,PO04683,P0081,379,7.5,2842.5
POI004684,PO04684,P0081,378,7.5,2835.0
POI004685,PO04685,P0081,376,7.5,2820.0
POI004686,PO04686,P0081,378,7.5,2835.0
POI004687,PO04687,P0081,385,8.12,3126.2
POI004688,PO04688,P0081,383,8.12,3109.96
POI004689,PO04689,P0081,376,8.12,3053.12
POI004690,PO04690,P0081,386,8.12,3134.32
POI004691,PO04691,P0081,374,7.5,2805.0
POI004692,PO04692,P0082,451,2.36,1064.36
POI004693,PO04693,P0082,442,2.36,1043.12
POI004694,PO04694,P0082,449,2.36,1059.64
POI004695,PO04695,P0082,439,2.36,1036.04
POI004696,PO04696,P0082,457,3.05,1393.85
POI004697,PO04697,P0082,452,2.36,1066.72
POI004698,PO04698,P0082,447,3.05,1363.35
POI004699,PO04699,P0082,449,2.36,1059.64
POI004700,PO04700,P0082,442,3.05,1348.1
POI004701,PO04701,P0082,440,3.05,1342.0
POI004702,PO04702,P0082,445,3.05,1357.25
POI004703,PO04703,P0082,440,2.36,1038.4
POI004704,PO04704,P0082,439,2.36,1036.04
POI004705,PO04705,P0083,146,5.11,746.06
POI004706,PO04706,P0083,154,5.11,786.94
POI004707,PO04707,P0083,149,5.11,761.39
POI004708,PO04708,P0083,146,5.11,746.06
POI004709,PO04709,P0083,149,5.11,761.39
POI004710,PO04710,P0083,151,5.11,771.61
POI004711,PO04711,P0083,150,5.11,766.5
POI004712,PO04712,P0083,153,5.11,781.83
POI004713,PO04713,P0083,154,5.11,786.94
POI004714,PO04714,P0083,147,5.11,751.17
POI004715,PO04715,P0083,148,5.11,756.28
POI004716,PO04716,P0083,150,5.11,766.5
POI004717,PO04717,P0083,146,5.11,746.06
POI004718,PO04718,P0083,152,5.11,776.72
POI004719,PO04719,P0083,151,5.11,771.61
POI004720,PO04720,P0083,150,5.11,766.5
POI004721,PO04721,P0083,146,5.11,746.06
POI004722,PO04722,P0083,153,5.11,781.83
POI004723,PO04723,P0083,154,5.11,786.94
POI004724,PO04724,P0083,150,5.11,766.5
POI004725,PO04725,P0083,154,5.11,786.94
POI004726,PO04726,P0083,153,5.11,781.83
POI004727,PO04727,P0084,86,24.09,2071.74
POI004728,PO04728,P0084,94,24.09,2264.46
POI004729,PO04729,P0084,83,24.09,1999.47
POI004730,PO04730,P0084,81,24.09,1951.29
POI004731,PO04731,P0084,88,24.09,2119.92
POI004732,PO04732,P0084,95,24.09,2288.55
POI004733,PO04733,P0084,93,24.09,2240.37
POI004734,PO04734,P0084,87,24.09,2095.83
POI004735,PO04735,P0084,90,24.09,2168.1
POI004736,PO04736,P0084,83,24.09,1999.47
POI004737,PO04737,P0084,92,24.09,2216.28
POI004738,PO04738,P0084,82,24.09,1975.38
POI004739,PO04739,P0084,86,24.09,2071.74
POI004740,PO04740,P0084,85,24.09,2047.65
POI004741,PO04741,P0084,86,24.09,2071.74
POI004742,PO04742,P0084,95,24.09,2288.55
POI004743,PO04743,P0084,102,24.09,2457.18
POI004744,PO04744,P0084,87,24.09,2095.83
POI004745,PO04745,P0084,88,24.09,2119.92
POI004746,PO04746,P0084,99,24.09,2384.91
POI004747,PO04747,P0084,88,24.09,2119.92
POI004748,PO04748,P0084,82,24.09,1975.38
POI004749,PO04749,P0084,91,24.09,2192.19
POI004750,PO04750,P0084,91,24.09,2192.19
POI004751,PO04751,P0084,91,24.09,2192.19
POI004752,PO04752,P0084,83,24.09,1999.47
POI004753,PO04753,P0084,88,24.09,2119.92
POI004754,PO04754,P0084,89,24.09,2144.01
POI004755,PO04755,P0084,97,24.09,2336.73
POI004756,PO04756,P0084,87,24.09,2095.83
POI004757,PO04757,P0084,88,24.09,2119.92
POI004758,PO04758,P0084,85,24.09,2047.65
POI004759,PO04759,P0084,86,24.09,2071.74
POI004760,PO04760,P0084,97,24.09,2336.73
POI004761,PO04761,P0084,85,24.09,2047.65
POI004762,PO04762,P0084,86,24.09,2071.74
POI004763,PO04763,P0084,86,24.09,2071.74
POI004764,PO04764,P0084,82,24.09,1975.38
POI004765,PO04765,P0084,86,24.09,2071.74
POI004766,PO04766,P0084,90,24.09,2168.1
POI004767,PO04767,P0084,85,24.09,2047.65
POI004768,PO04768,P0084,90,24.09,2168.1
POI004769,PO04769,P0084,88,24.09,2119.92
POI004770,PO04770,P0084,85,24.09,2047.65
POI004771,PO04771,P0084,81,24.09,1951.29
POI004772,PO04772,P0084,85,24.09,2047.65
POI004773,PO04773,P0084,91,24.09,2192.19
POI004774,PO04774,P0084,81,24.09,1951.29
POI004775,PO04775,P0084,90,24.09,2168.1
POI004776,PO04776,P0084,91,24.09,2192.19
POI004777,PO04777,P0084,92,24.09,2216.28
POI004778,PO04778,P0084,91,24.09,2192.19
POI004779,PO04779,P0084,85,24.09,2047.65
POI004780,PO04780,P0084,93,24.09,2240.37
POI004781,PO04781,P0084,93,24.09,2240.37
POI004782,PO04782,P0085,371,6.02,2233.42
POI004783,PO04783,P0085,370,5.4,1998.0
POI004784,PO04784,P0085,374,6.02,2251.48
POI004785,PO04785,P0085,375,6.02,2257.5
POI004786,PO04786,P0085,377,5.4,2035.8
POI004787,PO04787,P0085,372,5.4,2008.8
POI004788,PO04788,P0085,371,5.65,2096.15
POI004789,PO04789,P0085,370,5.4,1998.0
POI004790,PO04790,P0085,373,5.4,2014.2
POI004791,PO04791,P0085,374,5.65,2113.1
POI004792,PO04792,P0086,97,22.82,2213.54
POI004793,PO04793,P0086,103,21.47,2211.41
POI004794,PO04794,P0086,104,21.47,2232.88
POI004795,PO04795,P0086,119,19.48,2318.12
POI004796,PO04796,P0086,94,22.82,2145.08
POI004797,PO04797,P0086,84,22.82,1916.88
POI004798,PO04798,P0086,87,21.47,1867.89
POI004799,PO04799,P0086,101,21.47,2168.47
POI004800,PO04800,P0086,104,21.47,2232.88
POI004801,PO04801,P0086,89,21.47,1910.83
POI004802,PO04802,P0086,86,19.48,1675.28
POI004803,PO04803,P0086,97,22.82,2213.54
POI004804,PO04804,P0086,110,21.47,2361.7
POI004805,PO04805,P0086,95,19.48,1850.6
POI004806,PO04806,P0086,101,22.82,2304.82
POI004807,PO04807,P0086,93,21.47,1996.71
POI004808,PO04808,P0086,100,22.82,2282.0
POI004809,PO04809,P0086,89,22.82,2030.98
POI004810,PO04810,P0086,91,21.47,1953.77
POI004811,PO04811,P0086,114,21.47,2447.58
POI004812,PO04812,P0086,91,21.47,1953.77
POI004813,PO04813,P0086,103,21.47,2211.41
POI004814,PO04814,P0086,120,19.48,2337.6
POI004815,PO04815,P0086,100,19.48,1948.0
POI004816,PO04816,P0086,111,19.48,2162.28
POI004817,PO04817,P0086,115,19.48,2240.2
POI004818,PO04818,P0086,86,19.48,1675.28
POI004819,PO04819,P0086,104,19.48,2025.92
POI004820,PO04820,P0086,107,19.48,2084.36
POI004821,PO04821,P0086,92,22.82,2099.44
POI004822,PO04822,P0086,91,19.48,1772.68
POI004823,PO04823,P0086,97,21.47,2082.59
POI004824,PO04824,P0086,111,22.82,2533.02
POI004825,PO04825,P0086,101,19.48,1967.48
POI004826,PO04826,P0086,114,22.82,2601.48
POI004827,PO04827,P0086,115,21.47,2469.05
POI004828,PO04828,P0086,91,19.48,1772.68
POI004829,PO04829,P0086,85,19.48,1655.8
POI004830,PO04830,P0086,98,21.47,2104.06
POI004831,PO04831,P0086,89,21.47,1910.83
POI004832,PO04832,P0086,85,22.82,1939.7
POI004833,PO04833,P0086,96,22.82,2190.72
POI004834,PO04834,P0086,116,22.82,2647.12
POI004835,PO04835,P0086,91,22.82,2076.62
POI004836,PO04836,P0086,97,22.82,2213.54
POI004837,PO04837,P0086,105,22.82,2396.1
POI004838,PO04838,P0086,87,22.82,1985.34
POI004839,PO04839,P0086,97,22.82,2213.54
POI004840,PO04840,P0086,104,19.48,2025.92
POI004841,PO04841,P0086,108,19.48,2103.84
POI004842,PO04842,P0086,105,19.48,2045.4
POI004843,PO04843,P0086,93,21.47,1996.71
POI004844,PO04844,P0086,100,21.47,2147.0
POI004845,PO04845,P0086,99,21.47,2125.53
POI004846,PO04846,P0086,113,22.82,2578.66
POI004847,PO04847,P0086,92,22.82,2099.44
POI004848,PO04848,P0086,108,22.82,2464.56
POI004849,PO04849,P0086,100,19.48,1948.0
POI004850,PO04850,P0086,86,22.82,1962.52
POI004851,PO04851,P0086,108,19.48,2103.84
POI004852,PO04852,P0086,90,21.47,1932.3
POI004853,PO04853,P0086,86,22.82,1962.52
POI004854,PO04854,P0086,86,19.48,1675.28
POI004855,PO04855,P0086,86,22.82,1962.52
POI004856,PO04856,P0086,85,19.48,1655.8
POI004857,PO04857,P0086,90,19.48,1753.2
POI004858,PO04858,P0086,90,21.47,1932.3
POI004859,PO04859,P0086,87,21.47,1867.89
POI004860,PO04860,P0086,87,21.47,1867.89
POI004861,PO04861,P0086,89,19.48,1733.72
POI004862,PO04862,P0086,115,19.48,2240.2
POI004863,PO04863,P0086,100,22.82,2282.0
POI004864,PO04864,P0086,102,19.48,1986.96
POI004865,PO04865,P0086,117,22.82,2669.94
POI004866,PO04866,P0086,97,19.48,1889.56
POI004867,PO04867,P0086,89,19.48,1733.72
POI004868,PO04868,P0086,98,21.47,2104.06
POI004869,PO04869,P0086,110,22.82,2510.2
POI004870,PO04870,P0086,105,22.82,2396.1
POI004871,PO04871,P0086,96,22.82,2190.72
POI004872,PO04872,P0086,110,21.47,2361.7
POI004873,PO04873,P0086,103,22.82,2350.46
POI004874,PO04874,P0086,101,22.82,2304.82
POI004875,PO04875,P0086,112,19.48,2181.76
POI004876,PO04876,P0086,98,21.47,2104.06
POI004877,PO04877,P0086,90,19.48,1753.2
POI004878,PO04878,P0086,91,19.48,1772.68
POI004879,PO04879,P0086,109,21.47,2340.23
POI004880,PO04880,P0086,106,19.48,2064.88
POI004881,PO04881,P0086,100,19.48,1948.0
POI004882,PO04882,P0086,95,21.47,2039.65
POI004883,PO04883,P0086,85,21.47,1824.95
POI004884,PO04884,P0086,92,19.48,1792.16
POI004885,PO04885,P0086,95,22.82,2167.9
POI004886,PO04886,P0086,102,22.82,2327.64
POI004887,PO04887,P0086,90,21.47,1932.3
POI004888,PO04888,P0086,85,22.82,1939.7
POI004889,PO04889,P0086,106,22.82,2418.92
POI004890,PO04890,P0086,89,21.47,1910.83
POI004891,PO04891,P0086,95,21.47,2039.65
POI004892,PO04892,P0086,105,21.47,2254.35
POI004893,PO04893,P0086,93,22.82,2122.26
POI004894,PO04894,P0086,104,21.47,2232.88
POI004895,PO04895,P0086,107,21.47,2297.29
POI004896,PO04896,P0086,101,22.82,2304.82
POI004897,PO04897,P0086,99,22.82,2259.18
POI004898,PO04898,P0086,92,19.48,1792.16
POI004899,PO04899,P0086,90,21.47,1932.3
POI004900,PO04900,P0086,112,22.82,2555.84
POI004901,PO04901,P0086,84,22.82,1916.88
POI004902,PO04902,P0086,86,19.48,1675.28
POI004903,PO04903,P0086,98,19.48,1909.04
POI004904,PO04904,P0086,96,22.82,2190.72
POI004905,PO04905,P0086,89,19.48,1733.72
POI004906,PO04906,P0087,453,21.46,9721.38
POI004907,PO04907,P0087,436,22.78,9932.08
POI004908,PO04908,P0087,428,22.78,9749.84
POI004909,PO04909,P0087,440,22.78,10023.2
POI004910,PO04910,P0087,432,22.78,9840.96
POI004911,PO04911,P0087,450,22.78,10251.0
POI004912,PO04912,P0087,441,21.46,9463.86
POI004913,PO04913,P0087,435,20.0,8700.0
POI004914,PO04914,P0087,442,20.0,8840.0
POI004915,PO04915,P0087,441,20.0,8820.0
POI004916,PO04916,P0087,438,20.0,8760.0
POI004917,PO04917,P0087,437,22.78,9954.86
POI004918,PO04918,P0087,440,22.78,10023.2
POI004919,PO04919,P0087,427,20.0,8540.0
POI004920,PO04920,P0087,440,22.78,10023.2
POI004921,PO04921,P0087,438,22.78,9977.64
POI004922,PO04922,P0087,428,22.78,9749.84
POI004923,PO04923,P0087,438,22.78,9977.64
POI004924,PO04924,P0087,427,20.0,8540.0
POI004925,PO04925,P0087,439,21.46,9420.94
POI004926,PO04926,P0087,448,20.0,8960.0
POI004927,PO04927,P0087,443,20.0,8860.0
POI004928,PO04928,P0088,263,16.91,4447.33
POI004929,PO04929,P0088,259,13.27,3436.93
POI004930,PO04930,P0088,259,16.91,4379.69
POI004931,PO04931,P0088,259,15.49,4011.91
POI004932,PO04932,P0088,262,13.27,3476.74
POI004933,PO04933,P0088,258,15.49,3996.42
POI004934,PO04934,P0088,258,15.49,3996.42
POI004935,PO04935,P0088,262,16.91,4430.42
POI004936,PO04936,P0089,222,10.89,2417.58
POI004937,PO04937,P0089,221,10.89,2406.69
POI004938,PO04938,P0089,211,10.89,2297.79
POI004939,PO04939,P0089,227,10.89,2472.03
POI004940,PO04940,P0089,244,10.89,2657.16
POI004941,PO04941,P0089,225,10.89,2450.25
POI004942,PO04942,P0089,208,10.89,2265.12
POI004943,PO04943,P0089,206,10.89,2243.34
POI004944,PO04944,P0089,224,10.89,2439.36
POI004945,PO04945,P0089,229,10.89,2493.81
POI004946,PO04946,P0089,237,10.89,2580.93
POI004947,PO04947,P0089,246,10.89,2678.94
POI004948,PO04948,P0089,234,10.89,2548.26
POI004949,PO04949,P0089,214,10.89,2330.46
POI004950,PO04950,P0089,223,10.89,2428.47
POI004951,PO04951,P0089,217,10.89,2363.13
POI004952,PO04952,P0089,239,10.89,2602.71
POI004953,PO04953,P0089,210,10.89,2286.9
POI004954,PO04954,P0089,230,10.89,2504.7
POI004955,PO04955,P0089,215,10.89,2341.35
POI004956,PO04956,P0089,225,10.89,2450.25
POI004957,PO04957,P0089,238,10.89,2591.82
POI004958,PO04958,P0089,205,10.89,2232.45
POI004959,PO04959,P0089,220,10.89,2395.8
POI004960,PO04960,P0089,224,10.89,2439.36
POI004961,PO04961,P0089,208,10.89,2265.12
POI004962,PO04962,P0089,237,10.89,2580.93
POI004963,PO04963,P0089,236,10.89,2570.04
POI004964,PO04964,P0089,225,10.89,2450.25
POI004965,PO04965,P0089,224,10.89,2439.36
POI004966,PO04966,P0089,226,10.89,2461.14
POI004967,PO04967,P0089,220,10.89,2395.8
POI004968,PO04968,P0089,224,10.89,2439.36
POI004969,PO04969,P0089,210,10.89,2286.9
POI004970,PO04970,P0089,211,10.89,2297.79
POI004971,PO04971,P0089,227,10.89,2472.03
POI004972,PO04972,P0089,217,10.89,2363.13
POI004973,PO04973,P0089,215,10.89,2341.35
POI004974,PO04974,P0089,220,10.89,2395.8
POI004975,PO04975,P0089,208,10.89,2265.12
POI004976,PO04976,P0089,211,10.89,2297.79
POI004977,PO04977,P0089,210,10.89,2286.9
POI004978,PO04978,P0089,207,10.89,2254.23
POI004979,PO04979,P0089,221,10.89,2406.69
POI004980,PO04980,P0089,209,10.89,2276.01
POI004981,PO04981,P0089,232,10.89,2526.48
POI004982,PO04982,P0089,229,10.89,2493.81
POI004983,PO04983,P0089,230,10.89,2504.7
POI004984,PO04984,P0089,220,10.89,2395.8
POI004985,PO04985,P0089,224,10.89,2439.36
POI004986,PO04986,P0089,232,10.89,2526.48
POI004987,PO04987,P0089,233,10.89,2537.37
POI004988,PO04988,P0089,224,10.89,2439.36
POI004989,PO04989,P0089,209,10.89,2276.01
POI004990,PO04990,P0089,223,10.89,2428.47
POI004991,PO04991,P0090,420,12.78,5367.6
POI004992,PO04992,P0090,425,12.78,5431.5
POI004993,PO04993,P0090,416,12.78,5316.48
POI004994,PO04994,P0090,413,12.78,5278.14
POI004995,PO04995,P0090,416,12.31,5120.96
POI004996,PO04996,P0090,414,12.31,5096.34
POI004997,PO04997,P0090,429,12.78,5482.62
POI004998,PO04998,P0090,425,12.31,5231.75
POI004999,PO04999,P0090,421,12.78,5380.38
POI005000,PO05000,P0090,420,12.31,5170.2
POI005001,PO05001,P0090,419,12.31,5157.89
POI005002,PO05002,P0090,426,12.78,5444.28
POI005003,PO05003,P0090,417,12.31,5133.27
POI005004,PO05004,P0090,422,12.78,5393.16
POI005005,PO05005,P0090,411,12.31,5059.41
POI005006,PO05006,P0090,418,12.78,5342.04
POI005007,PO05007,P0090,417,12.78,5329.26
POI005008,PO05008,P0091,319,26.46,8440.74
POI005009,PO05009,P0091,308,22.61,6963.88
POI005010,PO05010,P0091,311,26.46,8229.06
POI005011,PO05011,P0091,319,26.46,8440.74
POI005012,PO05012,P0091,319,23.73,7569.87
POI005013,PO05013,P0091,319,23.73,7569.87
POI005014,PO05014,P0091,318,22.61,7189.98
POI005015,PO05015,P0091,319,22.61,7212.59
POI005016,PO05016,P0091,319,22.61,7212.59
POI005017,PO05017,P0091,316,22.61,7144.76
POI005018,PO05018,P0091,319,26.46,8440.74
POI005019,PO05019,P0091,310,26.46,8202.6
POI005020,PO05020,P0091,319,22.61,7212.59
POI005021,PO05021,P0091,308,26.46,8149.68
POI005022,PO05022,P0091,319,22.61,7212.59
POI005023,PO05023,P0091,319,26.46,8440.74
POI005024,PO05024,P0091,319,23.73,7569.87
POI005025,PO05025,P0091,312,22.61,7054.32
POI005026,PO05026,P0091,319,26.46,8440.74
POI005027,PO05027,P0091,319,22.61,7212.59
POI005028,PO05028,P0091,308,26.46,8149.68
POI005029,PO05029,P0091,312,22.61,7054.32
POI005030,PO05030,P0091,311,22.61,7031.71
POI005031,PO05031,P0091,308,23.73,7308.84
POI005032,PO05032,P0091,317,23.73,7522.41
POI005033,PO05033,P0091,319,26.46,8440.74
POI005034,PO05034,P0091,309,22.61,6986.49
POI005035,PO05035,P0091,319,26.46,8440.74
POI005036,PO05036,P0091,314,23.73,7451.22
POI005037,PO05037,P0091,319,23.73,7569.87
POI005038,PO05038,P0092,388,25.5,9894.0
POI005039,PO05039,P0092,379,21.0,7959.0
POI005040,PO05040,P0092,368,21.0,7728.0
POI005041,PO05041,P0092,364,21.62,7869.68
POI005042,PO05042,P0092,398,21.0,8358.0
POI005043,PO05043,P0092,382,21.0,8022.0
POI005044,PO05044,P0092,362,21.0,7602.0
POI005045,PO05045,P0092,360,21.62,7783.2
POI005046,PO05046,P0092,381,21.0,8001.0
POI005047,PO05047,P0092,398,21.0,8358.0
POI005048,PO05048,P0092,361,25.5,9205.5
POI005049,PO05049,P0092,360,21.62,7783.2
POI005050,PO05050,P0092,388,21.62,8388.56
POI005051,PO05051,P0092,372,25.5,9486.0
POI005052,PO05052,P0092,360,21.0,7560.0
POI005053,PO05053,P0092,376,21.0,7896.0
POI005054,PO05054,P0092,391,21.62,8453.42
POI005055,PO05055,P0092,403,21.62,8712.86
POI005056,PO05056,P0092,394,25.5,10047.0
POI005057,PO05057,P0092,378,21.0,7938.0
POI005058,PO05058,P0092,374,21.0,7854.0
POI005059,PO05059,P0092,382,21.0,8022.0
POI005060,PO05060,P0092,379,21.62,8193.98
POI005061,PO05061,P0092,382,25.5,9741.0
POI005062,PO05062,P0092,376,25.5,9588.0
POI005063,PO05063,P0092,374,25.5,9537.0
POI005064,PO05064,P0092,379,21.62,8193.98
POI005065,PO05065,P0092,362,25.5,9231.0
POI005066,PO05066,P0092,385,21.62,8323.7
POI005067,PO05067,P0092,396,21.0,8316.0
POI005068,PO05068,P0092,370,25.5,9435.0
POI005069,PO05069,P0092,363,25.5,9256.5
POI005070,PO05070,P0093,54,18.35,990.9
POI005071,PO05071,P0093,35,18.35,642.25
POI005072,PO05072,P0093,38,18.35,697.3
POI005073,PO05073,P0093,38,18.35,697.3
POI005074,PO05074,P0093,40,18.35,734.0
POI005075,PO05075,P0093,29,18.35,532.15
POI005076,PO05076,P0093,36,18.35,660.6
POI005077,PO05077,P0093,29,18.35,532.15
POI005078,PO05078,P0093,33,18.35,605.55
POI005079,PO05079,P0093,40,18.35,734.0
POI005080,PO05080,P0093,33,18.35,605.55
POI005081,PO05081,P0093,41,18.35,752.35
POI005082,PO05082,P0093,62,18.35,1137.7
POI005083,PO05083,P0093,33,18.35,605.55
POI005084,PO05084,P0093,39,18.35,715.65
POI005085,PO05085,P0093,33,18.35,605.55
POI005086,PO05086,P0093,42,18.35,770.7
POI005087,PO05087,P0093,34,18.35,623.9
POI005088,PO05088,P0093,49,18.35,899.15
POI005089,PO05089,P0093,66,18.35,1211.1
POI005090,PO05090,P0093,35,18.35,642.25
POI005091,PO05091,P0093,46,18.35,844.1
POI005092,PO05092,P0093,32,18.35,587.2
POI005093,PO05093,P0093,60,18.35,1101.0
POI005094,PO05094,P0093,30,18.35,550.5
POI005095,PO05095,P0093,62,18.35,1137.7
POI005096,PO05096,P0093,41,18.35,752.35
POI005097,PO05097,P0093,54,18.35,990.9
POI005098,PO05098,P0093,45,18.35,825.75
POI005099,PO05099,P0093,32,18.35,587.2
POI005100,PO05100,P0093,37,18.35,678.95
POI005101,PO05101,P0093,32,18.35,587.2
POI005102,PO05102,P0093,68,18.35,1247.8
POI005103,PO05103,P0093,42,18.35,770.7
POI005104,PO05104,P0093,32,18.35,587.2
POI005105,PO05105,P0093,29,18.35,532.15
POI005106,PO05106,P0093,29,18.35,532.15
POI005107,PO05107,P0093,31,18.35,568.85
POI005108,PO05108,P0093,38,18.35,697.3
POI005109,PO05109,P0093,38,18.35,697.3
POI005110,PO05110,P0093,48,18.35,880.8
POI005111,PO05111,P0093,31,18.35,568.85
POI005112,PO05112,P0093,37,18.35,678.95
POI005113,PO05113,P0093,37,18.35,678.95
POI005114,PO05114,P0093,29,18.35,532.15
POI005115,PO05115,P0093,36,18.35,660.6
POI005116,PO05116,P0093,34,18.35,623.9
POI005117,PO05117,P0093,36,18.35,660.6
POI005118,PO05118,P0093,33,18.35,605.55
POI005119,PO05119,P0093,56,18.35,1027.6
POI005120,PO05120,P0093,32,18.35,587.2
POI005121,PO05121,P0093,39,18.35,715.65
POI005122,PO05122,P0093,48,18.35,880.8
POI005123,PO05123,P0093,38,18.35,697.3
POI005124,PO05124,P0093,37,18.35,678.95
POI005125,PO05125,P0093,40,18.35,734.0
POI005126,PO05126,P0093,35,18.35,642.25
POI005127,PO05127,P0093,35,18.35,642.25
POI005128,PO05128,P0093,36,18.35,660.6
POI005129,PO05129,P0093,36,18.35,660.6
POI005130,PO05130,P0093,51,18.35,935.85
POI005131,PO05131,P0093,30,18.35,550.5
POI005132,PO05132,P0093,48,18.35,880.8
POI005133,PO05133,P0093,34,18.35,623.9
POI005134,PO05134,P0093,32,18.35,587.2
POI005135,PO05135,P0093,30,18.35,550.5
POI005136,PO05136,P0093,34,18.35,623.9
POI005137,PO05137,P0093,45,18.35,825.75
POI005138,PO05138,P0093,35,18.35,642.25
POI005139,PO05139,P0093,66,18.35,1211.1
POI005140,PO05140,P0093,37,18.35,678.95
POI005141,PO05141,P0093,32,18.35,587.2
POI005142,PO05142,P0093,59,18.35,1082.65
POI005143,PO05143,P0093,36,18.35,660.6
POI005144,PO05144,P0093,30,18.35,550.5
POI005145,PO05145,P0093,43,18.35,789.05
POI005146,PO05146,P0093,37,18.35,678.95
POI005147,PO05147,P0093,37,18.35,678.95
POI005148,PO05148,P0093,37,18.35,678.95
POI005149,PO05149,P0093,39,18.35,715.65
POI005150,PO05150,P0093,51,18.35,935.85
POI005151,PO05151,P0093,38,18.35,697.3
POI005152,PO05152,P0093,36,18.35,660.6
POI005153,PO05153,P0093,36,18.35,660.6
POI005154,PO05154,P0093,37,18.35,678.95
POI005155,PO05155,P0093,43,18.35,789.05
POI005156,PO05156,P0093,47,18.35,862.45
POI005157,PO05157,P0093,41,18.35,752.35
POI005158,PO05158,P0093,43,18.35,789.05
POI005159,PO05159,P0093,31,18.35,568.85
POI005160,PO05160,P0093,34,18.35,623.9
POI005161,PO05161,P0093,40,18.35,734.0
POI005162,PO05162,P0093,56,18.35,1027.6
POI005163,PO05163,P0093,51,18.35,935.85
POI005164,PO05164,P0093,31,18.35,568.85
POI005165,PO05165,P0093,41,18.35,752.35
POI005166,PO05166,P0093,30,18.35,550.5
POI005167,PO05167,P0093,55,18.35,1009.25
POI005168,PO05168,P0093,30,18.35,550.5
POI005169,PO05169,P0093,39,18.35,715.65
POI005170,PO05170,P0093,39,18.35,715.65
POI005171,PO05171,P0093,34,18.35,623.9
POI005172,PO05172,P0093,41,18.35,752.35
POI005173,PO05173,P0093,38,18.35,697.3
POI005174,PO05174,P0093,33,18.35,605.55
POI005175,PO05175,P0093,34,18.35,623.9
POI005176,PO05176,P0093,47,18.35,862.45
POI005177,PO05177,P0093,50,18.35,917.5
POI005178,PO05178,P0093,31,18.35,568.85
POI005179,PO05179,P0093,42,18.35,770.7
POI005180,PO05180,P0093,29,18.35,532.15
POI005181,PO05181,P0093,38,18.35,697.3
POI005182,PO05182,P0093,66,18.35,1211.1
POI005183,PO05183,P0093,34,18.35,623.9
POI005184,PO05184,P0093,31,18.35,568.85
POI005185,PO05185,P0093,35,18.35,642.25
POI005186,PO05186,P0093,36,18.35,660.6
POI005187,PO05187,P0093,34,18.35,623.9
POI005188,PO05188,P0093,30,18.35,550.5
POI005189,PO05189,P0093,45,18.35,825.75
POI005190,PO05190,P0093,51,18.35,935.85
POI005191,PO05191,P0093,31,18.35,568.85
POI005192,PO05192,P0093,38,18.35,697.3
POI005193,PO05193,P0093,41,18.35,752.35
POI005194,PO05194,P0093,46,18.35,844.1
POI005195,PO05195,P0093,32,18.35,587.2
POI005196,PO05196,P0093,53,18.35,972.55
POI005197,PO05197,P0093,33,18.35,605.55
POI005198,PO05198,P0093,36,18.35,660.6
POI005199,PO05199,P0093,29,18.35,532.15
POI005200,PO05200,P0093,56,18.35,1027.6
POI005201,PO05201,P0093,30,18.35,550.5
POI005202,PO05202,P0093,61,18.35,1119.35
POI005203,PO05203,P0093,41,18.35,752.35
POI005204,PO05204,P0093,38,18.35,697.3
POI005205,PO05205,P0093,33,18.35,605.55
POI005206,PO05206,P0093,30,18.35,550.5
POI005207,PO05207,P0093,32,18.35,587.2
POI005208,PO05208,P0093,36,18.35,660.6
POI005209,PO05209,P0093,35,18.35,642.25
POI005210,PO05210,P0093,34,18.35,623.9
POI005211,PO05211,P0093,32,18.35,587.2
POI005212,PO05212,P0093,30,18.35,550.5
POI005213,PO05213,P0093,37,18.35,678.95
POI005214,PO05214,P0093,31,18.35,568.85
POI005215,PO05215,P0093,37,18.35,678.95
POI005216,PO05216,P0093,47,18.35,862.45
POI005217,PO05217,P0093,38,18.35,697.3
POI005218,PO05218,P0093,60,18.35,1101.0
POI005219,PO05219,P0093,48,18.35,880.8
POI005220,PO05220,P0093,31,18.35,568.85
POI005221,PO05221,P0093,35,18.35,642.25
POI005222,PO05222,P0093,32,18.35,587.2
POI005223,PO05223,P0093,31,18.35,568.85
POI005224,PO05224,P0093,33,18.35,605.55
POI005225,PO05225,P0093,29,18.35,532.15
POI005226,PO05226,P0093,57,18.35,1045.95
POI005227,PO05227,P0093,40,18.35,734.0
POI005228,PO05228,P0093,31,18.35,568.85
POI005229,PO05229,P0093,31,18.35,568.85
POI005230,PO05230,P0093,31,18.35,568.85
POI005231,PO05231,P0093,30,18.35,550.5
POI005232,PO05232,P0093,32,18.35,587.2
POI005233,PO05233,P0093,60,18.35,1101.0
POI005234,PO05234,P0093,32,18.35,587.2
POI005235,PO05235,P0093,61,18.35,1119.35
POI005236,PO05236,P0093,33,18.35,605.55
POI005237,PO05237,P0093,61,18.35,1119.35
POI005238,PO05238,P0093,37,18.35,678.95
POI005239,PO05239,P0093,40,18.35,734.0
POI005240,PO05240,P0093,51,18.35,935.85
POI005241,PO05241,P0093,32,18.35,587.2
POI005242,PO05242,P0093,33,18.35,605.55
POI005243,PO05243,P0093,31,18.35,568.85
POI005244,PO05244,P0093,39,18.35,715.65
POI005245,PO05245,P0093,37,18.35,678.95
POI005246,PO05246,P0093,51,18.35,935.85
POI005247,PO05247,P0093,36,18.35,660.6
POI005248,PO05248,P0093,59,18.35,1082.65
POI005249,PO05249,P0093,58,18.35,1064.3
POI005250,PO05250,P0093,29,18.35,532.15
POI005251,PO05251,P0093,40,18.35,734.0
POI005252,PO05252,P0093,31,18.35,568.85
POI005253,PO05253,P0093,56,18.35,1027.6
POI005254,PO05254,P0093,58,18.35,1064.3
POI005255,PO05255,P0093,37,18.35,678.95
POI005256,PO05256,P0093,65,18.35,1192.75
POI005257,PO05257,P0093,32,18.35,587.2
POI005258,PO05258,P0093,50,18.35,917.5
POI005259,PO05259,P0093,40,18.35,734.0
POI005260,PO05260,P0093,38,18.35,697.3
POI005261,PO05261,P0093,51,18.35,935.85
POI005262,PO05262,P0093,45,18.35,825.75
POI005263,PO05263,P0093,44,18.35,807.4
POI005264,PO05264,P0093,35,18.35,642.25
POI005265,PO05265,P0093,31,18.35,568.85
POI005266,PO05266,P0093,51,18.35,935.85
POI005267,PO05267,P0093,29,18.35,532.15
POI005268,PO05268,P0093,61,18.35,1119.35
POI005269,PO05269,P0093,56,18.35,1027.6
POI005270,PO05270,P0093,29,18.35,532.15
POI005271,PO05271,P0093,52,18.35,954.2
POI005272,PO05272,P0093,29,18.35,532.15
POI005273,PO05273,P0093,32,18.35,587.2
POI005274,PO05274,P0093,35,18.35,642.25
POI005275,PO05275,P0093,31,18.35,568.85
POI005276,PO05276,P0093,57,18.35,1045.95
POI005277,PO05277,P0093,59,18.35,1082.65
POI005278,PO05278,P0093,41,18.35,752.35
POI005279,PO05279,P0093,35,18.35,642.25
POI005280,PO05280,P0093,55,18.35,1009.25
POI005281,PO05281,P0093,39,18.35,715.65
POI005282,PO05282,P0093,61,18.35,1119.35
POI005283,PO05283,P0093,37,18.35,678.95
POI005284,PO05284,P0093,34,18.35,623.9
POI005285,PO05285,P0093,29,18.35,532.15
POI005286,PO05286,P0093,29,18.35,532.15
POI005287,PO05287,P0093,32,18.35,587.2
POI005288,PO05288,P0093,52,18.35,954.2
POI005289,PO05289,P0093,39,18.35,715.65
POI005290,PO05290,P0093,60,18.35,1101.0
POI005291,PO05291,P0093,29,18.35,532.15
POI005292,PO05292,P0093,52,18.35,954.2
POI005293,PO05293,P0093,41,18.35,752.35
POI005294,PO05294,P0093,55,18.35,1009.25
POI005295,PO05295,P0093,49,18.35,899.15
POI005296,PO05296,P0093,62,18.35,1137.7
POI005297,PO05297,P0093,31,18.35,568.85
POI005298,PO05298,P0093,49,18.35,899.15
POI005299,PO05299,P0093,47,18.35,862.45
POI005300,PO05300,P0093,58,18.35,1064.3
POI005301,PO05301,P0093,36,18.35,660.6
POI005302,PO05302,P0093,32,18.35,587.2
POI005303,PO05303,P0093,51,18.35,935.85
POI005304,PO05304,P0093,32,18.35,587.2
POI005305,PO05305,P0093,64,18.35,1174.4
POI005306,PO05306,P0093,50,18.35,917.5
POI005307,PO05307,P0093,44,18.35,807.4
POI005308,PO05308,P0093,47,18.35,862.45
POI005309,PO05309,P0093,63,18.35,1156.05
POI005310,PO05310,P0093,31,18.35,568.85
POI005311,PO05311,P0093,46,18.35,844.1
POI005312,PO05312,P0093,45,18.35,825.75
POI005313,PO05313,P0093,39,18.35,715.65
POI005314,PO05314,P0093,49,18.35,899.15
POI005315,PO05315,P0093,41,18.35,752.35
POI005316,PO05316,P0093,29,18.35,532.15
POI005317,PO05317,P0093,57,18.35,1045.95
POI005318,PO05318,P0093,30,18.35,550.5
POI005319,PO05319,P0093,33,18.35,605.55
POI005320,PO05320,P0093,32,18.35,587.2
POI005321,PO05321,P0093,52,18.35,954.2
POI005322,PO05322,P0093,59,18.35,1082.65
POI005323,PO05323,P0093,31,18.35,568.85
POI005324,PO05324,P0093,35,18.35,642.25
POI005325,PO05325,P0093,56,18.35,1027.6
POI005326,PO05326,P0093,30,18.35,550.5
POI005327,PO05327,P0093,52,18.35,954.2
POI005328,PO05328,P0093,31,18.35,568.85
POI005329,PO05329,P0093,52,18.35,954.2
POI005330,PO05330,P0093,29,18.35,532.15
POI005331,PO05331,P0093,34,18.35,623.9
POI005332,PO05332,P0093,61,18.35,1119.35
POI005333,PO05333,P0093,33,18.35,605.55
POI005334,PO05334,P0093,51,18.35,935.85
POI005335,PO05335,P0093,50,18.35,917.5
POI005336,PO05336,P0093,35,18.35,642.25
POI005337,PO05337,P0093,33,18.35,605.55
POI005338,PO05338,P0093,33,18.35,605.55
POI005339,PO05339,P0093,56,18.35,1027.6
POI005340,PO05340,P0093,56,18.35,1027.6
POI005341,PO05341,P0093,61,18.35,1119.35
POI005342,PO05342,P0093,33,18.35,605.55
POI005343,PO05343,P0093,42,18.35,770.7
POI005344,PO05344,P0093,60,18.35,1101.0
POI005345,PO05345,P0093,37,18.35,678.95
POI005346,PO05346,P0093,60,18.35,1101.0
POI005347,PO05347,P0093,30,18.35,550.5
POI005348,PO05348,P0093,51,18.35,935.85
POI005349,PO05349,P0093,51,18.35,935.85
POI005350,PO05350,P0093,33,18.35,605.55
POI005351,PO05351,P0093,34,18.35,623.9
POI005352,PO05352,P0093,37,18.35,678.95
POI005353,PO05353,P0093,35,18.35,642.25
POI005354,PO05354,P0093,34,18.35,623.9
POI005355,PO05355,P0093,51,18.35,935.85
POI005356,PO05356,P0093,34,18.35,623.9
POI005357,PO05357,P0093,46,18.35,844.1
POI005358,PO05358,P0093,49,18.35,899.15
POI005359,PO05359,P0094,104,2.92,303.68
POI005360,PO05360,P0094,107,2.92,312.44
POI005361,PO05361,P0094,102,2.92,297.84
POI005362,PO05362,P0094,109,2.92,318.28
POI005363,PO05363,P0094,104,2.35,244.4
POI005364,PO05364,P0094,107,2.35,251.45
POI005365,PO05365,P0094,106,2.35,249.1
POI005366,PO05366,P0094,106,2.92,309.52
POI005367,PO05367,P0094,104,2.92,303.68
POI005368,PO05368,P0094,109,2.92,318.28
POI005369,PO05369,P0094,108,2.92,315.36
POI005370,PO05370,P0094,102,2.35,239.7
POI005371,PO05371,P0094,107,2.92,312.44
POI005372,PO05372,P0094,104,2.35,244.4
POI005373,PO05373,P0094,112,2.35,263.2
POI005374,PO05374,P0094,111,2.92,324.12
POI005375,PO05375,P0094,103,2.92,300.76
POI005376,PO05376,P0094,107,2.35,251.45
POI005377,PO05377,P0094,105,2.92,306.6
POI005378,PO05378,P0094,104,2.92,303.68
POI005379,PO05379,P0094,108,2.35,253.8
POI005380,PO05380,P0094,107,2.92,312.44
POI005381,PO05381,P0094,105,2.35,246.75
POI005382,PO05382,P0094,106,2.35,249.1
POI005383,PO05383,P0095,236,8.24,1944.64
POI005384,PO05384,P0095,242,8.24,1994.08
POI005385,PO05385,P0095,226,8.24,1862.24
POI005386,PO05386,P0095,241,8.24,1985.84
POI005387,PO05387,P0095,229,8.24,1886.96
POI005388,PO05388,P0095,223,8.24,1837.52
POI005389,PO05389,P0095,237,8.24,1952.88
POI005390,PO05390,P0095,226,8.24,1862.24
POI005391,PO05391,P0095,227,8.24,1870.48
POI005392,PO05392,P0095,237,8.24,1952.88
POI005393,PO05393,P0095,231,8.24,1903.44
POI005394,PO05394,P0095,227,8.24,1870.48
POI005395,PO05395,P0095,244,8.24,2010.56
POI005396,PO05396,P0095,250,8.24,2060.0
POI005397,PO05397,P0095,246,8.24,2027.04
POI005398,PO05398,P0095,236,8.24,1944.64
POI005399,PO05399,P0095,247,8.24,2035.28
POI005400,PO05400,P0095,236,8.24,1944.64
POI005401,PO05401,P0095,230,8.24,1895.2
POI005402,PO05402,P0095,238,8.24,1961.12
POI005403,PO05403,P0095,225,8.24,1854.0
POI005404,PO05404,P0095,233,8.24,1919.92
POI005405,PO05405,P0095,236,8.24,1944.64
POI005406,PO05406,P0095,231,8.24,1903.44
POI005407,PO05407,P0095,231,8.24,1903.44
POI005408,PO05408,P0095,237,8.24,1952.88
POI005409,PO05409,P0095,234,8.24,1928.16
POI005410,PO05410,P0095,227,8.24,1870.48
POI005411,PO05411,P0095,231,8.24,1903.44
POI005412,PO05412,P0095,230,8.24,1895.2
POI005413,PO05413,P0095,231,8.24,1903.44
POI005414,PO05414,P0095,242,8.24,1994.08
POI005415,PO05415,P0095,231,8.24,1903.44
POI005416,PO05416,P0095,234,8.24,1928.16
POI005417,PO05417,P0095,225,8.24,1854.0
POI005418,PO05418,P0095,229,8.24,1886.96
POI005419,PO05419,P0096,88,24.34,2141.92
POI005420,PO05420,P0096,84,24.34,2044.56
POI005421,PO05421,P0096,82,24.34,1995.88
POI005422,PO05422,P0096,103,24.34,2507.02
POI005423,PO05423,P0096,86,24.34,2093.24
POI005424,PO05424,P0096,95,24.34,2312.3
POI005425,PO05425,P0096,89,24.34,2166.26
POI005426,PO05426,P0096,90,24.34,2190.6
POI005427,PO05427,P0096,90,24.34,2190.6
POI005428,PO05428,P0096,83,24.34,2020.22
POI005429,PO05429,P0096,88,24.34,2141.92
POI005430,PO05430,P0096,96,24.34,2336.64
POI005431,PO05431,P0096,96,24.34,2336.64
POI005432,PO05432,P0096,93,24.34,2263.62
POI005433,PO05433,P0096,91,24.34,2214.94
POI005434,PO05434,P0096,84,24.34,2044.56
POI005435,PO05435,P0096,93,24.34,2263.62
POI005436,PO05436,P0096,84,24.34,2044.56
POI005437,PO05437,P0096,86,24.34,2093.24
POI005438,PO05438,P0096,84,24.34,2044.56
POI005439,PO05439,P0096,85,24.34,2068.9
POI005440,PO05440,P0096,81,24.34,1971.54
POI005441,PO05441,P0096,97,24.34,2360.98
POI005442,PO05442,P0096,94,24.34,2287.96
POI005443,PO05443,P0096,88,24.34,2141.92
POI005444,PO05444,P0096,86,24.34,2093.24
POI005445,PO05445,P0096,87,24.34,2117.58
POI005446,PO05446,P0096,84,24.34,2044.56
POI005447,PO05447,P0096,95,24.34,2312.3
POI005448,PO05448,P0096,81,24.34,1971.54
POI005449,PO05449,P0096,90,24.34,2190.6
POI005450,PO05450,P0096,82,24.34,1995.88
POI005451,PO05451,P0096,82,24.34,1995.88
POI005452,PO05452,P0096,81,24.34,1971.54
POI005453,PO05453,P0096,81,24.34,1971.54
POI005454,PO05454,P0096,84,24.34,2044.56
POI005455,PO05455,P0096,81,24.34,1971.54
POI005456,PO05456,P0096,81,24.34,1971.54
POI005457,PO05457,P0096,83,24.34,2020.22
POI005458,PO05458,P0096,87,24.34,2117.58
POI005459,PO05459,P0096,83,24.34,2020.22
POI005460,PO05460,P0096,82,24.34,1995.88
POI005461,PO05461,P0096,86,24.34,2093.24
POI005462,PO05462,P0096,90,24.34,2190.6
POI005463,PO05463,P0096,92,24.34,2239.28
POI005464,PO05464,P0096,81,24.34,1971.54
POI005465,PO05465,P0096,94,24.34,2287.96
POI005466,PO05466,P0096,91,24.34,2214.94
POI005467,PO05467,P0096,84,24.34,2044.56
POI005468,PO05468,P0097,295,19.05,5619.75
POI005469,PO05469,P0097,289,14.36,4150.04
POI005470,PO05470,P0097,301,19.05,5734.05
POI005471,PO05471,P0097,309,19.05,5886.45
POI005472,PO05472,P0097,310,19.05,5905.5
POI005473,PO05473,P0097,287,19.05,5467.35
POI005474,PO05474,P0097,307,14.36,4408.52
POI005475,PO05475,P0097,297,14.36,4264.92
POI005476,PO05476,P0097,310,19.05,5905.5
POI005477,PO05477,P0097,294,14.36,4221.84
POI005478,PO05478,P0097,317,19.05,6038.85
POI005479,PO05479,P0097,286,19.05,5448.3
POI005480,PO05480,P0097,295,14.36,4236.2
POI005481,PO05481,P0097,301,14.36,4322.36
POI005482,PO05482,P0097,290,19.05,5524.5
POI005483,PO05483,P0097,313,14.36,4494.68
POI005484,PO05484,P0097,299,14.36,4293.64
POI005485,PO05485,P0097,293,19.05,5581.65
POI005486,PO05486,P0097,282,19.05,5372.1
POI005487,PO05487,P0097,298,14.36,4279.28
POI005488,PO05488,P0097,289,19.05,5505.45
POI005489,PO05489,P0097,286,14.36,4106.96
POI005490,PO05490,P0097,308,19.05,5867.4
POI005491,PO05491,P0097,284,19.05,5410.2
POI005492,PO05492,P0097,284,19.05,5410.2
POI005493,PO05493,P0097,282,14.36,4049.52
POI005494,PO05494,P0097,291,14.36,4178.76
POI005495,PO05495,P0097,295,14.36,4236.2
POI005496,PO05496,P0097,294,14.36,4221.84
POI005497,PO05497,P0097,302,19.05,5753.1
POI005498,PO05498,P0097,290,14.36,4164.4
POI005499,PO05499,P0097,297,14.36,4264.92
POI005500,PO05500,P0097,304,19.05,5791.2
POI005501,PO05501,P0097,292,19.05,5562.6
POI005502,PO05502,P0098,477,6.97,3324.69
POI005503,PO05503,P0098,466,8.98,4184.68
POI005504,PO05504,P0098,467,6.97,3254.99
POI005505,PO05505,P0098,451,8.98,4049.98
POI005506,PO05506,P0098,470,8.98,4220.6
POI005507,PO05507,P0098,471,6.97,3282.87
POI005508,PO05508,P0098,465,8.98,4175.7
POI005509,PO05509,P0098,480,6.97,3345.6
POI005510,PO05510,P0098,463,8.98,4157.74
POI005511,PO05511,P0098,457,8.98,4103.86
POI005512,PO05512,P0098,463,8.98,4157.74
POI005513,PO05513,P0098,454,6.97,3164.38
POI005514,PO05514,P0098,470,6.97,3275.9
POI005515,PO05515,P0098,458,8.98,4112.84
POI005516,PO05516,P0098,475,6.97,3310.75
POI005517,PO05517,P0098,463,6.97,3227.11
POI005518,PO05518,P0098,448,8.98,4023.04
POI005519,PO05519,P0098,471,8.98,4229.58
POI005520,PO05520,P0098,451,8.98,4049.98
POI005521,PO05521,P0098,455,6.97,3171.35
POI005522,PO05522,P0098,457,8.98,4103.86
POI005523,PO05523,P0098,449,8.98,4032.02
POI005524,PO05524,P0098,460,6.97,3206.2
POI005525,PO05525,P0098,475,6.97,3310.75
POI005526,PO05526,P0099,152,5.67,861.84
POI005527,PO05527,P0099,152,5.67,861.84
POI005528,PO05528,P0099,154,5.67,873.18
POI005529,PO05529,P0099,152,5.67,861.84
POI005530,PO05530,P0099,157,5.67,890.19
POI005531,PO05531,P0099,153,5.67,867.51
POI005532,PO05532,P0099,153,5.67,867.51
POI005533,PO05533,P0099,157,5.67,890.19
POI005534,PO05534,P0099,154,5.67,873.18
POI005535,PO05535,P0099,159,5.67,901.53
POI005536,PO05536,P0099,155,5.67,878.85
POI005537,PO05537,P0099,153,5.67,867.51
POI005538,PO05538,P0099,154,5.67,873.18
POI005539,PO05539,P0100,412,15.62,6435.44
POI005540,PO05540,P0100,399,15.62,6232.38
POI005541,PO05541,P0100,393,15.62,6138.66
POI005542,PO05542,P0100,400,15.62,6248.0
POI005543,PO05543,P0100,403,15.62,6294.86
POI005544,PO05544,P0100,397,15.62,6201.14
POI005545,PO05545,P0100,407,15.62,6357.34
POI005546,PO05546,P0100,424,15.62,6622.88
POI005547,PO05547,P0100,431,15.62,6732.22
POI005548,PO05548,P0100,415,15.62,6482.3
POI005549,PO05549,P0100,413,15.62,6451.06
POI005550,PO05550,P0100,428,15.62,6685.36
POI005551,PO05551,P0100,412,15.62,6435.44
POI005552,PO05552,P0100,404,15.62,6310.48
POI005553,PO05553,P0100,393,15.62,6138.66
POI005554,PO05554,P0100,393,15.62,6138.66
POI005555,PO05555,P0100,393,15.62,6138.66
POI005556,PO05556,P0100,401,15.62,6263.62
POI005557,PO05557,P0100,408,15.62,6372.96
POI005558,PO05558,P0100,406,15.62,6341.72
POI005559,PO05559,P0100,406,15.62,6341.72
POI005560,PO05560,P0100,406,15.62,6341.72
POI005561,PO05561,P0100,404,15.62,6310.48
POI005562,PO05562,P0100,389,15.62,6076.18
POI005563,PO05563,P0100,404,15.62,6310.48
POI005564,PO05564,P0100,406,15.62,6341.72
POI005565,PO05565,P0100,403,15.62,6294.86
POI005566,PO05566,P0100,412,15.62,6435.44
POI005567,PO05567,P0100,396,15.62,6185.52
POI005568,PO05568,P0100,398,15.62,6216.76
POI005569,PO05569,P0001,257,4.13,1061.41
POI005570,PO05570,P0001,225,4.13,929.25
POI005571,PO05571,P0001,251,4.44,1114.44
POI005572,PO05572,P0001,243,4.44,1078.92
POI005573,PO05573,P0001,244,4.13,1007.72
POI005574,PO05574,P0001,248,4.44,1101.12
POI005575,PO05575,P0001,228,4.13,941.64
POI005576,PO05576,P0001,244,4.44,1083.36
POI005577,PO05577,P0001,245,4.44,1087.8
POI005578,PO05578,P0001,233,4.44,1034.52
POI005579,PO05579,P0001,226,4.13,933.38
POI005580,PO05580,P0001,247,4.44,1096.68
POI005581,PO05581,P0001,252,4.13,1040.76
POI005582,PO05582,P0001,232,4.44,1030.08
POI005583,PO05583,P0001,224,4.13,925.12
POI005584,PO05584,P0001,239,4.44,1061.16
POI005585,PO05585,P0001,240,4.13,991.2
POI005586,PO05586,P0001,249,4.44,1105.56
POI005587,PO05587,P0001,263,4.44,1167.72
POI005588,PO05588,P0001,240,4.44,1065.6
POI005589,PO05589,P0001,246,4.13,1015.98
POI005590,PO05590,P0001,227,4.44,1007.88
POI005591,PO05591,P0001,245,4.44,1087.8
POI005592,PO05592,P0001,233,4.44,1034.52
POI005593,PO05593,P0001,239,4.13,987.07
POI005594,PO05594,P0001,239,4.44,1061.16
POI005595,PO05595,P0001,241,4.13,995.33
POI005596,PO05596,P0001,233,4.13,962.29
POI005597,PO05597,P0001,257,4.13,1061.41
POI005598,PO05598,P0001,229,4.44,1016.76
POI005599,PO05599,P0001,234,4.44,1038.96
POI005600,PO05600,P0001,235,4.13,970.55
POI005601,PO05601,P0001,232,4.13,958.16
POI005602,PO05602,P0001,241,4.44,1070.04
POI005603,PO05603,P0001,229,4.44,1016.76
POI005604,PO05604,P0001,242,4.44,1074.48
POI005605,PO05605,P0001,232,4.13,958.16
POI005606,PO05606,P0001,245,4.13,1011.85
POI005607,PO05607,P0001,242,4.13,999.46
POI005608,PO05608,P0001,231,4.44,1025.64
POI005609,PO05609,P0001,224,4.13,925.12
POI005610,PO05610,P0001,239,4.44,1061.16
POI005611,PO05611,P0001,224,4.44,994.56
POI005612,PO05612,P0001,259,4.13,1069.67
POI005613,PO05613,P0001,226,4.13,933.38
POI005614,PO05614,P0001,232,4.44,1030.08
POI005615,PO05615,P0001,224,4.13,925.12
POI005616,PO05616,P0001,242,4.13,999.46
POI005617,PO05617,P0002,267,11.47,3062.49
POI005618,PO05618,P0002,261,11.4,2975.4
POI005619,PO05619,P0002,264,12.85,3392.4
POI005620,PO05620,P0002,268,12.85,3443.8
POI005621,PO05621,P0002,263,11.4,2998.2
POI005622,PO05622,P0002,260,11.4,2964.0
POI005623,PO05623,P0002,267,11.47,3062.49
POI005624,PO05624,P0002,262,12.85,3366.7
POI005625,PO05625,P0002,266,11.4,3032.4
POI005626,PO05626,P0002,271,11.47,3108.37
POI005627,PO05627,P0002,261,11.47,2993.67
POI005628,PO05628,P0002,265,11.47,3039.55
POI005629,PO05629,P0002,260,11.4,2964.0
POI005630,PO05630,P0002,263,11.47,3016.61
POI005631,PO05631,P0003,240,6.69,1605.6
POI005632,PO05632,P0003,244,6.69,1632.36
POI005633,PO05633,P0003,236,7.56,1784.16
POI005634,PO05634,P0003,244,8.16,1991.04
POI005635,PO05635,P0003,244,7.56,1844.64
POI005636,PO05636,P0003,237,6.69,1585.53
POI005637,PO05637,P0003,243,6.69,1625.67
POI005638,PO05638,P0003,244,8.16,1991.04
POI005639,PO05639,P0003,242,6.69,1618.98
POI005640,PO05640,P0003,239,6.69,1598.91
POI005641,PO05641,P0003,235,7.56,1776.6
POI005642,PO05642,P0003,242,8.16,1974.72
POI005643,PO05643,P0003,240,8.16,1958.4
POI005644,PO05644,P0003,234,8.16,1909.44
POI005645,PO05645,P0003,239,8.16,1950.24
POI005646,PO05646,P0003,235,6.69,1572.15
POI005647,PO05647,P0003,244,7.56,1844.64
POI005648,PO05648,P0003,244,7.56,1844.64
POI005649,PO05649,P0003,236,7.56,1784.16
POI005650,PO05650,P0004,161,18.63,2999.43
POI005651,PO05651,P0004,168,18.63,3129.84
POI005652,PO05652,P0004,162,18.63,3018.06
POI005653,PO05653,P0004,168,18.63,3129.84
POI005654,PO05654,P0004,167,18.63,3111.21
POI005655,PO05655,P0004,167,18.63,3111.21
POI005656,PO05656,P0004,175,18.63,3260.25
POI005657,PO05657,P0004,176,18.63,3278.88
POI005658,PO05658,P0004,164,18.63,3055.32
POI005659,PO05659,P0004,172,18.63,3204.36
POI005660,PO05660,P0004,176,18.63,3278.88
POI005661,PO05661,P0004,161,18.63,2999.43
POI005662,PO05662,P0004,167,18.63,3111.21
POI005663,PO05663,P0004,166,18.63,3092.58
POI005664,PO05664,P0004,164,18.63,3055.32
POI005665,PO05665,P0004,162,18.63,3018.06
POI005666,PO05666,P0004,171,18.63,3185.73
POI005667,PO05667,P0004,164,18.63,3055.32
POI005668,PO05668,P0004,164,18.63,3055.32
POI005669,PO05669,P0004,160,18.63,2980.8
POI005670,PO05670,P0004,167,18.63,3111.21
POI005671,PO05671,P0004,160,18.63,2980.8
POI005672,PO05672,P0004,165,18.63,3073.95
POI005673,PO05673,P0004,162,18.63,3018.06
POI005674,PO05674,P0004,165,18.63,3073.95
POI005675,PO05675,P0005,474,1.48,701.52
POI005676,PO05676,P0005,474,1.84,872.16
POI005677,PO05677,P0005,479,1.48,708.92
POI005678,PO05678,P0005,485,1.48,717.8
POI005679,PO05679,P0005,476,1.48,704.48
POI005680,PO05680,P0005,477,1.84,877.68
POI005681,PO05681,P0006,142,22.74,3229.08
POI005682,PO05682,P0006,150,21.28,3192.0
POI005683,PO05683,P0006,144,22.74,3274.56
POI005684,PO05684,P0006,144,22.74,3274.56
POI005685,PO05685,P0006,144,21.28,3064.32
POI005686,PO05686,P0006,144,22.74,3274.56
POI005687,PO05687,P0006,139,21.28,2957.92
POI005688,PO05688,P0006,144,22.74,3274.56
POI005689,PO05689,P0006,139,22.74,3160.86
POI005690,PO05690,P0006,143,21.28,3043.04
POI005691,PO05691,P0006,141,21.28,3000.48
POI005692,PO05692,P0006,146,21.28,3106.88
POI005693,PO05693,P0006,141,21.28,3000.48
POI005694,PO05694,P0006,145,21.28,3085.6
POI005695,PO05695,P0006,145,22.74,3297.3
POI005696,PO05696,P0006,146,22.74,3320.04
POI005697,PO05697,P0006,142,22.74,3229.08
POI005698,PO05698,P0006,148,21.28,3149.44
POI005699,PO05699,P0006,141,21.28,3000.48
POI005700,PO05700,P0006,140,21.28,2979.2
POI005701,PO05701,P0006,146,21.28,3106.88
POI005702,PO05702,P0007,169,12.8,2163.2
POI005703,PO05703,P0007,173,12.8,2214.4
POI005704,PO05704,P0007,188,12.8,2406.4
POI005705,PO05705,P0007,171,12.8,2188.8
POI005706,PO05706,P0007,207,12.8,2649.6
POI005707,PO05707,P0007,186,12.8,2380.8
POI005708,PO05708,P0007,196,12.8,2508.8
POI005709,PO05709,P0007,188,12.8,2406.4
POI005710,PO05710,P0007,185,12.8,2368.0
POI005711,PO05711,P0007,175,12.8,2240.0
POI005712,PO05712,P0007,188,12.8,2406.4
POI005713,PO05713,P0007,187,12.8,2393.6
POI005714,PO05714,P0007,173,12.8,2214.4
POI005715,PO05715,P0007,186,12.8,2380.8
POI005716,PO05716,P0007,178,12.8,2278.4
POI005717,PO05717,P0007,186,12.8,2380.8
POI005718,PO05718,P0007,178,12.8,2278.4
POI005719,PO05719,P0007,181,12.8,2316.8
POI005720,PO05720,P0007,179,12.8,2291.2
POI005721,PO05721,P0007,192,12.8,2457.6
POI005722,PO05722,P0007,188,12.8,2406.4
POI005723,PO05723,P0007,169,12.8,2163.2
POI005724,PO05724,P0007,184,12.8,2355.2
POI005725,PO05725,P0007,187,12.8,2393.6
POI005726,PO05726,P0007,182,12.8,2329.6
POI005727,PO05727,P0007,185,12.8,2368.0
POI005728,PO05728,P0007,175,12.8,2240.0
POI005729,PO05729,P0007,169,12.8,2163.2
POI005730,PO05730,P0007,170,12.8,2176.0
POI005731,PO05731,P0007,179,12.8,2291.2
POI005732,PO05732,P0007,174,12.8,2227.2
POI005733,PO05733,P0007,177,12.8,2265.6
POI005734,PO05734,P0007,186,12.8,2380.8
POI005735,PO05735,P0007,185,12.8,2368.0
POI005736,PO05736,P0007,176,12.8,2252.8
POI005737,PO05737,P0007,169,12.8,2163.2
POI005738,PO05738,P0007,179,12.8,2291.2
POI005739,PO05739,P0007,176,12.8,2252.8
POI005740,PO05740,P0007,188,12.8,2406.4
POI005741,PO05741,P0007,176,12.8,2252.8
POI005742,PO05742,P0007,183,12.8,2342.4
POI005743,PO05743,P0007,183,12.8,2342.4
POI005744,PO05744,P0007,179,12.8,2291.2
POI005745,PO05745,P0007,181,12.8,2316.8
POI005746,PO05746,P0007,178,12.8,2278.4
POI005747,PO05747,P0007,172,12.8,2201.6
POI005748,PO05748,P0007,176,12.8,2252.8
POI005749,PO05749,P0008,378,7.15,2702.7
POI005750,PO05750,P0008,385,7.15,2752.75
POI005751,PO05751,P0008,385,7.15,2752.75
POI005752,PO05752,P0008,373,7.15,2666.95
POI005753,PO05753,P0008,385,7.15,2752.75
POI005754,PO05754,P0008,373,7.15,2666.95
POI005755,PO05755,P0008,385,7.15,2752.75
POI005756,PO05756,P0008,379,7.15,2709.85
POI005757,PO05757,P0008,377,7.15,2695.55
POI005758,PO05758,P0008,376,7.15,2688.4
POI005759,PO05759,P0008,368,7.15,2631.2
POI005760,PO05760,P0008,382,7.15,2731.3
POI005761,PO05761,P0008,385,7.15,2752.75
POI005762,PO05762,P0008,385,7.15,2752.75
POI005763,PO05763,P0008,372,7.15,2659.8
POI005764,PO05764,P0008,371,7.15,2652.65
POI005765,PO05765,P0008,369,7.15,2638.35
POI005766,PO05766,P0008,380,7.15,2717.0
POI005767,PO05767,P0008,368,7.15,2631.2
POI005768,PO05768,P0008,383,7.15,2738.45
POI005769,PO05769,P0008,382,7.15,2731.3
POI005770,PO05770,P0008,379,7.15,2709.85
POI005771,PO05771,P0008,385,7.15,2752.75
POI005772,PO05772,P0008,383,7.15,2738.45
POI005773,PO05773,P0008,385,7.15,2752.75
POI005774,PO05774,P0008,371,7.15,2652.65
POI005775,PO05775,P0009,240,3.35,804.0
POI005776,PO05776,P0009,252,3.35,844.2
POI005777,PO05777,P0009,228,3.35,763.8
POI005778,PO05778,P0009,240,3.35,804.0
POI005779,PO05779,P0009,246,3.35,824.1
POI005780,PO05780,P0009,247,3.35,827.45
POI005781,PO05781,P0009,230,3.35,770.5
POI005782,PO05782,P0009,230,3.35,770.5
POI005783,PO05783,P0009,244,3.35,817.4
POI005784,PO05784,P0009,228,3.35,763.8
POI005785,PO05785,P0009,241,3.35,807.35
POI005786,PO05786,P0009,257,3.35,860.95
POI005787,PO05787,P0009,257,3.35,860.95
POI005788,PO05788,P0009,236,3.35,790.6
POI005789,PO05789,P0009,247,3.35,827.45
POI005790,PO05790,P0009,233,3.35,780.55
POI005791,PO05791,P0009,240,3.35,804.0
POI005792,PO05792,P0009,249,3.35,834.15
POI005793,PO05793,P0009,243,3.35,814.05
POI005794,PO05794,P0009,256,3.35,857.6
POI005795,PO05795,P0009,245,3.35,820.75
POI005796,PO05796,P0009,241,3.35,807.35
POI005797,PO05797,P0009,232,3.35,777.2
POI005798,PO05798,P0009,240,3.35,804.0
POI005799,PO05799,P0009,228,3.35,763.8
POI005800,PO05800,P0009,232,3.35,777.2
POI005801,PO05801,P0009,232,3.35,777.2
POI005802,PO05802,P0009,241,3.35,807.35
POI005803,PO05803,P0009,235,3.35,787.25
POI005804,PO05804,P0009,229,3.35,767.15
POI005805,PO05805,P0009,245,3.35,820.75
POI005806,PO05806,P0009,253,3.35,847.55
POI005807,PO05807,P0009,241,3.35,807.35
POI005808,PO05808,P0009,227,3.35,760.45
POI005809,PO05809,P0009,234,3.35,783.9
POI005810,PO05810,P0009,256,3.35,857.6
POI005811,PO05811,P0010,87,11.7,1017.9
POI005812,PO05812,P0010,88,11.7,1029.6
POI005813,PO05813,P0010,86,11.7,1006.2
POI005814,PO05814,P0010,86,11.7,1006.2
POI005815,PO05815,P0010,88,11.7,1029.6
POI005816,PO05816,P0010,88,11.7,1029.6
POI005817,PO05817,P0010,87,11.7,1017.9
POI005818,PO05818,P0010,89,11.7,1041.3
POI005819,PO05819,P0010,88,11.7,1029.6
POI005820,PO05820,P0010,88,11.7,1029.6
POI005821,PO05821,P0010,88,11.7,1029.6
POI005822,PO05822,P0010,88,11.7,1029.6
POI005823,PO05823,P0010,87,11.7,1017.9
POI005824,PO05824,P0010,86,11.7,1006.2
POI005825,PO05825,P0010,86,11.7,1006.2
POI005826,PO05826,P0010,86,11.7,1006.2
POI005827,PO05827,P0010,87,11.7,1017.9
POI005828,PO05828,P0010,87,11.7,1017.9
POI005829,PO05829,P0010,87,11.7,1017.9
POI005830,PO05830,P0010,87,11.7,1017.9
POI005831,PO05831,P0010,87,11.7,1017.9
POI005832,PO05832,P0011,385,13.84,5328.4
POI005833,PO05833,P0011,388,16.36,6347.68
POI005834,PO05834,P0011,407,16.36,6658.52
POI005835,PO05835,P0011,381,13.84,5273.04
POI005836,PO05836,P0011,390,16.95,6610.5
POI005837,PO05837,P0011,380,13.84,5259.2
POI005838,PO05838,P0011,408,16.95,6915.6
POI005839,PO05839,P0011,382,16.36,6249.52
POI005840,PO05840,P0011,406,13.84,5619.04
POI005841,PO05841,P0011,377,16.36,6167.72
POI005842,PO05842,P0011,397,16.95,6729.15
POI005843,PO05843,P0011,397,16.36,6494.92
POI005844,PO05844,P0011,381,16.36,6233.16
POI005845,PO05845,P0011,391,16.36,6396.76
POI005846,PO05846,P0011,374,13.84,5176.16
POI005847,PO05847,P0011,397,16.95,6729.15
POI005848,PO05848,P0011,378,16.95,6407.1
POI005849,PO05849,P0011,373,16.95,6322.35
POI005850,PO05850,P0011,373,16.36,6102.28
POI005851,PO05851,P0011,375,16.36,6135.0
POI005852,PO05852,P0011,376,16.36,6151.36
POI005853,PO05853,P0011,385,13.84,5328.4
POI005854,PO05854,P0011,379,16.36,6200.44
POI005855,PO05855,P0011,390,13.84,5397.6
POI005856,PO05856,P0011,377,16.95,6390.15
POI005857,PO05857,P0011,379,16.95,6424.05
POI005858,PO05858,P0011,391,13.84,5411.44
POI005859,PO05859,P0012,410,8.84,3624.4
POI005860,PO05860,P0012,412,8.84,3642.08
POI005861,PO05861,P0012,417,8.84,3686.28
POI005862,PO05862,P0012,413,8.84,3650.92
POI005863,PO05863,P0012,406,8.84,3589.04
POI005864,PO05864,P0012,404,8.84,3571.36
POI005865,PO05865,P0012,405,8.84,3580.2
POI005866,PO05866,P0012,410,8.84,3624.4
POI005867,PO05867,P0012,420,8.84,3712.8
POI005868,PO05868,P0012,412,8.84,3642.08
POI005869,PO05869,P0012,409,8.84,3615.56
POI005870,PO05870,P0012,408,8.84,3606.72
POI005871,PO05871,P0013,413,13.76,5682.88
POI005872,PO05872,P0013,409,13.76,5627.84
POI005873,PO05873,P0013,410,13.76,5641.6
POI005874,PO05874,P0013,414,13.76,5696.64
POI005875,PO05875,P0013,413,13.76,5682.88
POI005876,PO05876,P0013,410,13.76,5641.6
POI005877,PO05877,P0014,166,3.33,552.78
POI005878,PO05878,P0014,170,2.82,479.4
POI005879,PO05879,P0014,171,2.82,482.22
POI005880,PO05880,P0014,171,2.82,482.22
POI005881,PO05881,P0014,173,3.33,576.09
POI005882,PO05882,P0014,173,3.33,576.09
POI005883,PO05883,P0014,166,2.82,468.12
POI005884,PO05884,P0014,168,3.33,559.44
POI005885,PO05885,P0014,169,3.33,562.77
POI005886,PO05886,P0014,170,2.82,479.4
POI005887,PO05887,P0014,173,3.33,576.09
POI005888,PO05888,P0014,171,2.82,482.22
POI005889,PO05889,P0014,166,2.82,468.12
POI005890,PO05890,P0014,168,2.82,473.76
POI005891,PO05891,P0014,170,3.33,566.1
POI005892,PO05892,P0014,172,3.33,572.76
POI005893,PO05893,P0014,165,3.33,549.45
POI005894,PO05894,P0014,166,3.33,552.78
POI005895,PO05895,P0014,168,2.82,473.76
POI005896,PO05896,P0014,169,2.82,476.58
POI005897,PO05897,P0014,169,2.82,476.58
POI005898,PO05898,P0014,170,2.82,479.4
POI005899,PO05899,P0014,170,3.33,566.1
POI005900,PO05900,P0014,166,3.33,552.78
POI005901,PO05901,P0015,302,21.3,6432.6
POI005902,PO05902,P0015,303,21.3,6453.9
POI005903,PO05903,P0015,301,21.5,6471.5
POI005904,PO05904,P0015,301,21.3,6411.3
POI005905,PO05905,P0015,299,21.3,6368.7
POI005906,PO05906,P0015,311,21.3,6624.3
POI005907,PO05907,P0015,307,21.5,6600.5
POI005908,PO05908,P0015,299,21.5,6428.5
POI005909,PO05909,P0015,310,21.5,6665.0
POI005910,PO05910,P0015,304,21.5,6536.0
POI005911,PO05911,P0015,305,21.3,6496.5
POI005912,PO05912,P0015,300,21.5,6450.0
POI005913,PO05913,P0015,308,21.3,6560.4
POI005914,PO05914,P0015,301,21.5,6471.5
POI005915,PO05915,P0015,311,21.5,6686.5
POI005916,PO05916,P0015,301,21.3,6411.3
POI005917,PO05917,P0015,303,21.5,6514.5
POI005918,PO05918,P0016,302,5.12,1546.24
POI005919,PO05919,P0016,297,4.86,1443.42
POI005920,PO05920,P0016,291,4.86,1414.26
POI005921,PO05921,P0016,283,5.12,1448.96
POI005922,PO05922,P0016,290,4.86,1409.4
POI005923,PO05923,P0016,298,4.86,1448.28
POI005924,PO05924,P0016,304,4.86,1477.44
POI005925,PO05925,P0016,296,5.12,1515.52
POI005926,PO05926,P0016,294,5.12,1505.28
POI005927,PO05927,P0016,296,4.86,1438.56
POI005928,PO05928,P0016,296,4.86,1438.56
POI005929,PO05929,P0016,288,4.86,1399.68
POI005930,PO05930,P0016,282,4.86,1370.52
POI005931,PO05931,P0016,288,4.86,1399.68
POI005932,PO05932,P0016,282,4.86,1370.52
POI005933,PO05933,P0016,300,4.86,1458.0
POI005934,PO05934,P0016,284,5.12,1454.08
POI005935,PO05935,P0016,289,5.12,1479.68
POI005936,PO05936,P0016,285,4.86,1385.1
POI005937,PO05937,P0016,281,4.86,1365.66
POI005938,PO05938,P0016,288,4.86,1399.68
POI005939,PO05939,P0016,287,4.86,1394.82
POI005940,PO05940,P0016,286,4.86,1389.96
POI005941,PO05941,P0017,86,8.6,739.6
POI005942,PO05942,P0017,86,8.6,739.6
POI005943,PO05943,P0017,86,8.6,739.6
POI005944,PO05944,P0017,86,8.6,739.6
POI005945,PO05945,P0017,86,8.6,739.6
POI005946,PO05946,P0017,86,8.6,739.6
POI005947,PO05947,P0017,86,8.6,739.6
POI005948,PO05948,P0017,86,8.6,739.6
POI005949,PO05949,P0017,86,8.6,739.6
POI005950,PO05950,P0017,86,8.6,739.6
POI005951,PO05951,P0017,86,8.6,739.6
POI005952,PO05952,P0017,86,8.6,739.6
POI005953,PO05953,P0017,86,8.6,739.6
POI005954,PO05954,P0017,85,8.6,731.0
POI005955,PO05955,P0017,86,8.6,739.6
POI005956,PO05956,P0017,86,8.6,739.6
POI005957,PO05957,P0017,86,8.6,739.6
POI005958,PO05958,P0017,82,8.6,705.2
POI005959,PO05959,P0017,86,8.6,739.6
POI005960,PO05960,P0017,83,8.6,713.8
POI005961,PO05961,P0017,86,8.6,739.6
POI005962,PO05962,P0017,86,8.6,739.6
POI005963,PO05963,P0017,86,8.6,739.6
POI005964,PO05964,P0017,86,8.6,739.6
POI005965,PO05965,P0017,85,8.6,731.0
POI005966,PO05966,P0017,86,8.6,739.6
POI005967,PO05967,P0017,86,8.6,739.6
POI005968,PO05968,P0017,86,8.6,739.6
POI005969,PO05969,P0017,86,8.6,739.6
POI005970,PO05970,P0017,86,8.6,739.6
POI005971,PO05971,P0017,83,8.6,713.8
POI005972,PO05972,P0017,86,8.6,739.6
POI005973,PO05973,P0017,86,8.6,739.6
POI005974,PO05974,P0017,86,8.6,739.6
POI005975,PO05975,P0017,86,8.6,739.6
POI005976,PO05976,P0017,86,8.6,739.6
POI005977,PO05977,P0017,86,8.6,739.6
POI005978,PO05978,P0017,86,8.6,739.6
POI005979,PO05979,P0017,86,8.6,739.6
POI005980,PO05980,P0017,86,8.6,739.6
POI005981,PO05981,P0017,86,8.6,739.6
POI005982,PO05982,P0017,86,8.6,739.6
POI005983,PO05983,P0017,86,8.6,739.6
POI005984,PO05984,P0017,86,8.6,739.6
POI005985,PO05985,P0017,83,8.6,713.8
POI005986,PO05986,P0017,86,8.6,739.6
POI005987,PO05987,P0017,86,8.6,739.6
POI005988,PO05988,P0017,86,8.6,739.6
POI005989,PO05989,P0017,86,8.6,739.6
POI005990,PO05990,P0017,86,8.6,739.6
POI005991,PO05991,P0017,86,8.6,739.6
POI005992,PO05992,P0017,86,8.6,739.6
POI005993,PO05993,P0017,84,8.6,722.4
POI005994,PO05994,P0017,86,8.6,739.6
POI005995,PO05995,P0017,86,8.6,739.6
POI005996,PO05996,P0017,86,8.6,739.6
POI005997,PO05997,P0017,86,8.6,739.6
POI005998,PO05998,P0017,82,8.6,705.2
POI005999,PO05999,P0017,86,8.6,739.6
POI006000,PO06000,P0017,81,8.6,696.6
POI006001,PO06001,P0017,86,8.6,739.6
POI006002,PO06002,P0017,86,8.6,739.6
POI006003,PO06003,P0017,86,8.6,739.6
POI006004,PO06004,P0017,86,8.6,739.6
POI006005,PO06005,P0017,86,8.6,739.6
POI006006,PO06006,P0017,86,8.6,739.6
POI006007,PO06007,P0017,85,8.6,731.0
POI006008,PO06008,P0017,86,8.6,739.6
POI006009,PO06009,P0017,82,8.6,705.2
POI006010,PO06010,P0017,86,8.6,739.6
POI006011,PO06011,P0017,86,8.6,739.6
POI006012,PO06012,P0017,83,8.6,713.8
POI006013,PO06013,P0017,86,8.6,739.6
POI006014,PO06014,P0017,86,8.6,739.6
POI006015,PO06015,P0017,86,8.6,739.6
POI006016,PO06016,P0017,86,8.6,739.6
POI006017,PO06017,P0017,86,8.6,739.6
POI006018,PO06018,P0017,86,8.6,739.6
POI006019,PO06019,P0017,86,8.6,739.6
POI006020,PO06020,P0017,86,8.6,739.6
POI006021,PO06021,P0017,86,8.6,739.6
POI006022,PO06022,P0017,86,8.6,739.6
POI006023,PO06023,P0017,86,8.6,739.6
POI006024,PO06024,P0017,86,8.6,739.6
POI006025,PO06025,P0017,86,8.6,739.6
POI006026,PO06026,P0017,86,8.6,739.6
POI006027,PO06027,P0017,86,8.6,739.6
POI006028,PO06028,P0017,86,8.6,739.6
POI006029,PO06029,P0017,86,8.6,739.6
POI006030,PO06030,P0017,86,8.6,739.6
POI006031,PO06031,P0018,321,2.35,754.35
POI006032,PO06032,P0018,313,2.31,723.03
POI006033,PO06033,P0018,313,2.31,723.03
POI006034,PO06034,P0018,313,2.31,723.03
POI006035,PO06035,P0018,311,2.35,730.85
POI006036,PO06036,P0018,317,2.31,732.27
POI006037,PO06037,P0018,317,2.35,744.95
POI006038,PO06038,P0018,313,2.54,795.02
POI006039,PO06039,P0018,314,2.54,797.56
POI006040,PO06040,P0018,313,2.54,795.02
POI006041,PO06041,P0018,308,2.31,711.48
POI006042,PO06042,P0018,315,2.31,727.65
POI006043,PO06043,P0018,308,2.54,782.32
POI006044,PO06044,P0019,255,21.23,5413.65
POI006045,PO06045,P0019,257,21.23,5456.11
POI006046,PO06046,P0019,252,21.23,5349.96
POI006047,PO06047,P0019,246,21.23,5222.58
POI006048,PO06048,P0019,248,21.23,5265.04
POI006049,PO06049,P0019,252,21.23,5349.96
POI006050,PO06050,P0019,255,21.23,5413.65
POI006051,PO06051,P0019,252,21.23,5349.96
POI006052,PO06052,P0019,266,21.23,5647.18
POI006053,PO06053,P0019,266,21.23,5647.18
POI006054,PO06054,P0019,266,21.23,5647.18
POI006055,PO06055,P0019,266,21.23,5647.18
POI006056,PO06056,P0019,266,21.23,5647.18
POI006057,PO06057,P0019,251,21.23,5328.73
POI006058,PO06058,P0019,252,21.23,5349.96
POI006059,PO06059,P0019,240,21.23,5095.2
POI006060,PO06060,P0019,266,21.23,5647.18
POI006061,PO06061,P0019,263,21.23,5583.49
POI006062,PO06062,P0019,258,21.23,5477.34
POI006063,PO06063,P0019,261,21.23,5541.03
POI006064,PO06064,P0019,266,21.23,5647.18
POI006065,PO06065,P0019,245,21.23,5201.35
POI006066,PO06066,P0019,259,21.23,5498.57
POI006067,PO06067,P0019,247,21.23,5243.81
POI006068,PO06068,P0019,253,21.23,5371.19
POI006069,PO06069,P0019,248,21.23,5265.04
POI006070,PO06070,P0019,264,21.23,5604.72
POI006071,PO06071,P0019,254,21.23,5392.42
POI006072,PO06072,P0019,255,21.23,5413.65
POI006073,PO06073,P0019,244,21.23,5180.12
POI006074,PO06074,P0019,244,21.23,5180.12
POI006075,PO06075,P0019,240,21.23,5095.2
POI006076,PO06076,P0019,255,21.23,5413.65
POI006077,PO06077,P0019,252,21.23,5349.96
POI006078,PO06078,P0019,247,21.23,5243.81
POI006079,PO06079,P0019,249,21.23,5286.27
POI006080,PO06080,P0019,242,21.23,5137.66
POI006081,PO06081,P0019,251,21.23,5328.73
POI006082,PO06082,P0019,266,21.23,5647.18
POI006083,PO06083,P0019,245,21.23,5201.35
POI006084,PO06084,P0019,266,21.23,5647.18
POI006085,PO06085,P0019,266,21.23,5647.18
POI006086,PO06086,P0019,266,21.23,5647.18
POI006087,PO06087,P0019,246,21.23,5222.58
POI006088,PO06088,P0019,247,21.23,5243.81
POI006089,PO06089,P0019,244,21.23,5180.12
POI006090,PO06090,P0019,249,21.23,5286.27
POI006091,PO06091,P0020,443,17.29,7659.47
POI006092,PO06092,P0020,435,17.29,7521.15
POI006093,PO06093,P0020,433,16.88,7309.04
POI006094,PO06094,P0020,434,18.86,8185.24
POI006095,PO06095,P0021,483,10.98,5303.34
POI006096,PO06096,P0021,496,11.15,5530.4
POI006097,PO06097,P0021,485,11.15,5407.75
POI006098,PO06098,P0021,493,10.98,5413.14
POI006099,PO06099,P0021,490,10.98,5380.2
POI006100,PO06100,P0021,479,11.15,5340.85
POI006101,PO06101,P0021,482,10.98,5292.36
POI006102,PO06102,P0021,488,10.98,5358.24
POI006103,PO06103,P0021,481,10.98,5281.38
POI006104,PO06104,P0021,477,10.98,5237.46
POI006105,PO06105,P0021,482,11.15,5374.3
POI006106,PO06106,P0022,254,22.4,5689.6
POI006107,PO06107,P0022,256,23.66,6056.96
POI006108,PO06108,P0022,257,22.4,5756.8
POI006109,PO06109,P0022,255,23.66,6033.3
POI006110,PO06110,P0022,258,24.63,6354.54
POI006111,PO06111,P0022,250,24.63,6157.5
POI006112,PO06112,P0022,258,23.66,6104.28
POI006113,PO06113,P0022,252,24.63,6206.76
POI006114,PO06114,P0022,258,23.66,6104.28
POI006115,PO06115,P0022,257,23.66,6080.62
POI006116,PO06116,P0022,243,24.63,5985.09
POI006117,PO06117,P0022,256,24.63,6305.28
POI006118,PO06118,P0022,244,23.66,5773.04
POI006119,PO06119,P0022,258,22.4,5779.2
POI006120,PO06120,P0022,256,23.66,6056.96
POI006121,PO06121,P0022,258,22.4,5779.2
POI006122,PO06122,P0022,252,23.66,5962.32
POI006123,PO06123,P0022,252,24.63,6206.76
POI006124,PO06124,P0022,252,23.66,5962.32
POI006125,PO06125,P0022,245,23.66,5796.7
POI006126,PO06126,P0022,254,23.66,6009.64
POI006127,PO06127,P0022,254,23.66,6009.64
POI006128,PO06128,P0022,243,22.4,5443.2
POI006129,PO06129,P0022,258,23.66,6104.28
POI006130,PO06130,P0023,171,4.88,834.48
POI006131,PO06131,P0023,182,4.51,820.82
POI006132,PO06132,P0023,179,4.51,807.29
POI006133,PO06133,P0023,169,4.88,824.72
POI006134,PO06134,P0023,168,4.51,757.68
POI006135,PO06135,P0023,169,4.51,762.19
POI006136,PO06136,P0023,176,4.88,858.88
POI006137,PO06137,P0023,186,4.51,838.86
POI006138,PO06138,P0023,187,4.88,912.56
POI006139,PO06139,P0023,191,4.51,861.41
POI006140,PO06140,P0023,165,4.51,744.15
POI006141,PO06141,P0023,180,4.88,878.4
POI006142,PO06142,P0023,178,4.88,868.64
POI006143,PO06143,P0023,177,4.51,798.27
POI006144,PO06144,P0023,188,4.88,917.44
POI006145,PO06145,P0023,187,4.51,843.37
POI006146,PO06146,P0023,166,4.51,748.66
POI006147,PO06147,P0023,175,4.88,854.0
POI006148,PO06148,P0023,170,4.51,766.7
POI006149,PO06149,P0023,168,4.51,757.68
POI006150,PO06150,P0023,177,4.51,798.27
POI006151,PO06151,P0023,166,4.88,810.08
POI006152,PO06152,P0023,187,4.88,912.56
POI006153,PO06153,P0023,169,4.51,762.19
POI006154,PO06154,P0023,178,4.88,868.64
POI006155,PO06155,P0023,175,4.51,789.25
POI006156,PO06156,P0023,177,4.88,863.76
POI006157,PO06157,P0023,182,4.88,888.16
POI006158,PO06158,P0023,184,4.88,897.92
POI006159,PO06159,P0023,173,4.88,844.24
POI006160,PO06160,P0023,171,4.51,771.21
POI006161,PO06161,P0023,164,4.88,800.32
POI006162,PO06162,P0023,179,4.88,873.52
POI006163,PO06163,P0023,165,4.51,744.15
POI006164,PO06164,P0023,177,4.51,798.27
POI006165,PO06165,P0023,168,4.88,819.84
POI006166,PO06166,P0023,183,4.51,825.33
POI006167,PO06167,P0023,179,4.51,807.29
POI006168,PO06168,P0023,170,4.51,766.7
POI006169,PO06169,P0023,185,4.51,834.35
POI006170,PO06170,P0023,181,4.51,816.31
POI006171,PO06171,P0023,181,4.51,816.31
POI006172,PO06172,P0023,166,4.51,748.66
POI006173,PO06173,P0023,170,4.51,766.7
POI006174,PO06174,P0023,183,4.51,825.33
POI006175,PO06175,P0023,189,4.88,922.32
POI006176,PO06176,P0023,185,4.88,902.8
POI006177,PO06177,P0023,175,4.51,789.25
POI006178,PO06178,P0023,166,4.51,748.66
POI006179,PO06179,P0023,164,4.88,800.32
POI006180,PO06180,P0023,179,4.51,807.29
POI006181,PO06181,P0023,171,4.51,771.21
POI006182,PO06182,P0023,174,4.51,784.74
POI006183,PO06183,P0024,345,20.73,7151.85
POI006184,PO06184,P0024,340,18.25,6205.0
POI006185,PO06185,P0024,340,20.73,7048.2
POI006186,PO06186,P0024,339,18.25,6186.75
POI006187,PO06187,P0024,345,18.25,6296.25
POI006188,PO06188,P0024,346,20.73,7172.58
POI006189,PO06189,P0024,342,18.25,6241.5
POI006190,PO06190,P0024,346,20.73,7172.58
POI006191,PO06191,P0024,343,18.25,6259.75
POI006192,PO06192,P0024,346,18.25,6314.5
POI006193,PO06193,P0024,341,18.25,6223.25
POI006194,PO06194,P0024,346,20.73,7172.58
POI006195,PO06195,P0025,310,15.98,4953.8
POI006196,PO06196,P0025,310,15.98,4953.8
POI006197,PO06197,P0025,305,15.98,4873.9
POI006198,PO06198,P0025,307,15.98,4905.86
POI006199,PO06199,P0025,310,15.98,4953.8
POI006200,PO06200,P0025,310,15.98,4953.8
POI006201,PO06201,P0025,310,15.98,4953.8
POI006202,PO06202,P0025,308,15.98,4921.84
POI006203,PO06203,P0025,310,15.98,4953.8
POI006204,PO06204,P0025,310,15.98,4953.8
POI006205,PO06205,P0025,305,15.98,4873.9
POI006206,PO06206,P0025,305,15.98,4873.9
POI006207,PO06207,P0025,310,15.98,4953.8
POI006208,PO06208,P0025,305,15.98,4873.9
POI006209,PO06209,P0025,302,15.98,4825.96
POI006210,PO06210,P0025,303,15.98,4841.94
POI006211,PO06211,P0025,306,15.98,4889.88
POI006212,PO06212,P0025,310,15.98,4953.8
POI006213,PO06213,P0025,310,15.98,4953.8
POI006214,PO06214,P0025,304,15.98,4857.92
POI006215,PO06215,P0026,337,19.21,6473.77
POI006216,PO06216,P0026,342,19.21,6569.82
POI006217,PO06217,P0026,316,19.21,6070.36
POI006218,PO06218,P0026,337,23.77,8010.49
POI006219,PO06219,P0026,328,23.77,7796.56
POI006220,PO06220,P0026,321,19.21,6166.41
POI006221,PO06221,P0026,335,19.21,6435.35
POI006222,PO06222,P0026,322,23.77,7653.94
POI006223,PO06223,P0026,314,19.21,6031.94
POI006224,PO06224,P0026,321,19.21,6166.41
POI006225,PO06225,P0026,319,23.77,7582.63
POI006226,PO06226,P0026,330,19.21,6339.3
POI006227,PO06227,P0026,321,23.77,7630.17
POI006228,PO06228,P0026,341,23.77,8105.57
POI006229,PO06229,P0026,314,23.77,7463.78
POI006230,PO06230,P0026,319,19.21,6127.99
POI006231,PO06231,P0026,326,23.77,7749.02
POI006232,PO06232,P0026,340,19.21,6531.4
POI006233,PO06233,P0026,332,19.21,6377.72
POI006234,PO06234,P0026,329,19.21,6320.09
POI006235,PO06235,P0026,325,19.21,6243.25
POI006236,PO06236,P0026,323,23.77,7677.71
POI006237,PO06237,P0026,328,19.21,6300.88
POI006238,PO06238,P0026,327,19.21,6281.67
POI006239,PO06239,P0026,324,23.77,7701.48
POI006240,PO06240,P0026,323,23.77,7677.71
POI006241,PO06241,P0026,317,19.21,6089.57
POI006242,PO06242,P0026,325,23.77,7725.25
POI006243,PO06243,P0026,323,23.77,7677.71
POI006244,PO06244,P0026,330,23.77,7844.1
POI006245,PO06245,P0027,372,15.13,5628.36
POI006246,PO06246,P0027,376,14.62,5497.12
POI006247,PO06247,P0027,369,14.62,5394.78
POI006248,PO06248,P0027,374,14.38,5378.12
POI006249,PO06249,P0027,372,15.13,5628.36
POI006250,PO06250,P0027,374,14.62,5467.88
POI006251,PO06251,P0027,375,15.13,5673.75
POI006252,PO06252,P0027,372,14.38,5349.36
POI006253,PO06253,P0028,279,16.64,4642.56
POI006254,PO06254,P0028,283,16.45,4655.35
POI006255,PO06255,P0028,281,18.21,5117.01
POI006256,PO06256,P0028,282,18.21,5135.22
POI006257,PO06257,P0028,283,16.64,4709.12
POI006258,PO06258,P0028,279,16.45,4589.55
POI006259,PO06259,P0029,130,24.29,3157.7
POI006260,PO06260,P0029,109,24.29,2647.61
POI006261,PO06261,P0029,114,24.29,2769.06
POI006262,PO06262,P0029,114,24.29,2769.06
POI006263,PO06263,P0029,130,24.29,3157.7
POI006264,PO06264,P0029,108,24.29,2623.32
POI006265,PO06265,P0029,122,24.29,2963.38
POI006266,PO06266,P0029,114,24.29,2769.06
POI006267,PO06267,P0029,128,24.29,3109.12
POI006268,PO06268,P0029,122,24.29,2963.38
POI006269,PO06269,P0029,130,24.29,3157.7
POI006270,PO06270,P0029,130,24.29,3157.7
POI006271,PO06271,P0029,130,24.29,3157.7
POI006272,PO06272,P0029,121,24.29,2939.09
POI006273,PO06273,P0029,130,24.29,3157.7
POI006274,PO06274,P0029,130,24.29,3157.7
POI006275,PO06275,P0029,130,24.29,3157.7
POI006276,PO06276,P0029,124,24.29,3011.96
POI006277,PO06277,P0029,111,24.29,2696.19
POI006278,PO06278,P0029,123,24.29,2987.67
POI006279,PO06279,P0029,128,24.29,3109.12
POI006280,PO06280,P0029,130,24.29,3157.7
POI006281,PO06281,P0029,126,24.29,3060.54
POI006282,PO06282,P0029,130,24.29,3157.7
POI006283,PO06283,P0029,123,24.29,2987.67
POI006284,PO06284,P0029,127,24.29,3084.83
POI006285,PO06285,P0029,110,24.29,2671.9
POI006286,PO06286,P0029,115,24.29,2793.35
POI006287,PO06287,P0029,125,24.29,3036.25
POI006288,PO06288,P0029,114,24.29,2769.06
POI006289,PO06289,P0029,130,24.29,3157.7
POI006290,PO06290,P0029,121,24.29,2939.09
POI006291,PO06291,P0029,118,24.29,2866.22
POI006292,PO06292,P0029,130,24.29,3157.7
POI006293,PO06293,P0029,118,24.29,2866.22
POI006294,PO06294,P0029,130,24.29,3157.7
POI006295,PO06295,P0029,115,24.29,2793.35
POI006296,PO06296,P0029,114,24.29,2769.06
POI006297,PO06297,P0029,130,24.29,3157.7
POI006298,PO06298,P0029,113,24.29,2744.77
POI006299,PO06299,P0029,129,24.29,3133.41
POI006300,PO06300,P0029,130,24.29,3157.7
POI006301,PO06301,P0029,130,24.29,3157.7
POI006302,PO06302,P0029,114,24.29,2769.06
POI006303,PO06303,P0029,116,24.29,2817.64
POI006304,PO06304,P0029,112,24.29,2720.48
POI006305,PO06305,P0029,120,24.29,2914.8
POI006306,PO06306,P0029,111,24.29,2696.19
POI006307,PO06307,P0029,113,24.29,2744.77
POI006308,PO06308,P0029,130,24.29,3157.7
POI006309,PO06309,P0029,107,24.29,2599.03
POI006310,PO06310,P0029,130,24.29,3157.7
POI006311,PO06311,P0029,121,24.29,2939.09
POI006312,PO06312,P0029,114,24.29,2769.06
POI006313,PO06313,P0029,116,24.29,2817.64
POI006314,PO06314,P0029,109,24.29,2647.61
POI006315,PO06315,P0029,123,24.29,2987.67
POI006316,PO06316,P0029,123,24.29,2987.67
POI006317,PO06317,P0029,121,24.29,2939.09
POI006318,PO06318,P0029,130,24.29,3157.7
POI006319,PO06319,P0029,117,24.29,2841.93
POI006320,PO06320,P0029,124,24.29,3011.96
POI006321,PO06321,P0029,110,24.29,2671.9
POI006322,PO06322,P0029,126,24.29,3060.54
POI006323,PO06323,P0029,118,24.29,2866.22
POI006324,PO06324,P0029,113,24.29,2744.77
POI006325,PO06325,P0029,118,24.29,2866.22
POI006326,PO06326,P0029,108,24.29,2623.32
POI006327,PO06327,P0029,120,24.29,2914.8
POI006328,PO06328,P0029,109,24.29,2647.61
POI006329,PO06329,P0029,107,24.29,2599.03
POI006330,PO06330,P0029,111,24.29,2696.19
POI006331,PO06331,P0029,119,24.29,2890.51
POI006332,PO06332,P0029,113,24.29,2744.77
POI006333,PO06333,P0029,121,24.29,2939.09
POI006334,PO06334,P0029,124,24.29,3011.96
POI006335,PO06335,P0029,116,24.29,2817.64
POI006336,PO06336,P0029,124,24.29,3011.96
POI006337,PO06337,P0029,126,24.29,3060.54
POI006338,PO06338,P0029,112,24.29,2720.48
POI006339,PO06339,P0029,110,24.29,2671.9
POI006340,PO06340,P0029,127,24.29,3084.83
POI006341,PO06341,P0029,124,24.29,3011.96
POI006342,PO06342,P0029,111,24.29,2696.19
POI006343,PO06343,P0029,111,24.29,2696.19
POI006344,PO06344,P0030,179,18.9,3383.1
POI006345,PO06345,P0030,179,18.9,3383.1
POI006346,PO06346,P0030,185,18.9,3496.5
POI006347,PO06347,P0030,185,21.15,3912.75
POI006348,PO06348,P0030,185,18.9,3496.5
POI006349,PO06349,P0030,178,21.15,3764.7
POI006350,PO06350,P0030,185,21.15,3912.75
POI006351,PO06351,P0030,185,21.15,3912.75
POI006352,PO06352,P0030,185,18.9,3496.5
POI006353,PO06353,P0030,185,21.15,3912.75
POI006354,PO06354,P0030,180,18.9,3402.0
POI006355,PO06355,P0030,177,21.15,3743.55
POI006356,PO06356,P0030,185,18.9,3496.5
POI006357,PO06357,P0030,185,18.9,3496.5
POI006358,PO06358,P0030,185,21.15,3912.75
POI006359,PO06359,P0030,185,21.15,3912.75
POI006360,PO06360,P0030,185,21.15,3912.75
POI006361,PO06361,P0030,184,21.15,3891.6
POI006362,PO06362,P0030,183,21.15,3870.45
POI006363,PO06363,P0030,179,18.9,3383.1
POI006364,PO06364,P0030,175,21.15,3701.25
POI006365,PO06365,P0030,184,21.15,3891.6
POI006366,PO06366,P0030,185,18.9,3496.5
POI006367,PO06367,P0030,182,21.15,3849.3
POI006368,PO06368,P0030,185,18.9,3496.5
POI006369,PO06369,P0030,184,21.15,3891.6
POI006370,PO06370,P0030,185,21.15,3912.75
POI006371,PO06371,P0030,173,21.15,3658.95
POI006372,PO06372,P0030,185,21.15,3912.75
POI006373,PO06373,P0030,184,18.9,3477.6
POI006374,PO06374,P0030,184,18.9,3477.6
POI006375,PO06375,P0030,185,21.15,3912.75
POI006376,PO06376,P0030,185,21.15,3912.75
POI006377,PO06377,P0030,178,21.15,3764.7
POI006378,PO06378,P0030,185,18.9,3496.5
POI006379,PO06379,P0030,185,18.9,3496.5
POI006380,PO06380,P0030,179,18.9,3383.1
POI006381,PO06381,P0030,185,18.9,3496.5
POI006382,PO06382,P0030,185,18.9,3496.5
POI006383,PO06383,P0030,174,18.9,3288.6
POI006384,PO06384,P0030,185,21.15,3912.75
POI006385,PO06385,P0030,175,18.9,3307.5
POI006386,PO06386,P0030,185,21.15,3912.75
POI006387,PO06387,P0030,185,18.9,3496.5
POI006388,PO06388,P0030,185,18.9,3496.5
POI006389,PO06389,P0030,185,18.9,3496.5
POI006390,PO06390,P0030,185,21.15,3912.75
POI006391,PO06391,P0030,176,21.15,3722.4
POI006392,PO06392,P0030,173,18.9,3269.7
POI006393,PO06393,P0030,185,21.15,3912.75
POI006394,PO06394,P0030,173,21.15,3658.95
POI006395,PO06395,P0030,178,18.9,3364.2
POI006396,PO06396,P0030,185,18.9,3496.5
POI006397,PO06397,P0030,185,21.15,3912.75
POI006398,PO06398,P0030,185,21.15,3912.75
POI006399,PO06399,P0030,172,18.9,3250.8
POI006400,PO06400,P0030,173,21.15,3658.95
POI006401,PO06401,P0030,177,18.9,3345.3
POI006402,PO06402,P0030,175,21.15,3701.25
POI006403,PO06403,P0030,181,18.9,3420.9
POI006404,PO06404,P0030,185,18.9,3496.5
POI006405,PO06405,P0030,185,18.9,3496.5
POI006406,PO06406,P0031,265,16.15,4279.75
POI006407,PO06407,P0031,270,15.05,4063.5
POI006408,PO06408,P0031,266,15.9,4229.4
POI006409,PO06409,P0031,264,15.05,3973.2
POI006410,PO06410,P0031,272,15.05,4093.6
POI006411,PO06411,P0031,268,16.15,4328.2
POI006412,PO06412,P0031,265,15.9,4213.5
POI006413,PO06413,P0031,271,15.9,4308.9
POI006414,PO06414,P0031,266,16.15,4295.9
POI006415,PO06415,P0031,266,15.9,4229.4
POI006416,PO06416,P0032,420,1.49,625.8
POI006417,PO06417,P0032,419,1.74,729.06
POI006418,PO06418,P0032,414,1.74,720.36
POI006419,PO06419,P0032,429,1.49,639.21
POI006420,PO06420,P0032,429,1.74,746.46
POI006421,PO06421,P0032,429,1.49,639.21
POI006422,PO06422,P0032,420,1.49,625.8
POI006423,PO06423,P0032,423,1.49,630.27
POI006424,PO06424,P0032,429,1.49,639.21
POI006425,PO06425,P0032,429,1.74,746.46
POI006426,PO06426,P0032,429,1.74,746.46
POI006427,PO06427,P0032,419,1.74,729.06
POI006428,PO06428,P0032,418,1.74,727.32
POI006429,PO06429,P0032,428,1.49,637.72
POI006430,PO06430,P0032,423,1.49,630.27
POI006431,PO06431,P0032,421,1.74,732.54
POI006432,PO06432,P0032,429,1.49,639.21
POI006433,PO06433,P0032,418,1.49,622.82
POI006434,PO06434,P0032,420,1.49,625.8
POI006435,PO06435,P0032,415,1.74,722.1
POI006436,PO06436,P0032,429,1.49,639.21
POI006437,PO06437,P0032,429,1.74,746.46
POI006438,PO06438,P0032,425,1.74,739.5
POI006439,PO06439,P0032,427,1.74,742.98
POI006440,PO06440,P0033,323,2.3,742.9
POI006441,PO06441,P0033,326,2.32,756.32
POI006442,PO06442,P0033,333,2.56,852.48
POI006443,PO06443,P0033,326,2.56,834.56
POI006444,PO06444,P0033,330,2.32,765.6
POI006445,PO06445,P0033,328,2.56,839.68
POI006446,PO06446,P0033,333,2.32,772.56
POI006447,PO06447,P0033,326,2.32,756.32
POI006448,PO06448,P0033,325,2.56,832.0
POI006449,PO06449,P0033,329,2.32,763.28
POI006450,PO06450,P0033,331,2.3,761.3
POI006451,PO06451,P0033,324,2.56,829.44
POI006452,PO06452,P0033,324,2.32,751.68
POI006453,PO06453,P0033,322,2.3,740.6
POI006454,PO06454,P0033,327,2.56,837.12
POI006455,PO06455,P0033,320,2.56,819.2
POI006456,PO06456,P0034,394,9.84,3876.96
POI006457,PO06457,P0034,395,9.84,3886.8
POI006458,PO06458,P0034,391,9.84,3847.44
POI006459,PO06459,P0034,395,9.84,3886.8
POI006460,PO06460,P0034,390,9.84,3837.6
POI006461,PO06461,P0034,389,9.84,3827.76
POI006462,PO06462,P0034,398,9.84,3916.32
POI006463,PO06463,P0034,387,9.84,3808.08
POI006464,PO06464,P0034,388,9.84,3817.92
POI006465,PO06465,P0034,397,9.84,3906.48
POI006466,PO06466,P0034,391,9.84,3847.44
POI006467,PO06467,P0034,393,9.84,3867.12
POI006468,PO06468,P0034,384,9.84,3778.56
POI006469,PO06469,P0034,399,9.84,3926.16
POI006470,PO06470,P0034,384,9.84,3778.56
POI006471,PO06471,P0034,389,9.84,3827.76
POI006472,PO06472,P0034,384,9.84,3778.56
POI006473,PO06473,P0034,399,9.84,3926.16
POI006474,PO06474,P0034,399,9.84,3926.16
POI006475,PO06475,P0034,398,9.84,3916.32
POI006476,PO06476,P0035,475,21.41,10169.75
POI006477,PO06477,P0035,482,22.89,11032.98
POI006478,PO06478,P0035,485,22.89,11101.65
POI006479,PO06479,P0035,473,22.89,10826.97
POI006480,PO06480,P0035,492,22.89,11261.88
POI006481,PO06481,P0035,492,22.89,11261.88
POI006482,PO06482,P0035,490,21.41,10490.9
POI006483,PO06483,P0035,477,21.41,10212.57
POI006484,PO06484,P0035,473,21.41,10126.93
POI006485,PO06485,P0035,472,22.89,10804.08
POI006486,PO06486,P0035,485,22.89,11101.65
POI006487,PO06487,P0035,476,22.89,10895.64
POI006488,PO06488,P0035,481,21.41,10298.21
POI006489,PO06489,P0035,491,22.89,11238.99
POI006490,PO06490,P0035,474,21.41,10148.34
POI006491,PO06491,P0035,484,21.41,10362.44
POI006492,PO06492,P0035,489,22.89,11193.21
POI006493,PO06493,P0036,113,16.13,1822.69
POI006494,PO06494,P0036,128,16.13,2064.64
POI006495,PO06495,P0036,128,16.13,2064.64
POI006496,PO06496,P0036,111,16.13,1790.43
POI006497,PO06497,P0036,131,16.13,2113.03
POI006498,PO06498,P0036,131,16.13,2113.03
POI006499,PO06499,P0036,119,16.13,1919.47
POI006500,PO06500,P0036,120,16.13,1935.6
POI006501,PO06501,P0036,111,16.13,1790.43
POI006502,PO06502,P0036,131,16.13,2113.03
POI006503,PO06503,P0036,122,16.13,1967.86
POI006504,PO06504,P0036,113,16.13,1822.69
POI006505,PO06505,P0036,113,16.13,1822.69
POI006506,PO06506,P0036,111,16.13,1790.43
POI006507,PO06507,P0036,125,16.13,2016.25
POI006508,PO06508,P0036,131,16.13,2113.03
POI006509,PO06509,P0036,111,16.13,1790.43
POI006510,PO06510,P0036,114,16.13,1838.82
POI006511,PO06511,P0036,109,16.13,1758.17
POI006512,PO06512,P0036,131,16.13,2113.03
POI006513,PO06513,P0036,111,16.13,1790.43
POI006514,PO06514,P0036,116,16.13,1871.08
POI006515,PO06515,P0036,120,16.13,1935.6
POI006516,PO06516,P0036,113,16.13,1822.69
POI006517,PO06517,P0036,123,16.13,1983.99
POI006518,PO06518,P0036,109,16.13,1758.17
POI006519,PO06519,P0036,119,16.13,1919.47
POI006520,PO06520,P0036,110,16.13,1774.3
POI006521,PO06521,P0036,129,16.13,2080.77
POI006522,PO06522,P0036,111,16.13,1790.43
POI006523,PO06523,P0036,112,16.13,1806.56
POI006524,PO06524,P0036,110,16.13,1774.3
POI006525,PO06525,P0036,129,16.13,2080.77
POI006526,PO06526,P0036,109,16.13,1758.17
POI006527,PO06527,P0036,110,16.13,1774.3
POI006528,PO06528,P0036,118,16.13,1903.34
POI006529,PO06529,P0036,124,16.13,2000.12
POI006530,PO06530,P0036,113,16.13,1822.69
POI006531,PO06531,P0036,110,16.13,1774.3
POI006532,PO06532,P0036,119,16.13,1919.47
POI006533,PO06533,P0036,122,16.13,1967.86
POI006534,PO06534,P0036,110,16.13,1774.3
POI006535,PO06535,P0036,122,16.13,1967.86
POI006536,PO06536,P0036,128,16.13,2064.64
POI006537,PO06537,P0036,124,16.13,2000.12
POI006538,PO06538,P0036,114,16.13,1838.82
POI006539,PO06539,P0036,113,16.13,1822.69
POI006540,PO06540,P0036,110,16.13,1774.3
POI006541,PO06541,P0036,128,16.13,2064.64
POI006542,PO06542,P0036,121,16.13,1951.73
POI006543,PO06543,P0036,121,16.13,1951.73
POI006544,PO06544,P0036,113,16.13,1822.69
POI006545,PO06545,P0036,126,16.13,2032.38
POI006546,PO06546,P0036,123,16.13,1983.99
POI006547,PO06547,P0036,124,16.13,2000.12
POI006548,PO06548,P0036,111,16.13,1790.43
POI006549,PO06549,P0036,121,16.13,1951.73
POI006550,PO06550,P0036,112,16.13,1806.56
POI006551,PO06551,P0036,117,16.13,1887.21
POI006552,PO06552,P0036,117,16.13,1887.21
POI006553,PO06553,P0036,120,16.13,1935.6
POI006554,PO06554,P0036,109,16.13,1758.17
POI006555,PO06555,P0036,122,16.13,1967.86
POI006556,PO06556,P0036,121,16.13,1951.73
POI006557,PO06557,P0037,149,5.08,756.92
POI006558,PO06558,P0037,149,4.71,701.79
POI006559,PO06559,P0037,150,5.73,859.5
POI006560,PO06560,P0037,153,4.71,720.63
POI006561,PO06561,P0037,158,5.73,905.34
POI006562,PO06562,P0037,148,5.08,751.84
POI006563,PO06563,P0037,148,5.08,751.84
POI006564,PO06564,P0037,151,5.73,865.23
POI006565,PO06565,P0037,148,4.71,697.08
POI006566,PO06566,P0037,160,5.73,916.8
POI006567,PO06567,P0037,149,5.73,853.77
POI006568,PO06568,P0037,154,4.71,725.34
POI006569,PO06569,P0037,154,5.08,782.32
POI006570,PO06570,P0037,156,5.73,893.88
POI006571,PO06571,P0037,150,4.71,706.5
POI006572,PO06572,P0037,157,4.71,739.47
POI006573,PO06573,P0037,154,5.73,882.42
POI006574,PO06574,P0037,148,5.73,848.04
POI006575,PO06575,P0037,150,4.71,706.5
POI006576,PO06576,P0037,149,5.08,756.92
POI006577,PO06577,P0037,145,5.08,736.6
POI006578,PO06578,P0037,145,5.73,830.85
POI006579,PO06579,P0037,158,4.71,744.18
POI006580,PO06580,P0037,146,5.73,836.58
POI006581,PO06581,P0037,159,5.73,911.07
POI006582,PO06582,P0037,149,5.73,853.77
POI006583,PO06583,P0037,151,4.71,711.21
POI006584,PO06584,P0037,154,5.73,882.42
POI006585,PO06585,P0038,276,6.91,1907.16
POI006586,PO06586,P0038,273,6.91,1886.43
POI006587,PO06587,P0038,270,6.91,1865.7
POI006588,PO06588,P0038,276,7.65,2111.4
POI006589,PO06589,P0038,271,6.91,1872.61
POI006590,PO06590,P0038,297,6.91,2052.27
POI006591,PO06591,P0038,286,7.65,2187.9
POI006592,PO06592,P0038,288,6.91,1990.08
POI006593,PO06593,P0038,276,6.91,1907.16
POI006594,PO06594,P0038,277,7.65,2119.05
POI006595,PO06595,P0038,284,7.65,2172.6
POI006596,PO06596,P0038,279,6.91,1927.89
POI006597,PO06597,P0038,299,7.65,2287.35
POI006598,PO06598,P0038,293,6.91,2024.63
POI006599,PO06599,P0038,282,6.91,1948.62
POI006600,PO06600,P0038,277,6.91,1914.07
POI006601,PO06601,P0038,278,7.3,2029.4
POI006602,PO06602,P0038,265,7.65,2027.25
POI006603,PO06603,P0038,281,7.65,2149.65
POI006604,PO06604,P0038,291,7.3,2124.3
POI006605,PO06605,P0038,267,6.91,1844.97
POI006606,PO06606,P0038,271,6.91,1872.61
POI006607,PO06607,P0038,286,6.91,1976.26
POI006608,PO06608,P0038,281,6.91,1941.71
POI006609,PO06609,P0038,265,7.3,1934.5
POI006610,PO06610,P0038,285,6.91,1969.35
POI006611,PO06611,P0038,285,6.91,1969.35
POI006612,PO06612,P0038,289,7.65,2210.85
POI006613,PO06613,P0038,270,7.3,1971.0
POI006614,PO06614,P0038,273,7.3,1992.9
POI006615,PO06615,P0038,278,7.3,2029.4
POI006616,PO06616,P0038,280,6.91,1934.8
POI006617,PO06617,P0038,270,7.3,1971.0
POI006618,PO06618,P0038,275,6.91,1900.25
POI006619,PO06619,P0038,268,6.91,1851.88
POI006620,PO06620,P0038,266,7.65,2034.9
POI006621,PO06621,P0039,100,3.71,371.0
POI006622,PO06622,P0039,98,3.71,363.58
POI006623,PO06623,P0039,98,3.6,352.8
POI006624,PO06624,P0039,103,3.71,382.13
POI006625,PO06625,P0039,100,3.71,371.0
POI006626,PO06626,P0039,102,3.71,378.42
POI006627,PO06627,P0039,104,3.71,385.84
POI006628,PO06628,P0039,104,3.6,374.4
POI006629,PO06629,P0039,99,3.71,367.29
POI006630,PO06630,P0039,101,3.71,374.71
POI006631,PO06631,P0039,103,3.6,370.8
POI006632,PO06632,P0039,101,3.6,363.6
POI006633,PO06633,P0039,99,3.6,356.4
POI006634,PO06634,P0039,99,3.71,367.29
POI006635,PO06635,P0039,105,3.6,378.0
POI006636,PO06636,P0039,99,3.71,367.29
POI006637,PO06637,P0039,102,3.71,378.42
POI006638,PO06638,P0040,56,13.88,777.28
POI006639,PO06639,P0040,56,13.88,777.28
POI006640,PO06640,P0040,57,13.88,791.16
POI006641,PO06641,P0040,53,13.88,735.64
POI006642,PO06642,P0040,51,13.88,707.88
POI006643,PO06643,P0040,54,13.88,749.52
POI006644,PO06644,P0040,53,13.88,735.64
POI006645,PO06645,P0040,56,13.88,777.28
POI006646,PO06646,P0040,57,13.88,791.16
POI006647,PO06647,P0040,52,13.88,721.76
POI006648,PO06648,P0040,59,13.88,818.92
POI006649,PO06649,P0040,57,13.88,791.16
POI006650,PO06650,P0040,52,13.88,721.76
POI006651,PO06651,P0040,56,13.88,777.28
POI006652,PO06652,P0040,52,13.88,721.76
POI006653,PO06653,P0040,58,13.88,805.04
POI006654,PO06654,P0040,59,13.88,818.92
POI006655,PO06655,P0040,52,13.88,721.76
POI006656,PO06656,P0040,52,13.88,721.76
POI006657,PO06657,P0040,54,13.88,749.52
POI006658,PO06658,P0040,54,13.88,749.52
POI006659,PO06659,P0040,51,13.88,707.88
POI006660,PO06660,P0040,54,13.88,749.52
POI006661,PO06661,P0040,56,13.88,777.28
POI006662,PO06662,P0040,51,13.88,707.88
POI006663,PO06663,P0040,51,13.88,707.88
POI006664,PO06664,P0040,57,13.88,791.16
POI006665,PO06665,P0040,51,13.88,707.88
POI006666,PO06666,P0040,52,13.88,721.76
POI006667,PO06667,P0040,51,13.88,707.88
POI006668,PO06668,P0040,53,13.88,735.64
POI006669,PO06669,P0040,56,13.88,777.28
POI006670,PO06670,P0040,51,13.88,707.88
POI006671,PO06671,P0040,54,13.88,749.52
POI006672,PO06672,P0040,51,13.88,707.88
POI006673,PO06673,P0040,54,13.88,749.52
POI006674,PO06674,P0040,55,13.88,763.4
POI006675,PO06675,P0040,53,13.88,735.64
POI006676,PO06676,P0040,52,13.88,721.76
POI006677,PO06677,P0040,57,13.88,791.16
POI006678,PO06678,P0041,242,17.39,4208.38
POI006679,PO06679,P0041,248,17.39,4312.72
POI006680,PO06680,P0041,262,17.39,4556.18
POI006681,PO06681,P0041,270,17.39,4695.3
POI006682,PO06682,P0041,270,17.39,4695.3
POI006683,PO06683,P0041,264,17.39,4590.96
POI006684,PO06684,P0041,244,17.39,4243.16
POI006685,PO06685,P0041,270,17.39,4695.3
POI006686,PO06686,P0041,267,17.39,4643.13
POI006687,PO06687,P0041,253,17.39,4399.67
POI006688,PO06688,P0041,263,17.39,4573.57
POI006689,PO06689,P0041,248,17.39,4312.72
POI006690,PO06690,P0041,270,17.39,4695.3
POI006691,PO06691,P0041,253,17.39,4399.67
POI006692,PO06692,P0041,268,17.39,4660.52
POI006693,PO06693,P0041,257,17.39,4469.23
POI006694,PO06694,P0041,249,17.39,4330.11
POI006695,PO06695,P0041,245,17.39,4260.55
POI006696,PO06696,P0041,265,17.39,4608.35
POI006697,PO06697,P0041,264,17.39,4590.96
POI006698,PO06698,P0041,256,17.39,4451.84
POI006699,PO06699,P0041,269,17.39,4677.91
POI006700,PO06700,P0041,263,17.39,4573.57
POI006701,PO06701,P0041,252,17.39,4382.28
POI006702,PO06702,P0041,247,17.39,4295.33
POI006703,PO06703,P0041,250,17.39,4347.5
POI006704,PO06704,P0041,258,17.39,4486.62
POI006705,PO06705,P0041,243,17.39,4225.77
POI006706,PO06706,P0041,255,17.39,4434.45
POI006707,PO06707,P0041,250,17.39,4347.5
POI006708,PO06708,P0041,248,17.39,4312.72
POI006709,PO06709,P0041,262,17.39,4556.18
POI006710,PO06710,P0041,255,17.39,4434.45
POI006711,PO06711,P0041,255,17.39,4434.45
POI006712,PO06712,P0041,259,17.39,4504.01
POI006713,PO06713,P0041,252,17.39,4382.28
POI006714,PO06714,P0041,262,17.39,4556.18
POI006715,PO06715,P0041,270,17.39,4695.3
POI006716,PO06716,P0041,266,17.39,4625.74
POI006717,PO06717,P0041,259,17.39,4504.01
POI006718,PO06718,P0041,254,17.39,4417.06
POI006719,PO06719,P0041,270,17.39,4695.3
POI006720,PO06720,P0042,228,19.89,4534.92
POI006721,PO06721,P0042,216,19.89,4296.24
POI006722,PO06722,P0042,214,19.33,4136.62
POI006723,PO06723,P0042,212,19.33,4097.96
POI006724,PO06724,P0042,213,21.5,4579.5
POI006725,PO06725,P0042,220,19.33,4252.6
POI006726,PO06726,P0042,230,19.33,4445.9
POI006727,PO06727,P0042,222,21.5,4773.0
POI006728,PO06728,P0042,212,19.33,4097.96
POI006729,PO06729,P0042,226,19.89,4495.14
POI006730,PO06730,P0042,222,19.33,4291.26
POI006731,PO06731,P0042,217,19.33,4194.61
POI006732,PO06732,P0042,221,19.33,4271.93
POI006733,PO06733,P0042,225,21.5,4837.5
POI006734,PO06734,P0042,216,21.5,4644.0
POI006735,PO06735,P0042,225,19.89,4475.25
POI006736,PO06736,P0042,214,19.33,4136.62
POI006737,PO06737,P0042,222,21.5,4773.0
POI006738,PO06738,P0042,216,19.33,4175.28
POI006739,PO06739,P0042,219,21.5,4708.5
POI006740,PO06740,P0042,220,19.33,4252.6
POI006741,PO06741,P0042,219,19.89,4355.91
POI006742,PO06742,P0042,212,19.89,4216.68
POI006743,PO06743,P0042,213,19.33,4117.29
POI006744,PO06744,P0042,213,19.89,4236.57
POI006745,PO06745,P0042,216,19.89,4296.24
POI006746,PO06746,P0042,219,19.89,4355.91
POI006747,PO06747,P0043,305,3.23,985.15
POI006748,PO06748,P0043,299,3.23,965.77
POI006749,PO06749,P0043,305,3.23,985.15
POI006750,PO06750,P0043,311,3.23,1004.53
POI006751,PO06751,P0043,300,3.23,969.0
POI006752,PO06752,P0043,297,3.23,959.31
POI006753,PO06753,P0043,301,3.23,972.23
POI006754,PO06754,P0043,299,3.23,965.77
POI006755,PO06755,P0043,297,3.23,959.31
POI006756,PO06756,P0044,269,6.01,1616.69
POI006757,PO06757,P0044,265,6.01,1592.65
POI006758,PO06758,P0044,263,6.1,1604.3
POI006759,PO06759,P0044,243,6.1,1482.3
POI006760,PO06760,P0044,255,6.01,1532.55
POI006761,PO06761,P0044,266,6.01,1598.66
POI006762,PO06762,P0044,252,6.1,1537.2
POI006763,PO06763,P0044,276,6.01,1658.76
POI006764,PO06764,P0044,260,6.1,1586.0
POI006765,PO06765,P0044,254,6.01,1526.54
POI006766,PO06766,P0044,262,6.01,1574.62
POI006767,PO06767,P0044,242,6.1,1476.2
POI006768,PO06768,P0044,248,6.1,1512.8
POI006769,PO06769,P0044,271,6.1,1653.1
POI006770,PO06770,P0044,252,6.1,1537.2
POI006771,PO06771,P0044,247,6.1,1506.7
POI006772,PO06772,P0044,261,6.1,1592.1
POI006773,PO06773,P0044,248,6.1,1512.8
POI006774,PO06774,P0044,249,6.01,1496.49
POI006775,PO06775,P0044,268,6.01,1610.68
POI006776,PO06776,P0044,261,6.1,1592.1
POI006777,PO06777,P0044,272,6.01,1634.72
POI006778,PO06778,P0044,245,6.01,1472.45
POI006779,PO06779,P0044,260,6.01,1562.6
POI006780,PO06780,P0044,256,6.1,1561.6
POI006781,PO06781,P0044,259,6.1,1579.9
POI006782,PO06782,P0044,244,6.1,1488.4
POI006783,PO06783,P0044,265,6.01,1592.65
POI006784,PO06784,P0044,268,6.01,1610.68
POI006785,PO06785,P0044,266,6.01,1598.66
POI006786,PO06786,P0044,243,6.1,1482.3
POI006787,PO06787,P0044,274,6.01,1646.74
POI006788,PO06788,P0044,254,6.1,1549.4
POI006789,PO06789,P0044,259,6.1,1579.9
POI006790,PO06790,P0044,253,6.1,1543.3
POI006791,PO06791,P0044,244,6.01,1466.44
POI006792,PO06792,P0044,256,6.1,1561.6
POI006793,PO06793,P0044,243,6.01,1460.43
POI006794,PO06794,P0044,263,6.1,1604.3
POI006795,PO06795,P0044,265,6.1,1616.5
POI006796,PO06796,P0044,270,6.1,1647.0
POI006797,PO06797,P0044,265,6.1,1616.5
POI006798,PO06798,P0045,469,4.09,1918.21
POI006799,PO06799,P0045,469,4.09,1918.21
POI006800,PO06800,P0045,464,4.09,1897.76
POI006801,PO06801,P0045,462,4.09,1889.58
POI006802,PO06802,P0045,469,4.09,1918.21
POI006803,PO06803,P0045,464,4.09,1897.76
POI006804,PO06804,P0045,469,4.09,1918.21
POI006805,PO06805,P0045,469,4.09,1918.21
POI006806,PO06806,P0045,461,4.09,1885.49
POI006807,PO06807,P0045,463,4.09,1893.67
POI006808,PO06808,P0045,469,4.09,1918.21
POI006809,PO06809,P0045,469,4.09,1918.21
POI006810,PO06810,P0045,464,4.09,1897.76
POI006811,PO06811,P0045,460,4.09,1881.4
POI006812,PO06812,P0045,465,4.09,1901.85
POI006813,PO06813,P0045,461,4.09,1885.49
POI006814,PO06814,P0045,469,4.09,1918.21
POI006815,PO06815,P0045,468,4.09,1914.12
POI006816,PO06816,P0045,469,4.09,1918.21
POI006817,PO06817,P0045,462,4.09,1889.58
POI006818,PO06818,P0045,461,4.09,1885.49
POI006819,PO06819,P0045,469,4.09,1918.21
POI006820,PO06820,P0046,232,3.56,825.92
POI006821,PO06821,P0046,240,3.56,854.4
POI006822,PO06822,P0046,231,3.56,822.36
POI006823,PO06823,P0046,237,3.56,843.72
POI006824,PO06824,P0046,230,3.56,818.8
POI006825,PO06825,P0046,236,3.56,840.16
POI006826,PO06826,P0046,244,3.56,868.64
POI006827,PO06827,P0046,229,3.56,815.24
POI006828,PO06828,P0046,244,3.56,868.64
POI006829,PO06829,P0046,230,3.56,818.8
POI006830,PO06830,P0046,231,3.56,822.36
POI006831,PO06831,P0046,231,3.56,822.36
POI006832,PO06832,P0046,238,3.56,847.28
POI006833,PO06833,P0046,240,3.56,854.4
POI006834,PO06834,P0046,239,3.56,850.84
POI006835,PO06835,P0046,235,3.56,836.6
POI006836,PO06836,P0046,234,3.56,833.04
POI006837,PO06837,P0046,237,3.56,843.72
POI006838,PO06838,P0046,232,3.56,825.92
POI006839,PO06839,P0046,236,3.56,840.16
POI006840,PO06840,P0046,233,3.56,829.48
POI006841,PO06841,P0047,130,5.94,772.2
POI006842,PO06842,P0047,130,5.94,772.2
POI006843,PO06843,P0047,132,5.94,784.08
POI006844,PO06844,P0047,136,5.94,807.84
POI006845,PO06845,P0047,132,5.94,784.08
POI006846,PO06846,P0047,130,5.94,772.2
POI006847,PO06847,P0047,134,5.94,795.96
POI006848,PO06848,P0047,135,5.94,801.9
POI006849,PO06849,P0047,132,5.94,784.08
POI006850,PO06850,P0047,131,5.94,778.14
POI006851,PO06851,P0047,132,5.94,784.08
POI006852,PO06852,P0047,132,5.94,784.08
POI006853,PO06853,P0047,135,5.94,801.9
POI006854,PO06854,P0047,134,5.94,795.96
POI006855,PO06855,P0048,368,5.89,2167.52
POI006856,PO06856,P0048,371,5.89,2185.19
POI006857,PO06857,P0048,365,5.69,2076.85
POI006858,PO06858,P0048,371,5.69,2110.99
POI006859,PO06859,P0048,364,5.89,2143.96
POI006860,PO06860,P0048,359,5.63,2021.17
POI006861,PO06861,P0048,361,5.89,2126.29
POI006862,PO06862,P0048,370,5.63,2083.1
POI006863,PO06863,P0048,359,5.63,2021.17
POI006864,PO06864,P0048,361,5.89,2126.29
POI006865,PO06865,P0048,379,5.89,2232.31
POI006866,PO06866,P0048,375,5.89,2208.75
POI006867,PO06867,P0048,363,5.89,2138.07
POI006868,PO06868,P0048,361,5.63,2032.43
POI006869,PO06869,P0048,375,5.63,2111.25
POI006870,PO06870,P0048,366,5.69,2082.54
POI006871,PO06871,P0048,368,5.89,2167.52
POI006872,PO06872,P0049,250,12.41,3102.5
POI006873,PO06873,P0049,246,12.41,3052.86
POI006874,PO06874,P0049,255,12.41,3164.55
POI006875,PO06875,P0049,246,12.41,3052.86
POI006876,PO06876,P0049,245,12.41,3040.45
POI006877,PO06877,P0049,257,12.41,3189.37
POI006878,PO06878,P0049,245,12.41,3040.45
POI006879,PO06879,P0049,249,12.41,3090.09
POI006880,PO06880,P0049,254,12.41,3152.14
POI006881,PO06881,P0049,250,12.41,3102.5
POI006882,PO06882,P0049,250,12.41,3102.5
POI006883,PO06883,P0049,247,12.41,3065.27
POI006884,PO06884,P0049,246,12.41,3052.86
POI006885,PO06885,P0050,183,6.59,1205.97
POI006886,PO06886,P0050,188,5.64,1060.32
POI006887,PO06887,P0050,181,6.59,1192.79
POI006888,PO06888,P0050,189,5.64,1065.96
POI006889,PO06889,P0050,188,5.64,1060.32
POI006890,PO06890,P0050,176,5.64,992.64
POI006891,PO06891,P0050,169,5.64,953.16
POI006892,PO06892,P0050,170,6.59,1120.3
POI006893,PO06893,P0050,180,5.64,1015.2
POI006894,PO06894,P0050,174,6.59,1146.66
POI006895,PO06895,P0050,184,5.64,1037.76
POI006896,PO06896,P0050,179,6.59,1179.61
POI006897,PO06897,P0050,183,6.59,1205.97
POI006898,PO06898,P0050,171,6.59,1126.89
POI006899,PO06899,P0050,182,5.64,1026.48
POI006900,PO06900,P0050,180,5.64,1015.2
POI006901,PO06901,P0050,185,6.59,1219.15
POI006902,PO06902,P0050,189,5.64,1065.96
POI006903,PO06903,P0050,189,5.64,1065.96
POI006904,PO06904,P0050,179,6.59,1179.61
POI006905,PO06905,P0050,179,5.64,1009.56
POI006906,PO06906,P0050,180,5.64,1015.2
POI006907,PO06907,P0050,183,6.59,1205.97
POI006908,PO06908,P0050,177,5.64,998.28
POI006909,PO06909,P0050,176,6.59,1159.84
POI006910,PO06910,P0050,182,6.59,1199.38
POI006911,PO06911,P0050,173,5.64,975.72
POI006912,PO06912,P0050,171,5.64,964.44
POI006913,PO06913,P0050,175,5.64,987.0
POI006914,PO06914,P0050,170,6.59,1120.3
POI006915,PO06915,P0050,174,6.59,1146.66
POI006916,PO06916,P0050,177,6.59,1166.43
POI006917,PO06917,P0050,183,6.59,1205.97
POI006918,PO06918,P0050,177,6.59,1166.43
POI006919,PO06919,P0050,187,6.59,1232.33
POI006920,PO06920,P0050,173,6.59,1140.07
POI006921,PO06921,P0050,184,5.64,1037.76
POI006922,PO06922,P0050,178,6.59,1173.02
POI006923,PO06923,P0050,180,5.64,1015.2
POI006924,PO06924,P0050,184,5.64,1037.76
POI006925,PO06925,P0050,182,5.64,1026.48
POI006926,PO06926,P0050,175,5.64,987.0
POI006927,PO06927,P0051,262,3.94,1032.28
POI006928,PO06928,P0051,253,3.94,996.82
POI006929,PO06929,P0051,262,3.59,940.58
POI006930,PO06930,P0051,255,3.59,915.45
POI006931,PO06931,P0051,258,3.59,926.22
POI006932,PO06932,P0051,262,3.94,1032.28
POI006933,PO06933,P0051,262,3.94,1032.28
POI006934,PO06934,P0051,262,3.59,940.58
POI006935,PO06935,P0051,262,3.59,940.58
POI006936,PO06936,P0051,262,3.59,940.58
POI006937,PO06937,P0051,256,3.94,1008.64
POI006938,PO06938,P0051,261,3.94,1028.34
POI006939,PO06939,P0051,260,3.94,1024.4
POI006940,PO06940,P0051,258,3.94,1016.52
POI006941,PO06941,P0051,259,3.94,1020.46
POI006942,PO06942,P0051,262,3.59,940.58
POI006943,PO06943,P0051,262,3.94,1032.28
POI006944,PO06944,P0051,262,3.59,940.58
POI006945,PO06945,P0051,262,3.59,940.58
POI006946,PO06946,P0051,261,3.94,1028.34
POI006947,PO06947,P0051,262,3.94,1032.28
POI006948,PO06948,P0051,262,3.59,940.58
POI006949,PO06949,P0051,262,3.59,940.58
POI006950,PO06950,P0051,259,3.59,929.81
POI006951,PO06951,P0051,254,3.94,1000.76
POI006952,PO06952,P0051,262,3.94,1032.28
POI006953,PO06953,P0051,262,3.59,940.58
POI006954,PO06954,P0051,262,3.59,940.58
POI006955,PO06955,P0051,262,3.94,1032.28
POI006956,PO06956,P0051,256,3.94,1008.64
POI006957,PO06957,P0051,262,3.59,940.58
POI006958,PO06958,P0051,262,3.94,1032.28
POI006959,PO06959,P0051,262,3.59,940.58
POI006960,PO06960,P0051,259,3.94,1020.46
POI006961,PO06961,P0051,262,3.94,1032.28
POI006962,PO06962,P0051,259,3.59,929.81
POI006963,PO06963,P0051,261,3.94,1028.34
POI006964,PO06964,P0051,262,3.59,940.58
POI006965,PO06965,P0052,213,2.04,434.52
POI006966,PO06966,P0052,209,2.06,430.54
POI006967,PO06967,P0052,205,2.04,418.2
POI006968,PO06968,P0052,214,2.06,440.84
POI006969,PO06969,P0052,211,2.04,430.44
POI006970,PO06970,P0052,203,2.06,418.18
POI006971,PO06971,P0052,207,2.06,426.42
POI006972,PO06972,P0052,218,2.04,444.72
POI006973,PO06973,P0052,209,2.06,430.54
POI006974,PO06974,P0052,207,2.06,426.42
POI006975,PO06975,P0052,216,2.06,444.96
POI006976,PO06976,P0052,217,2.04,442.68
POI006977,PO06977,P0052,210,2.06,432.6
POI006978,PO06978,P0052,212,2.04,432.48
POI006979,PO06979,P0052,206,2.06,424.36
POI006980,PO06980,P0052,208,2.06,428.48
POI006981,PO06981,P0052,204,2.04,416.16
POI006982,PO06982,P0052,206,2.06,424.36
POI006983,PO06983,P0052,204,2.04,416.16
POI006984,PO06984,P0052,204,2.04,416.16
POI006985,PO06985,P0052,214,2.04,436.56
POI006986,PO06986,P0052,209,2.04,426.36
POI006987,PO06987,P0052,208,2.04,424.32
POI006988,PO06988,P0052,218,2.04,444.72
POI006989,PO06989,P0052,207,2.06,426.42
POI006990,PO06990,P0052,204,2.04,416.16
POI006991,PO06991,P0052,206,2.06,424.36
POI006992,PO06992,P0053,128,18.63,2384.64
POI006993,PO06993,P0053,126,24.5,3087.0
POI006994,PO06994,P0053,126,18.63,2347.38
POI006995,PO06995,P0053,127,18.63,2366.01
POI006996,PO06996,P0053,129,18.63,2403.27
POI006997,PO06997,P0053,128,24.5,3136.0
POI006998,PO06998,P0053,126,24.5,3087.0
POI006999,PO06999,P0053,128,24.5,3136.0
POI007000,PO07000,P0053,129,24.5,3160.5
POI007001,PO07001,P0053,126,24.5,3087.0
POI007002,PO07002,P0053,128,18.63,2384.64
POI007003,PO07003,P0053,126,24.5,3087.0
POI007004,PO07004,P0053,126,24.5,3087.0
POI007005,PO07005,P0054,94,9.22,866.68
POI007006,PO07006,P0054,101,9.56,965.56
POI007007,PO07007,P0054,97,9.22,894.34
POI007008,PO07008,P0054,87,9.56,831.72
POI007009,PO07009,P0054,91,9.56,869.96
POI007010,PO07010,P0054,84,8.35,701.4
POI007011,PO07011,P0054,87,9.22,802.14
POI007012,PO07012,P0054,88,9.22,811.36
POI007013,PO07013,P0054,83,8.35,693.05
POI007014,PO07014,P0054,95,9.56,908.2
POI007015,PO07015,P0054,112,9.56,1070.72
POI007016,PO07016,P0054,100,9.22,922.0
POI007017,PO07017,P0054,98,9.22,903.56
POI007018,PO07018,P0054,96,8.35,801.6
POI007019,PO07019,P0054,109,9.56,1042.04
POI007020,PO07020,P0054,101,9.22,931.22
POI007021,PO07021,P0054,87,9.22,802.14
POI007022,PO07022,P0054,91,8.35,759.85
POI007023,PO07023,P0054,104,9.22,958.88
POI007024,PO07024,P0054,104,8.35,868.4
POI007025,PO07025,P0054,102,9.56,975.12
POI007026,PO07026,P0054,93,8.35,776.55
POI007027,PO07027,P0054,81,9.56,774.36
POI007028,PO07028,P0054,84,9.22,774.48
POI007029,PO07029,P0054,89,9.22,820.58
POI007030,PO07030,P0054,82,9.22,756.04
POI007031,PO07031,P0054,86,9.22,792.92
POI007032,PO07032,P0054,99,9.56,946.44
POI007033,PO07033,P0054,89,9.56,850.84
POI007034,PO07034,P0054,86,9.56,822.16
POI007035,PO07035,P0054,94,9.22,866.68
POI007036,PO07036,P0054,83,9.22,765.26
POI007037,PO07037,P0054,86,8.35,718.1
POI007038,PO07038,P0054,88,9.56,841.28
POI007039,PO07039,P0054,98,8.35,818.3
POI007040,PO07040,P0054,105,9.22,968.1
POI007041,PO07041,P0054,95,8.35,793.25
POI007042,PO07042,P0054,90,9.56,860.4
POI007043,PO07043,P0054,87,9.22,802.14
POI007044,PO07044,P0054,87,9.56,831.72
POI007045,PO07045,P0054,85,8.35,709.75
POI007046,PO07046,P0054,95,9.56,908.2
POI007047,PO07047,P0054,84,8.35,701.4
POI007048,PO07048,P0054,81,9.56,774.36
POI007049,PO07049,P0054,92,8.35,768.2
POI007050,PO07050,P0054,86,8.35,718.1
POI007051,PO07051,P0054,100,8.35,835.0
POI007052,PO07052,P0054,83,9.56,793.48
POI007053,PO07053,P0054,99,8.35,826.65
POI007054,PO07054,P0054,99,9.56,946.44
POI007055,PO07055,P0054,102,9.56,975.12
POI007056,PO07056,P0054,83,9.56,793.48
POI007057,PO07057,P0054,85,8.35,709.75
POI007058,PO07058,P0054,97,8.35,809.95
POI007059,PO07059,P0054,107,9.22,986.54
POI007060,PO07060,P0054,93,9.22,857.46
POI007061,PO07061,P0054,100,8.35,835.0
POI007062,PO07062,P0054,100,9.22,922.0
POI007063,PO07063,P0054,91,9.22,839.02
POI007064,PO07064,P0054,98,9.22,903.56
POI007065,PO07065,P0054,87,8.35,726.45
POI007066,PO07066,P0054,102,9.56,975.12
POI007067,PO07067,P0054,83,9.22,765.26
POI007068,PO07068,P0054,97,9.56,927.32
POI007069,PO07069,P0054,88,9.22,811.36
POI007070,PO07070,P0054,91,9.56,869.96
POI007071,PO07071,P0054,101,9.22,931.22
POI007072,PO07072,P0054,82,9.22,756.04
POI007073,PO07073,P0054,82,9.22,756.04
POI007074,PO07074,P0054,88,9.56,841.28
POI007075,PO07075,P0054,95,8.35,793.25
POI007076,PO07076,P0054,88,8.35,734.8
POI007077,PO07077,P0054,88,9.22,811.36
POI007078,PO07078,P0054,89,9.22,820.58
POI007079,PO07079,P0054,97,8.35,809.95
POI007080,PO07080,P0054,105,9.22,968.1
POI007081,PO07081,P0054,96,9.22,885.12
POI007082,PO07082,P0054,104,9.56,994.24
POI007083,PO07083,P0054,92,9.56,879.52
POI007084,PO07084,P0054,90,9.56,860.4
POI007085,PO07085,P0054,88,9.22,811.36
POI007086,PO07086,P0054,88,9.56,841.28
POI007087,PO07087,P0054,90,8.35,751.5
POI007088,PO07088,P0054,84,9.22,774.48
POI007089,PO07089,P0054,98,8.35,818.3
POI007090,PO07090,P0054,83,8.35,693.05
POI007091,PO07091,P0054,86,9.22,792.92
POI007092,PO07092,P0054,83,9.56,793.48
POI007093,PO07093,P0054,92,9.56,879.52
POI007094,PO07094,P0054,96,9.56,917.76
POI007095,PO07095,P0054,98,9.56,936.88
POI007096,PO07096,P0054,99,9.22,912.78
POI007097,PO07097,P0054,84,9.56,803.04
POI007098,PO07098,P0055,232,11.96,2774.72
POI007099,PO07099,P0055,230,11.96,2750.8
POI007100,PO07100,P0055,226,11.96,2702.96
POI007101,PO07101,P0055,223,11.96,2667.08
POI007102,PO07102,P0055,229,11.96,2738.84
POI007103,PO07103,P0055,235,11.96,2810.6
POI007104,PO07104,P0055,223,11.96,2667.08
POI007105,PO07105,P0055,235,11.96,2810.6
POI007106,PO07106,P0055,227,11.96,2714.92
POI007107,PO07107,P0055,226,11.96,2702.96
POI007108,PO07108,P0055,225,11.96,2691.0
POI007109,PO07109,P0055,228,11.96,2726.88
POI007110,PO07110,P0055,229,11.96,2738.84
POI007111,PO07111,P0055,229,11.96,2738.84
POI007112,PO07112,P0056,287,21.23,6093.01
POI007113,PO07113,P0056,280,21.23,5944.4
POI007114,PO07114,P0056,284,20.87,5927.08
POI007115,PO07115,P0056,283,17.73,5017.59
POI007116,PO07116,P0056,281,20.87,5864.47
POI007117,PO07117,P0056,285,21.23,6050.55
POI007118,PO07118,P0056,281,17.73,4982.13
POI007119,PO07119,P0056,288,17.73,5106.24
POI007120,PO07120,P0056,290,20.87,6052.3
POI007121,PO07121,P0056,282,20.87,5885.34
POI007122,PO07122,P0056,287,20.87,5989.69
POI007123,PO07123,P0056,284,21.23,6029.32
POI007124,PO07124,P0056,282,21.23,5986.86
POI007125,PO07125,P0057,174,16.41,2855.34
POI007126,PO07126,P0057,175,16.41,2871.75
POI007127,PO07127,P0057,174,16.41,2855.34
POI007128,PO07128,P0057,173,16.41,2838.93
POI007129,PO07129,P0057,175,16.41,2871.75
POI007130,PO07130,P0057,176,16.53,2909.28
POI007131,PO07131,P0057,176,16.53,2909.28
POI007132,PO07132,P0057,176,16.41,2888.16
POI007133,PO07133,P0057,176,16.53,2909.28
POI007134,PO07134,P0057,171,16.53,2826.63
POI007135,PO07135,P0057,176,16.41,2888.16
POI007136,PO07136,P0057,176,16.41,2888.16
POI007137,PO07137,P0057,171,16.41,2806.11
POI007138,PO07138,P0057,176,16.41,2888.16
POI007139,PO07139,P0057,173,16.41,2838.93
POI007140,PO07140,P0057,175,16.53,2892.75
POI007141,PO07141,P0057,176,16.53,2909.28
POI007142,PO07142,P0057,173,16.41,2838.93
POI007143,PO07143,P0057,176,16.41,2888.16
POI007144,PO07144,P0058,138,12.47,1720.86
POI007145,PO07145,P0058,143,12.47,1783.21
POI007146,PO07146,P0058,142,12.47,1770.74
POI007147,PO07147,P0058,136,12.47,1695.92
POI007148,PO07148,P0058,140,12.47,1745.8
POI007149,PO07149,P0058,139,12.47,1733.33
POI007150,PO07150,P0058,132,12.47,1646.04
POI007151,PO07151,P0058,143,12.47,1783.21
POI007152,PO07152,P0058,146,12.47,1820.62
POI007153,PO07153,P0058,135,12.47,1683.45
POI007154,PO07154,P0058,145,12.47,1808.15
POI007155,PO07155,P0058,137,12.47,1708.39
POI007156,PO07156,P0058,141,12.47,1758.27
POI007157,PO07157,P0058,147,12.47,1833.09
POI007158,PO07158,P0058,138,12.47,1720.86
POI007159,PO07159,P0058,140,12.47,1745.8
POI007160,PO07160,P0058,136,12.47,1695.92
POI007161,PO07161,P0058,144,12.47,1795.68
POI007162,PO07162,P0058,146,12.47,1820.62
POI007163,PO07163,P0058,140,12.47,1745.8
POI007164,PO07164,P0058,132,12.47,1646.04
POI007165,PO07165,P0058,137,12.47,1708.39
POI007166,PO07166,P0058,133,12.47,1658.51
POI007167,PO07167,P0058,132,12.47,1646.04
POI007168,PO07168,P0058,138,12.47,1720.86
POI007169,PO07169,P0058,141,12.47,1758.27
POI007170,PO07170,P0058,136,12.47,1695.92
POI007171,PO07171,P0058,139,12.47,1733.33
POI007172,PO07172,P0058,137,12.47,1708.39
POI007173,PO07173,P0058,140,12.47,1745.8
POI007174,PO07174,P0058,139,12.47,1733.33
POI007175,PO07175,P0058,132,12.47,1646.04
POI007176,PO07176,P0059,346,19.28,6670.88
POI007177,PO07177,P0059,346,19.28,6670.88
POI007178,PO07178,P0059,346,17.17,5940.82
POI007179,PO07179,P0059,346,19.28,6670.88
POI007180,PO07180,P0059,343,19.28,6613.04
POI007181,PO07181,P0059,346,19.28,6670.88
POI007182,PO07182,P0059,346,19.28,6670.88
POI007183,PO07183,P0059,346,19.28,6670.88
POI007184,PO07184,P0059,346,17.17,5940.82
POI007185,PO07185,P0059,346,19.28,6670.88
POI007186,PO07186,P0059,346,19.28,6670.88
POI007187,PO07187,P0059,340,19.28,6555.2
POI007188,PO07188,P0059,346,17.17,5940.82
POI007189,PO07189,P0059,339,17.17,5820.63
POI007190,PO07190,P0059,336,19.28,6478.08
POI007191,PO07191,P0059,343,19.28,6613.04
POI007192,PO07192,P0059,341,17.17,5854.97
POI007193,PO07193,P0059,345,19.28,6651.6
POI007194,PO07194,P0059,346,17.17,5940.82
POI007195,PO07195,P0059,346,17.17,5940.82
POI007196,PO07196,P0059,346,19.28,6670.88
POI007197,PO07197,P0059,344,17.17,5906.48
POI007198,PO07198,P0059,346,17.17,5940.82
POI007199,PO07199,P0059,336,17.17,5769.12
POI007200,PO07200,P0059,346,19.28,6670.88
POI007201,PO07201,P0059,346,17.17,5940.82
POI007202,PO07202,P0059,346,19.28,6670.88
POI007203,PO07203,P0059,346,17.17,5940.82
POI007204,PO07204,P0059,346,19.28,6670.88
POI007205,PO07205,P0059,346,17.17,5940.82
POI007206,PO07206,P0059,346,17.17,5940.82
POI007207,PO07207,P0060,398,5.54,2204.92
POI007208,PO07208,P0060,395,5.54,2188.3
POI007209,PO07209,P0060,395,5.54,2188.3
POI007210,PO07210,P0060,395,5.54,2188.3
POI007211,PO07211,P0061,484,14.25,6897.0
POI007212,PO07212,P0061,484,14.25,6897.0
POI007213,PO07213,P0061,484,14.25,6897.0
POI007214,PO07214,P0061,484,14.25,6897.0
POI007215,PO07215,P0061,484,14.25,6897.0
POI007216,PO07216,P0061,484,14.25,6897.0
POI007217,PO07217,P0061,484,14.25,6897.0
POI007218,PO07218,P0061,484,14.25,6897.0
POI007219,PO07219,P0061,480,14.25,6840.0
POI007220,PO07220,P0061,483,14.25,6882.75
POI007221,PO07221,P0061,484,14.25,6897.0
POI007222,PO07222,P0061,484,14.25,6897.0
POI007223,PO07223,P0061,484,14.25,6897.0
POI007224,PO07224,P0061,484,14.25,6897.0
POI007225,PO07225,P0061,484,14.25,6897.0
POI007226,PO07226,P0061,484,14.25,6897.0
POI007227,PO07227,P0062,109,17.75,1934.75
POI007228,PO07228,P0062,110,13.98,1537.8
POI007229,PO07229,P0062,124,18.24,2261.76
POI007230,PO07230,P0062,110,17.75,1952.5
POI007231,PO07231,P0062,109,17.75,1934.75
POI007232,PO07232,P0062,110,18.24,2006.4
POI007233,PO07233,P0062,121,13.98,1691.58
POI007234,PO07234,P0062,121,18.24,2207.04
POI007235,PO07235,P0062,109,17.75,1934.75
POI007236,PO07236,P0062,117,17.75,2076.75
POI007237,PO07237,P0062,113,13.98,1579.74
POI007238,PO07238,P0062,117,13.98,1635.66
POI007239,PO07239,P0062,115,13.98,1607.7
POI007240,PO07240,P0062,111,13.98,1551.78
POI007241,PO07241,P0062,109,18.24,1988.16
POI007242,PO07242,P0062,117,18.24,2134.08
POI007243,PO07243,P0062,122,17.75,2165.5
POI007244,PO07244,P0062,112,18.24,2042.88
POI007245,PO07245,P0062,121,13.98,1691.58
POI007246,PO07246,P0062,109,18.24,1988.16
POI007247,PO07247,P0062,111,17.75,1970.25
POI007248,PO07248,P0062,119,17.75,2112.25
POI007249,PO07249,P0062,110,18.24,2006.4
POI007250,PO07250,P0062,109,18.24,1988.16
POI007251,PO07251,P0062,108,17.75,1917.0
POI007252,PO07252,P0062,111,13.98,1551.78
POI007253,PO07253,P0062,114,17.75,2023.5
POI007254,PO07254,P0062,111,13.98,1551.78
POI007255,PO07255,P0062,113,18.24,2061.12
POI007256,PO07256,P0062,111,17.75,1970.25
POI007257,PO07257,P0062,110,13.98,1537.8
POI007258,PO07258,P0062,115,17.75,2041.25
POI007259,PO07259,P0062,113,18.24,2061.12
POI007260,PO07260,P0062,109,18.24,1988.16
POI007261,PO07261,P0062,117,18.24,2134.08
POI007262,PO07262,P0062,119,17.75,2112.25
POI007263,PO07263,P0063,190,20.1,3819.0
POI007264,PO07264,P0063,183,22.37,4093.71
POI007265,PO07265,P0063,188,22.37,4205.56
POI007266,PO07266,P0063,187,20.1,3758.7
POI007267,PO07267,P0063,184,22.37,4116.08
POI007268,PO07268,P0063,184,22.37,4116.08
POI007269,PO07269,P0063,185,20.1,3718.5
POI007270,PO07270,P0063,183,20.1,3678.3
POI007271,PO07271,P0063,192,20.1,3859.2
POI007272,PO07272,P0063,185,20.1,3718.5
POI007273,PO07273,P0063,182,20.1,3658.2
POI007274,PO07274,P0063,190,20.1,3819.0
POI007275,PO07275,P0063,189,22.37,4227.93
POI007276,PO07276,P0063,192,20.1,3859.2
POI007277,PO07277,P0063,192,22.37,4295.04
POI007278,PO07278,P0063,190,22.37,4250.3
POI007279,PO07279,P0063,191,22.37,4272.67
POI007280,PO07280,P0063,184,22.37,4116.08
POI007281,PO07281,P0063,192,22.37,4295.04
POI007282,PO07282,P0063,185,22.37,4138.45
POI007283,PO07283,P0063,189,22.37,4227.93
POI007284,PO07284,P0063,188,22.37,4205.56
POI007285,PO07285,P0063,185,22.37,4138.45
POI007286,PO07286,P0063,183,20.1,3678.3
POI007287,PO07287,P0064,221,1.28,282.88
POI007288,PO07288,P0064,216,1.28,276.48
POI007289,PO07289,P0064,223,1.28,285.44
POI007290,PO07290,P0064,213,1.28,272.64
POI007291,PO07291,P0064,215,1.28,275.2
POI007292,PO07292,P0064,229,1.28,293.12
POI007293,PO07293,P0064,218,1.28,279.04
POI007294,PO07294,P0064,228,1.28,291.84
POI007295,PO07295,P0064,216,1.28,276.48
POI007296,PO07296,P0064,226,1.28,289.28
POI007297,PO07297,P0064,224,1.28,286.72
POI007298,PO07298,P0064,216,1.28,276.48
POI007299,PO07299,P0064,218,1.28,279.04
POI007300,PO07300,P0064,217,1.28,277.76
POI007301,PO07301,P0064,215,1.28,275.2
POI007302,PO07302,P0064,227,1.28,290.56
POI007303,PO07303,P0064,216,1.28,276.48
POI007304,PO07304,P0064,229,1.28,293.12
POI007305,PO07305,P0064,215,1.28,275.2
POI007306,PO07306,P0064,214,1.28,273.92
POI007307,PO07307,P0064,216,1.28,276.48
POI007308,PO07308,P0064,217,1.28,277.76
POI007309,PO07309,P0064,218,1.28,279.04
POI007310,PO07310,P0064,214,1.28,273.92
POI007311,PO07311,P0064,217,1.28,277.76
POI007312,PO07312,P0065,287,0.81,232.47
POI007313,PO07313,P0065,292,0.81,236.52
POI007314,PO07314,P0065,272,0.81,220.32
POI007315,PO07315,P0065,281,0.81,227.61
POI007316,PO07316,P0065,288,0.81,233.28
POI007317,PO07317,P0065,282,0.81,228.42
POI007318,PO07318,P0065,271,0.81,219.51
POI007319,PO07319,P0065,278,0.81,225.18
POI007320,PO07320,P0065,289,0.81,234.09
POI007321,PO07321,P0065,288,0.81,233.28
POI007322,PO07322,P0065,277,0.81,224.37
POI007323,PO07323,P0065,272,0.81,220.32
POI007324,PO07324,P0065,284,0.81,230.04
POI007325,PO07325,P0065,278,0.81,225.18
POI007326,PO07326,P0065,272,0.81,220.32
POI007327,PO07327,P0065,271,0.81,219.51
POI007328,PO07328,P0065,275,0.81,222.75
POI007329,PO07329,P0065,275,0.81,222.75
POI007330,PO07330,P0065,279,0.81,225.99
POI007331,PO07331,P0065,274,0.81,221.94
POI007332,PO07332,P0065,274,0.81,221.94
POI007333,PO07333,P0065,286,0.81,231.66
POI007334,PO07334,P0065,272,0.81,220.32
POI007335,PO07335,P0065,284,0.81,230.04
POI007336,PO07336,P0065,281,0.81,227.61
POI007337,PO07337,P0065,278,0.81,225.18
POI007338,PO07338,P0066,128,17.67,2261.76
POI007339,PO07339,P0066,129,17.67,2279.43
POI007340,PO07340,P0066,130,22.73,2954.9
POI007341,PO07341,P0066,126,22.31,2811.06
POI007342,PO07342,P0066,126,22.31,2811.06
POI007343,PO07343,P0066,126,22.31,2811.06
POI007344,PO07344,P0066,129,17.67,2279.43
POI007345,PO07345,P0066,130,22.31,2900.3
POI007346,PO07346,P0066,125,17.67,2208.75
POI007347,PO07347,P0066,125,22.73,2841.25
POI007348,PO07348,P0066,129,22.73,2932.17
POI007349,PO07349,P0066,133,17.67,2350.11
POI007350,PO07350,P0066,131,22.73,2977.63
POI007351,PO07351,P0066,125,22.73,2841.25
POI007352,PO07352,P0066,126,22.73,2863.98
POI007353,PO07353,P0066,128,17.67,2261.76
POI007354,PO07354,P0067,382,12.44,4752.08
POI007355,PO07355,P0067,395,14.93,5897.35
POI007356,PO07356,P0067,396,14.93,5912.28
POI007357,PO07357,P0067,386,13.55,5230.3
POI007358,PO07358,P0067,385,12.44,4789.4
POI007359,PO07359,P0067,395,13.55,5352.25
POI007360,PO07360,P0067,382,14.93,5703.26
POI007361,PO07361,P0067,387,12.44,4814.28
POI007362,PO07362,P0067,383,13.55,5189.65
POI007363,PO07363,P0067,382,12.44,4752.08
POI007364,PO07364,P0067,400,13.55,5420.0
POI007365,PO07365,P0068,149,3.58,533.42
POI007366,PO07366,P0068,145,3.74,542.3
POI007367,PO07367,P0068,143,3.98,569.14
POI007368,PO07368,P0068,149,3.58,533.42
POI007369,PO07369,P0068,152,3.74,568.48
POI007370,PO07370,P0068,144,3.74,538.56
POI007371,PO07371,P0068,150,3.74,561.0
POI007372,PO07372,P0068,144,3.98,573.12
POI007373,PO07373,P0068,144,3.58,515.52
POI007374,PO07374,P0068,145,3.58,519.1
POI007375,PO07375,P0068,146,3.58,522.68
POI007376,PO07376,P0068,149,3.58,533.42
POI007377,PO07377,P0068,147,3.58,526.26
POI007378,PO07378,P0068,145,3.58,519.1
POI007379,PO07379,P0068,146,3.58,522.68
POI007380,PO07380,P0068,143,3.98,569.14
POI007381,PO07381,P0068,148,3.74,553.52
POI007382,PO07382,P0068,143,3.58,511.94
POI007383,PO07383,P0068,147,3.98,585.06
POI007384,PO07384,P0068,144,3.74,538.56
POI007385,PO07385,P0069,275,8.53,2345.75
POI007386,PO07386,P0069,275,7.68,2112.0
POI007387,PO07387,P0069,282,8.53,2405.46
POI007388,PO07388,P0069,277,7.68,2127.36
POI007389,PO07389,P0069,286,8.53,2439.58
POI007390,PO07390,P0069,274,7.68,2104.32
POI007391,PO07391,P0069,274,7.68,2104.32
POI007392,PO07392,P0069,278,7.68,2135.04
POI007393,PO07393,P0069,282,7.68,2165.76
POI007394,PO07394,P0069,273,8.53,2328.69
POI007395,PO07395,P0069,273,8.53,2328.69
POI007396,PO07396,P0069,276,7.68,2119.68
POI007397,PO07397,P0069,277,7.68,2127.36
POI007398,PO07398,P0070,496,7.67,3804.32
POI007399,PO07399,P0070,496,7.67,3804.32
POI007400,PO07400,P0070,496,7.67,3804.32
POI007401,PO07401,P0070,496,7.67,3804.32
POI007402,PO07402,P0070,496,7.67,3804.32
POI007403,PO07403,P0070,496,7.67,3804.32
POI007404,PO07404,P0070,496,7.67,3804.32
POI007405,PO07405,P0070,496,7.67,3804.32
POI007406,PO07406,P0070,496,7.67,3804.32
POI007407,PO07407,P0070,496,7.67,3804.32
POI007408,PO07408,P0070,489,7.67,3750.63
POI007409,PO07409,P0070,496,7.67,3804.32
POI007410,PO07410,P0070,496,7.67,3804.32
POI007411,PO07411,P0070,496,7.67,3804.32
POI007412,PO07412,P0070,494,7.67,3788.98
POI007413,PO07413,P0070,496,7.67,3804.32
POI007414,PO07414,P0070,496,7.67,3804.32
POI007415,PO07415,P0070,496,7.67,3804.32
POI007416,PO07416,P0070,496,7.67,3804.32
POI007417,PO07417,P0070,487,7.67,3735.29
POI007418,PO07418,P0070,496,7.67,3804.32
POI007419,PO07419,P0071,87,12.78,1111.86
POI007420,PO07420,P0071,83,12.78,1060.74
POI007421,PO07421,P0071,92,10.15,933.8
POI007422,PO07422,P0071,75,10.15,761.25
POI007423,PO07423,P0071,98,12.78,1252.44
POI007424,PO07424,P0071,85,12.78,1086.3
POI007425,PO07425,P0071,77,10.15,781.55
POI007426,PO07426,P0071,88,12.78,1124.64
POI007427,PO07427,P0071,81,12.78,1035.18
POI007428,PO07428,P0071,92,11.75,1081.0
POI007429,PO07429,P0071,83,12.78,1060.74
POI007430,PO07430,P0071,84,11.75,987.0
POI007431,PO07431,P0071,92,11.75,1081.0
POI007432,PO07432,P0071,85,11.75,998.75
POI007433,PO07433,P0071,80,12.78,1022.4
POI007434,PO07434,P0071,91,10.15,923.65
POI007435,PO07435,P0071,83,11.75,975.25
POI007436,PO07436,P0071,73,12.78,932.94
POI007437,PO07437,P0071,76,10.15,771.4
POI007438,PO07438,P0071,98,12.78,1252.44
POI007439,PO07439,P0071,86,10.15,872.9
POI007440,PO07440,P0071,87,11.75,1022.25
POI007441,PO07441,P0071,80,12.78,1022.4
POI007442,PO07442,P0071,88,11.75,1034.0
POI007443,PO07443,P0071,81,12.78,1035.18
POI007444,PO07444,P0071,90,11.75,1057.5
POI007445,PO07445,P0071,103,11.75,1210.25
POI007446,PO07446,P0071,95,11.75,1116.25
POI007447,PO07447,P0071,90,11.75,1057.5
POI007448,PO07448,P0071,96,11.75,1128.0
POI007449,PO07449,P0071,74,11.75,869.5
POI007450,PO07450,P0071,74,11.75,869.5
POI007451,PO07451,P0071,79,12.78,1009.62
POI007452,PO07452,P0071,87,10.15,883.05
POI007453,PO07453,P0071,88,10.15,893.2
POI007454,PO07454,P0071,85,10.15,862.75
POI007455,PO07455,P0071,73,10.15,740.95
POI007456,PO07456,P0071,95,10.15,964.25
POI007457,PO07457,P0071,74,11.75,869.5
POI007458,PO07458,P0071,92,10.15,933.8
POI007459,PO07459,P0071,88,12.78,1124.64
POI007460,PO07460,P0071,89,12.78,1137.42
POI007461,PO07461,P0071,80,11.75,940.0
POI007462,PO07462,P0071,85,11.75,998.75
POI007463,PO07463,P0071,86,11.75,1010.5
POI007464,PO07464,P0071,83,12.78,1060.74
POI007465,PO07465,P0071,73,12.78,932.94
POI007466,PO07466,P0071,81,10.15,822.15
POI007467,PO07467,P0071,88,12.78,1124.64
POI007468,PO07468,P0071,76,11.75,893.0
POI007469,PO07469,P0071,74,11.75,869.5
POI007470,PO07470,P0071,76,11.75,893.0
POI007471,PO07471,P0071,84,12.78,1073.52
POI007472,PO07472,P0071,76,12.78,971.28
POI007473,PO07473,P0071,74,11.75,869.5
POI007474,PO07474,P0071,77,11.75,904.75
POI007475,PO07475,P0071,78,12.78,996.84
POI007476,PO07476,P0071,75,12.78,958.5
POI007477,PO07477,P0071,94,12.78,1201.32
POI007478,PO07478,P0071,80,11.75,940.0
POI007479,PO07479,P0071,87,11.75,1022.25
POI007480,PO07480,P0071,82,10.15,832.3
POI007481,PO07481,P0071,74,12.78,945.72
POI007482,PO07482,P0071,82,10.15,832.3
POI007483,PO07483,P0071,90,11.75,1057.5
POI007484,PO07484,P0071,93,11.75,1092.75
POI007485,PO07485,P0071,76,12.78,971.28
POI007486,PO07486,P0071,79,12.78,1009.62
POI007487,PO07487,P0071,83,11.75,975.25
POI007488,PO07488,P0071,94,12.78,1201.32
POI007489,PO07489,P0071,83,11.75,975.25
POI007490,PO07490,P0071,84,10.15,852.6
POI007491,PO07491,P0071,84,10.15,852.6
POI007492,PO07492,P0071,82,12.78,1047.96
POI007493,PO07493,P0071,78,10.15,791.7
POI007494,PO07494,P0071,96,12.78,1226.88
POI007495,PO07495,P0071,73,11.75,857.75
POI007496,PO07496,P0071,91,12.78,1162.98
POI007497,PO07497,P0071,75,10.15,761.25
POI007498,PO07498,P0071,82,10.15,832.3
POI007499,PO07499,P0071,81,10.15,822.15
POI007500,PO07500,P0071,94,11.75,1104.5
POI007501,PO07501,P0071,75,11.75,881.25
POI007502,PO07502,P0071,79,10.15,801.85
POI007503,PO07503,P0072,177,16.31,2886.87
POI007504,PO07504,P0072,171,13.98,2390.58
POI007505,PO07505,P0072,177,13.98,2474.46
POI007506,PO07506,P0072,168,13.98,2348.64
POI007507,PO07507,P0072,173,13.98,2418.54
POI007508,PO07508,P0072,177,16.31,2886.87
POI007509,PO07509,P0072,168,13.98,2348.64
POI007510,PO07510,P0072,175,13.98,2446.5
POI007511,PO07511,P0072,177,16.31,2886.87
POI007512,PO07512,P0072,169,13.98,2362.62
POI007513,PO07513,P0072,177,16.31,2886.87
POI007514,PO07514,P0072,177,16.31,2886.87
POI007515,PO07515,P0072,177,16.31,2886.87
POI007516,PO07516,P0072,174,16.31,2837.94
POI007517,PO07517,P0072,171,13.98,2390.58
POI007518,PO07518,P0072,177,16.31,2886.87
POI007519,PO07519,P0072,176,13.98,2460.48
POI007520,PO07520,P0072,177,16.31,2886.87
POI007521,PO07521,P0072,177,16.31,2886.87
POI007522,PO07522,P0072,175,13.98,2446.5
POI007523,PO07523,P0072,177,13.98,2474.46
POI007524,PO07524,P0072,172,16.31,2805.32
POI007525,PO07525,P0072,175,16.31,2854.25
POI007526,PO07526,P0072,177,13.98,2474.46
POI007527,PO07527,P0072,177,16.31,2886.87
POI007528,PO07528,P0072,177,13.98,2474.46
POI007529,PO07529,P0072,177,16.31,2886.87
POI007530,PO07530,P0072,177,13.98,2474.46
POI007531,PO07531,P0072,169,16.31,2756.39
POI007532,PO07532,P0072,177,16.31,2886.87
POI007533,PO07533,P0072,177,13.98,2474.46
POI007534,PO07534,P0072,169,16.31,2756.39
POI007535,PO07535,P0072,169,16.31,2756.39
POI007536,PO07536,P0072,176,13.98,2460.48
POI007537,PO07537,P0072,174,13.98,2432.52
POI007538,PO07538,P0072,177,16.31,2886.87
POI007539,PO07539,P0072,168,16.31,2740.08
POI007540,PO07540,P0072,177,13.98,2474.46
POI007541,PO07541,P0072,177,16.31,2886.87
POI007542,PO07542,P0072,177,16.31,2886.87
POI007543,PO07543,P0072,174,16.31,2837.94
POI007544,PO07544,P0072,169,16.31,2756.39
POI007545,PO07545,P0072,177,13.98,2474.46
POI007546,PO07546,P0072,176,16.31,2870.56
POI007547,PO07547,P0072,177,16.31,2886.87
POI007548,PO07548,P0073,331,10.61,3511.91
POI007549,PO07549,P0073,334,10.19,3403.46
POI007550,PO07550,P0073,341,8.48,2891.68
POI007551,PO07551,P0073,341,10.61,3618.01
POI007552,PO07552,P0073,327,10.19,3332.13
POI007553,PO07553,P0073,334,8.48,2832.32
POI007554,PO07554,P0073,337,10.19,3434.03
POI007555,PO07555,P0073,334,10.61,3543.74
POI007556,PO07556,P0073,331,10.19,3372.89
POI007557,PO07557,P0073,340,8.48,2883.2
POI007558,PO07558,P0073,335,10.19,3413.65
POI007559,PO07559,P0073,332,8.48,2815.36
POI007560,PO07560,P0073,341,10.61,3618.01
POI007561,PO07561,P0073,322,10.19,3281.18
POI007562,PO07562,P0073,318,10.19,3240.42
POI007563,PO07563,P0073,341,10.61,3618.01
POI007564,PO07564,P0073,336,8.48,2849.28
POI007565,PO07565,P0073,324,10.19,3301.56
POI007566,PO07566,P0073,335,10.61,3554.35
POI007567,PO07567,P0073,332,10.61,3522.52
POI007568,PO07568,P0073,323,10.61,3427.03
POI007569,PO07569,P0073,320,8.48,2713.6
POI007570,PO07570,P0073,319,8.48,2705.12
POI007571,PO07571,P0073,322,10.61,3416.42
POI007572,PO07572,P0073,333,10.61,3533.13
POI007573,PO07573,P0073,323,8.48,2739.04
POI007574,PO07574,P0073,326,10.19,3321.94
POI007575,PO07575,P0073,322,10.19,3281.18
POI007576,PO07576,P0073,334,8.48,2832.32
POI007577,PO07577,P0073,339,10.61,3596.79
POI007578,PO07578,P0074,328,5.35,1754.8
POI007579,PO07579,P0074,332,5.64,1872.48
POI007580,PO07580,P0074,323,5.64,1821.72
POI007581,PO07581,P0074,332,4.94,1640.08
POI007582,PO07582,P0074,332,4.94,1640.08
POI007583,PO07583,P0074,332,5.64,1872.48
POI007584,PO07584,P0074,331,5.64,1866.84
POI007585,PO07585,P0074,327,5.35,1749.45
POI007586,PO07586,P0074,330,5.35,1765.5
POI007587,PO07587,P0074,332,4.94,1640.08
POI007588,PO07588,P0074,316,5.35,1690.6
POI007589,PO07589,P0074,327,4.94,1615.38
POI007590,PO07590,P0074,323,5.35,1728.05
POI007591,PO07591,P0074,323,4.94,1595.62
POI007592,PO07592,P0074,330,5.35,1765.5
POI007593,PO07593,P0074,330,5.64,1861.2
POI007594,PO07594,P0074,331,5.64,1866.84
POI007595,PO07595,P0074,332,5.35,1776.2
POI007596,PO07596,P0074,332,5.64,1872.48
POI007597,PO07597,P0074,332,5.64,1872.48
POI007598,PO07598,P0074,332,4.94,1640.08
POI007599,PO07599,P0074,332,4.94,1640.08
POI007600,PO07600,P0074,323,5.35,1728.05
POI007601,PO07601,P0074,318,5.35,1701.3
POI007602,PO07602,P0074,332,5.64,1872.48
POI007603,PO07603,P0074,318,4.94,1570.92
POI007604,PO07604,P0074,332,5.35,1776.2
POI007605,PO07605,P0074,332,5.64,1872.48
POI007606,PO07606,P0074,317,5.35,1695.95
POI007607,PO07607,P0075,388,18.75,7275.0
POI007608,PO07608,P0075,393,17.22,6767.46
POI007609,PO07609,P0075,395,18.75,7406.25
POI007610,PO07610,P0075,402,17.22,6922.44
POI007611,PO07611,P0075,411,17.22,7077.42
POI007612,PO07612,P0075,405,17.22,6974.1
POI007613,PO07613,P0075,407,18.75,7631.25
POI007614,PO07614,P0075,411,17.22,7077.42
POI007615,PO07615,P0075,411,17.22,7077.42
POI007616,PO07616,P0075,397,17.22,6836.34
POI007617,PO07617,P0075,391,18.75,7331.25
POI007618,PO07618,P0075,411,18.75,7706.25
POI007619,PO07619,P0075,390,17.22,6715.8
POI007620,PO07620,P0075,411,18.75,7706.25
POI007621,PO07621,P0075,394,17.22,6784.68
POI007622,PO07622,P0075,389,17.22,6698.58
POI007623,PO07623,P0075,401,18.75,7518.75
POI007624,PO07624,P0075,404,17.22,6956.88
POI007625,PO07625,P0075,408,17.22,7025.76
POI007626,PO07626,P0075,411,18.75,7706.25
POI007627,PO07627,P0075,403,17.22,6939.66
POI007628,PO07628,P0075,393,17.22,6767.46
POI007629,PO07629,P0075,403,18.75,7556.25
POI007630,PO07630,P0075,388,17.22,6681.36
POI007631,PO07631,P0075,393,18.75,7368.75
POI007632,PO07632,P0075,402,17.22,6922.44
POI007633,PO07633,P0075,407,18.75,7631.25
POI007634,PO07634,P0075,398,17.22,6853.56
POI007635,PO07635,P0075,409,18.75,7668.75
POI007636,PO07636,P0076,85,5.83,495.55
POI007637,PO07637,P0076,85,5.83,495.55
POI007638,PO07638,P0076,105,5.83,612.15
POI007639,PO07639,P0076,78,5.83,454.74
POI007640,PO07640,P0076,92,5.83,536.36
POI007641,PO07641,P0076,82,5.83,478.06
POI007642,PO07642,P0076,76,5.83,443.08
POI007643,PO07643,P0076,87,5.83,507.21
POI007644,PO07644,P0076,86,5.83,501.38
POI007645,PO07645,P0076,97,5.83,565.51
POI007646,PO07646,P0076,105,5.83,612.15
POI007647,PO07647,P0076,86,5.83,501.38
POI007648,PO07648,P0076,93,5.83,542.19
POI007649,PO07649,P0076,95,5.83,553.85
POI007650,PO07650,P0076,108,5.83,629.64
POI007651,PO07651,P0076,97,5.83,565.51
POI007652,PO07652,P0076,79,5.83,460.57
POI007653,PO07653,P0076,89,5.83,518.87
POI007654,PO07654,P0076,85,5.83,495.55
POI007655,PO07655,P0076,100,5.83,583.0
POI007656,PO07656,P0076,83,5.83,483.89
POI007657,PO07657,P0076,89,5.83,518.87
POI007658,PO07658,P0076,100,5.83,583.0
POI007659,PO07659,P0076,89,5.83,518.87
POI007660,PO07660,P0076,83,5.83,483.89
POI007661,PO07661,P0076,104,5.83,606.32
POI007662,PO07662,P0076,96,5.83,559.68
POI007663,PO07663,P0076,91,5.83,530.53
POI007664,PO07664,P0076,92,5.83,536.36
POI007665,PO07665,P0076,83,5.83,483.89
POI007666,PO07666,P0076,94,5.83,548.02
POI007667,PO07667,P0076,95,5.83,553.85
POI007668,PO07668,P0076,77,5.83,448.91
POI007669,PO07669,P0076,83,5.83,483.89
POI007670,PO07670,P0076,77,5.83,448.91
POI007671,PO07671,P0076,77,5.83,448.91
POI007672,PO07672,P0076,78,5.83,454.74
POI007673,PO07673,P0076,86,5.83,501.38
POI007674,PO07674,P0076,101,5.83,588.83
POI007675,PO07675,P0076,85,5.83,495.55
POI007676,PO07676,P0076,100,5.83,583.0
POI007677,PO07677,P0076,93,5.83,542.19
POI007678,PO07678,P0076,80,5.83,466.4
POI007679,PO07679,P0076,95,5.83,553.85
POI007680,PO07680,P0076,78,5.83,454.74
POI007681,PO07681,P0076,92,5.83,536.36
POI007682,PO07682,P0076,83,5.83,483.89
POI007683,PO07683,P0076,95,5.83,553.85
POI007684,PO07684,P0076,79,5.83,460.57
POI007685,PO07685,P0076,90,5.83,524.7
POI007686,PO07686,P0076,98,5.83,571.34
POI007687,PO07687,P0076,81,5.83,472.23
POI007688,PO07688,P0076,78,5.83,454.74
POI007689,PO07689,P0076,96,5.83,559.68
POI007690,PO07690,P0076,86,5.83,501.38
POI007691,PO07691,P0076,76,5.83,443.08
POI007692,PO07692,P0076,80,5.83,466.4
POI007693,PO07693,P0076,98,5.83,571.34
POI007694,PO07694,P0076,80,5.83,466.4
POI007695,PO07695,P0076,92,5.83,536.36
POI007696,PO07696,P0076,95,5.83,553.85
POI007697,PO07697,P0076,102,5.83,594.66
POI007698,PO07698,P0076,85,5.83,495.55
POI007699,PO07699,P0076,85,5.83,495.55
POI007700,PO07700,P0076,81,5.83,472.23
POI007701,PO07701,P0076,86,5.83,501.38
POI007702,PO07702,P0076,99,5.83,577.17
POI007703,PO07703,P0076,102,5.83,594.66
POI007704,PO07704,P0076,105,5.83,612.15
POI007705,PO07705,P0076,89,5.83,518.87
POI007706,PO07706,P0076,77,5.83,448.91
POI007707,PO07707,P0076,77,5.83,448.91
POI007708,PO07708,P0076,77,5.83,448.91
POI007709,PO07709,P0076,86,5.83,501.38
POI007710,PO07710,P0076,95,5.83,553.85
POI007711,PO07711,P0076,86,5.83,501.38
POI007712,PO07712,P0076,80,5.83,466.4
POI007713,PO07713,P0076,89,5.83,518.87
POI007714,PO07714,P0076,99,5.83,577.17
POI007715,PO07715,P0076,100,5.83,583.0
POI007716,PO07716,P0076,99,5.83,577.17
POI007717,PO07717,P0076,92,5.83,536.36
POI007718,PO07718,P0076,82,5.83,478.06
POI007719,PO07719,P0076,86,5.83,501.38
POI007720,PO07720,P0076,100,5.83,583.0
POI007721,PO07721,P0076,81,5.83,472.23
POI007722,PO07722,P0076,100,5.83,583.0
POI007723,PO07723,P0076,79,5.83,460.57
POI007724,PO07724,P0076,76,5.83,443.08
POI007725,PO07725,P0076,87,5.83,507.21
POI007726,PO07726,P0076,84,5.83,489.72
POI007727,PO07727,P0076,81,5.83,472.23
POI007728,PO07728,P0076,80,5.83,466.4
POI007729,PO07729,P0076,88,5.83,513.04
POI007730,PO07730,P0076,93,5.83,542.19
POI007731,PO07731,P0076,103,5.83,600.49
POI007732,PO07732,P0076,92,5.83,536.36
POI007733,PO07733,P0076,87,5.83,507.21
POI007734,PO07734,P0076,92,5.83,536.36
POI007735,PO07735,P0076,102,5.83,594.66
POI007736,PO07736,P0076,95,5.83,553.85
POI007737,PO07737,P0076,88,5.83,513.04
POI007738,PO07738,P0076,94,5.83,548.02
POI007739,PO07739,P0076,80,5.83,466.4
POI007740,PO07740,P0076,96,5.83,559.68
POI007741,PO07741,P0076,90,5.83,524.7
POI007742,PO07742,P0076,90,5.83,524.7
POI007743,PO07743,P0076,88,5.83,513.04
POI007744,PO07744,P0076,85,5.83,495.55
POI007745,PO07745,P0076,89,5.83,518.87
POI007746,PO07746,P0077,85,2.54,215.9
POI007747,PO07747,P0077,95,2.54,241.3
POI007748,PO07748,P0077,84,2.54,213.36
POI007749,PO07749,P0077,101,2.54,256.54
POI007750,PO07750,P0077,87,2.54,220.98
POI007751,PO07751,P0077,103,2.54,261.62
POI007752,PO07752,P0077,90,2.54,228.6
POI007753,PO07753,P0077,84,2.54,213.36
POI007754,PO07754,P0077,88,2.54,223.52
POI007755,PO07755,P0077,93,2.54,236.22
POI007756,PO07756,P0077,84,2.54,213.36
POI007757,PO07757,P0077,90,2.54,228.6
POI007758,PO07758,P0077,82,2.54,208.28
POI007759,PO07759,P0077,82,2.54,208.28
POI007760,PO07760,P0077,81,2.54,205.74
POI007761,PO07761,P0077,90,2.54,228.6
POI007762,PO07762,P0077,88,2.54,223.52
POI007763,PO07763,P0077,83,2.54,210.82
POI007764,PO07764,P0077,81,2.54,205.74
POI007765,PO07765,P0077,80,2.54,203.2
POI007766,PO07766,P0077,81,2.54,205.74
POI007767,PO07767,P0077,87,2.54,220.98
POI007768,PO07768,P0077,85,2.54,215.9
POI007769,PO07769,P0077,80,2.54,203.2
POI007770,PO07770,P0077,81,2.54,205.74
POI007771,PO07771,P0077,83,2.54,210.82
POI007772,PO07772,P0077,83,2.54,210.82
POI007773,PO07773,P0077,85,2.54,215.9
POI007774,PO07774,P0077,95,2.54,241.3
POI007775,PO07775,P0077,81,2.54,205.74
POI007776,PO07776,P0077,93,2.54,236.22
POI007777,PO07777,P0077,92,2.54,233.68
POI007778,PO07778,P0077,83,2.54,210.82
POI007779,PO07779,P0077,91,2.54,231.14
POI007780,PO07780,P0077,86,2.54,218.44
POI007781,PO07781,P0077,87,2.54,220.98
POI007782,PO07782,P0077,86,2.54,218.44
POI007783,PO07783,P0077,84,2.54,213.36
POI007784,PO07784,P0077,92,2.54,233.68
POI007785,PO07785,P0077,86,2.54,218.44
POI007786,PO07786,P0077,90,2.54,228.6
POI007787,PO07787,P0077,89,2.54,226.06
POI007788,PO07788,P0077,90,2.54,228.6
POI007789,PO07789,P0077,81,2.54,205.74
POI007790,PO07790,P0077,87,2.54,220.98
POI007791,PO07791,P0077,81,2.54,205.74
POI007792,PO07792,P0077,81,2.54,205.74
POI007793,PO07793,P0077,80,2.54,203.2
POI007794,PO07794,P0077,86,2.54,218.44
POI007795,PO07795,P0077,91,2.54,231.14
POI007796,PO07796,P0077,87,2.54,220.98
POI007797,PO07797,P0077,81,2.54,205.74
POI007798,PO07798,P0077,85,2.54,215.9
POI007799,PO07799,P0077,87,2.54,220.98
POI007800,PO07800,P0077,86,2.54,218.44
POI007801,PO07801,P0077,82,2.54,208.28
POI007802,PO07802,P0077,83,2.54,210.82
POI007803,PO07803,P0077,89,2.54,226.06
POI007804,PO07804,P0077,81,2.54,205.74
POI007805,PO07805,P0077,87,2.54,220.98
POI007806,PO07806,P0078,397,14.66,5820.02
POI007807,PO07807,P0078,403,14.66,5907.98
POI007808,PO07808,P0078,403,14.66,5907.98
POI007809,PO07809,P0078,394,14.66,5776.04
POI007810,PO07810,P0078,402,14.66,5893.32
POI007811,PO07811,P0078,410,14.66,6010.6
POI007812,PO07812,P0078,401,14.66,5878.66
POI007813,PO07813,P0078,401,14.66,5878.66
POI007814,PO07814,P0078,395,14.66,5790.7
POI007815,PO07815,P0078,394,14.66,5776.04
POI007816,PO07816,P0078,400,14.66,5864.0
POI007817,PO07817,P0078,402,14.66,5893.32
POI007818,PO07818,P0078,412,14.66,6039.92
POI007819,PO07819,P0078,396,14.66,5805.36
POI007820,PO07820,P0078,398,14.66,5834.68
POI007821,PO07821,P0078,410,14.66,6010.6
POI007822,PO07822,P0078,397,14.66,5820.02
POI007823,PO07823,P0078,395,14.66,5790.7
POI007824,PO07824,P0079,428,6.93,2966.04
POI007825,PO07825,P0079,427,5.59,2386.93
POI007826,PO07826,P0079,424,6.93,2938.32
POI007827,PO07827,P0079,429,5.59,2398.11
POI007828,PO07828,P0079,436,5.59,2437.24
POI007829,PO07829,P0079,431,5.59,2409.29
POI007830,PO07830,P0079,434,6.93,3007.62
POI007831,PO07831,P0079,428,6.93,2966.04
POI007832,PO07832,P0079,431,5.59,2409.29
POI007833,PO07833,P0079,433,6.93,3000.69
POI007834,PO07834,P0079,425,6.93,2945.25
POI007835,PO07835,P0079,422,5.59,2358.98
POI007836,PO07836,P0079,438,6.93,3035.34
POI007837,PO07837,P0079,430,6.93,2979.9
POI007838,PO07838,P0079,439,6.93,3042.27
POI007839,PO07839,P0080,232,12.36,2867.52
POI007840,PO07840,P0080,250,12.36,3090.0
POI007841,PO07841,P0080,236,12.36,2916.96
POI007842,PO07842,P0080,233,14.73,3432.09
POI007843,PO07843,P0080,254,12.36,3139.44
POI007844,PO07844,P0080,240,14.73,3535.2
POI007845,PO07845,P0080,260,12.36,3213.6
POI007846,PO07846,P0080,254,12.36,3139.44
POI007847,PO07847,P0080,270,14.73,3977.1
POI007848,PO07848,P0080,259,14.73,3815.07
POI007849,PO07849,P0080,267,12.36,3300.12
POI007850,PO07850,P0080,261,12.36,3225.96
POI007851,PO07851,P0080,240,14.73,3535.2
POI007852,PO07852,P0080,241,12.36,2978.76
POI007853,PO07853,P0080,238,12.36,2941.68
POI007854,PO07854,P0080,237,12.36,2929.32
POI007855,PO07855,P0080,235,14.73,3461.55
POI007856,PO07856,P0080,249,14.73,3667.77
POI007857,PO07857,P0080,241,14.73,3549.93
POI007858,PO07858,P0080,260,14.73,3829.8
POI007859,PO07859,P0080,240,12.36,2966.4
POI007860,PO07860,P0080,259,12.36,3201.24
POI007861,PO07861,P0080,252,14.73,3711.96
POI007862,PO07862,P0080,266,12.36,3287.76
POI007863,PO07863,P0080,253,14.73,3726.69
POI007864,PO07864,P0080,238,12.36,2941.68
POI007865,PO07865,P0080,242,12.36,2991.12
POI007866,PO07866,P0080,250,14.73,3682.5
POI007867,PO07867,P0080,243,14.73,3579.39
POI007868,PO07868,P0080,234,14.73,3446.82
POI007869,PO07869,P0080,243,14.73,3579.39
POI007870,PO07870,P0080,247,14.73,3638.31
POI007871,PO07871,P0080,259,12.36,3201.24
POI007872,PO07872,P0080,235,12.36,2904.6
POI007873,PO07873,P0080,252,12.36,3114.72
POI007874,PO07874,P0080,248,14.73,3653.04
POI007875,PO07875,P0080,242,12.36,2991.12
POI007876,PO07876,P0080,263,12.36,3250.68
POI007877,PO07877,P0080,249,14.73,3667.77
POI007878,PO07878,P0080,254,14.73,3741.42
POI007879,PO07879,P0080,248,14.73,3653.04
POI007880,PO07880,P0080,249,12.36,3077.64
POI007881,PO07881,P0080,245,12.36,3028.2
POI007882,PO07882,P0080,245,14.73,3608.85
POI007883,PO07883,P0081,386,7.5,2895.0
POI007884,PO07884,P0081,384,8.12,3118.08
POI007885,PO07885,P0081,396,7.5,2970.0
POI007886,PO07886,P0081,379,8.12,3077.48
POI007887,PO07887,P0081,377,8.12,3061.24
POI007888,PO07888,P0081,383,7.5,2872.5
POI007889,PO07889,P0081,380,8.12,3085.6
POI007890,PO07890,P0081,383,8.12,3109.96
POI007891,PO07891,P0081,388,7.5,2910.0
POI007892,PO07892,P0081,376,7.5,2820.0
POI007893,PO07893,P0081,381,8.12,3093.72
POI007894,PO07894,P0081,375,7.5,2812.5
POI007895,PO07895,P0081,388,8.12,3150.56
POI007896,PO07896,P0081,391,7.5,2932.5
POI007897,PO07897,P0081,380,8.12,3085.6
POI007898,PO07898,P0081,381,7.5,2857.5
POI007899,PO07899,P0081,389,8.12,3158.68
POI007900,PO07900,P0081,378,8.12,3069.36
POI007901,PO07901,P0082,445,3.05,1357.25
POI007902,PO07902,P0082,437,2.36,1031.32
POI007903,PO07903,P0082,450,2.36,1062.0
POI007904,PO07904,P0082,439,3.05,1338.95
POI007905,PO07905,P0082,438,3.05,1335.9
POI007906,PO07906,P0082,444,2.36,1047.84
POI007907,PO07907,P0082,443,2.36,1045.48
POI007908,PO07908,P0082,454,3.05,1384.7
POI007909,PO07909,P0082,440,3.05,1342.0
POI007910,PO07910,P0082,441,3.05,1345.05
POI007911,PO07911,P0082,438,2.36,1033.68
POI007912,PO07912,P0082,436,3.05,1329.8
POI007913,PO07913,P0083,146,5.11,746.06
POI007914,PO07914,P0083,154,5.11,786.94
POI007915,PO07915,P0083,149,5.11,761.39
POI007916,PO07916,P0083,149,5.11,761.39
POI007917,PO07917,P0083,153,5.11,781.83
POI007918,PO07918,P0083,146,5.11,746.06
POI007919,PO07919,P0083,147,5.11,751.17
POI007920,PO07920,P0083,153,5.11,781.83
POI007921,PO07921,P0083,150,5.11,766.5
POI007922,PO07922,P0083,146,5.11,746.06
POI007923,PO07923,P0083,152,5.11,776.72
POI007924,PO07924,P0083,154,5.11,786.94
POI007925,PO07925,P0083,149,5.11,761.39
POI007926,PO07926,P0083,149,5.11,761.39
POI007927,PO07927,P0083,151,5.11,771.61
POI007928,PO07928,P0083,152,5.11,776.72
POI007929,PO07929,P0083,152,5.11,776.72
POI007930,PO07930,P0083,150,5.11,766.5
POI007931,PO07931,P0083,146,5.11,746.06
POI007932,PO07932,P0083,154,5.11,786.94
POI007933,PO07933,P0083,151,5.11,771.61
POI007934,PO07934,P0083,154,5.11,786.94
POI007935,PO07935,P0084,89,24.09,2144.01
POI007936,PO07936,P0084,82,24.09,1975.38
POI007937,PO07937,P0084,86,24.09,2071.74
POI007938,PO07938,P0084,81,24.09,1951.29
POI007939,PO07939,P0084,98,24.09,2360.82
POI007940,PO07940,P0084,83,24.09,1999.47
POI007941,PO07941,P0084,90,24.09,2168.1
POI007942,PO07942,P0084,94,24.09,2264.46
POI007943,PO07943,P0084,90,24.09,2168.1
POI007944,PO07944,P0084,86,24.09,2071.74
POI007945,PO07945,P0084,82,24.09,1975.38
POI007946,PO07946,P0084,85,24.09,2047.65
POI007947,PO07947,P0084,81,24.09,1951.29
POI007948,PO07948,P0084,86,24.09,2071.74
POI007949,PO07949,P0084,82,24.09,1975.38
POI007950,PO07950,P0084,88,24.09,2119.92
POI007951,PO07951,P0084,87,24.09,2095.83
POI007952,PO07952,P0084,85,24.09,2047.65
POI007953,PO07953,P0084,81,24.09,1951.29
POI007954,PO07954,P0084,82,24.09,1975.38
POI007955,PO07955,P0084,94,24.09,2264.46
POI007956,PO07956,P0084,94,24.09,2264.46
POI007957,PO07957,P0084,85,24.09,2047.65
POI007958,PO07958,P0084,87,24.09,2095.83
POI007959,PO07959,P0084,88,24.09,2119.92
POI007960,PO07960,P0084,85,24.09,2047.65
POI007961,PO07961,P0084,92,24.09,2216.28
POI007962,PO07962,P0084,85,24.09,2047.65
POI007963,PO07963,P0084,90,24.09,2168.1
POI007964,PO07964,P0084,97,24.09,2336.73
POI007965,PO07965,P0084,82,24.09,1975.38
POI007966,PO07966,P0084,86,24.09,2071.74
POI007967,PO07967,P0084,84,24.09,2023.56
POI007968,PO07968,P0084,91,24.09,2192.19
POI007969,PO07969,P0084,96,24.09,2312.64
POI007970,PO07970,P0084,82,24.09,1975.38
POI007971,PO07971,P0084,93,24.09,2240.37
POI007972,PO07972,P0084,89,24.09,2144.01
POI007973,PO07973,P0084,84,24.09,2023.56
POI007974,PO07974,P0084,96,24.09,2312.64
POI007975,PO07975,P0084,86,24.09,2071.74
POI007976,PO07976,P0084,84,24.09,2023.56
POI007977,PO07977,P0084,82,24.09,1975.38
POI007978,PO07978,P0084,83,24.09,1999.47
POI007979,PO07979,P0084,81,24.09,1951.29
POI007980,PO07980,P0084,82,24.09,1975.38
POI007981,PO07981,P0084,85,24.09,2047.65
POI007982,PO07982,P0084,84,24.09,2023.56
POI007983,PO07983,P0084,91,24.09,2192.19
POI007984,PO07984,P0084,82,24.09,1975.38
POI007985,PO07985,P0084,84,24.09,2023.56
POI007986,PO07986,P0084,85,24.09,2047.65
POI007987,PO07987,P0084,94,24.09,2264.46
POI007988,PO07988,P0084,90,24.09,2168.1
POI007989,PO07989,P0085,372,5.65,2101.8
POI007990,PO07990,P0085,378,5.65,2135.7
POI007991,PO07991,P0085,372,6.02,2239.44
POI007992,PO07992,P0085,377,5.65,2130.05
POI007993,PO07993,P0085,379,6.02,2281.58
POI007994,PO07994,P0085,381,5.65,2152.65
POI007995,PO07995,P0085,377,6.02,2269.54
POI007996,PO07996,P0085,375,5.4,2025.0
POI007997,PO07997,P0085,373,5.65,2107.45
POI007998,PO07998,P0085,373,5.65,2107.45
POI007999,PO07999,P0086,109,19.48,2123.32
POI008000,PO08000,P0086,86,19.48,1675.28
POI008001,PO08001,P0086,100,19.48,1948.0
POI008002,PO08002,P0086,91,19.48,1772.68
POI008003,PO08003,P0086,85,22.82,1939.7
POI008004,PO08004,P0086,89,22.82,2030.98
POI008005,PO08005,P0086,87,21.47,1867.89
POI008006,PO08006,P0086,88,21.47,1889.36
POI008007,PO08007,P0086,93,21.47,1996.71
POI008008,PO08008,P0086,111,21.47,2383.17
POI008009,PO08009,P0086,95,22.82,2167.9
POI008010,PO08010,P0086,95,19.48,1850.6
POI008011,PO08011,P0086,96,21.47,2061.12
POI008012,PO08012,P0086,87,22.82,1985.34
POI008013,PO08013,P0086,99,22.82,2259.18
POI008014,PO08014,P0086,93,19.48,1811.64
POI008015,PO08015,P0086,120,22.82,2738.4
POI008016,PO08016,P0086,84,21.47,1803.48
POI008017,PO08017,P0086,113,21.47,2426.11
POI008018,PO08018,P0086,116,19.48,2259.68
POI008019,PO08019,P0086,109,19.48,2123.32
POI008020,PO08020,P0086,102,19.48,1986.96
POI008021,PO08021,P0086,106,19.48,2064.88
POI008022,PO08022,P0086,93,19.48,1811.64
POI008023,PO08023,P0086,90,19.48,1753.2
POI008024,PO08024,P0086,110,19.48,2142.8
POI008025,PO08025,P0086,88,19.48,1714.24
POI008026,PO08026,P0086,107,19.48,2084.36
POI008027,PO08027,P0086,90,22.82,2053.8
POI008028,PO08028,P0086,96,19.48,1870.08
POI008029,PO08029,P0086,85,21.47,1824.95
POI008030,PO08030,P0086,105,22.82,2396.1
POI008031,PO08031,P0086,117,19.48,2279.16
POI008032,PO08032,P0086,108,21.47,2318.76
POI008033,PO08033,P0086,86,19.48,1675.28
POI008034,PO08034,P0086,107,21.47,2297.29
POI008035,PO08035,P0086,104,19.48,2025.92
POI008036,PO08036,P0086,107,21.47,2297.29
POI008037,PO08037,P0086,93,21.47,1996.71
POI008038,PO08038,P0086,99,19.48,1928.52
POI008039,PO08039,P0086,108,22.82,2464.56
POI008040,PO08040,P0086,89,21.47,1910.83
POI008041,PO08041,P0086,94,19.48,1831.12
POI008042,PO08042,P0086,89,21.47,1910.83
POI008043,PO08043,P0086,105,22.82,2396.1
POI008044,PO08044,P0086,123,22.82,2806.86
POI008045,PO08045,P0086,89,19.48,1733.72
POI008046,PO08046,P0086,104,22.82,2373.28
POI008047,PO08047,P0086,100,19.48,1948.0
POI008048,PO08048,P0086,98,21.47,2104.06
POI008049,PO08049,P0086,101,19.48,1967.48
POI008050,PO08050,P0086,103,21.47,2211.41
POI008051,PO08051,P0086,112,22.82,2555.84
POI008052,PO08052,P0086,113,19.48,2201.24
POI008053,PO08053,P0086,107,21.47,2297.29
POI008054,PO08054,P0086,108,19.48,2103.84
POI008055,PO08055,P0086,110,22.82,2510.2
POI008056,PO08056,P0086,99,21.47,2125.53
POI008057,PO08057,P0086,110,22.82,2510.2
POI008058,PO08058,P0086,109,19.48,2123.32
POI008059,PO08059,P0086,90,21.47,1932.3
POI008060,PO08060,P0086,94,21.47,2018.18
POI008061,PO08061,P0086,99,19.48,1928.52
POI008062,PO08062,P0086,99,21.47,2125.53
POI008063,PO08063,P0086,88,21.47,1889.36
POI008064,PO08064,P0086,106,19.48,2064.88
POI008065,PO08065,P0086,95,21.47,2039.65
POI008066,PO08066,P0086,99,22.82,2259.18
POI008067,PO08067,P0086,110,19.48,2142.8
POI008068,PO08068,P0086,103,22.82,2350.46
POI008069,PO08069,P0086,88,19.48,1714.24
POI008070,PO08070,P0086,105,19.48,2045.4
POI008071,PO08071,P0086,86,19.48,1675.28
POI008072,PO08072,P0086,92,19.48,1792.16
POI008073,PO08073,P0086,86,19.48,1675.28
POI008074,PO08074,P0086,94,22.82,2145.08
POI008075,PO08075,P0086,85,19.48,1655.8
POI008076,PO08076,P0086,87,19.48,1694.76
POI008077,PO08077,P0086,96,19.48,1870.08
POI008078,PO08078,P0086,84,22.82,1916.88
POI008079,PO08079,P0086,96,21.47,2061.12
POI008080,PO08080,P0086,101,19.48,1967.48
POI008081,PO08081,P0086,108,21.47,2318.76
POI008082,PO08082,P0086,105,22.82,2396.1
POI008083,PO08083,P0086,95,19.48,1850.6
POI008084,PO08084,P0086,100,22.82,2282.0
POI008085,PO08085,P0086,93,19.48,1811.64
POI008086,PO08086,P0086,86,21.47,1846.42
POI008087,PO08087,P0086,92,19.48,1792.16
POI008088,PO08088,P0086,108,19.48,2103.84
POI008089,PO08089,P0086,99,22.82,2259.18
POI008090,PO08090,P0086,93,22.82,2122.26
POI008091,PO08091,P0086,98,21.47,2104.06
POI008092,PO08092,P0086,91,21.47,1953.77
POI008093,PO08093,P0086,109,19.48,2123.32
POI008094,PO08094,P0086,86,22.82,1962.52
POI008095,PO08095,P0086,102,21.47,2189.94
POI008096,PO08096,P0086,113,22.82,2578.66
POI008097,PO08097,P0086,85,22.82,1939.7
POI008098,PO08098,P0086,97,22.82,2213.54
POI008099,PO08099,P0086,86,22.82,1962.52
POI008100,PO08100,P0086,96,22.82,2190.72
POI008101,PO08101,P0086,84,19.48,1636.32
POI008102,PO08102,P0086,115,19.48,2240.2
POI008103,PO08103,P0086,101,19.48,1967.48
POI008104,PO08104,P0086,106,19.48,2064.88
POI008105,PO08105,P0086,119,22.82,2715.58
POI008106,PO08106,P0086,110,22.82,2510.2
POI008107,PO08107,P0086,97,19.48,1889.56
POI008108,PO08108,P0087,453,20.0,9060.0
POI008109,PO08109,P0087,441,20.0,8820.0
POI008110,PO08110,P0087,453,20.0,9060.0
POI008111,PO08111,P0087,445,22.78,10137.1
POI008112,PO08112,P0087,442,22.78,10068.76
POI008113,PO08113,P0087,453,20.0,9060.0
POI008114,PO08114,P0087,436,22.78,9932.08
POI008115,PO08115,P0087,453,22.78,10319.34
POI008116,PO08116,P0087,437,20.0,8740.0
POI008117,PO08117,P0087,430,21.46,9227.8
POI008118,PO08118,P0087,443,20.0,8860.0
POI008119,PO08119,P0087,441,20.0,8820.0
POI008120,PO08120,P0087,439,22.78,10000.42
POI008121,PO08121,P0087,445,22.78,10137.1
POI008122,PO08122,P0087,433,22.78,9863.74
POI008123,PO08123,P0087,436,22.78,9932.08
POI008124,PO08124,P0087,435,21.46,9335.1
POI008125,PO08125,P0087,434,21.46,9313.64
POI008126,PO08126,P0087,427,21.46,9163.42
POI008127,PO08127,P0087,436,22.78,9932.08
POI008128,PO08128,P0087,435,21.46,9335.1
POI008129,PO08129,P0087,435,22.78,9909.3
POI008130,PO08130,P0088,262,13.27,3476.74
POI008131,PO08131,P0088,261,15.49,4042.89
POI008132,PO08132,P0088,267,15.49,4135.83
POI008133,PO08133,P0088,260,16.91,4396.6
POI008134,PO08134,P0088,261,16.91,4413.51
POI008135,PO08135,P0088,260,13.27,3450.2
POI008136,PO08136,P0088,260,15.49,4027.4
POI008137,PO08137,P0088,262,16.91,4430.42
POI008138,PO08138,P0089,215,10.89,2341.35
POI008139,PO08139,P0089,231,10.89,2515.59
POI008140,PO08140,P0089,215,10.89,2341.35
POI008141,PO08141,P0089,245,10.89,2668.05
POI008142,PO08142,P0089,207,10.89,2254.23
POI008143,PO08143,P0089,208,10.89,2265.12
POI008144,PO08144,P0089,210,10.89,2286.9
POI008145,PO08145,P0089,217,10.89,2363.13
POI008146,PO08146,P0089,212,10.89,2308.68
POI008147,PO08147,P0089,221,10.89,2406.69
POI008148,PO08148,P0089,240,10.89,2613.6
POI008149,PO08149,P0089,217,10.89,2363.13
POI008150,PO08150,P0089,220,10.89,2395.8
POI008151,PO08151,P0089,233,10.89,2537.37
POI008152,PO08152,P0089,214,10.89,2330.46
POI008153,PO08153,P0089,219,10.89,2384.91
POI008154,PO08154,P0089,221,10.89,2406.69
POI008155,PO08155,P0089,237,10.89,2580.93
POI008156,PO08156,P0089,225,10.89,2450.25
POI008157,PO08157,P0089,226,10.89,2461.14
POI008158,PO08158,P0089,229,10.89,2493.81
POI008159,PO08159,P0089,208,10.89,2265.12
POI008160,PO08160,P0089,230,10.89,2504.7
POI008161,PO08161,P0089,213,10.89,2319.57
POI008162,PO08162,P0089,244,10.89,2657.16
POI008163,PO08163,P0089,206,10.89,2243.34
POI008164,PO08164,P0089,207,10.89,2254.23
POI008165,PO08165,P0089,246,10.89,2678.94
POI008166,PO08166,P0089,213,10.89,2319.57
POI008167,PO08167,P0089,231,10.89,2515.59
POI008168,PO08168,P0089,236,10.89,2570.04
POI008169,PO08169,P0089,215,10.89,2341.35
POI008170,PO08170,P0089,224,10.89,2439.36
POI008171,PO08171,P0089,225,10.89,2450.25
POI008172,PO08172,P0089,211,10.89,2297.79
POI008173,PO08173,P0089,208,10.89,2265.12
POI008174,PO08174,P0089,206,10.89,2243.34
POI008175,PO08175,P0089,228,10.89,2482.92
POI008176,PO08176,P0089,215,10.89,2341.35
POI008177,PO08177,P0089,222,10.89,2417.58
POI008178,PO08178,P0089,239,10.89,2602.71
POI008179,PO08179,P0089,225,10.89,2450.25
POI008180,PO08180,P0089,216,10.89,2352.24
POI008181,PO08181,P0089,223,10.89,2428.47
POI008182,PO08182,P0089,225,10.89,2450.25
POI008183,PO08183,P0089,232,10.89,2526.48
POI008184,PO08184,P0089,228,10.89,2482.92
POI008185,PO08185,P0089,207,10.89,2254.23
POI008186,PO08186,P0089,237,10.89,2580.93
POI008187,PO08187,P0089,236,10.89,2570.04
POI008188,PO08188,P0089,206,10.89,2243.34
POI008189,PO08189,P0089,217,10.89,2363.13
POI008190,PO08190,P0089,235,10.89,2559.15
POI008191,PO08191,P0090,422,12.31,5194.82
POI008192,PO08192,P0090,432,12.78,5520.96
POI008193,PO08193,P0090,433,12.78,5533.74
POI008194,PO08194,P0090,410,12.78,5239.8
POI008195,PO08195,P0090,424,12.31,5219.44
POI008196,PO08196,P0090,426,12.78,5444.28
POI008197,PO08197,P0090,433,12.78,5533.74
POI008198,PO08198,P0090,428,12.78,5469.84
POI008199,PO08199,P0090,414,12.78,5290.92
POI008200,PO08200,P0090,412,12.78,5265.36
POI008201,PO08201,P0090,417,12.31,5133.27
POI008202,PO08202,P0090,420,12.31,5170.2
POI008203,PO08203,P0090,419,12.31,5157.89
POI008204,PO08204,P0090,412,12.31,5071.72
POI008205,PO08205,P0090,410,12.78,5239.8
POI008206,PO08206,P0090,413,12.78,5278.14
POI008207,PO08207,P0090,409,12.78,5227.02
POI008208,PO08208,P0091,319,26.46,8440.74
POI008209,PO08209,P0091,311,22.61,7031.71
POI008210,PO08210,P0091,315,22.61,7122.15
POI008211,PO08211,P0091,311,23.73,7380.03
POI008212,PO08212,P0091,316,22.61,7144.76
POI008213,PO08213,P0091,319,22.61,7212.59
POI008214,PO08214,P0091,319,22.61,7212.59
POI008215,PO08215,P0091,313,22.61,7076.93
POI008216,PO08216,P0091,317,23.73,7522.41
POI008217,PO08217,P0091,319,23.73,7569.87
POI008218,PO08218,P0091,313,23.73,7427.49
POI008219,PO08219,P0091,319,26.46,8440.74
POI008220,PO08220,P0091,317,22.61,7167.37
POI008221,PO08221,P0091,319,22.61,7212.59
POI008222,PO08222,P0091,311,22.61,7031.71
POI008223,PO08223,P0091,319,22.61,7212.59
POI008224,PO08224,P0091,309,22.61,6986.49
POI008225,PO08225,P0091,311,22.61,7031.71
POI008226,PO08226,P0091,308,23.73,7308.84
POI008227,PO08227,P0091,319,23.73,7569.87
POI008228,PO08228,P0091,313,26.46,8281.98
POI008229,PO08229,P0091,312,23.73,7403.76
POI008230,PO08230,P0091,319,26.46,8440.74
POI008231,PO08231,P0091,319,22.61,7212.59
POI008232,PO08232,P0091,311,26.46,8229.06
POI008233,PO08233,P0091,319,22.61,7212.59
POI008234,PO08234,P0091,315,26.46,8334.9
POI008235,PO08235,P0091,319,23.73,7569.87
POI008236,PO08236,P0091,319,26.46,8440.74
POI008237,PO08237,P0092,369,25.5,9409.5
POI008238,PO08238,P0092,382,21.0,8022.0
POI008239,PO08239,P0092,369,21.0,7749.0
POI008240,PO08240,P0092,398,21.62,8604.76
POI008241,PO08241,P0092,381,21.0,8001.0
POI008242,PO08242,P0092,365,21.62,7891.3
POI008243,PO08243,P0092,362,21.0,7602.0
POI008244,PO08244,P0092,375,25.5,9562.5
POI008245,PO08245,P0092,372,25.5,9486.0
POI008246,PO08246,P0092,382,21.0,8022.0
POI008247,PO08247,P0092,369,25.5,9409.5
POI008248,PO08248,P0092,367,25.5,9358.5
POI008249,PO08249,P0092,367,21.62,7934.54
POI008250,PO08250,P0092,364,25.5,9282.0
POI008251,PO08251,P0092,392,21.62,8475.04
POI008252,PO08252,P0092,360,25.5,9180.0
POI008253,PO08253,P0092,363,21.62,7848.06
POI008254,PO08254,P0092,385,25.5,9817.5
POI008255,PO08255,P0092,374,25.5,9537.0
POI008256,PO08256,P0092,365,21.0,7665.0
POI008257,PO08257,P0092,366,21.0,7686.0
POI008258,PO08258,P0092,394,21.0,8274.0
POI008259,PO08259,P0092,365,21.62,7891.3
POI008260,PO08260,P0092,376,25.5,9588.0
POI008261,PO08261,P0092,366,21.0,7686.0
POI008262,PO08262,P0092,361,25.5,9205.5
POI008263,PO08263,P0092,376,25.5,9588.0
POI008264,PO08264,P0092,365,25.5,9307.5
POI008265,PO08265,P0092,385,21.62,8323.7
POI008266,PO08266,P0092,376,21.0,7896.0
POI008267,PO08267,P0092,365,21.62,7891.3
POI008268,PO08268,P0092,361,21.0,7581.0
POI008269,PO08269,P0093,57,18.35,1045.95
POI008270,PO08270,P0093,61,18.35,1119.35
POI008271,PO08271,P0093,38,18.35,697.3
POI008272,PO08272,P0093,34,18.35,623.9
POI008273,PO08273,P0093,37,18.35,678.95
POI008274,PO08274,P0093,31,18.35,568.85
POI008275,PO08275,P0093,30,18.35,550.5
POI008276,PO08276,P0093,35,18.35,642.25
POI008277,PO08277,P0093,67,18.35,1229.45
POI008278,PO08278,P0093,29,18.35,532.15
POI008279,PO08279,P0093,37,18.35,678.95
POI008280,PO08280,P0093,29,18.35,532.15
POI008281,PO08281,P0093,31,18.35,568.85
POI008282,PO08282,P0093,32,18.35,587.2
POI008283,PO08283,P0093,55,18.35,1009.25
POI008284,PO08284,P0093,34,18.35,623.9
POI008285,PO08285,P0093,36,18.35,660.6
POI008286,PO08286,P0093,37,18.35,678.95
POI008287,PO08287,P0093,64,18.35,1174.4
POI008288,PO08288,P0093,32,18.35,587.2
POI008289,PO08289,P0093,40,18.35,734.0
POI008290,PO08290,P0093,34,18.35,623.9
POI008291,PO08291,P0093,31,18.35,568.85
POI008292,PO08292,P0093,30,18.35,550.5
POI008293,PO08293,P0093,37,18.35,678.95
POI008294,PO08294,P0093,38,18.35,697.3
POI008295,PO08295,P0093,34,18.35,623.9
POI008296,PO08296,P0093,35,18.35,642.25
POI008297,PO08297,P0093,38,18.35,697.3
POI008298,PO08298,P0093,31,18.35,568.85
POI008299,PO08299,P0093,31,18.35,568.85
POI008300,PO08300,P0093,45,18.35,825.75
POI008301,PO08301,P0093,31,18.35,568.85
POI008302,PO08302,P0093,44,18.35,807.4
POI008303,PO08303,P0093,38,18.35,697.3
POI008304,PO08304,P0093,36,18.35,660.6
POI008305,PO08305,P0093,35,18.35,642.25
POI008306,PO08306,P0093,63,18.35,1156.05
POI008307,PO08307,P0093,68,18.35,1247.8
POI008308,PO08308,P0093,37,18.35,678.95
POI008309,PO08309,P0093,37,18.35,678.95
POI008310,PO08310,P0093,36,18.35,660.6
POI008311,PO08311,P0093,56,18.35,1027.6
POI008312,PO08312,P0093,68,18.35,1247.8
POI008313,PO08313,P0093,37,18.35,678.95
POI008314,PO08314,P0093,38,18.35,697.3
POI008315,PO08315,P0093,34,18.35,623.9
POI008316,PO08316,P0093,37,18.35,678.95
POI008317,PO08317,P0093,45,18.35,825.75
POI008318,PO08318,P0093,31,18.35,568.85
POI008319,PO08319,P0093,40,18.35,734.0
POI008320,PO08320,P0093,37,18.35,678.95
POI008321,PO08321,P0093,34,18.35,623.9
POI008322,PO08322,P0093,65,18.35,1192.75
POI008323,PO08323,P0093,68,18.35,1247.8
POI008324,PO08324,P0093,40,18.35,734.0
POI008325,PO08325,P0093,34,18.35,623.9
POI008326,PO08326,P0093,33,18.35,605.55
POI008327,PO08327,P0093,40,18.35,734.0
POI008328,PO08328,P0093,37,18.35,678.95
POI008329,PO08329,P0093,45,18.35,825.75
POI008330,PO08330,P0093,37,18.35,678.95
POI008331,PO08331,P0093,48,18.35,880.8
POI008332,PO08332,P0093,45,18.35,825.75
POI008333,PO08333,P0093,30,18.35,550.5
POI008334,PO08334,P0093,35,18.35,642.25
POI008335,PO08335,P0093,34,18.35,623.9
POI008336,PO08336,P0093,43,18.35,789.05
POI008337,PO08337,P0093,31,18.35,568.85
POI008338,PO08338,P0093,36,18.35,660.6
POI008339,PO08339,P0093,48,18.35,880.8
POI008340,PO08340,P0093,30,18.35,550.5
POI008341,PO08341,P0093,36,18.35,660.6
POI008342,PO08342,P0093,38,18.35,697.3
POI008343,PO08343,P0093,35,18.35,642.25
POI008344,PO08344,P0093,66,18.35,1211.1
POI008345,PO08345,P0093,39,18.35,715.65
POI008346,PO08346,P0093,29,18.35,532.15
POI008347,PO08347,P0093,44,18.35,807.4
POI008348,PO08348,P0093,38,18.35,697.3
POI008349,PO08349,P0093,32,18.35,587.2
POI008350,PO08350,P0093,33,18.35,605.55
POI008351,PO08351,P0093,37,18.35,678.95
POI008352,PO08352,P0093,35,18.35,642.25
POI008353,PO08353,P0093,59,18.35,1082.65
POI008354,PO08354,P0093,31,18.35,568.85
POI008355,PO08355,P0093,43,18.35,789.05
POI008356,PO08356,P0093,62,18.35,1137.7
POI008357,PO08357,P0093,36,18.35,660.6
POI008358,PO08358,P0093,30,18.35,550.5
POI008359,PO08359,P0093,32,18.35,587.2
POI008360,PO08360,P0093,36,18.35,660.6
POI008361,PO08361,P0093,68,18.35,1247.8
POI008362,PO08362,P0093,45,18.35,825.75
POI008363,PO08363,P0093,35,18.35,642.25
POI008364,PO08364,P0093,36,18.35,660.6
POI008365,PO08365,P0093,35,18.35,642.25
POI008366,PO08366,P0093,34,18.35,623.9
POI008367,PO08367,P0093,33,18.35,605.55
POI008368,PO08368,P0093,44,18.35,807.4
POI008369,PO08369,P0093,39,18.35,715.65
POI008370,PO08370,P0093,41,18.35,752.35
POI008371,PO08371,P0093,41,18.35,752.35
POI008372,PO08372,P0093,31,18.35,568.85
POI008373,PO08373,P0093,33,18.35,605.55
POI008374,PO08374,P0093,42,18.35,770.7
POI008375,PO08375,P0093,38,18.35,697.3
POI008376,PO08376,P0093,48,18.35,880.8
POI008377,PO08377,P0093,47,18.35,862.45
POI008378,PO08378,P0093,34,18.35,623.9
POI008379,PO08379,P0093,30,18.35,550.5
POI008380,PO08380,P0093,36,18.35,660.6
POI008381,PO08381,P0093,58,18.35,1064.3
POI008382,PO08382,P0093,41,18.35,752.35
POI008383,PO08383,P0093,42,18.35,770.7
POI008384,PO08384,P0093,56,18.35,1027.6
POI008385,PO08385,P0093,32,18.35,587.2
POI008386,PO08386,P0093,35,18.35,642.25
POI008387,PO08387,P0093,41,18.35,752.35
POI008388,PO08388,P0093,39,18.35,715.65
POI008389,PO08389,P0093,32,18.35,587.2
POI008390,PO08390,P0093,37,18.35,678.95
POI008391,PO08391,P0093,29,18.35,532.15
POI008392,PO08392,P0093,39,18.35,715.65
POI008393,PO08393,P0093,54,18.35,990.9
POI008394,PO08394,P0093,44,18.35,807.4
POI008395,PO08395,P0093,34,18.35,623.9
POI008396,PO08396,P0093,37,18.35,678.95
POI008397,PO08397,P0093,45,18.35,825.75
POI008398,PO08398,P0093,30,18.35,550.5
POI008399,PO08399,P0093,30,18.35,550.5
POI008400,PO08400,P0093,39,18.35,715.65
POI008401,PO08401,P0093,49,18.35,899.15
POI008402,PO08402,P0093,53,18.35,972.55
POI008403,PO08403,P0093,30,18.35,550.5
POI008404,PO08404,P0093,50,18.35,917.5
POI008405,PO08405,P0093,40,18.35,734.0
POI008406,PO08406,P0093,44,18.35,807.4
POI008407,PO08407,P0093,30,18.35,550.5
POI008408,PO08408,P0093,39,18.35,715.65
POI008409,PO08409,P0093,34,18.35,623.9
POI008410,PO08410,P0093,31,18.35,568.85
POI008411,PO08411,P0093,66,18.35,1211.1
POI008412,PO08412,P0093,41,18.35,752.35
POI008413,PO08413,P0093,32,18.35,587.2
POI008414,PO08414,P0093,30,18.35,550.5
POI008415,PO08415,P0093,36,18.35,660.6
POI008416,PO08416,P0093,52,18.35,954.2
POI008417,PO08417,P0093,42,18.35,770.7
POI008418,PO08418,P0093,36,18.35,660.6
POI008419,PO08419,P0093,58,18.35,1064.3
POI008420,PO08420,P0093,45,18.35,825.75
POI008421,PO08421,P0093,63,18.35,1156.05
POI008422,PO08422,P0093,68,18.35,1247.8
POI008423,PO08423,P0093,60,18.35,1101.0
POI008424,PO08424,P0093,29,18.35,532.15
POI008425,PO08425,P0093,31,18.35,568.85
POI008426,PO08426,P0093,31,18.35,568.85
POI008427,PO08427,P0093,31,18.35,568.85
POI008428,PO08428,P0093,35,18.35,642.25
POI008429,PO08429,P0093,62,18.35,1137.7
POI008430,PO08430,P0093,62,18.35,1137.7
POI008431,PO08431,P0093,34,18.35,623.9
POI008432,PO08432,P0093,29,18.35,532.15
POI008433,PO08433,P0093,43,18.35,789.05
POI008434,PO08434,P0093,58,18.35,1064.3
POI008435,PO08435,P0093,33,18.35,605.55
POI008436,PO08436,P0093,57,18.35,1045.95
POI008437,PO08437,P0093,38,18.35,697.3
POI008438,PO08438,P0093,48,18.35,880.8
POI008439,PO08439,P0093,54,18.35,990.9
POI008440,PO08440,P0093,41,18.35,752.35
POI008441,PO08441,P0093,38,18.35,697.3
POI008442,PO08442,P0093,33,18.35,605.55
POI008443,PO08443,P0093,39,18.35,715.65
POI008444,PO08444,P0093,34,18.35,623.9
POI008445,PO08445,P0093,54,18.35,990.9
POI008446,PO08446,P0093,46,18.35,844.1
POI008447,PO08447,P0093,31,18.35,568.85
POI008448,PO08448,P0093,30,18.35,550.5
POI008449,PO08449,P0093,31,18.35,568.85
POI008450,PO08450,P0093,48,18.35,880.8
POI008451,PO08451,P0093,29,18.35,532.15
POI008452,PO08452,P0093,55,18.35,1009.25
POI008453,PO08453,P0093,30,18.35,550.5
POI008454,PO08454,P0093,38,18.35,697.3
POI008455,PO08455,P0093,30,18.35,550.5
POI008456,PO08456,P0093,29,18.35,532.15
POI008457,PO08457,P0093,48,18.35,880.8
POI008458,PO08458,P0093,64,18.35,1174.4
POI008459,PO08459,P0093,56,18.35,1027.6
POI008460,PO08460,P0093,52,18.35,954.2
POI008461,PO08461,P0093,49,18.35,899.15
POI008462,PO08462,P0093,39,18.35,715.65
POI008463,PO08463,P0093,34,18.35,623.9
POI008464,PO08464,P0093,29,18.35,532.15
POI008465,PO08465,P0093,46,18.35,844.1
POI008466,PO08466,P0093,29,18.35,532.15
POI008467,PO08467,P0093,50,18.35,917.5
POI008468,PO08468,P0093,58,18.35,1064.3
POI008469,PO08469,P0093,46,18.35,844.1
POI008470,PO08470,P0093,53,18.35,972.55
POI008471,PO08471,P0093,32,18.35,587.2
POI008472,PO08472,P0093,37,18.35,678.95
POI008473,PO08473,P0093,49,18.35,899.15
POI008474,PO08474,P0093,54,18.35,990.9
POI008475,PO08475,P0093,31,18.35,568.85
POI008476,PO08476,P0093,59,18.35,1082.65
POI008477,PO08477,P0093,58,18.35,1064.3
POI008478,PO08478,P0093,48,18.35,880.8
POI008479,PO08479,P0093,30,18.35,550.5
POI008480,PO08480,P0093,38,18.35,697.3
POI008481,PO08481,P0093,33,18.35,605.55
POI008482,PO08482,P0093,56,18.35,1027.6
POI008483,PO08483,P0093,46,18.35,844.1
POI008484,PO08484,P0093,61,18.35,1119.35
POI008485,PO08485,P0093,40,18.35,734.0
POI008486,PO08486,P0093,59,18.35,1082.65
POI008487,PO08487,P0093,47,18.35,862.45
POI008488,PO08488,P0093,52,18.35,954.2
POI008489,PO08489,P0093,42,18.35,770.7
POI008490,PO08490,P0093,52,18.35,954.2
POI008491,PO08491,P0093,52,18.35,954.2
POI008492,PO08492,P0093,31,18.35,568.85
POI008493,PO08493,P0093,39,18.35,715.65
POI008494,PO08494,P0093,32,18.35,587.2
POI008495,PO08495,P0093,49,18.35,899.15
POI008496,PO08496,P0093,48,18.35,880.8
POI008497,PO08497,P0093,38,18.35,697.3
POI008498,PO08498,P0093,33,18.35,605.55
POI008499,PO08499,P0093,55,18.35,1009.25
POI008500,PO08500,P0093,50,18.35,917.5
POI008501,PO08501,P0093,35,18.35,642.25
POI008502,PO08502,P0093,36,18.35,660.6
POI008503,PO08503,P0093,36,18.35,660.6
POI008504,PO08504,P0093,49,18.35,899.15
POI008505,PO08505,P0093,47,18.35,862.45
POI008506,PO08506,P0093,32,18.35,587.2
POI008507,PO08507,P0093,32,18.35,587.2
POI008508,PO08508,P0093,32,18.35,587.2
POI008509,PO08509,P0093,29,18.35,532.15
POI008510,PO08510,P0093,30,18.35,550.5
POI008511,PO08511,P0093,46,18.35,844.1
POI008512,PO08512,P0093,52,18.35,954.2
POI008513,PO08513,P0093,45,18.35,825.75
POI008514,PO08514,P0093,46,18.35,844.1
POI008515,PO08515,P0093,58,18.35,1064.3
POI008516,PO08516,P0093,48,18.35,880.8
POI008517,PO08517,P0093,43,18.35,789.05
POI008518,PO08518,P0093,33,18.35,605.55
POI008519,PO08519,P0093,32,18.35,587.2
POI008520,PO08520,P0093,30,18.35,550.5
POI008521,PO08521,P0093,36,18.35,660.6
POI008522,PO08522,P0093,29,18.35,532.15
POI008523,PO08523,P0093,32,18.35,587.2
POI008524,PO08524,P0093,44,18.35,807.4
POI008525,PO08525,P0093,38,18.35,697.3
POI008526,PO08526,P0093,32,18.35,587.2
POI008527,PO08527,P0093,54,18.35,990.9
POI008528,PO08528,P0093,59,18.35,1082.65
POI008529,PO08529,P0093,61,18.35,1119.35
POI008530,PO08530,P0093,36,18.35,660.6
POI008531,PO08531,P0093,54,18.35,990.9
POI008532,PO08532,P0093,62,18.35,1137.7
POI008533,PO08533,P0093,66,18.35,1211.1
POI008534,PO08534,P0093,32,18.35,587.2
POI008535,PO08535,P0093,58,18.35,1064.3
POI008536,PO08536,P0093,59,18.35,1082.65
POI008537,PO08537,P0093,31,18.35,568.85
POI008538,PO08538,P0093,41,18.35,752.35
POI008539,PO08539,P0093,54,18.35,990.9
POI008540,PO08540,P0093,32,18.35,587.2
POI008541,PO08541,P0093,56,18.35,1027.6
POI008542,PO08542,P0093,48,18.35,880.8
POI008543,PO08543,P0093,37,18.35,678.95
POI008544,PO08544,P0093,33,18.35,605.55
POI008545,PO08545,P0093,30,18.35,550.5
POI008546,PO08546,P0093,31,18.35,568.85
POI008547,PO08547,P0094,107,2.35,251.45
POI008548,PO08548,P0094,113,2.35,265.55
POI008549,PO08549,P0094,102,2.92,297.84
POI008550,PO08550,P0094,110,2.92,321.2
POI008551,PO08551,P0094,107,2.35,251.45
POI008552,PO08552,P0094,105,2.35,246.75
POI008553,PO08553,P0094,106,2.35,249.1
POI008554,PO08554,P0094,104,2.92,303.68
POI008555,PO08555,P0094,104,2.92,303.68
POI008556,PO08556,P0094,109,2.92,318.28
POI008557,PO08557,P0094,103,2.35,242.05
POI008558,PO08558,P0094,107,2.35,251.45
POI008559,PO08559,P0094,103,2.35,242.05
POI008560,PO08560,P0094,102,2.92,297.84
POI008561,PO08561,P0094,104,2.92,303.68
POI008562,PO08562,P0094,109,2.92,318.28
POI008563,PO08563,P0094,104,2.92,303.68
POI008564,PO08564,P0094,106,2.35,249.1
POI008565,PO08565,P0094,111,2.92,324.12
POI008566,PO08566,P0094,104,2.92,303.68
POI008567,PO08567,P0094,111,2.92,324.12
POI008568,PO08568,P0094,106,2.92,309.52
POI008569,PO08569,P0094,104,2.35,244.4
POI008570,PO08570,P0094,106,2.92,309.52
POI008571,PO08571,P0095,237,8.24,1952.88
POI008572,PO08572,P0095,226,8.24,1862.24
POI008573,PO08573,P0095,245,8.24,2018.8
POI008574,PO08574,P0095,233,8.24,1919.92
POI008575,PO08575,P0095,241,8.24,1985.84
POI008576,PO08576,P0095,230,8.24,1895.2
POI008577,PO08577,P0095,229,8.24,1886.96
POI008578,PO08578,P0095,246,8.24,2027.04
POI008579,PO08579,P0095,237,8.24,1952.88
POI008580,PO08580,P0095,233,8.24,1919.92
POI008581,PO08581,P0095,245,8.24,2018.8
POI008582,PO08582,P0095,230,8.24,1895.2
POI008583,PO08583,P0095,236,8.24,1944.64
POI008584,PO08584,P0095,227,8.24,1870.48
POI008585,PO08585,P0095,223,8.24,1837.52
POI008586,PO08586,P0095,242,8.24,1994.08
POI008587,PO08587,P0095,240,8.24,1977.6
POI008588,PO08588,P0095,247,8.24,2035.28
POI008589,PO08589,P0095,251,8.24,2068.24
POI008590,PO08590,P0095,242,8.24,1994.08
POI008591,PO08591,P0095,240,8.24,1977.6
POI008592,PO08592,P0095,232,8.24,1911.68
POI008593,PO08593,P0095,229,8.24,1886.96
POI008594,PO08594,P0095,242,8.24,1994.08
POI008595,PO08595,P0095,236,8.24,1944.64
POI008596,PO08596,P0095,224,8.24,1845.76
POI008597,PO08597,P0095,223,8.24,1837.52
POI008598,PO08598,P0095,236,8.24,1944.64
POI008599,PO08599,P0095,224,8.24,1845.76
POI008600,PO08600,P0095,238,8.24,1961.12
POI008601,PO08601,P0095,237,8.24,1952.88
POI008602,PO08602,P0095,241,8.24,1985.84
POI008603,PO08603,P0095,226,8.24,1862.24
POI008604,PO08604,P0095,238,8.24,1961.12
POI008605,PO08605,P0095,227,8.24,1870.48
POI008606,PO08606,P0096,84,24.34,2044.56
POI008607,PO08607,P0096,86,24.34,2093.24
POI008608,PO08608,P0096,88,24.34,2141.92
POI008609,PO08609,P0096,90,24.34,2190.6
POI008610,PO08610,P0096,86,24.34,2093.24
POI008611,PO08611,P0096,87,24.34,2117.58
POI008612,PO08612,P0096,82,24.34,1995.88
POI008613,PO08613,P0096,83,24.34,2020.22
POI008614,PO08614,P0096,89,24.34,2166.26
POI008615,PO08615,P0096,86,24.34,2093.24
POI008616,PO08616,P0096,84,24.34,2044.56
POI008617,PO08617,P0096,90,24.34,2190.6
POI008618,PO08618,P0096,81,24.34,1971.54
POI008619,PO08619,P0096,85,24.34,2068.9
POI008620,PO08620,P0096,86,24.34,2093.24
POI008621,PO08621,P0096,93,24.34,2263.62
POI008622,PO08622,P0096,81,24.34,1971.54
POI008623,PO08623,P0096,85,24.34,2068.9
POI008624,PO08624,P0096,88,24.34,2141.92
POI008625,PO08625,P0096,85,24.34,2068.9
POI008626,PO08626,P0096,85,24.34,2068.9
POI008627,PO08627,P0096,84,24.34,2044.56
POI008628,PO08628,P0096,86,24.34,2093.24
POI008629,PO08629,P0096,89,24.34,2166.26
POI008630,PO08630,P0096,86,24.34,2093.24
POI008631,PO08631,P0096,82,24.34,1995.88
POI008632,PO08632,P0096,81,24.34,1971.54
POI008633,PO08633,P0096,82,24.34,1995.88
POI008634,PO08634,P0096,84,24.34,2044.56
POI008635,PO08635,P0096,81,24.34,1971.54
POI008636,PO08636,P0096,91,24.34,2214.94
POI008637,PO08637,P0096,83,24.34,2020.22
POI008638,PO08638,P0096,83,24.34,2020.22
POI008639,PO08639,P0096,83,24.34,2020.22
POI008640,PO08640,P0096,84,24.34,2044.56
POI008641,PO08641,P0096,81,24.34,1971.54
POI008642,PO08642,P0096,82,24.34,1995.88
POI008643,PO08643,P0096,91,24.34,2214.94
POI008644,PO08644,P0096,88,24.34,2141.92
POI008645,PO08645,P0096,93,24.34,2263.62
POI008646,PO08646,P0096,87,24.34,2117.58
POI008647,PO08647,P0096,89,24.34,2166.26
POI008648,PO08648,P0096,83,24.34,2020.22
POI008649,PO08649,P0096,81,24.34,1971.54
POI008650,PO08650,P0096,89,24.34,2166.26
POI008651,PO08651,P0096,92,24.34,2239.28
POI008652,PO08652,P0096,92,24.34,2239.28
POI008653,PO08653,P0096,82,24.34,1995.88
POI008654,PO08654,P0096,85,24.34,2068.9
POI008655,PO08655,P0097,284,14.36,4078.24
POI008656,PO08656,P0097,281,19.05,5353.05
POI008657,PO08657,P0097,289,19.05,5505.45
POI008658,PO08658,P0097,287,14.36,4121.32
POI008659,PO08659,P0097,311,19.05,5924.55
POI008660,PO08660,P0097,296,14.36,4250.56
POI008661,PO08661,P0097,284,14.36,4078.24
POI008662,PO08662,P0097,299,14.36,4293.64
POI008663,PO08663,P0097,302,14.36,4336.72
POI008664,PO08664,P0097,284,19.05,5410.2
POI008665,PO08665,P0097,308,19.05,5867.4
POI008666,PO08666,P0097,311,19.05,5924.55
POI008667,PO08667,P0097,284,19.05,5410.2
POI008668,PO08668,P0097,286,14.36,4106.96
POI008669,PO08669,P0097,284,19.05,5410.2
POI008670,PO08670,P0097,282,19.05,5372.1
POI008671,PO08671,P0097,282,19.05,5372.1
POI008672,PO08672,P0097,311,14.36,4465.96
POI008673,PO08673,P0097,282,14.36,4049.52
POI008674,PO08674,P0097,309,14.36,4437.24
POI008675,PO08675,P0097,301,14.36,4322.36
POI008676,PO08676,P0097,284,19.05,5410.2
POI008677,PO08677,P0097,305,19.05,5810.25
POI008678,PO08678,P0097,318,14.36,4566.48
POI008679,PO08679,P0097,290,14.36,4164.4
POI008680,PO08680,P0097,301,19.05,5734.05
POI008681,PO08681,P0097,295,19.05,5619.75
POI008682,PO08682,P0097,289,14.36,4150.04
POI008683,PO08683,P0097,290,19.05,5524.5
POI008684,PO08684,P0097,285,14.36,4092.6
POI008685,PO08685,P0097,294,14.36,4221.84
POI008686,PO08686,P0097,292,14.36,4193.12
POI008687,PO08687,P0097,301,14.36,4322.36
POI008688,PO08688,P0097,304,19.05,5791.2
POI008689,PO08689,P0098,473,6.97,3296.81
POI008690,PO08690,P0098,480,8.98,4310.4
POI008691,PO08691,P0098,449,8.98,4032.02
POI008692,PO08692,P0098,480,8.98,4310.4
POI008693,PO08693,P0098,457,6.97,3185.29
POI008694,PO08694,P0098,482,6.97,3359.54
POI008695,PO08695,P0098,476,8.98,4274.48
POI008696,PO08696,P0098,463,6.97,3227.11
POI008697,PO08697,P0098,476,8.98,4274.48
POI008698,PO08698,P0098,465,6.97,3241.05
POI008699,PO08699,P0098,456,6.97,3178.32
POI008700,PO08700,P0098,468,6.97,3261.96
POI008701,PO08701,P0098,460,8.98,4130.8
POI008702,PO08702,P0098,467,6.97,3254.99
POI008703,PO08703,P0098,455,8.98,4085.9
POI008704,PO08704,P0098,466,8.98,4184.68
POI008705,PO08705,P0098,471,8.98,4229.58
POI008706,PO08706,P0098,475,6.97,3310.75
POI008707,PO08707,P0098,476,8.98,4274.48
POI008708,PO08708,P0098,451,8.98,4049.98
POI008709,PO08709,P0098,457,6.97,3185.29
POI008710,PO08710,P0098,452,6.97,3150.44
POI008711,PO08711,P0098,459,6.97,3199.23
POI008712,PO08712,P0099,152,5.67,861.84
POI008713,PO08713,P0099,154,5.67,873.18
POI008714,PO08714,P0099,158,5.67,895.86
POI008715,PO08715,P0099,155,5.67,878.85
POI008716,PO08716,P0099,153,5.67,867.51
POI008717,PO08717,P0099,152,5.67,861.84
POI008718,PO08718,P0099,156,5.67,884.52
POI008719,PO08719,P0099,154,5.67,873.18
POI008720,PO08720,P0099,152,5.67,861.84
POI008721,PO08721,P0099,152,5.67,861.84
POI008722,PO08722,P0099,156,5.67,884.52
POI008723,PO08723,P0099,158,5.67,895.86
POI008724,PO08724,P0099,153,5.67,867.51
POI008725,PO08725,P0100,422,15.62,6591.64
POI008726,PO08726,P0100,392,15.62,6123.04
POI008727,PO08727,P0100,402,15.62,6279.24
POI008728,PO08728,P0100,426,15.62,6654.12
POI008729,PO08729,P0100,429,15.62,6700.98
POI008730,PO08730,P0100,394,15.62,6154.28
POI008731,PO08731,P0100,409,15.62,6388.58
POI008732,PO08732,P0100,395,15.62,6169.9
POI008733,PO08733,P0100,396,15.62,6185.52
POI008734,PO08734,P0100,410,15.62,6404.2
POI008735,PO08735,P0100,419,15.62,6544.78
POI008736,PO08736,P0100,427,15.62,6669.74
POI008737,PO08737,P0100,400,15.62,6248.0
POI008738,PO08738,P0100,421,15.62,6576.02
POI008739,PO08739,P0100,392,15.62,6123.04
POI008740,PO08740,P0100,393,15.62,6138.66
POI008741,PO08741,P0100,389,15.62,6076.18
POI008742,PO08742,P0100,393,15.62,6138.66
POI008743,PO08743,P0100,401,15.62,6263.62
POI008744,PO08744,P0100,389,15.62,6076.18
POI008745,PO08745,P0100,389,15.62,6076.18
POI008746,PO08746,P0100,406,15.62,6341.72
POI008747,PO08747,P0100,410,15.62,6404.2
POI008748,PO08748,P0100,418,15.62,6529.16
POI008749,PO08749,P0100,401,15.62,6263.62
POI008750,PO08750,P0100,406,15.62,6341.72
POI008751,PO08751,P0100,390,15.62,6091.8
POI008752,PO08752,P0100,399,15.62,6232.38
POI008753,PO08753,P0100,410,15.62,6404.2
POI008754,PO08754,P0100,407,15.62,6357.34
POI008755,PO08755,P0001,225,4.44,999.0
POI008756,PO08756,P0001,236,4.13,974.68
POI008757,PO08757,P0001,233,4.13,962.29
POI008758,PO08758,P0001,238,4.13,982.94
POI008759,PO08759,P0001,245,4.44,1087.8
POI008760,PO08760,P0001,227,4.44,1007.88
POI008761,PO08761,P0001,241,4.13,995.33
POI008762,PO08762,P0001,250,4.13,1032.5
POI008763,PO08763,P0001,229,4.13,945.77
POI008764,PO08764,P0001,248,4.44,1101.12
POI008765,PO08765,P0001,236,4.44,1047.84
POI008766,PO08766,P0001,237,4.13,978.81
POI008767,PO08767,P0001,231,4.13,954.03
POI008768,PO08768,P0001,236,4.44,1047.84
POI008769,PO08769,P0001,224,4.13,925.12
POI008770,PO08770,P0001,236,4.13,974.68
POI008771,PO08771,P0001,226,4.13,933.38
POI008772,PO08772,P0001,240,4.13,991.2
POI008773,PO08773,P0001,232,4.44,1030.08
POI008774,PO08774,P0001,238,4.44,1056.72
POI008775,PO08775,P0001,246,4.44,1092.24
POI008776,PO08776,P0001,245,4.13,1011.85
POI008777,PO08777,P0001,235,4.13,970.55
POI008778,PO08778,P0001,229,4.44,1016.76
POI008779,PO08779,P0001,239,4.44,1061.16
POI008780,PO08780,P0001,249,4.44,1105.56
POI008781,PO08781,P0001,236,4.44,1047.84
POI008782,PO08782,P0001,239,4.44,1061.16
POI008783,PO08783,P0001,250,4.13,1032.5
POI008784,PO08784,P0001,236,4.13,974.68
POI008785,PO08785,P0001,244,4.13,1007.72
POI008786,PO08786,P0001,225,4.44,999.0
POI008787,PO08787,P0001,235,4.13,970.55
POI008788,PO08788,P0001,229,4.44,1016.76
POI008789,PO08789,P0001,235,4.13,970.55
POI008790,PO08790,P0001,236,4.13,974.68
POI008791,PO08791,P0001,224,4.44,994.56
POI008792,PO08792,P0001,236,4.44,1047.84
POI008793,PO08793,P0002,271,11.47,3108.37
POI008794,PO08794,P0002,262,11.47,3005.14
POI008795,PO08795,P0002,269,12.85,3456.65
POI008796,PO08796,P0002,261,11.4,2975.4
POI008797,PO08797,P0002,262,11.4,2986.8
POI008798,PO08798,P0002,262,11.47,3005.14
POI008799,PO08799,P0002,266,11.47,3051.02
POI008800,PO08800,P0002,261,12.85,3353.85
POI008801,PO08801,P0002,263,11.4,2998.2
POI008802,PO08802,P0002,263,11.47,3016.61
POI008803,PO08803,P0002,264,12.85,3392.4
POI008804,PO08804,P0003,236,7.56,1784.16
POI008805,PO08805,P0003,234,7.56,1769.04
POI008806,PO08806,P0003,242,8.16,1974.72
POI008807,PO08807,P0003,244,7.56,1844.64
POI008808,PO08808,P0003,240,7.56,1814.4
POI008809,PO08809,P0003,241,8.16,1966.56
POI008810,PO08810,P0003,234,7.56,1769.04
POI008811,PO08811,P0003,241,7.56,1821.96
POI008812,PO08812,P0003,241,7.56,1821.96
POI008813,PO08813,P0003,240,8.16,1958.4
POI008814,PO08814,P0003,237,8.16,1933.92
POI008815,PO08815,P0003,235,7.56,1776.6
POI008816,PO08816,P0003,239,7.56,1806.84
POI008817,PO08817,P0003,236,8.16,1925.76
POI008818,PO08818,P0003,239,7.56,1806.84
POI008819,PO08819,P0004,168,18.63,3129.84
POI008820,PO08820,P0004,162,18.63,3018.06
POI008821,PO08821,P0004,166,18.63,3092.58
POI008822,PO08822,P0004,163,18.63,3036.69
POI008823,PO08823,P0004,173,18.63,3222.99
POI008824,PO08824,P0004,164,18.63,3055.32
POI008825,PO08825,P0004,168,18.63,3129.84
POI008826,PO08826,P0004,169,18.63,3148.47
POI008827,PO08827,P0004,163,18.63,3036.69
POI008828,PO08828,P0004,168,18.63,3129.84
POI008829,PO08829,P0004,166,18.63,3092.58
POI008830,PO08830,P0004,165,18.63,3073.95
POI008831,PO08831,P0004,160,18.63,2980.8
POI008832,PO08832,P0004,162,18.63,3018.06
POI008833,PO08833,P0004,167,18.63,3111.21
POI008834,PO08834,P0004,168,18.63,3129.84
POI008835,PO08835,P0004,163,18.63,3036.69
POI008836,PO08836,P0004,164,18.63,3055.32
POI008837,PO08837,P0004,167,18.63,3111.21
POI008838,PO08838,P0004,162,18.63,3018.06
POI008839,PO08839,P0005,474,1.48,701.52
POI008840,PO08840,P0005,478,1.48,707.44
POI008841,PO08841,P0005,476,1.84,875.84
POI008842,PO08842,P0005,475,1.84,874.0
POI008843,PO08843,P0005,476,1.48,704.48
POI008844,PO08844,P0006,145,21.28,3085.6
POI008845,PO08845,P0006,140,21.28,2979.2
POI008846,PO08846,P0006,140,21.28,2979.2
POI008847,PO08847,P0006,144,22.74,3274.56
POI008848,PO08848,P0006,144,21.28,3064.32
POI008849,PO08849,P0006,143,22.74,3251.82
POI008850,PO08850,P0006,149,22.74,3388.26
POI008851,PO08851,P0006,144,22.74,3274.56
POI008852,PO08852,P0006,143,21.28,3043.04
POI008853,PO08853,P0006,141,22.74,3206.34
POI008854,PO08854,P0006,142,22.74,3229.08
POI008855,PO08855,P0006,139,21.28,2957.92
POI008856,PO08856,P0006,144,22.74,3274.56
POI008857,PO08857,P0006,143,21.28,3043.04
POI008858,PO08858,P0006,139,21.28,2957.92
POI008859,PO08859,P0006,143,21.28,3043.04
POI008860,PO08860,P0007,180,12.8,2304.0
POI008861,PO08861,P0007,184,12.8,2355.2
POI008862,PO08862,P0007,175,12.8,2240.0
POI008863,PO08863,P0007,184,12.8,2355.2
POI008864,PO08864,P0007,183,12.8,2342.4
POI008865,PO08865,P0007,169,12.8,2163.2
POI008866,PO08866,P0007,188,12.8,2406.4
POI008867,PO08867,P0007,174,12.8,2227.2
POI008868,PO08868,P0007,173,12.8,2214.4
POI008869,PO08869,P0007,183,12.8,2342.4
POI008870,PO08870,P0007,196,12.8,2508.8
POI008871,PO08871,P0007,177,12.8,2265.6
POI008872,PO08872,P0007,172,12.8,2201.6
POI008873,PO08873,P0007,170,12.8,2176.0
POI008874,PO08874,P0007,182,12.8,2329.6
POI008875,PO08875,P0007,179,12.8,2291.2
POI008876,PO08876,P0007,183,12.8,2342.4
POI008877,PO08877,P0007,179,12.8,2291.2
POI008878,PO08878,P0007,169,12.8,2163.2
POI008879,PO08879,P0007,184,12.8,2355.2
POI008880,PO08880,P0007,177,12.8,2265.6
POI008881,PO08881,P0007,170,12.8,2176.0
POI008882,PO08882,P0007,171,12.8,2188.8
POI008883,PO08883,P0007,177,12.8,2265.6
POI008884,PO08884,P0007,178,12.8,2278.4
POI008885,PO08885,P0007,173,12.8,2214.4
POI008886,PO08886,P0007,178,12.8,2278.4
POI008887,PO08887,P0007,171,12.8,2188.8
POI008888,PO08888,P0007,176,12.8,2252.8
POI008889,PO08889,P0007,180,12.8,2304.0
POI008890,PO08890,P0007,174,12.8,2227.2
POI008891,PO08891,P0007,174,12.8,2227.2
POI008892,PO08892,P0007,175,12.8,2240.0
POI008893,PO08893,P0007,172,12.8,2201.6
POI008894,PO08894,P0007,172,12.8,2201.6
POI008895,PO08895,P0007,185,12.8,2368.0
POI008896,PO08896,P0007,177,12.8,2265.6
POI008897,PO08897,P0007,186,12.8,2380.8
POI008898,PO08898,P0008,385,7.15,2752.75
POI008899,PO08899,P0008,368,7.15,2631.2
POI008900,PO08900,P0008,380,7.15,2717.0
POI008901,PO08901,P0008,382,7.15,2731.3
POI008902,PO08902,P0008,385,7.15,2752.75
POI008903,PO08903,P0008,385,7.15,2752.75
POI008904,PO08904,P0008,385,7.15,2752.75
POI008905,PO08905,P0008,374,7.15,2674.1
POI008906,PO08906,P0008,377,7.15,2695.55
POI008907,PO08907,P0008,372,7.15,2659.8
POI008908,PO08908,P0008,371,7.15,2652.65
POI008909,PO08909,P0008,371,7.15,2652.65
POI008910,PO08910,P0008,377,7.15,2695.55
POI008911,PO08911,P0008,378,7.15,2702.7
POI008912,PO08912,P0008,378,7.15,2702.7
POI008913,PO08913,P0008,372,7.15,2659.8
POI008914,PO08914,P0008,372,7.15,2659.8
POI008915,PO08915,P0008,385,7.15,2752.75
POI008916,PO08916,P0008,384,7.15,2745.6
POI008917,PO08917,P0008,374,7.15,2674.1
POI008918,PO08918,P0008,379,7.15,2709.85
POI008919,PO08919,P0009,228,3.35,763.8
POI008920,PO08920,P0009,238,3.35,797.3
POI008921,PO08921,P0009,242,3.35,810.7
POI008922,PO08922,P0009,230,3.35,770.5
POI008923,PO08923,P0009,246,3.35,824.1
POI008924,PO08924,P0009,231,3.35,773.85
POI008925,PO08925,P0009,233,3.35,780.55
POI008926,PO08926,P0009,246,3.35,824.1
POI008927,PO08927,P0009,244,3.35,817.4
POI008928,PO08928,P0009,240,3.35,804.0
POI008929,PO08929,P0009,244,3.35,817.4
POI008930,PO08930,P0009,235,3.35,787.25
POI008931,PO08931,P0009,236,3.35,790.6
POI008932,PO08932,P0009,228,3.35,763.8
POI008933,PO08933,P0009,245,3.35,820.75
POI008934,PO08934,P0009,244,3.35,817.4
POI008935,PO08935,P0009,240,3.35,804.0
POI008936,PO08936,P0009,238,3.35,797.3
POI008937,PO08937,P0009,232,3.35,777.2
POI008938,PO08938,P0009,228,3.35,763.8
POI008939,PO08939,P0009,228,3.35,763.8
POI008940,PO08940,P0009,241,3.35,807.35
POI008941,PO08941,P0009,236,3.35,790.6
POI008942,PO08942,P0009,231,3.35,773.85
POI008943,PO08943,P0009,228,3.35,763.8
POI008944,PO08944,P0009,236,3.35,790.6
POI008945,PO08945,P0009,246,3.35,824.1
POI008946,PO08946,P0009,242,3.35,810.7
POI008947,PO08947,P0009,231,3.35,773.85
POI008948,PO08948,P0010,88,11.7,1029.6
POI008949,PO08949,P0010,90,11.7,1053.0
POI008950,PO08950,P0010,89,11.7,1041.3
POI008951,PO08951,P0010,87,11.7,1017.9
POI008952,PO08952,P0010,89,11.7,1041.3
POI008953,PO08953,P0010,89,11.7,1041.3
POI008954,PO08954,P0010,89,11.7,1041.3
POI008955,PO08955,P0010,91,11.7,1064.7
POI008956,PO08956,P0010,89,11.7,1041.3
POI008957,PO08957,P0010,88,11.7,1029.6
POI008958,PO08958,P0010,86,11.7,1006.2
POI008959,PO08959,P0010,87,11.7,1017.9
POI008960,PO08960,P0010,87,11.7,1017.9
POI008961,PO08961,P0010,90,11.7,1053.0
POI008962,PO08962,P0010,91,11.7,1064.7
POI008963,PO08963,P0010,86,11.7,1006.2
POI008964,PO08964,P0010,87,11.7,1017.9
POI008965,PO08965,P0011,395,16.95,6695.25
POI008966,PO08966,P0011,386,16.36,6314.96
POI008967,PO08967,P0011,376,13.84,5203.84
POI008968,PO08968,P0011,372,13.84,5148.48
POI008969,PO08969,P0011,382,13.84,5286.88
POI008970,PO08970,P0011,393,13.84,5439.12
POI008971,PO08971,P0011,394,13.84,5452.96
POI008972,PO08972,P0011,396,16.36,6478.56
POI008973,PO08973,P0011,373,16.95,6322.35
POI008974,PO08974,P0011,389,16.36,6364.04
POI008975,PO08975,P0011,387,16.95,6559.65
POI008976,PO08976,P0011,387,13.84,5356.08
POI008977,PO08977,P0011,375,16.36,6135.0
POI008978,PO08978,P0011,380,16.95,6441.0
POI008979,PO08979,P0011,385,16.95,6525.75
POI008980,PO08980,P0011,382,13.84,5286.88
POI008981,PO08981,P0011,383,16.95,6491.85
POI008982,PO08982,P0011,378,16.36,6184.08
POI008983,PO08983,P0011,381,16.95,6457.95
POI008984,PO08984,P0011,380,16.95,6441.0
POI008985,PO08985,P0011,382,13.84,5286.88
POI008986,PO08986,P0012,407,8.84,3597.88
POI008987,PO08987,P0012,405,8.84,3580.2
POI008988,PO08988,P0012,407,8.84,3597.88
POI008989,PO08989,P0012,403,8.84,3562.52
POI008990,PO08990,P0012,408,8.84,3606.72
POI008991,PO08991,P0012,413,8.84,3650.92
POI008992,PO08992,P0012,411,8.84,3633.24
POI008993,PO08993,P0012,408,8.84,3606.72
POI008994,PO08994,P0012,415,8.84,3668.6
POI008995,PO08995,P0013,414,13.76,5696.64
POI008996,PO08996,P0013,413,13.76,5682.88
POI008997,PO08997,P0013,409,13.76,5627.84
POI008998,PO08998,P0013,410,13.76,5641.6
POI008999,PO08999,P0014,170,2.82,479.4
POI009000,PO09000,P0014,173,3.33,576.09
POI009001,PO09001,P0014,167,2.82,470.94
POI009002,PO09002,P0014,171,3.33,569.43
POI009003,PO09003,P0014,166,3.33,552.78
POI009004,PO09004,P0014,166,3.33,552.78
POI009005,PO09005,P0014,166,2.82,468.12
POI009006,PO09006,P0014,173,3.33,576.09
POI009007,PO09007,P0014,170,3.33,566.1
POI009008,PO09008,P0014,170,2.82,479.4
POI009009,PO09009,P0014,169,3.33,562.77
POI009010,PO09010,P0014,167,2.82,470.94
POI009011,PO09011,P0014,170,3.33,566.1
POI009012,PO09012,P0014,165,3.33,549.45
POI009013,PO09013,P0014,170,2.82,479.4
POI009014,PO09014,P0014,171,2.82,482.22
POI009015,PO09015,P0014,165,2.82,465.3
POI009016,PO09016,P0014,173,2.82,487.86
POI009017,PO09017,P0014,165,3.33,549.45
POI009018,PO09018,P0015,300,21.5,6450.0
POI009019,PO09019,P0015,299,21.3,6368.7
POI009020,PO09020,P0015,307,21.5,6600.5
POI009021,PO09021,P0015,299,21.3,6368.7
POI009022,PO09022,P0015,312,21.3,6645.6
POI009023,PO09023,P0015,315,21.5,6772.5
POI009024,PO09024,P0015,310,21.3,6603.0
POI009025,PO09025,P0015,299,21.3,6368.7
POI009026,PO09026,P0015,308,21.5,6622.0
POI009027,PO09027,P0015,301,21.3,6411.3
POI009028,PO09028,P0015,306,21.5,6579.0
POI009029,PO09029,P0015,303,21.3,6453.9
POI009030,PO09030,P0015,307,21.5,6600.5
POI009031,PO09031,P0016,294,5.12,1505.28
POI009032,PO09032,P0016,293,4.86,1423.98
POI009033,PO09033,P0016,285,4.86,1385.1
POI009034,PO09034,P0016,284,4.86,1380.24
POI009035,PO09035,P0016,285,5.12,1459.2
POI009036,PO09036,P0016,292,4.86,1419.12
POI009037,PO09037,P0016,290,4.86,1409.4
POI009038,PO09038,P0016,294,4.86,1428.84
POI009039,PO09039,P0016,285,5.12,1459.2
POI009040,PO09040,P0016,296,5.12,1515.52
POI009041,PO09041,P0016,292,4.86,1419.12
POI009042,PO09042,P0016,298,5.12,1525.76
POI009043,PO09043,P0016,283,4.86,1375.38
POI009044,PO09044,P0016,285,4.86,1385.1
POI009045,PO09045,P0016,284,5.12,1454.08
POI009046,PO09046,P0016,290,4.86,1409.4
POI009047,PO09047,P0016,289,4.86,1404.54
POI009048,PO09048,P0016,289,4.86,1404.54
POI009049,PO09049,P0017,86,8.6,739.6
POI009050,PO09050,P0017,86,8.6,739.6
POI009051,PO09051,P0017,86,8.6,739.6
POI009052,PO09052,P0017,86,8.6,739.6
POI009053,PO09053,P0017,84,8.6,722.4
POI009054,PO09054,P0017,86,8.6,739.6
POI009055,PO09055,P0017,82,8.6,705.2
POI009056,PO09056,P0017,86,8.6,739.6
POI009057,PO09057,P0017,86,8.6,739.6
POI009058,PO09058,P0017,86,8.6,739.6
POI009059,PO09059,P0017,83,8.6,713.8
POI009060,PO09060,P0017,86,8.6,739.6
POI009061,PO09061,P0017,86,8.6,739.6
POI009062,PO09062,P0017,86,8.6,739.6
POI009063,PO09063,P0017,86,8.6,739.6
POI009064,PO09064,P0017,83,8.6,713.8
POI009065,PO09065,P0017,86,8.6,739.6
POI009066,PO09066,P0017,86,8.6,739.6
POI009067,PO09067,P0017,86,8.6,739.6
POI009068,PO09068,P0017,86,8.6,739.6
POI009069,PO09069,P0017,81,8.6,696.6
POI009070,PO09070,P0017,86,8.6,739.6
POI009071,PO09071,P0017,86,8.6,739.6
POI009072,PO09072,P0017,86,8.6,739.6
POI009073,PO09073,P0017,86,8.6,739.6
POI009074,PO09074,P0017,86,8.6,739.6
POI009075,PO09075,P0017,81,8.6,696.6
POI009076,PO09076,P0017,86,8.6,739.6
POI009077,PO09077,P0017,86,8.6,739.6
POI009078,PO09078,P0017,86,8.6,739.6
POI009079,PO09079,P0017,86,8.6,739.6
POI009080,PO09080,P0017,86,8.6,739.6
POI009081,PO09081,P0017,86,8.6,739.6
POI009082,PO09082,P0017,86,8.6,739.6
POI009083,PO09083,P0017,86,8.6,739.6
POI009084,PO09084,P0017,86,8.6,739.6
POI009085,PO09085,P0017,86,8.6,739.6
POI009086,PO09086,P0017,81,8.6,696.6
POI009087,PO09087,P0017,86,8.6,739.6
POI009088,PO09088,P0017,83,8.6,713.8
POI009089,PO09089,P0017,86,8.6,739.6
POI009090,PO09090,P0017,86,8.6,739.6
POI009091,PO09091,P0017,86,8.6,739.6
POI009092,PO09092,P0017,86,8.6,739.6
POI009093,PO09093,P0017,84,8.6,722.4
POI009094,PO09094,P0017,86,8.6,739.6
POI009095,PO09095,P0017,84,8.6,722.4
POI009096,PO09096,P0017,86,8.6,739.6
POI009097,PO09097,P0017,86,8.6,739.6
POI009098,PO09098,P0017,86,8.6,739.6
POI009099,PO09099,P0017,86,8.6,739.6
POI009100,PO09100,P0017,86,8.6,739.6
POI009101,PO09101,P0017,86,8.6,739.6
POI009102,PO09102,P0017,83,8.6,713.8
POI009103,PO09103,P0017,86,8.6,739.6
POI009104,PO09104,P0017,82,8.6,705.2
POI009105,PO09105,P0017,86,8.6,739.6
POI009106,PO09106,P0017,83,8.6,713.8
POI009107,PO09107,P0017,86,8.6,739.6
POI009108,PO09108,P0017,81,8.6,696.6
POI009109,PO09109,P0017,86,8.6,739.6
POI009110,PO09110,P0017,86,8.6,739.6
POI009111,PO09111,P0017,86,8.6,739.6
POI009112,PO09112,P0017,86,8.6,739.6
POI009113,PO09113,P0017,86,8.6,739.6
POI009114,PO09114,P0017,86,8.6,739.6
POI009115,PO09115,P0017,81,8.6,696.6
POI009116,PO09116,P0017,86,8.6,739.6
POI009117,PO09117,P0017,86,8.6,739.6
POI009118,PO09118,P0017,86,8.6,739.6
POI009119,PO09119,P0017,86,8.6,739.6
POI009120,PO09120,P0017,84,8.6,722.4
POI009121,PO09121,P0017,86,8.6,739.6
POI009122,PO09122,P0017,86,8.6,739.6
POI009123,PO09123,P0017,85,8.6,731.0
POI009124,PO09124,P0018,310,2.31,716.1
POI009125,PO09125,P0018,315,2.54,800.1
POI009126,PO09126,P0018,315,2.35,740.25
POI009127,PO09127,P0018,311,2.31,718.41
POI009128,PO09128,P0018,311,2.54,789.94
POI009129,PO09129,P0018,310,2.31,716.1
POI009130,PO09130,P0018,308,2.35,723.8
POI009131,PO09131,P0018,315,2.54,800.1
POI009132,PO09132,P0018,309,2.54,784.86
POI009133,PO09133,P0018,311,2.54,789.94
POI009134,PO09134,P0018,318,2.35,747.3
POI009135,PO09135,P0019,251,21.23,5328.73
POI009136,PO09136,P0019,260,21.23,5519.8
POI009137,PO09137,P0019,266,21.23,5647.18
POI009138,PO09138,P0019,244,21.23,5180.12
POI009139,PO09139,P0019,257,21.23,5456.11
POI009140,PO09140,P0019,255,21.23,5413.65
POI009141,PO09141,P0019,266,21.23,5647.18
POI009142,PO09142,P0019,257,21.23,5456.11
POI009143,PO09143,P0019,254,21.23,5392.42
POI009144,PO09144,P0019,242,21.23,5137.66
POI009145,PO09145,P0019,239,21.23,5073.97
POI009146,PO09146,P0019,259,21.23,5498.57
POI009147,PO09147,P0019,247,21.23,5243.81
POI009148,PO09148,P0019,261,21.23,5541.03
POI009149,PO09149,P0019,247,21.23,5243.81
POI009150,PO09150,P0019,256,21.23,5434.88
POI009151,PO09151,P0019,250,21.23,5307.5
POI009152,PO09152,P0019,251,21.23,5328.73
POI009153,PO09153,P0019,249,21.23,5286.27
POI009154,PO09154,P0019,260,21.23,5519.8
POI009155,PO09155,P0019,241,21.23,5116.43
POI009156,PO09156,P0019,255,21.23,5413.65
POI009157,PO09157,P0019,247,21.23,5243.81
POI009158,PO09158,P0019,251,21.23,5328.73
POI009159,PO09159,P0019,254,21.23,5392.42
POI009160,PO09160,P0019,260,21.23,5519.8
POI009161,PO09161,P0019,264,21.23,5604.72
POI009162,PO09162,P0019,245,21.23,5201.35
POI009163,PO09163,P0019,251,21.23,5328.73
POI009164,PO09164,P0019,245,21.23,5201.35
POI009165,PO09165,P0019,249,21.23,5286.27
POI009166,PO09166,P0019,260,21.23,5519.8
POI009167,PO09167,P0019,249,21.23,5286.27
POI009168,PO09168,P0019,264,21.23,5604.72
POI009169,PO09169,P0019,247,21.23,5243.81
POI009170,PO09170,P0019,249,21.23,5286.27
POI009171,PO09171,P0020,436,16.88,7359.68
POI009172,PO09172,P0020,434,16.88,7325.92
POI009173,PO09173,P0020,433,17.29,7486.57
POI009174,PO09174,P0021,481,11.15,5363.15
POI009175,PO09175,P0021,485,11.15,5407.75
POI009176,PO09176,P0021,479,11.15,5340.85
POI009177,PO09177,P0021,485,11.15,5407.75
POI009178,PO09178,P0021,478,10.98,5248.44
POI009179,PO09179,P0021,487,11.15,5430.05
POI009180,PO09180,P0021,478,11.15,5329.7
POI009181,PO09181,P0021,478,11.15,5329.7
POI009182,PO09182,P0021,483,10.98,5303.34
POI009183,PO09183,P0022,254,23.66,6009.64
POI009184,PO09184,P0022,249,24.63,6132.87
POI009185,PO09185,P0022,256,22.4,5734.4
POI009186,PO09186,P0022,251,23.66,5938.66
POI009187,PO09187,P0022,258,23.66,6104.28
POI009188,PO09188,P0022,244,23.66,5773.04
POI009189,PO09189,P0022,246,22.4,5510.4
POI009190,PO09190,P0022,253,24.63,6231.39
POI009191,PO09191,P0022,244,24.63,6009.72
POI009192,PO09192,P0022,256,23.66,6056.96
POI009193,PO09193,P0022,244,24.63,6009.72
POI009194,PO09194,P0022,247,24.63,6083.61
POI009195,PO09195,P0022,245,23.66,5796.7
POI009196,PO09196,P0022,243,22.4,5443.2
POI009197,PO09197,P0022,245,22.4,5488.0
POI009198,PO09198,P0022,257,24.63,6329.91
POI009199,PO09199,P0022,244,23.66,5773.04
POI009200,PO09200,P0022,247,23.66,5844.02
POI009201,PO09201,P0022,251,22.4,5622.4
POI009202,PO09202,P0023,170,4.88,829.6
POI009203,PO09203,P0023,171,4.51,771.21
POI009204,PO09204,P0023,182,4.88,888.16
POI009205,PO09205,P0023,175,4.51,789.25
POI009206,PO09206,P0023,165,4.88,805.2
POI009207,PO09207,P0023,176,4.51,793.76
POI009208,PO09208,P0023,175,4.51,789.25
POI009209,PO09209,P0023,181,4.88,883.28
POI009210,PO09210,P0023,187,4.51,843.37
POI009211,PO09211,P0023,183,4.88,893.04
POI009212,PO09212,P0023,166,4.51,748.66
POI009213,PO09213,P0023,170,4.51,766.7
POI009214,PO09214,P0023,178,4.51,802.78
POI009215,PO09215,P0023,170,4.51,766.7
POI009216,PO09216,P0023,182,4.51,820.82
POI009217,PO09217,P0023,167,4.88,814.96
POI009218,PO09218,P0023,179,4.88,873.52
POI009219,PO09219,P0023,168,4.88,819.84
POI009220,PO09220,P0023,173,4.88,844.24
POI009221,PO09221,P0023,176,4.88,858.88
POI009222,PO09222,P0023,163,4.88,795.44
POI009223,PO09223,P0023,174,4.51,784.74
POI009224,PO09224,P0023,166,4.51,748.66
POI009225,PO09225,P0023,182,4.88,888.16
POI009226,PO09226,P0023,165,4.51,744.15
POI009227,PO09227,P0023,193,4.51,870.43
POI009228,PO09228,P0023,168,4.88,819.84
POI009229,PO09229,P0023,166,4.51,748.66
POI009230,PO09230,P0023,173,4.88,844.24
POI009231,PO09231,P0023,162,4.88,790.56
POI009232,PO09232,P0023,169,4.51,762.19
POI009233,PO09233,P0023,168,4.51,757.68
POI009234,PO09234,P0023,169,4.88,824.72
POI009235,PO09235,P0023,171,4.88,834.48
POI009236,PO09236,P0023,169,4.51,762.19
POI009237,PO09237,P0023,177,4.51,798.27
POI009238,PO09238,P0023,179,4.88,873.52
POI009239,PO09239,P0023,174,4.51,784.74
POI009240,PO09240,P0023,182,4.88,888.16
POI009241,PO09241,P0023,173,4.51,780.23
POI009242,PO09242,P0023,176,4.51,793.76
POI009243,PO09243,P0023,184,4.88,897.92
POI009244,PO09244,P0023,167,4.88,814.96
POI009245,PO09245,P0024,343,20.73,7110.39
POI009246,PO09246,P0024,341,18.25,6223.25
POI009247,PO09247,P0024,342,20.73,7089.66
POI009248,PO09248,P0024,343,18.25,6259.75
POI009249,PO09249,P0024,344,20.73,7131.12
POI009250,PO09250,P0024,345,20.73,7151.85
POI009251,PO09251,P0024,344,20.73,7131.12
POI009252,PO09252,P0024,341,18.25,6223.25
POI009253,PO09253,P0024,340,20.73,7048.2
POI009254,PO09254,P0025,306,15.98,4889.88
POI009255,PO09255,P0025,304,15.98,4857.92
POI009256,PO09256,P0025,310,15.98,4953.8
POI009257,PO09257,P0025,310,15.98,4953.8
POI009258,PO09258,P0025,307,15.98,4905.86
POI009259,PO09259,P0025,308,15.98,4921.84
POI009260,PO09260,P0025,309,15.98,4937.82
POI009261,PO09261,P0025,310,15.98,4953.8
POI009262,PO09262,P0025,310,15.98,4953.8
POI009263,PO09263,P0025,305,15.98,4873.9
POI009264,PO09264,P0025,309,15.98,4937.82
POI009265,PO09265,P0025,310,15.98,4953.8
POI009266,PO09266,P0025,302,15.98,4825.96
POI009267,PO09267,P0025,310,15.98,4953.8
POI009268,PO09268,P0025,310,15.98,4953.8
POI009269,PO09269,P0026,312,19.21,5993.52
POI009270,PO09270,P0026,320,19.21,6147.2
POI009271,PO09271,P0026,327,23.77,7772.79
POI009272,PO09272,P0026,336,23.77,7986.72
POI009273,PO09273,P0026,313,19.21,6012.73
POI009274,PO09274,P0026,319,19.21,6127.99
POI009275,PO09275,P0026,326,23.77,7749.02
POI009276,PO09276,P0026,317,23.77,7535.09
POI009277,PO09277,P0026,313,23.77,7440.01
POI009278,PO09278,P0026,335,23.77,7962.95
POI009279,PO09279,P0026,338,23.77,8034.26
POI009280,PO09280,P0026,334,19.21,6416.14
POI009281,PO09281,P0026,313,19.21,6012.73
POI009282,PO09282,P0026,323,23.77,7677.71
POI009283,PO09283,P0026,326,23.77,7749.02
POI009284,PO09284,P0026,322,23.77,7653.94
POI009285,PO09285,P0026,313,19.21,6012.73
POI009286,PO09286,P0026,314,19.21,6031.94
POI009287,PO09287,P0026,312,19.21,5993.52
POI009288,PO09288,P0026,334,23.77,7939.18
POI009289,PO09289,P0026,331,23.77,7867.87
POI009290,PO09290,P0026,330,23.77,7844.1
POI009291,PO09291,P0026,314,23.77,7463.78
POI009292,PO09292,P0026,314,23.77,7463.78
POI009293,PO09293,P0027,374,14.38,5378.12
POI009294,PO09294,P0027,374,15.13,5658.62
POI009295,PO09295,P0027,378,15.13,5719.14
POI009296,PO09296,P0027,375,14.38,5392.5
POI009297,PO09297,P0027,372,15.13,5628.36
POI009298,PO09298,P0027,369,14.62,5394.78
POI009299,PO09299,P0028,280,16.45,4606.0
POI009300,PO09300,P0028,281,16.45,4622.45
POI009301,PO09301,P0028,281,16.45,4622.45
POI009302,PO09302,P0028,281,16.64,4675.84
POI009303,PO09303,P0029,123,24.29,2987.67
POI009304,PO09304,P0029,123,24.29,2987.67
POI009305,PO09305,P0029,129,24.29,3133.41
POI009306,PO09306,P0029,125,24.29,3036.25
POI009307,PO09307,P0029,117,24.29,2841.93
POI009308,PO09308,P0029,123,24.29,2987.67
POI009309,PO09309,P0029,126,24.29,3060.54
POI009310,PO09310,P0029,111,24.29,2696.19
POI009311,PO09311,P0029,115,24.29,2793.35
POI009312,PO09312,P0029,122,24.29,2963.38
POI009313,PO09313,P0029,118,24.29,2866.22
POI009314,PO09314,P0029,126,24.29,3060.54
POI009315,PO09315,P0029,111,24.29,2696.19
POI009316,PO09316,P0029,127,24.29,3084.83
POI009317,PO09317,P0029,126,24.29,3060.54
POI009318,PO09318,P0029,108,24.29,2623.32
POI009319,PO09319,P0029,124,24.29,3011.96
POI009320,PO09320,P0029,107,24.29,2599.03
POI009321,PO09321,P0029,120,24.29,2914.8
POI009322,PO09322,P0029,111,24.29,2696.19
POI009323,PO09323,P0029,127,24.29,3084.83
POI009324,PO09324,P0029,130,24.29,3157.7
POI009325,PO09325,P0029,116,24.29,2817.64
POI009326,PO09326,P0029,115,24.29,2793.35
POI009327,PO09327,P0029,107,24.29,2599.03
POI009328,PO09328,P0029,113,24.29,2744.77
POI009329,PO09329,P0029,107,24.29,2599.03
POI009330,PO09330,P0029,111,24.29,2696.19
POI009331,PO09331,P0029,121,24.29,2939.09
POI009332,PO09332,P0029,107,24.29,2599.03
POI009333,PO09333,P0029,117,24.29,2841.93
POI009334,PO09334,P0029,125,24.29,3036.25
POI009335,PO09335,P0029,130,24.29,3157.7
POI009336,PO09336,P0029,114,24.29,2769.06
POI009337,PO09337,P0029,107,24.29,2599.03
POI009338,PO09338,P0029,130,24.29,3157.7
POI009339,PO09339,P0029,120,24.29,2914.8
POI009340,PO09340,P0029,113,24.29,2744.77
POI009341,PO09341,P0029,130,24.29,3157.7
POI009342,PO09342,P0029,118,24.29,2866.22
POI009343,PO09343,P0029,114,24.29,2769.06
POI009344,PO09344,P0029,123,24.29,2987.67
POI009345,PO09345,P0029,109,24.29,2647.61
POI009346,PO09346,P0029,121,24.29,2939.09
POI009347,PO09347,P0029,118,24.29,2866.22
POI009348,PO09348,P0029,111,24.29,2696.19
POI009349,PO09349,P0029,107,24.29,2599.03
POI009350,PO09350,P0029,107,24.29,2599.03
POI009351,PO09351,P0029,119,24.29,2890.51
POI009352,PO09352,P0029,124,24.29,3011.96
POI009353,PO09353,P0029,112,24.29,2720.48
POI009354,PO09354,P0029,115,24.29,2793.35
POI009355,PO09355,P0029,110,24.29,2671.9
POI009356,PO09356,P0029,125,24.29,3036.25
POI009357,PO09357,P0029,117,24.29,2841.93
POI009358,PO09358,P0029,114,24.29,2769.06
POI009359,PO09359,P0029,109,24.29,2647.61
POI009360,PO09360,P0029,115,24.29,2793.35
POI009361,PO09361,P0029,109,24.29,2647.61
POI009362,PO09362,P0029,124,24.29,3011.96
POI009363,PO09363,P0029,119,24.29,2890.51
POI009364,PO09364,P0029,108,24.29,2623.32
POI009365,PO09365,P0029,125,24.29,3036.25
POI009366,PO09366,P0029,126,24.29,3060.54
POI009367,PO09367,P0029,112,24.29,2720.48
POI009368,PO09368,P0029,130,24.29,3157.7
POI009369,PO09369,P0029,126,24.29,3060.54
POI009370,PO09370,P0029,110,24.29,2671.9
POI009371,PO09371,P0030,174,18.9,3288.6
POI009372,PO09372,P0030,176,21.15,3722.4
POI009373,PO09373,P0030,182,21.15,3849.3
POI009374,PO09374,P0030,177,21.15,3743.55
POI009375,PO09375,P0030,173,21.15,3658.95
POI009376,PO09376,P0030,175,21.15,3701.25
POI009377,PO09377,P0030,185,21.15,3912.75
POI009378,PO09378,P0030,185,18.9,3496.5
POI009379,PO09379,P0030,179,18.9,3383.1
POI009380,PO09380,P0030,181,21.15,3828.15
POI009381,PO09381,P0030,185,18.9,3496.5
POI009382,PO09382,P0030,181,21.15,3828.15
POI009383,PO09383,P0030,180,21.15,3807.0
POI009384,PO09384,P0030,185,21.15,3912.75
POI009385,PO09385,P0030,178,18.9,3364.2
POI009386,PO09386,P0030,174,18.9,3288.6
POI009387,PO09387,P0030,185,21.15,3912.75
POI009388,PO09388,P0030,183,21.15,3870.45
POI009389,PO09389,P0030,185,21.15,3912.75
POI009390,PO09390,P0030,185,18.9,3496.5
POI009391,PO09391,P0030,182,21.15,3849.3
POI009392,PO09392,P0030,185,21.15,3912.75
POI009393,PO09393,P0030,185,21.15,3912.75
POI009394,PO09394,P0030,185,21.15,3912.75
POI009395,PO09395,P0030,177,18.9,3345.3
POI009396,PO09396,P0030,185,21.15,3912.75
POI009397,PO09397,P0030,185,18.9,3496.5
POI009398,PO09398,P0030,185,21.15,3912.75
POI009399,PO09399,P0030,185,18.9,3496.5
POI009400,PO09400,P0030,185,21.15,3912.75
POI009401,PO09401,P0030,185,18.9,3496.5
POI009402,PO09402,P0030,185,18.9,3496.5
POI009403,PO09403,P0030,176,21.15,3722.4
POI009404,PO09404,P0030,182,18.9,3439.8
POI009405,PO09405,P0030,172,18.9,3250.8
POI009406,PO09406,P0030,182,18.9,3439.8
POI009407,PO09407,P0030,174,18.9,3288.6
POI009408,PO09408,P0030,185,18.9,3496.5
POI009409,PO09409,P0030,185,21.15,3912.75
POI009410,PO09410,P0030,185,21.15,3912.75
POI009411,PO09411,P0030,178,18.9,3364.2
POI009412,PO09412,P0030,177,18.9,3345.3
POI009413,PO09413,P0030,185,18.9,3496.5
POI009414,PO09414,P0030,185,21.15,3912.75
POI009415,PO09415,P0030,172,21.15,3637.8
POI009416,PO09416,P0030,181,18.9,3420.9
POI009417,PO09417,P0030,185,21.15,3912.75
POI009418,PO09418,P0030,172,21.15,3637.8
POI009419,PO09419,P0030,185,18.9,3496.5
POI009420,PO09420,P0030,183,21.15,3870.45
POI009421,PO09421,P0031,263,15.9,4181.7
POI009422,PO09422,P0031,265,15.05,3988.25
POI009423,PO09423,P0031,269,16.15,4344.35
POI009424,PO09424,P0031,263,15.05,3958.15
POI009425,PO09425,P0031,267,15.05,4018.35
POI009426,PO09426,P0031,264,15.9,4197.6
POI009427,PO09427,P0031,263,15.9,4181.7
POI009428,PO09428,P0031,263,15.9,4181.7
POI009429,PO09429,P0032,417,1.74,725.58
POI009430,PO09430,P0032,424,1.74,737.76
POI009431,PO09431,P0032,429,1.74,746.46
POI009432,PO09432,P0032,429,1.74,746.46
POI009433,PO09433,P0032,429,1.49,639.21
POI009434,PO09434,P0032,422,1.74,734.28
POI009435,PO09435,P0032,429,1.49,639.21
POI009436,PO09436,P0032,422,1.74,734.28
POI009437,PO09437,P0032,428,1.49,637.72
POI009438,PO09438,P0032,417,1.49,621.33
POI009439,PO09439,P0032,422,1.49,628.78
POI009440,PO09440,P0032,429,1.74,746.46
POI009441,PO09441,P0032,429,1.49,639.21
POI009442,PO09442,P0032,429,1.49,639.21
POI009443,PO09443,P0032,422,1.49,628.78
POI009444,PO09444,P0032,423,1.49,630.27
POI009445,PO09445,P0032,429,1.49,639.21
POI009446,PO09446,P0032,425,1.74,739.5
POI009447,PO09447,P0032,414,1.49,616.86
POI009448,PO09448,P0033,327,2.3,752.1
POI009449,PO09449,P0033,325,2.32,754.0
POI009450,PO09450,P0033,328,2.3,754.4
POI009451,PO09451,P0033,324,2.3,745.2
POI009452,PO09452,P0033,328,2.32,760.96
POI009453,PO09453,P0033,323,2.32,749.36
POI009454,PO09454,P0033,322,2.3,740.6
POI009455,PO09455,P0033,326,2.3,749.8
POI009456,PO09456,P0033,326,2.56,834.56
POI009457,PO09457,P0033,327,2.32,758.64
POI009458,PO09458,P0033,327,2.3,752.1
POI009459,PO09459,P0033,320,2.32,742.4
POI009460,PO09460,P0034,383,9.84,3768.72
POI009461,PO09461,P0034,396,9.84,3896.64
POI009462,PO09462,P0034,391,9.84,3847.44
POI009463,PO09463,P0034,387,9.84,3808.08
POI009464,PO09464,P0034,396,9.84,3896.64
POI009465,PO09465,P0034,388,9.84,3817.92
POI009466,PO09466,P0034,399,9.84,3926.16
POI009467,PO09467,P0034,393,9.84,3867.12
POI009468,PO09468,P0034,385,9.84,3788.4
POI009469,PO09469,P0034,388,9.84,3817.92
POI009470,PO09470,P0034,392,9.84,3857.28
POI009471,PO09471,P0034,381,9.84,3749.04
POI009472,PO09472,P0034,386,9.84,3798.24
POI009473,PO09473,P0034,392,9.84,3857.28
POI009474,PO09474,P0034,381,9.84,3749.04
POI009475,PO09475,P0034,386,9.84,3798.24
POI009476,PO09476,P0035,478,22.89,10941.42
POI009477,PO09477,P0035,488,21.41,10448.08
POI009478,PO09478,P0035,492,21.41,10533.72
POI009479,PO09479,P0035,472,21.41,10105.52
POI009480,PO09480,P0035,481,21.41,10298.21
POI009481,PO09481,P0035,485,22.89,11101.65
POI009482,PO09482,P0035,492,22.89,11261.88
POI009483,PO09483,P0035,480,22.89,10987.2
POI009484,PO09484,P0035,483,21.41,10341.03
POI009485,PO09485,P0035,482,21.41,10319.62
POI009486,PO09486,P0035,473,22.89,10826.97
POI009487,PO09487,P0035,475,21.41,10169.75
POI009488,PO09488,P0035,477,21.41,10212.57
POI009489,PO09489,P0036,115,16.13,1854.95
POI009490,PO09490,P0036,116,16.13,1871.08
POI009491,PO09491,P0036,129,16.13,2080.77
POI009492,PO09492,P0036,118,16.13,1903.34
POI009493,PO09493,P0036,115,16.13,1854.95
POI009494,PO09494,P0036,113,16.13,1822.69
POI009495,PO09495,P0036,122,16.13,1967.86
POI009496,PO09496,P0036,120,16.13,1935.6
POI009497,PO09497,P0036,114,16.13,1838.82
POI009498,PO09498,P0036,117,16.13,1887.21
POI009499,PO09499,P0036,116,16.13,1871.08
POI009500,PO09500,P0036,128,16.13,2064.64
POI009501,PO09501,P0036,110,16.13,1774.3
POI009502,PO09502,P0036,122,16.13,1967.86
POI009503,PO09503,P0036,125,16.13,2016.25
POI009504,PO09504,P0036,116,16.13,1871.08
POI009505,PO09505,P0036,112,16.13,1806.56
POI009506,PO09506,P0036,110,16.13,1774.3
POI009507,PO09507,P0036,112,16.13,1806.56
POI009508,PO09508,P0036,115,16.13,1854.95
POI009509,PO09509,P0036,115,16.13,1854.95
POI009510,PO09510,P0036,117,16.13,1887.21
POI009511,PO09511,P0036,116,16.13,1871.08
POI009512,PO09512,P0036,129,16.13,2080.77
POI009513,PO09513,P0036,113,16.13,1822.69
POI009514,PO09514,P0036,114,16.13,1838.82
POI009515,PO09515,P0036,118,16.13,1903.34
POI009516,PO09516,P0036,130,16.13,2096.9
POI009517,PO09517,P0036,131,16.13,2113.03
POI009518,PO09518,P0036,121,16.13,1951.73
POI009519,PO09519,P0036,129,16.13,2080.77
POI009520,PO09520,P0036,123,16.13,1983.99
POI009521,PO09521,P0036,114,16.13,1838.82
POI009522,PO09522,P0036,110,16.13,1774.3
POI009523,PO09523,P0036,113,16.13,1822.69
POI009524,PO09524,P0036,114,16.13,1838.82
POI009525,PO09525,P0036,118,16.13,1903.34
POI009526,PO09526,P0036,113,16.13,1822.69
POI009527,PO09527,P0036,112,16.13,1806.56
POI009528,PO09528,P0036,120,16.13,1935.6
POI009529,PO09529,P0036,111,16.13,1790.43
POI009530,PO09530,P0036,111,16.13,1790.43
POI009531,PO09531,P0036,116,16.13,1871.08
POI009532,PO09532,P0036,118,16.13,1903.34
POI009533,PO09533,P0036,110,16.13,1774.3
POI009534,PO09534,P0036,110,16.13,1774.3
POI009535,PO09535,P0036,117,16.13,1887.21
POI009536,PO09536,P0036,110,16.13,1774.3
POI009537,PO09537,P0036,109,16.13,1758.17
POI009538,PO09538,P0036,111,16.13,1790.43
POI009539,PO09539,P0036,114,16.13,1838.82
POI009540,PO09540,P0037,149,5.08,756.92
POI009541,PO09541,P0037,146,5.08,741.68
POI009542,PO09542,P0037,148,4.71,697.08
POI009543,PO09543,P0037,145,5.73,830.85
POI009544,PO09544,P0037,154,4.71,725.34
POI009545,PO09545,P0037,150,4.71,706.5
POI009546,PO09546,P0037,154,5.73,882.42
POI009547,PO09547,P0037,146,5.08,741.68
POI009548,PO09548,P0037,153,5.73,876.69
POI009549,PO09549,P0037,152,5.08,772.16
POI009550,PO09550,P0037,148,4.71,697.08
POI009551,PO09551,P0037,149,5.08,756.92
POI009552,PO09552,P0037,148,5.08,751.84
POI009553,PO09553,P0037,145,4.71,682.95
POI009554,PO09554,P0037,149,5.08,756.92
POI009555,PO09555,P0037,148,5.73,848.04
POI009556,PO09556,P0037,145,5.08,736.6
POI009557,PO09557,P0037,152,5.73,870.96
POI009558,PO09558,P0037,151,5.08,767.08
POI009559,PO09559,P0037,154,5.73,882.42
POI009560,PO09560,P0037,151,5.08,767.08
POI009561,PO09561,P0038,268,6.91,1851.88
POI009562,PO09562,P0038,268,7.65,2050.2
POI009563,PO09563,P0038,285,7.65,2180.25
POI009564,PO09564,P0038,282,6.91,1948.62
POI009565,PO09565,P0038,273,7.65,2088.45
POI009566,PO09566,P0038,274,7.3,2000.2
POI009567,PO09567,P0038,284,6.91,1962.44
POI009568,PO09568,P0038,277,7.3,2022.1
POI009569,PO09569,P0038,279,7.3,2036.7
POI009570,PO09570,P0038,289,6.91,1996.99
POI009571,PO09571,P0038,290,6.91,2003.9
POI009572,PO09572,P0038,264,7.65,2019.6
POI009573,PO09573,P0038,282,7.3,2058.6
POI009574,PO09574,P0038,268,7.65,2050.2
POI009575,PO09575,P0038,277,7.65,2119.05
POI009576,PO09576,P0038,287,7.65,2195.55
POI009577,PO09577,P0038,269,7.3,1963.7
POI009578,PO09578,P0038,276,6.91,1907.16
POI009579,PO09579,P0038,280,7.3,2044.0
POI009580,PO09580,P0038,271,7.3,1978.3
POI009581,PO09581,P0038,271,7.65,2073.15
POI009582,PO09582,P0038,274,6.91,1893.34
POI009583,PO09583,P0038,264,7.65,2019.6
POI009584,PO09584,P0038,271,7.65,2073.15
POI009585,PO09585,P0038,276,7.3,2014.8
POI009586,PO09586,P0038,281,7.3,2051.3
POI009587,PO09587,P0038,274,7.3,2000.2
POI009588,PO09588,P0038,284,7.3,2073.2
POI009589,PO09589,P0039,101,3.6,363.6
POI009590,PO09590,P0039,100,3.6,360.0
POI009591,PO09591,P0039,99,3.6,356.4
POI009592,PO09592,P0039,99,3.6,356.4
POI009593,PO09593,P0039,103,3.71,382.13
POI009594,PO09594,P0039,100,3.71,371.0
POI009595,PO09595,P0039,98,3.6,352.8
POI009596,PO09596,P0039,103,3.6,370.8
POI009597,PO09597,P0039,99,3.71,367.29
POI009598,PO09598,P0039,98,3.6,352.8
POI009599,PO09599,P0039,101,3.71,374.71
POI009600,PO09600,P0039,99,3.6,356.4
POI009601,PO09601,P0039,99,3.71,367.29
POI009602,PO09602,P0040,52,13.88,721.76
POI009603,PO09603,P0040,52,13.88,721.76
POI009604,PO09604,P0040,53,13.88,735.64
POI009605,PO09605,P0040,55,13.88,763.4
POI009606,PO09606,P0040,56,13.88,777.28
POI009607,PO09607,P0040,51,13.88,707.88
POI009608,PO09608,P0040,57,13.88,791.16
POI009609,PO09609,P0040,55,13.88,763.4
POI009610,PO09610,P0040,54,13.88,749.52
POI009611,PO09611,P0040,59,13.88,818.92
POI009612,PO09612,P0040,51,13.88,707.88
POI009613,PO09613,P0040,52,13.88,721.76
POI009614,PO09614,P0040,56,13.88,777.28
POI009615,PO09615,P0040,53,13.88,735.64
POI009616,PO09616,P0040,58,13.88,805.04
POI009617,PO09617,P0040,53,13.88,735.64
POI009618,PO09618,P0040,53,13.88,735.64
POI009619,PO09619,P0040,52,13.88,721.76
POI009620,PO09620,P0040,55,13.88,763.4
POI009621,PO09621,P0040,54,13.88,749.52
POI009622,PO09622,P0040,53,13.88,735.64
POI009623,PO09623,P0040,53,13.88,735.64
POI009624,PO09624,P0040,53,13.88,735.64
POI009625,PO09625,P0040,51,13.88,707.88
POI009626,PO09626,P0040,53,13.88,735.64
POI009627,PO09627,P0040,51,13.88,707.88
POI009628,PO09628,P0040,55,13.88,763.4
POI009629,PO09629,P0040,52,13.88,721.76
POI009630,PO09630,P0040,51,13.88,707.88
POI009631,PO09631,P0040,55,13.88,763.4
POI009632,PO09632,P0040,52,13.88,721.76
POI009633,PO09633,P0040,53,13.88,735.64
POI009634,PO09634,P0040,51,13.88,707.88
POI009635,PO09635,P0041,255,17.39,4434.45
POI009636,PO09636,P0041,244,17.39,4243.16
POI009637,PO09637,P0041,251,17.39,4364.89
POI009638,PO09638,P0041,255,17.39,4434.45
POI009639,PO09639,P0041,251,17.39,4364.89
POI009640,PO09640,P0041,269,17.39,4677.91
POI009641,PO09641,P0041,247,17.39,4295.33
POI009642,PO09642,P0041,266,17.39,4625.74
POI009643,PO09643,P0041,253,17.39,4399.67
POI009644,PO09644,P0041,252,17.39,4382.28
POI009645,PO09645,P0041,255,17.39,4434.45
POI009646,PO09646,P0041,242,17.39,4208.38
POI009647,PO09647,P0041,256,17.39,4451.84
POI009648,PO09648,P0041,251,17.39,4364.89
POI009649,PO09649,P0041,242,17.39,4208.38
POI009650,PO09650,P0041,247,17.39,4295.33
POI009651,PO09651,P0041,242,17.39,4208.38
POI009652,PO09652,P0041,255,17.39,4434.45
POI009653,PO09653,P0041,252,17.39,4382.28
POI009654,PO09654,P0041,262,17.39,4556.18
POI009655,PO09655,P0041,255,17.39,4434.45
POI009656,PO09656,P0041,256,17.39,4451.84
POI009657,PO09657,P0041,256,17.39,4451.84
POI009658,PO09658,P0041,257,17.39,4469.23
POI009659,PO09659,P0041,251,17.39,4364.89
POI009660,PO09660,P0041,251,17.39,4364.89
POI009661,PO09661,P0041,266,17.39,4625.74
POI009662,PO09662,P0041,254,17.39,4417.06
POI009663,PO09663,P0041,247,17.39,4295.33
POI009664,PO09664,P0041,245,17.39,4260.55
POI009665,PO09665,P0041,251,17.39,4364.89
POI009666,PO09666,P0041,255,17.39,4434.45
POI009667,PO09667,P0041,260,17.39,4521.4
POI009668,PO09668,P0041,255,17.39,4434.45
POI009669,PO09669,P0042,223,19.33,4310.59
POI009670,PO09670,P0042,212,19.33,4097.96
POI009671,PO09671,P0042,218,19.33,4213.94
POI009672,PO09672,P0042,228,21.5,4902.0
POI009673,PO09673,P0042,215,19.33,4155.95
POI009674,PO09674,P0042,213,21.5,4579.5
POI009675,PO09675,P0042,221,19.33,4271.93
POI009676,PO09676,P0042,215,19.89,4276.35
POI009677,PO09677,P0042,217,19.33,4194.61
POI009678,PO09678,P0042,216,19.33,4175.28
POI009679,PO09679,P0042,218,19.33,4213.94
POI009680,PO09680,P0042,226,19.89,4495.14
POI009681,PO09681,P0042,220,19.89,4375.8
POI009682,PO09682,P0042,217,19.89,4316.13
POI009683,PO09683,P0042,215,19.89,4276.35
POI009684,PO09684,P0042,222,19.33,4291.26
POI009685,PO09685,P0042,219,19.33,4233.27
POI009686,PO09686,P0042,219,21.5,4708.5
POI009687,PO09687,P0042,214,19.33,4136.62
POI009688,PO09688,P0042,220,19.33,4252.6
POI009689,PO09689,P0042,224,19.89,4455.36
POI009690,PO09690,P0042,219,21.5,4708.5
POI009691,PO09691,P0043,297,3.23,959.31
POI009692,PO09692,P0043,304,3.23,981.92
POI009693,PO09693,P0043,303,3.23,978.69
POI009694,PO09694,P0043,297,3.23,959.31
POI009695,PO09695,P0043,300,3.23,969.0
POI009696,PO09696,P0043,298,3.23,962.54
POI009697,PO09697,P0043,302,3.23,975.46
POI009698,PO09698,P0044,255,6.1,1555.5
POI009699,PO09699,P0044,257,6.1,1567.7
POI009700,PO09700,P0044,269,6.01,1616.69
POI009701,PO09701,P0044,260,6.01,1562.6
POI009702,PO09702,P0044,249,6.01,1496.49
POI009703,PO09703,P0044,246,6.01,1478.46
POI009704,PO09704,P0044,247,6.1,1506.7
POI009705,PO09705,P0044,273,6.01,1640.73
POI009706,PO09706,P0044,257,6.1,1567.7
POI009707,PO09707,P0044,264,6.1,1610.4
POI009708,PO09708,P0044,254,6.1,1549.4
POI009709,PO09709,P0044,254,6.1,1549.4
POI009710,PO09710,P0044,244,6.1,1488.4
POI009711,PO09711,P0044,267,6.1,1628.7
POI009712,PO09712,P0044,242,6.01,1454.42
POI009713,PO09713,P0044,255,6.1,1555.5
POI009714,PO09714,P0044,268,6.01,1610.68
POI009715,PO09715,P0044,244,6.1,1488.4
POI009716,PO09716,P0044,242,6.1,1476.2
POI009717,PO09717,P0044,252,6.01,1514.52
POI009718,PO09718,P0044,245,6.1,1494.5
POI009719,PO09719,P0044,257,6.1,1567.7
POI009720,PO09720,P0044,257,6.1,1567.7
POI009721,PO09721,P0044,256,6.01,1538.56
POI009722,PO09722,P0044,258,6.1,1573.8
POI009723,PO09723,P0044,247,6.1,1506.7
POI009724,PO09724,P0044,256,6.01,1538.56
POI009725,PO09725,P0044,249,6.1,1518.9
POI009726,PO09726,P0044,246,6.1,1500.6
POI009727,PO09727,P0044,245,6.1,1494.5
POI009728,PO09728,P0044,250,6.1,1525.0
POI009729,PO09729,P0044,254,6.1,1549.4
POI009730,PO09730,P0044,258,6.01,1550.58
POI009731,PO09731,P0045,461,4.09,1885.49
POI009732,PO09732,P0045,462,4.09,1889.58
POI009733,PO09733,P0045,461,4.09,1885.49
POI009734,PO09734,P0045,469,4.09,1918.21
POI009735,PO09735,P0045,460,4.09,1881.4
POI009736,PO09736,P0045,463,4.09,1893.67
POI009737,PO09737,P0045,469,4.09,1918.21
POI009738,PO09738,P0045,460,4.09,1881.4
POI009739,PO09739,P0045,469,4.09,1918.21
POI009740,PO09740,P0045,469,4.09,1918.21
POI009741,PO09741,P0045,460,4.09,1881.4
POI009742,PO09742,P0045,469,4.09,1918.21
POI009743,PO09743,P0045,465,4.09,1901.85
POI009744,PO09744,P0045,469,4.09,1918.21
POI009745,PO09745,P0045,466,4.09,1905.94
POI009746,PO09746,P0045,469,4.09,1918.21
POI009747,PO09747,P0045,468,4.09,1914.12
POI009748,PO09748,P0046,233,3.56,829.48
POI009749,PO09749,P0046,238,3.56,847.28
POI009750,PO09750,P0046,233,3.56,829.48
POI009751,PO09751,P0046,241,3.56,857.96
POI009752,PO09752,P0046,236,3.56,840.16
POI009753,PO09753,P0046,232,3.56,825.92
POI009754,PO09754,P0046,240,3.56,854.4
POI009755,PO09755,P0046,233,3.56,829.48
POI009756,PO09756,P0046,231,3.56,822.36
POI009757,PO09757,P0046,240,3.56,854.4
POI009758,PO09758,P0046,233,3.56,829.48
POI009759,PO09759,P0046,229,3.56,815.24
POI009760,PO09760,P0046,236,3.56,840.16
POI009761,PO09761,P0046,238,3.56,847.28
POI009762,PO09762,P0046,235,3.56,836.6
POI009763,PO09763,P0046,229,3.56,815.24
POI009764,PO09764,P0046,232,3.56,825.92
POI009765,PO09765,P0047,135,5.94,801.9
POI009766,PO09766,P0047,137,5.94,813.78
POI009767,PO09767,P0047,133,5.94,790.02
POI009768,PO09768,P0047,132,5.94,784.08
POI009769,PO09769,P0047,134,5.94,795.96
POI009770,PO09770,P0047,132,5.94,784.08
POI009771,PO09771,P0047,130,5.94,772.2
POI009772,PO09772,P0047,135,5.94,801.9
POI009773,PO09773,P0047,130,5.94,772.2
POI009774,PO09774,P0047,135,5.94,801.9
POI009775,PO09775,P0047,132,5.94,784.08
POI009776,PO09776,P0048,362,5.69,2059.78
POI009777,PO09777,P0048,357,5.63,2009.91
POI009778,PO09778,P0048,373,5.89,2196.97
POI009779,PO09779,P0048,364,5.89,2143.96
POI009780,PO09780,P0048,369,5.69,2099.61
POI009781,PO09781,P0048,357,5.63,2009.91
POI009782,PO09782,P0048,366,5.69,2082.54
POI009783,PO09783,P0048,362,5.69,2059.78
POI009784,PO09784,P0048,361,5.63,2032.43
POI009785,PO09785,P0048,362,5.63,2038.06
POI009786,PO09786,P0048,358,5.63,2015.54
POI009787,PO09787,P0048,363,5.89,2138.07
POI009788,PO09788,P0048,370,5.63,2083.1
POI009789,PO09789,P0049,249,12.41,3090.09
POI009790,PO09790,P0049,250,12.41,3102.5
POI009791,PO09791,P0049,251,12.41,3114.91
POI009792,PO09792,P0049,246,12.41,3052.86
POI009793,PO09793,P0049,246,12.41,3052.86
POI009794,PO09794,P0049,247,12.41,3065.27
POI009795,PO09795,P0049,246,12.41,3052.86
POI009796,PO09796,P0049,249,12.41,3090.09
POI009797,PO09797,P0049,246,12.41,3052.86
POI009798,PO09798,P0049,247,12.41,3065.27
POI009799,PO09799,P0050,173,6.59,1140.07
POI009800,PO09800,P0050,187,5.64,1054.68
POI009801,PO09801,P0050,178,6.59,1173.02
POI009802,PO09802,P0050,173,5.64,975.72
POI009803,PO09803,P0050,176,5.64,992.64
POI009804,PO09804,P0050,175,6.59,1153.25
POI009805,PO09805,P0050,176,5.64,992.64
POI009806,PO09806,P0050,177,5.64,998.28
POI009807,PO09807,P0050,177,5.64,998.28
POI009808,PO09808,P0050,182,5.64,1026.48
POI009809,PO09809,P0050,178,6.59,1173.02
POI009810,PO09810,P0050,179,6.59,1179.61
POI009811,PO09811,P0050,170,5.64,958.8
POI009812,PO09812,P0050,178,6.59,1173.02
POI009813,PO09813,P0050,172,6.59,1133.48
POI009814,PO09814,P0050,182,5.64,1026.48
POI009815,PO09815,P0050,185,6.59,1219.15
POI009816,PO09816,P0050,170,6.59,1120.3
POI009817,PO09817,P0050,178,5.64,1003.92
POI009818,PO09818,P0050,171,6.59,1126.89
POI009819,PO09819,P0050,176,6.59,1159.84
POI009820,PO09820,P0050,178,6.59,1173.02
POI009821,PO09821,P0050,184,6.59,1212.56
POI009822,PO09822,P0050,183,5.64,1032.12
POI009823,PO09823,P0050,180,6.59,1186.2
POI009824,PO09824,P0050,180,5.64,1015.2
POI009825,PO09825,P0050,182,6.59,1199.38
POI009826,PO09826,P0050,173,6.59,1140.07
POI009827,PO09827,P0050,175,5.64,987.0
POI009828,PO09828,P0050,175,5.64,987.0
POI009829,PO09829,P0050,173,5.64,975.72
POI009830,PO09830,P0050,184,5.64,1037.76
POI009831,PO09831,P0050,170,6.59,1120.3
POI009832,PO09832,P0051,262,3.59,940.58
POI009833,PO09833,P0051,258,3.59,926.22
POI009834,PO09834,P0051,261,3.94,1028.34
POI009835,PO09835,P0051,262,3.59,940.58
POI009836,PO09836,P0051,262,3.94,1032.28
POI009837,PO09837,P0051,261,3.94,1028.34
POI009838,PO09838,P0051,253,3.59,908.27
POI009839,PO09839,P0051,262,3.59,940.58
POI009840,PO09840,P0051,261,3.59,936.99
POI009841,PO09841,P0051,262,3.94,1032.28
POI009842,PO09842,P0051,258,3.94,1016.52
POI009843,PO09843,P0051,260,3.59,933.4
POI009844,PO09844,P0051,262,3.59,940.58
POI009845,PO09845,P0051,262,3.94,1032.28
POI009846,PO09846,P0051,262,3.59,940.58
POI009847,PO09847,P0051,257,3.94,1012.58
POI009848,PO09848,P0051,255,3.59,915.45
POI009849,PO09849,P0051,260,3.59,933.4
POI009850,PO09850,P0051,262,3.94,1032.28
POI009851,PO09851,P0051,262,3.59,940.58
POI009852,PO09852,P0051,261,3.59,936.99
POI009853,PO09853,P0051,262,3.59,940.58
POI009854,PO09854,P0051,259,3.59,929.81
POI009855,PO09855,P0051,257,3.59,922.63
POI009856,PO09856,P0051,262,3.59,940.58
POI009857,PO09857,P0051,259,3.94,1020.46
POI009858,PO09858,P0051,262,3.94,1032.28
POI009859,PO09859,P0051,262,3.59,940.58
POI009860,PO09860,P0051,262,3.59,940.58
POI009861,PO09861,P0051,261,3.59,936.99
POI009862,PO09862,P0052,213,2.06,438.78
POI009863,PO09863,P0052,204,2.06,420.24
POI009864,PO09864,P0052,215,2.06,442.9
POI009865,PO09865,P0052,218,2.06,449.08
POI009866,PO09866,P0052,213,2.06,438.78
POI009867,PO09867,P0052,207,2.06,426.42
POI009868,PO09868,P0052,208,2.06,428.48
POI009869,PO09869,P0052,216,2.06,444.96
POI009870,PO09870,P0052,215,2.04,438.6
POI009871,PO09871,P0052,208,2.06,428.48
POI009872,PO09872,P0052,204,2.06,420.24
POI009873,PO09873,P0052,211,2.06,434.66
POI009874,PO09874,P0052,207,2.06,426.42
POI009875,PO09875,P0052,208,2.04,424.32
POI009876,PO09876,P0052,214,2.04,436.56
POI009877,PO09877,P0052,215,2.06,442.9
POI009878,PO09878,P0052,215,2.06,442.9
POI009879,PO09879,P0052,207,2.04,422.28
POI009880,PO09880,P0052,210,2.06,432.6
POI009881,PO09881,P0052,219,2.04,446.76
POI009882,PO09882,P0052,212,2.04,432.48
POI009883,PO09883,P0053,131,18.63,2440.53
POI009884,PO09884,P0053,127,18.63,2366.01
POI009885,PO09885,P0053,127,24.5,3111.5
POI009886,PO09886,P0053,131,24.5,3209.5
POI009887,PO09887,P0053,128,18.63,2384.64
POI009888,PO09888,P0053,128,18.63,2384.64
POI009889,PO09889,P0053,131,24.5,3209.5
POI009890,PO09890,P0053,128,24.5,3136.0
POI009891,PO09891,P0053,129,24.5,3160.5
POI009892,PO09892,P0053,129,18.63,2403.27
POI009893,PO09893,P0053,127,24.5,3111.5
POI009894,PO09894,P0054,89,8.35,743.15
POI009895,PO09895,P0054,81,8.35,676.35
POI009896,PO09896,P0054,96,8.35,801.6
POI009897,PO09897,P0054,89,8.35,743.15
POI009898,PO09898,P0054,98,9.56,936.88
POI009899,PO09899,P0054,84,8.35,701.4
POI009900,PO09900,P0054,95,8.35,793.25
POI009901,PO09901,P0054,90,9.56,860.4
POI009902,PO09902,P0054,101,9.22,931.22
POI009903,PO09903,P0054,96,8.35,801.6
POI009904,PO09904,P0054,93,8.35,776.55
POI009905,PO09905,P0054,110,9.22,1014.2
POI009906,PO09906,P0054,87,9.56,831.72
POI009907,PO09907,P0054,83,9.22,765.26
POI009908,PO09908,P0054,101,9.22,931.22
POI009909,PO09909,P0054,82,8.35,684.7
POI009910,PO09910,P0054,82,8.35,684.7
POI009911,PO09911,P0054,98,9.56,936.88
POI009912,PO09912,P0054,87,9.56,831.72
POI009913,PO09913,P0054,92,9.56,879.52
POI009914,PO09914,P0054,95,9.56,908.2
POI009915,PO09915,P0054,104,9.56,994.24
POI009916,PO09916,P0054,89,8.35,743.15
POI009917,PO09917,P0054,98,9.22,903.56
POI009918,PO09918,P0054,83,9.56,793.48
POI009919,PO09919,P0054,84,8.35,701.4
POI009920,PO09920,P0054,86,8.35,718.1
POI009921,PO09921,P0054,85,9.56,812.6
POI009922,PO09922,P0054,95,8.35,793.25
POI009923,PO09923,P0054,81,9.22,746.82
POI009924,PO09924,P0054,93,9.22,857.46
POI009925,PO09925,P0054,106,9.56,1013.36
POI009926,PO09926,P0054,86,9.22,792.92
POI009927,PO09927,P0054,86,9.22,792.92
POI009928,PO09928,P0054,90,8.35,751.5
POI009929,PO09929,P0054,97,8.35,809.95
POI009930,PO09930,P0054,84,9.56,803.04
POI009931,PO09931,P0054,93,8.35,776.55
POI009932,PO09932,P0054,87,9.22,802.14
POI009933,PO09933,P0054,84,9.22,774.48
POI009934,PO09934,P0054,100,9.22,922.0
POI009935,PO09935,P0054,94,8.35,784.9
POI009936,PO09936,P0054,94,8.35,784.9
POI009937,PO09937,P0054,100,9.22,922.0
POI009938,PO09938,P0054,83,9.56,793.48
POI009939,PO09939,P0054,85,9.56,812.6
POI009940,PO09940,P0054,85,9.22,783.7
POI009941,PO09941,P0054,91,9.22,839.02
POI009942,PO09942,P0054,89,9.22,820.58
POI009943,PO09943,P0054,90,9.56,860.4
POI009944,PO09944,P0054,86,9.56,822.16
POI009945,PO09945,P0054,85,9.22,783.7
POI009946,PO09946,P0054,93,9.22,857.46
POI009947,PO09947,P0054,92,9.56,879.52
POI009948,PO09948,P0054,91,9.56,869.96
POI009949,PO09949,P0054,87,9.22,802.14
POI009950,PO09950,P0054,86,8.35,718.1
POI009951,PO09951,P0054,90,9.56,860.4
POI009952,PO09952,P0054,91,9.22,839.02
POI009953,PO09953,P0054,89,8.35,743.15
POI009954,PO09954,P0054,83,9.22,765.26
POI009955,PO09955,P0054,88,9.56,841.28
POI009956,PO09956,P0054,82,9.56,783.92
POI009957,PO09957,P0054,85,9.56,812.6
POI009958,PO09958,P0054,94,9.22,866.68
POI009959,PO09959,P0054,92,9.56,879.52
POI009960,PO09960,P0054,88,9.22,811.36
POI009961,PO09961,P0054,89,9.56,850.84
POI009962,PO09962,P0054,89,8.35,743.15
POI009963,PO09963,P0054,92,9.22,848.24
POI009964,PO09964,P0054,92,9.56,879.52
POI009965,PO09965,P0054,84,9.56,803.04
POI009966,PO09966,P0054,84,8.35,701.4
POI009967,PO09967,P0054,88,8.35,734.8
POI009968,PO09968,P0055,223,11.96,2667.08
POI009969,PO09969,P0055,238,11.96,2846.48
POI009970,PO09970,P0055,224,11.96,2679.04
POI009971,PO09971,P0055,230,11.96,2750.8
POI009972,PO09972,P0055,227,11.96,2714.92
POI009973,PO09973,P0055,236,11.96,2822.56
POI009974,PO09974,P0055,224,11.96,2679.04
POI009975,PO09975,P0055,224,11.96,2679.04
POI009976,PO09976,P0055,227,11.96,2714.92
POI009977,PO09977,P0055,228,11.96,2726.88
POI009978,PO09978,P0055,225,11.96,2691.0
POI009979,PO09979,P0056,288,21.23,6114.24
POI009980,PO09980,P0056,280,21.23,5944.4
POI009981,PO09981,P0056,288,20.87,6010.56
POI009982,PO09982,P0056,281,21.23,5965.63
POI009983,PO09983,P0056,281,17.73,4982.13
POI009984,PO09984,P0056,285,17.73,5053.05
POI009985,PO09985,P0056,283,21.23,6008.09
POI009986,PO09986,P0056,289,20.87,6031.43
POI009987,PO09987,P0056,282,20.87,5885.34
POI009988,PO09988,P0056,280,20.87,5843.6
POI009989,PO09989,P0057,172,16.53,2843.16
POI009990,PO09990,P0057,175,16.41,2871.75
POI009991,PO09991,P0057,170,16.41,2789.7
POI009992,PO09992,P0057,172,16.53,2843.16
POI009993,PO09993,P0057,170,16.53,2810.1
POI009994,PO09994,P0057,176,16.41,2888.16
POI009995,PO09995,P0057,172,16.53,2843.16
POI009996,PO09996,P0057,175,16.41,2871.75
POI009997,PO09997,P0057,172,16.53,2843.16
POI009998,PO09998,P0057,176,16.53,2909.28
POI009999,PO09999,P0057,171,16.53,2826.63
POI010000,PO10000,P0057,170,16.41,2789.7
POI010001,PO10001,P0057,176,16.41,2888.16
POI010002,PO10002,P0057,171,16.41,2806.11
POI010003,PO10003,P0057,171,16.41,2806.11
POI010004,PO10004,P0058,135,12.47,1683.45
POI010005,PO10005,P0058,138,12.47,1720.86
POI010006,PO10006,P0058,136,12.47,1695.92
POI010007,PO10007,P0058,141,12.47,1758.27
POI010008,PO10008,P0058,137,12.47,1708.39
POI010009,PO10009,P0058,134,12.47,1670.98
POI010010,PO10010,P0058,142,12.47,1770.74
POI010011,PO10011,P0058,136,12.47,1695.92
POI010012,PO10012,P0058,139,12.47,1733.33
POI010013,PO10013,P0058,132,12.47,1646.04
POI010014,PO10014,P0058,141,12.47,1758.27
POI010015,PO10015,P0058,136,12.47,1695.92
POI010016,PO10016,P0058,143,12.47,1783.21
POI010017,PO10017,P0058,138,12.47,1720.86
POI010018,PO10018,P0058,133,12.47,1658.51
POI010019,PO10019,P0058,134,12.47,1670.98
POI010020,PO10020,P0058,141,12.47,1758.27
POI010021,PO10021,P0058,134,12.47,1670.98
POI010022,PO10022,P0058,133,12.47,1658.51
POI010023,PO10023,P0058,134,12.47,1670.98
POI010024,PO10024,P0058,137,12.47,1708.39
POI010025,PO10025,P0058,137,12.47,1708.39
POI010026,PO10026,P0058,140,12.47,1745.8
POI010027,PO10027,P0058,142,12.47,1770.74
POI010028,PO10028,P0059,346,19.28,6670.88
POI010029,PO10029,P0059,346,17.17,5940.82
POI010030,PO10030,P0059,336,19.28,6478.08
POI010031,PO10031,P0059,346,19.28,6670.88
POI010032,PO10032,P0059,346,19.28,6670.88
POI010033,PO10033,P0059,345,19.28,6651.6
POI010034,PO10034,P0059,346,17.17,5940.82
POI010035,PO10035,P0059,346,17.17,5940.82
POI010036,PO10036,P0059,346,17.17,5940.82
POI010037,PO10037,P0059,342,17.17,5872.14
POI010038,PO10038,P0059,345,17.17,5923.65
POI010039,PO10039,P0059,346,19.28,6670.88
POI010040,PO10040,P0059,346,19.28,6670.88
POI010041,PO10041,P0059,335,17.17,5751.95
POI010042,PO10042,P0059,346,17.17,5940.82
POI010043,PO10043,P0059,338,17.17,5803.46
POI010044,PO10044,P0059,346,17.17,5940.82
POI010045,PO10045,P0059,346,19.28,6670.88
POI010046,PO10046,P0059,346,17.17,5940.82
POI010047,PO10047,P0059,343,17.17,5889.31
POI010048,PO10048,P0059,335,19.28,6458.8
POI010049,PO10049,P0059,338,17.17,5803.46
POI010050,PO10050,P0059,338,17.17,5803.46
POI010051,PO10051,P0059,337,19.28,6497.36
POI010052,PO10052,P0060,395,5.54,2188.3
POI010053,PO10053,P0060,397,5.54,2199.38
POI010054,PO10054,P0060,398,5.54,2204.92
POI010055,PO10055,P0060,397,5.54,2199.38
POI010056,PO10056,P0061,484,14.25,6897.0
POI010057,PO10057,P0061,484,14.25,6897.0
POI010058,PO10058,P0061,484,14.25,6897.0
POI010059,PO10059,P0061,484,14.25,6897.0
POI010060,PO10060,P0061,484,14.25,6897.0
POI010061,PO10061,P0061,484,14.25,6897.0
POI010062,PO10062,P0061,484,14.25,6897.0
POI010063,PO10063,P0061,480,14.25,6840.0
POI010064,PO10064,P0061,484,14.25,6897.0
POI010065,PO10065,P0061,484,14.25,6897.0
POI010066,PO10066,P0061,484,14.25,6897.0
POI010067,PO10067,P0061,484,14.25,6897.0
POI010068,PO10068,P0062,109,17.75,1934.75
POI010069,PO10069,P0062,115,17.75,2041.25
POI010070,PO10070,P0062,109,13.98,1523.82
POI010071,PO10071,P0062,122,13.98,1705.56
POI010072,PO10072,P0062,117,13.98,1635.66
POI010073,PO10073,P0062,113,17.75,2005.75
POI010074,PO10074,P0062,119,13.98,1663.62
POI010075,PO10075,P0062,113,13.98,1579.74
POI010076,PO10076,P0062,122,17.75,2165.5
POI010077,PO10077,P0062,112,17.75,1988.0
POI010078,PO10078,P0062,111,18.24,2024.64
POI010079,PO10079,P0062,114,17.75,2023.5
POI010080,PO10080,P0062,108,13.98,1509.84
POI010081,PO10081,P0062,111,13.98,1551.78
POI010082,PO10082,P0062,113,18.24,2061.12
POI010083,PO10083,P0062,115,18.24,2097.6
POI010084,PO10084,P0062,109,17.75,1934.75
POI010085,PO10085,P0062,109,13.98,1523.82
POI010086,PO10086,P0062,111,13.98,1551.78
POI010087,PO10087,P0062,108,18.24,1969.92
POI010088,PO10088,P0062,112,18.24,2042.88
POI010089,PO10089,P0062,111,13.98,1551.78
POI010090,PO10090,P0062,110,13.98,1537.8
POI010091,PO10091,P0062,111,18.24,2024.64
POI010092,PO10092,P0062,111,17.75,1970.25
POI010093,PO10093,P0062,110,13.98,1537.8
POI010094,PO10094,P0062,109,18.24,1988.16
POI010095,PO10095,P0062,108,17.75,1917.0
POI010096,PO10096,P0063,192,22.37,4295.04
POI010097,PO10097,P0063,190,20.1,3819.0
POI010098,PO10098,P0063,185,20.1,3718.5
POI010099,PO10099,P0063,190,22.37,4250.3
POI010100,PO10100,P0063,191,22.37,4272.67
POI010101,PO10101,P0063,187,20.1,3758.7
POI010102,PO10102,P0063,188,20.1,3778.8
POI010103,PO10103,P0063,183,20.1,3678.3
POI010104,PO10104,P0063,188,20.1,3778.8
POI010105,PO10105,P0063,192,20.1,3859.2
POI010106,PO10106,P0063,187,20.1,3758.7
POI010107,PO10107,P0063,183,22.37,4093.71
POI010108,PO10108,P0063,183,22.37,4093.71
POI010109,PO10109,P0063,184,20.1,3698.4
POI010110,PO10110,P0063,184,20.1,3698.4
POI010111,PO10111,P0063,187,22.37,4183.19
POI010112,PO10112,P0063,182,20.1,3658.2
POI010113,PO10113,P0063,189,22.37,4227.93
POI010114,PO10114,P0063,183,20.1,3678.3
POI010115,PO10115,P0064,226,1.28,289.28
POI010116,PO10116,P0064,218,1.28,279.04
POI010117,PO10117,P0064,218,1.28,279.04
POI010118,PO10118,P0064,222,1.28,284.16
POI010119,PO10119,P0064,216,1.28,276.48
POI010120,PO10120,P0064,221,1.28,282.88
POI010121,PO10121,P0064,216,1.28,276.48
POI010122,PO10122,P0064,222,1.28,284.16
POI010123,PO10123,P0064,220,1.28,281.6
POI010124,PO10124,P0064,224,1.28,286.72
POI010125,PO10125,P0064,218,1.28,279.04
POI010126,PO10126,P0064,215,1.28,275.2
POI010127,PO10127,P0064,216,1.28,276.48
POI010128,PO10128,P0064,213,1.28,272.64
POI010129,PO10129,P0064,218,1.28,279.04
POI010130,PO10130,P0064,215,1.28,275.2
POI010131,PO10131,P0064,225,1.28,288.0
POI010132,PO10132,P0064,222,1.28,284.16
POI010133,PO10133,P0064,214,1.28,273.92
POI010134,PO10134,P0064,227,1.28,290.56
POI010135,PO10135,P0065,279,0.81,225.99
POI010136,PO10136,P0065,273,0.81,221.13
POI010137,PO10137,P0065,279,0.81,225.99
POI010138,PO10138,P0065,281,0.81,227.61
POI010139,PO10139,P0065,277,0.81,224.37
POI010140,PO10140,P0065,270,0.81,218.7
POI010141,PO10141,P0065,274,0.81,221.94
POI010142,PO10142,P0065,277,0.81,224.37
POI010143,PO10143,P0065,273,0.81,221.13
POI010144,PO10144,P0065,284,0.81,230.04
POI010145,PO10145,P0065,278,0.81,225.18
POI010146,PO10146,P0065,271,0.81,219.51
POI010147,PO10147,P0065,275,0.81,222.75
POI010148,PO10148,P0065,284,0.81,230.04
POI010149,PO10149,P0065,271,0.81,219.51
POI010150,PO10150,P0065,280,0.81,226.8
POI010151,PO10151,P0065,277,0.81,224.37
POI010152,PO10152,P0065,274,0.81,221.94
POI010153,PO10153,P0065,276,0.81,223.56
POI010154,PO10154,P0065,279,0.81,225.99
POI010155,PO10155,P0066,125,17.67,2208.75
POI010156,PO10156,P0066,129,22.31,2877.99
POI010157,PO10157,P0066,133,17.67,2350.11
POI010158,PO10158,P0066,125,22.73,2841.25
POI010159,PO10159,P0066,127,22.31,2833.37
POI010160,PO10160,P0066,130,17.67,2297.1
POI010161,PO10161,P0066,134,22.31,2989.54
POI010162,PO10162,P0066,130,22.31,2900.3
POI010163,PO10163,P0066,131,22.31,2922.61
POI010164,PO10164,P0066,127,22.31,2833.37
POI010165,PO10165,P0066,128,22.73,2909.44
POI010166,PO10166,P0066,129,17.67,2279.43
POI010167,PO10167,P0066,126,22.31,2811.06
POI010168,PO10168,P0067,389,14.93,5807.77
POI010169,PO10169,P0067,387,14.93,5777.91
POI010170,PO10170,P0067,384,13.55,5203.2
POI010171,PO10171,P0067,384,12.44,4776.96
POI010172,PO10172,P0067,387,13.55,5243.85
POI010173,PO10173,P0067,390,13.55,5284.5
POI010174,PO10174,P0067,385,12.44,4789.4
POI010175,PO10175,P0067,388,13.55,5257.4
POI010176,PO10176,P0067,388,13.55,5257.4
POI010177,PO10177,P0068,146,3.98,581.08
POI010178,PO10178,P0068,146,3.58,522.68
POI010179,PO10179,P0068,149,3.58,533.42
POI010180,PO10180,P0068,148,3.98,589.04
POI010181,PO10181,P0068,150,3.58,537.0
POI010182,PO10182,P0068,148,3.98,589.04
POI010183,PO10183,P0068,146,3.98,581.08
POI010184,PO10184,P0068,145,3.98,577.1
POI010185,PO10185,P0068,152,3.74,568.48
POI010186,PO10186,P0068,148,3.74,553.52
POI010187,PO10187,P0068,144,3.74,538.56
POI010188,PO10188,P0068,144,3.58,515.52
POI010189,PO10189,P0068,143,3.58,511.94
POI010190,PO10190,P0068,143,3.98,569.14
POI010191,PO10191,P0068,143,3.74,534.82
POI010192,PO10192,P0068,148,3.98,589.04
POI010193,PO10193,P0069,278,8.53,2371.34
POI010194,PO10194,P0069,273,7.68,2096.64
POI010195,PO10195,P0069,275,7.68,2112.0
POI010196,PO10196,P0069,274,8.53,2337.22
POI010197,PO10197,P0069,278,8.53,2371.34
POI010198,PO10198,P0069,275,7.68,2112.0
POI010199,PO10199,P0069,274,8.53,2337.22
POI010200,PO10200,P0069,275,8.53,2345.75
POI010201,PO10201,P0069,274,7.68,2104.32
POI010202,PO10202,P0069,281,7.68,2158.08
POI010203,PO10203,P0070,496,7.67,3804.32
POI010204,PO10204,P0070,494,7.67,3788.98
POI010205,PO10205,P0070,495,7.67,3796.65
POI010206,PO10206,P0070,496,7.67,3804.32
POI010207,PO10207,P0070,496,7.67,3804.32
POI010208,PO10208,P0070,496,7.67,3804.32
POI010209,PO10209,P0070,493,7.67,3781.31
POI010210,PO10210,P0070,490,7.67,3758.3
POI010211,PO10211,P0070,496,7.67,3804.32
POI010212,PO10212,P0070,496,7.67,3804.32
POI010213,PO10213,P0070,492,7.67,3773.64
POI010214,PO10214,P0070,490,7.67,3758.3
POI010215,PO10215,P0070,495,7.67,3796.65
POI010216,PO10216,P0070,496,7.67,3804.32
POI010217,PO10217,P0070,489,7.67,3750.63
POI010218,PO10218,P0070,490,7.67,3758.3
POI010219,PO10219,P0070,489,7.67,3750.63
POI010220,PO10220,P0071,82,12.78,1047.96
POI010221,PO10221,P0071,75,12.78,958.5
POI010222,PO10222,P0071,81,11.75,951.75
POI010223,PO10223,P0071,74,11.75,869.5
POI010224,PO10224,P0071,84,12.78,1073.52
POI010225,PO10225,P0071,76,12.78,971.28
POI010226,PO10226,P0071,89,11.75,1045.75
POI010227,PO10227,P0071,88,10.15,893.2
POI010228,PO10228,P0071,81,12.78,1035.18
POI010229,PO10229,P0071,73,12.78,932.94
POI010230,PO10230,P0071,84,10.15,852.6
POI010231,PO10231,P0071,88,12.78,1124.64
POI010232,PO10232,P0071,81,10.15,822.15
POI010233,PO10233,P0071,87,12.78,1111.86
POI010234,PO10234,P0071,80,11.75,940.0
POI010235,PO10235,P0071,80,11.75,940.0
POI010236,PO10236,P0071,84,10.15,852.6
POI010237,PO10237,P0071,77,11.75,904.75
POI010238,PO10238,P0071,83,12.78,1060.74
POI010239,PO10239,P0071,75,11.75,881.25
POI010240,PO10240,P0071,82,12.78,1047.96
POI010241,PO10241,P0071,73,11.75,857.75
POI010242,PO10242,P0071,79,11.75,928.25
POI010243,PO10243,P0071,76,11.75,893.0
POI010244,PO10244,P0071,85,11.75,998.75
POI010245,PO10245,P0071,84,11.75,987.0
POI010246,PO10246,P0071,77,11.75,904.75
POI010247,PO10247,P0071,89,10.15,903.35
POI010248,PO10248,P0071,77,11.75,904.75
POI010249,PO10249,P0071,74,10.15,751.1
POI010250,PO10250,P0071,81,11.75,951.75
POI010251,PO10251,P0071,73,10.15,740.95
POI010252,PO10252,P0071,75,10.15,761.25
POI010253,PO10253,P0071,80,11.75,940.0
POI010254,PO10254,P0071,77,11.75,904.75
POI010255,PO10255,P0071,92,10.15,933.8
POI010256,PO10256,P0071,82,10.15,832.3
POI010257,PO10257,P0071,73,12.78,932.94
POI010258,PO10258,P0071,78,10.15,791.7
POI010259,PO10259,P0071,73,12.78,932.94
POI010260,PO10260,P0071,74,11.75,869.5
POI010261,PO10261,P0071,80,11.75,940.0
POI010262,PO10262,P0071,78,11.75,916.5
POI010263,PO10263,P0071,85,12.78,1086.3
POI010264,PO10264,P0071,77,11.75,904.75
POI010265,PO10265,P0071,76,11.75,893.0
POI010266,PO10266,P0071,87,12.78,1111.86
POI010267,PO10267,P0071,80,12.78,1022.4
POI010268,PO10268,P0071,75,12.78,958.5
POI010269,PO10269,P0071,88,10.15,893.2
POI010270,PO10270,P0071,79,11.75,928.25
POI010271,PO10271,P0071,79,10.15,801.85
POI010272,PO10272,P0071,81,11.75,951.75
POI010273,PO10273,P0071,81,10.15,822.15
POI010274,PO10274,P0071,93,11.75,1092.75
POI010275,PO10275,P0071,93,12.78,1188.54
POI010276,PO10276,P0071,79,11.75,928.25
POI010277,PO10277,P0071,80,12.78,1022.4
POI010278,PO10278,P0071,81,10.15,822.15
POI010279,PO10279,P0071,86,12.78,1099.08
POI010280,PO10280,P0071,77,11.75,904.75
POI010281,PO10281,P0071,76,11.75,893.0
POI010282,PO10282,P0071,82,10.15,832.3
POI010283,PO10283,P0071,86,11.75,1010.5
POI010284,PO10284,P0071,78,11.75,916.5
POI010285,PO10285,P0071,76,12.78,971.28
POI010286,PO10286,P0071,87,12.78,1111.86
POI010287,PO10287,P0072,177,13.98,2474.46
POI010288,PO10288,P0072,172,13.98,2404.56
POI010289,PO10289,P0072,170,16.31,2772.7
POI010290,PO10290,P0072,169,16.31,2756.39
POI010291,PO10291,P0072,177,16.31,2886.87
POI010292,PO10292,P0072,177,16.31,2886.87
POI010293,PO10293,P0072,177,13.98,2474.46
POI010294,PO10294,P0072,175,16.31,2854.25
POI010295,PO10295,P0072,172,16.31,2805.32
POI010296,PO10296,P0072,177,16.31,2886.87
POI010297,PO10297,P0072,177,13.98,2474.46
POI010298,PO10298,P0072,167,16.31,2723.77
POI010299,PO10299,P0072,175,13.98,2446.5
POI010300,PO10300,P0072,177,13.98,2474.46
POI010301,PO10301,P0072,177,16.31,2886.87
POI010302,PO10302,P0072,172,13.98,2404.56
POI010303,PO10303,P0072,177,16.31,2886.87
POI010304,PO10304,P0072,169,13.98,2362.62
POI010305,PO10305,P0072,177,16.31,2886.87
POI010306,PO10306,P0072,177,13.98,2474.46
POI010307,PO10307,P0072,177,16.31,2886.87
POI010308,PO10308,P0072,169,16.31,2756.39
POI010309,PO10309,P0072,171,16.31,2789.01
POI010310,PO10310,P0072,177,13.98,2474.46
POI010311,PO10311,P0072,172,13.98,2404.56
POI010312,PO10312,P0072,171,13.98,2390.58
POI010313,PO10313,P0072,176,13.98,2460.48
POI010314,PO10314,P0072,177,16.31,2886.87
POI010315,PO10315,P0072,168,16.31,2740.08
POI010316,PO10316,P0072,170,16.31,2772.7
POI010317,PO10317,P0072,167,13.98,2334.66
POI010318,PO10318,P0072,172,16.31,2805.32
POI010319,PO10319,P0072,173,13.98,2418.54
POI010320,PO10320,P0072,177,16.31,2886.87
POI010321,PO10321,P0072,174,13.98,2432.52
POI010322,PO10322,P0072,170,16.31,2772.7
POI010323,PO10323,P0073,339,10.19,3454.41
POI010324,PO10324,P0073,326,8.48,2764.48
POI010325,PO10325,P0073,321,10.61,3405.81
POI010326,PO10326,P0073,328,8.48,2781.44
POI010327,PO10327,P0073,317,10.19,3230.23
POI010328,PO10328,P0073,336,8.48,2849.28
POI010329,PO10329,P0073,321,10.61,3405.81
POI010330,PO10330,P0073,329,10.61,3490.69
POI010331,PO10331,P0073,339,10.19,3454.41
POI010332,PO10332,P0073,328,10.19,3342.32
POI010333,PO10333,P0073,317,8.48,2688.16
POI010334,PO10334,P0073,322,10.61,3416.42
POI010335,PO10335,P0073,333,8.48,2823.84
POI010336,PO10336,P0073,334,10.19,3403.46
POI010337,PO10337,P0073,323,10.61,3427.03
POI010338,PO10338,P0073,327,10.61,3469.47
POI010339,PO10339,P0073,327,10.19,3332.13
POI010340,PO10340,P0073,321,10.19,3270.99
POI010341,PO10341,P0073,327,10.61,3469.47
POI010342,PO10342,P0073,340,10.19,3464.6
POI010343,PO10343,P0073,328,10.19,3342.32
POI010344,PO10344,P0073,319,10.19,3250.61
POI010345,PO10345,P0073,331,10.19,3372.89
POI010346,PO10346,P0074,324,4.94,1600.56
POI010347,PO10347,P0074,332,4.94,1640.08
POI010348,PO10348,P0074,323,5.64,1821.72
POI010349,PO10349,P0074,328,4.94,1620.32
POI010350,PO10350,P0074,332,5.35,1776.2
POI010351,PO10351,P0074,332,5.64,1872.48
POI010352,PO10352,P0074,332,5.64,1872.48
POI010353,PO10353,P0074,332,5.64,1872.48
POI010354,PO10354,P0074,320,5.64,1804.8
POI010355,PO10355,P0074,318,4.94,1570.92
POI010356,PO10356,P0074,332,5.64,1872.48
POI010357,PO10357,P0074,323,5.35,1728.05
POI010358,PO10358,P0074,326,4.94,1610.44
POI010359,PO10359,P0074,324,5.35,1733.4
POI010360,PO10360,P0074,322,5.64,1816.08
POI010361,PO10361,P0074,331,4.94,1635.14
POI010362,PO10362,P0074,316,5.35,1690.6
POI010363,PO10363,P0074,320,4.94,1580.8
POI010364,PO10364,P0074,331,5.35,1770.85
POI010365,PO10365,P0074,328,4.94,1620.32
POI010366,PO10366,P0074,326,5.64,1838.64
POI010367,PO10367,P0074,321,4.94,1585.74
POI010368,PO10368,P0074,318,5.64,1793.52
POI010369,PO10369,P0075,411,18.75,7706.25
POI010370,PO10370,P0075,400,17.22,6888.0
POI010371,PO10371,P0075,393,17.22,6767.46
POI010372,PO10372,P0075,401,18.75,7518.75
POI010373,PO10373,P0075,411,17.22,7077.42
POI010374,PO10374,P0075,394,18.75,7387.5
POI010375,PO10375,P0075,401,17.22,6905.22
POI010376,PO10376,P0075,411,18.75,7706.25
POI010377,PO10377,P0075,395,17.22,6801.9
POI010378,PO10378,P0075,388,17.22,6681.36
POI010379,PO10379,P0075,402,17.22,6922.44
POI010380,PO10380,P0075,407,18.75,7631.25
POI010381,PO10381,P0075,389,18.75,7293.75
POI010382,PO10382,P0075,411,18.75,7706.25
POI010383,PO10383,P0075,388,17.22,6681.36
POI010384,PO10384,P0075,392,17.22,6750.24
POI010385,PO10385,P0075,389,18.75,7293.75
POI010386,PO10386,P0075,388,17.22,6681.36
POI010387,PO10387,P0075,391,17.22,6733.02
POI010388,PO10388,P0075,393,18.75,7368.75
POI010389,PO10389,P0075,404,17.22,6956.88
POI010390,PO10390,P0075,398,17.22,6853.56
POI010391,PO10391,P0075,409,17.22,7042.98
POI010392,PO10392,P0076,89,5.83,518.87
POI010393,PO10393,P0076,76,5.83,443.08
POI010394,PO10394,P0076,79,5.83,460.57
POI010395,PO10395,P0076,76,5.83,443.08
POI010396,PO10396,P0076,79,5.83,460.57
POI010397,PO10397,P0076,89,5.83,518.87
POI010398,PO10398,P0076,79,5.83,460.57
POI010399,PO10399,P0076,87,5.83,507.21
POI010400,PO10400,P0076,82,5.83,478.06
POI010401,PO10401,P0076,78,5.83,454.74
POI010402,PO10402,P0076,91,5.83,530.53
POI010403,PO10403,P0076,90,5.83,524.7
POI010404,PO10404,P0076,89,5.83,518.87
POI010405,PO10405,P0076,93,5.83,542.19
POI010406,PO10406,P0076,84,5.83,489.72
POI010407,PO10407,P0076,77,5.83,448.91
POI010408,PO10408,P0076,99,5.83,577.17
POI010409,PO10409,P0076,91,5.83,530.53
POI010410,PO10410,P0076,84,5.83,489.72
POI010411,PO10411,P0076,76,5.83,443.08
POI010412,PO10412,P0076,78,5.83,454.74
POI010413,PO10413,P0076,83,5.83,483.89
POI010414,PO10414,P0076,80,5.83,466.4
POI010415,PO10415,P0076,97,5.83,565.51
POI010416,PO10416,P0076,95,5.83,553.85
POI010417,PO10417,P0076,92,5.83,536.36
POI010418,PO10418,P0076,93,5.83,542.19
POI010419,PO10419,P0076,76,5.83,443.08
POI010420,PO10420,P0076,76,5.83,443.08
POI010421,PO10421,P0076,93,5.83,542.19
POI010422,PO10422,P0076,78,5.83,454.74
POI010423,PO10423,P0076,95,5.83,553.85
POI010424,PO10424,P0076,83,5.83,483.89
POI010425,PO10425,P0076,80,5.83,466.4
POI010426,PO10426,P0076,77,5.83,448.91
POI010427,PO10427,P0076,83,5.83,483.89
POI010428,PO10428,P0076,78,5.83,454.74
POI010429,PO10429,P0076,95,5.83,553.85
POI010430,PO10430,P0076,81,5.83,472.23
POI010431,PO10431,P0076,92,5.83,536.36
POI010432,PO10432,P0076,78,5.83,454.74
POI010433,PO10433,P0076,85,5.83,495.55
POI010434,PO10434,P0076,85,5.83,495.55
POI010435,PO10435,P0076,80,5.83,466.4
POI010436,PO10436,P0076,96,5.83,559.68
POI010437,PO10437,P0076,79,5.83,460.57
POI010438,PO10438,P0076,89,5.83,518.87
POI010439,PO10439,P0076,81,5.83,472.23
POI010440,PO10440,P0076,82,5.83,478.06
POI010441,PO10441,P0076,85,5.83,495.55
POI010442,PO10442,P0076,102,5.83,594.66
POI010443,PO10443,P0076,93,5.83,542.19
POI010444,PO10444,P0076,82,5.83,478.06
POI010445,PO10445,P0076,92,5.83,536.36
POI010446,PO10446,P0076,88,5.83,513.04
POI010447,PO10447,P0076,89,5.83,518.87
POI010448,PO10448,P0076,84,5.83,489.72
POI010449,PO10449,P0076,95,5.83,553.85
POI010450,PO10450,P0076,88,5.83,513.04
POI010451,PO10451,P0076,82,5.83,478.06
POI010452,PO10452,P0076,83,5.83,483.89
POI010453,PO10453,P0076,87,5.83,507.21
POI010454,PO10454,P0076,84,5.83,489.72
POI010455,PO10455,P0076,95,5.83,553.85
POI010456,PO10456,P0076,91,5.83,530.53
POI010457,PO10457,P0076,88,5.83,513.04
POI010458,PO10458,P0076,82,5.83,478.06
POI010459,PO10459,P0076,87,5.83,507.21
POI010460,PO10460,P0076,83,5.83,483.89
POI010461,PO10461,P0076,77,5.83,448.91
POI010462,PO10462,P0076,91,5.83,530.53
POI010463,PO10463,P0076,86,5.83,501.38
POI010464,PO10464,P0076,91,5.83,530.53
POI010465,PO10465,P0076,76,5.83,443.08
POI010466,PO10466,P0076,92,5.83,536.36
POI010467,PO10467,P0076,80,5.83,466.4
POI010468,PO10468,P0076,77,5.83,448.91
POI010469,PO10469,P0076,88,5.83,513.04
POI010470,PO10470,P0076,76,5.83,443.08
POI010471,PO10471,P0076,86,5.83,501.38
POI010472,PO10472,P0076,84,5.83,489.72
POI010473,PO10473,P0076,89,5.83,518.87
POI010474,PO10474,P0076,92,5.83,536.36
POI010475,PO10475,P0076,95,5.83,553.85
POI010476,PO10476,P0076,92,5.83,536.36
POI010477,PO10477,P0076,81,5.83,472.23
POI010478,PO10478,P0076,79,5.83,460.57
POI010479,PO10479,P0076,78,5.83,454.74
POI010480,PO10480,P0077,91,2.54,231.14
POI010481,PO10481,P0077,80,2.54,203.2
POI010482,PO10482,P0077,83,2.54,210.82
POI010483,PO10483,P0077,89,2.54,226.06
POI010484,PO10484,P0077,84,2.54,213.36
POI010485,PO10485,P0077,82,2.54,208.28
POI010486,PO10486,P0077,81,2.54,205.74
POI010487,PO10487,P0077,83,2.54,210.82
POI010488,PO10488,P0077,89,2.54,226.06
POI010489,PO10489,P0077,93,2.54,236.22
POI010490,PO10490,P0077,84,2.54,213.36
POI010491,PO10491,P0077,85,2.54,215.9
POI010492,PO10492,P0077,86,2.54,218.44
POI010493,PO10493,P0077,83,2.54,210.82
POI010494,PO10494,P0077,84,2.54,213.36
POI010495,PO10495,P0077,87,2.54,220.98
POI010496,PO10496,P0077,86,2.54,218.44
POI010497,PO10497,P0077,88,2.54,223.52
POI010498,PO10498,P0077,95,2.54,241.3
POI010499,PO10499,P0077,89,2.54,226.06
POI010500,PO10500,P0077,91,2.54,231.14
POI010501,PO10501,P0077,88,2.54,223.52
POI010502,PO10502,P0077,95,2.54,241.3
POI010503,PO10503,P0077,87,2.54,220.98
POI010504,PO10504,P0077,83,2.54,210.82
POI010505,PO10505,P0077,90,2.54,228.6
POI010506,PO10506,P0077,91,2.54,231.14
POI010507,PO10507,P0077,86,2.54,218.44
POI010508,PO10508,P0077,84,2.54,213.36
POI010509,PO10509,P0077,82,2.54,208.28
POI010510,PO10510,P0077,86,2.54,218.44
POI010511,PO10511,P0077,87,2.54,220.98
POI010512,PO10512,P0077,83,2.54,210.82
POI010513,PO10513,P0077,85,2.54,215.9
POI010514,PO10514,P0077,84,2.54,213.36
POI010515,PO10515,P0077,83,2.54,210.82
POI010516,PO10516,P0077,86,2.54,218.44
POI010517,PO10517,P0077,81,2.54,205.74
POI010518,PO10518,P0077,80,2.54,203.2
POI010519,PO10519,P0077,83,2.54,210.82
POI010520,PO10520,P0077,80,2.54,203.2
POI010521,PO10521,P0077,84,2.54,213.36
POI010522,PO10522,P0077,85,2.54,215.9
POI010523,PO10523,P0077,82,2.54,208.28
POI010524,PO10524,P0077,81,2.54,205.74
POI010525,PO10525,P0077,85,2.54,215.9
POI010526,PO10526,P0077,82,2.54,208.28
POI010527,PO10527,P0077,88,2.54,223.52
POI010528,PO10528,P0078,394,14.66,5776.04
POI010529,PO10529,P0078,394,14.66,5776.04
POI010530,PO10530,P0078,410,14.66,6010.6
POI010531,PO10531,P0078,395,14.66,5790.7
POI010532,PO10532,P0078,403,14.66,5907.98
POI010533,PO10533,P0078,398,14.66,5834.68
POI010534,PO10534,P0078,406,14.66,5951.96
POI010535,PO10535,P0078,394,14.66,5776.04
POI010536,PO10536,P0078,410,14.66,6010.6
POI010537,PO10537,P0078,397,14.66,5820.02
POI010538,PO10538,P0078,398,14.66,5834.68
POI010539,PO10539,P0078,405,14.66,5937.3
POI010540,PO10540,P0078,394,14.66,5776.04
POI010541,PO10541,P0078,399,14.66,5849.34
POI010542,PO10542,P0079,423,6.93,2931.39
POI010543,PO10543,P0079,441,5.59,2465.19
POI010544,PO10544,P0079,443,5.59,2476.37
POI010545,PO10545,P0079,428,5.59,2392.52
POI010546,PO10546,P0079,424,5.59,2370.16
POI010547,PO10547,P0079,430,5.59,2403.7
POI010548,PO10548,P0079,426,6.93,2952.18
POI010549,PO10549,P0079,427,5.59,2386.93
POI010550,PO10550,P0079,435,5.59,2431.65
POI010551,PO10551,P0079,425,5.59,2375.75
POI010552,PO10552,P0079,431,5.59,2409.29
POI010553,PO10553,P0079,424,5.59,2370.16
POI010554,PO10554,P0080,246,12.36,3040.56
POI010555,PO10555,P0080,245,14.73,3608.85
POI010556,PO10556,P0080,240,12.36,2966.4
POI010557,PO10557,P0080,256,12.36,3164.16
POI010558,PO10558,P0080,255,12.36,3151.8
POI010559,PO10559,P0080,242,14.73,3564.66
POI010560,PO10560,P0080,235,12.36,2904.6
POI010561,PO10561,P0080,250,14.73,3682.5
POI010562,PO10562,P0080,258,12.36,3188.88
POI010563,PO10563,P0080,241,14.73,3549.93
POI010564,PO10564,P0080,241,12.36,2978.76
POI010565,PO10565,P0080,273,14.73,4021.29
POI010566,PO10566,P0080,236,14.73,3476.28
POI010567,PO10567,P0080,259,14.73,3815.07
POI010568,PO10568,P0080,231,12.36,2855.16
POI010569,PO10569,P0080,245,14.73,3608.85
POI010570,PO10570,P0080,250,14.73,3682.5
POI010571,PO10571,P0080,251,14.73,3697.23
POI010572,PO10572,P0080,248,14.73,3653.04
POI010573,PO10573,P0080,240,12.36,2966.4
POI010574,PO10574,P0080,244,12.36,3015.84
POI010575,PO10575,P0080,241,14.73,3549.93
POI010576,PO10576,P0080,246,14.73,3623.58
POI010577,PO10577,P0080,240,12.36,2966.4
POI010578,PO10578,P0080,249,14.73,3667.77
POI010579,PO10579,P0080,235,12.36,2904.6
POI010580,PO10580,P0080,232,14.73,3417.36
POI010581,PO10581,P0080,234,14.73,3446.82
POI010582,PO10582,P0080,239,14.73,3520.47
POI010583,PO10583,P0080,247,12.36,3052.92
POI010584,PO10584,P0080,240,12.36,2966.4
POI010585,PO10585,P0080,242,12.36,2991.12
POI010586,PO10586,P0080,251,12.36,3102.36
POI010587,PO10587,P0080,241,14.73,3549.93
POI010588,PO10588,P0081,374,8.12,3036.88
POI010589,PO10589,P0081,375,7.5,2812.5
POI010590,PO10590,P0081,376,7.5,2820.0
POI010591,PO10591,P0081,384,8.12,3118.08
POI010592,PO10592,P0081,388,8.12,3150.56
POI010593,PO10593,P0081,392,8.12,3183.04
POI010594,PO10594,P0081,378,8.12,3069.36
POI010595,PO10595,P0081,389,8.12,3158.68
POI010596,PO10596,P0081,377,8.12,3061.24
POI010597,PO10597,P0081,380,7.5,2850.0
POI010598,PO10598,P0081,378,8.12,3069.36
POI010599,PO10599,P0081,386,8.12,3134.32
POI010600,PO10600,P0081,374,8.12,3036.88
POI010601,PO10601,P0081,386,7.5,2895.0
POI010602,PO10602,P0082,448,2.36,1057.28
POI010603,PO10603,P0082,441,2.36,1040.76
POI010604,PO10604,P0082,445,2.36,1050.2
POI010605,PO10605,P0082,446,2.36,1052.56
POI010606,PO10606,P0082,442,2.36,1043.12
POI010607,PO10607,P0082,446,2.36,1052.56
POI010608,PO10608,P0082,440,2.36,1038.4
POI010609,PO10609,P0082,444,3.05,1354.2
POI010610,PO10610,P0082,435,2.36,1026.6
POI010611,PO10611,P0082,441,2.36,1040.76
POI010612,PO10612,P0083,149,5.11,761.39
POI010613,PO10613,P0083,149,5.11,761.39
POI010614,PO10614,P0083,147,5.11,751.17
POI010615,PO10615,P0083,154,5.11,786.94
POI010616,PO10616,P0083,148,5.11,756.28
POI010617,PO10617,P0083,150,5.11,766.5
POI010618,PO10618,P0083,152,5.11,776.72
POI010619,PO10619,P0083,154,5.11,786.94
POI010620,PO10620,P0083,149,5.11,761.39
POI010621,PO10621,P0083,154,5.11,786.94
POI010622,PO10622,P0083,152,5.11,776.72
POI010623,PO10623,P0083,151,5.11,771.61
POI010624,PO10624,P0083,148,5.11,756.28
POI010625,PO10625,P0083,152,5.11,776.72
POI010626,PO10626,P0083,152,5.11,776.72
POI010627,PO10627,P0083,146,5.11,746.06
POI010628,PO10628,P0083,146,5.11,746.06
POI010629,PO10629,P0084,92,24.09,2216.28
POI010630,PO10630,P0084,84,24.09,2023.56
POI010631,PO10631,P0084,82,24.09,1975.38
POI010632,PO10632,P0084,85,24.09,2047.65
POI010633,PO10633,P0084,86,24.09,2071.74
POI010634,PO10634,P0084,85,24.09,2047.65
POI010635,PO10635,P0084,88,24.09,2119.92
POI010636,PO10636,P0084,88,24.09,2119.92
POI010637,PO10637,P0084,92,24.09,2216.28
POI010638,PO10638,P0084,95,24.09,2288.55
POI010639,PO10639,P0084,87,24.09,2095.83
POI010640,PO10640,P0084,84,24.09,2023.56
POI010641,PO10641,P0084,88,24.09,2119.92
POI010642,PO10642,P0084,96,24.09,2312.64
POI010643,PO10643,P0084,91,24.09,2192.19
POI010644,PO10644,P0084,81,24.09,1951.29
POI010645,PO10645,P0084,97,24.09,2336.73
POI010646,PO10646,P0084,81,24.09,1951.29
POI010647,PO10647,P0084,88,24.09,2119.92
POI010648,PO10648,P0084,90,24.09,2168.1
POI010649,PO10649,P0084,94,24.09,2264.46
POI010650,PO10650,P0084,85,24.09,2047.65
POI010651,PO10651,P0084,91,24.09,2192.19
POI010652,PO10652,P0084,83,24.09,1999.47
POI010653,PO10653,P0084,88,24.09,2119.92
POI010654,PO10654,P0084,82,24.09,1975.38
POI010655,PO10655,P0084,88,24.09,2119.92
POI010656,PO10656,P0084,81,24.09,1951.29
POI010657,PO10657,P0084,86,24.09,2071.74
POI010658,PO10658,P0084,83,24.09,1999.47
POI010659,PO10659,P0084,81,24.09,1951.29
POI010660,PO10660,P0084,85,24.09,2047.65
POI010661,PO10661,P0084,85,24.09,2047.65
POI010662,PO10662,P0084,85,24.09,2047.65
POI010663,PO10663,P0084,88,24.09,2119.92
POI010664,PO10664,P0084,83,24.09,1999.47
POI010665,PO10665,P0084,85,24.09,2047.65
POI010666,PO10666,P0084,85,24.09,2047.65
POI010667,PO10667,P0084,84,24.09,2023.56
POI010668,PO10668,P0084,84,24.09,2023.56
POI010669,PO10669,P0084,82,24.09,1975.38
POI010670,PO10670,P0084,89,24.09,2144.01
POI010671,PO10671,P0084,88,24.09,2119.92
POI010672,PO10672,P0085,373,6.02,2245.46
POI010673,PO10673,P0085,372,5.4,2008.8
POI010674,PO10674,P0085,379,5.65,2141.35
POI010675,PO10675,P0085,378,5.4,2041.2
POI010676,PO10676,P0085,374,5.4,2019.6
POI010677,PO10677,P0085,370,5.65,2090.5
POI010678,PO10678,P0085,371,5.65,2096.15
POI010679,PO10679,P0085,377,5.65,2130.05
POI010680,PO10680,P0086,99,21.47,2125.53
POI010681,PO10681,P0086,86,21.47,1846.42
POI010682,PO10682,P0086,92,19.48,1792.16
POI010683,PO10683,P0086,88,22.82,2008.16
POI010684,PO10684,P0086,84,22.82,1916.88
POI010685,PO10685,P0086,87,21.47,1867.89
POI010686,PO10686,P0086,95,19.48,1850.6
POI010687,PO10687,P0086,85,19.48,1655.8
POI010688,PO10688,P0086,101,19.48,1967.48
POI010689,PO10689,P0086,87,19.48,1694.76
POI010690,PO10690,P0086,109,22.82,2487.38
POI010691,PO10691,P0086,106,21.47,2275.82
POI010692,PO10692,P0086,101,22.82,2304.82
POI010693,PO10693,P0086,100,22.82,2282.0
POI010694,PO10694,P0086,97,19.48,1889.56
POI010695,PO10695,P0086,87,19.48,1694.76
POI010696,PO10696,P0086,107,22.82,2441.74
POI010697,PO10697,P0086,95,22.82,2167.9
POI010698,PO10698,P0086,92,22.82,2099.44
POI010699,PO10699,P0086,103,19.48,2006.44
POI010700,PO10700,P0086,91,19.48,1772.68
POI010701,PO10701,P0086,90,22.82,2053.8
POI010702,PO10702,P0086,103,19.48,2006.44
POI010703,PO10703,P0086,105,19.48,2045.4
POI010704,PO10704,P0086,96,19.48,1870.08
POI010705,PO10705,P0086,104,19.48,2025.92
POI010706,PO10706,P0086,92,21.47,1975.24
POI010707,PO10707,P0086,85,19.48,1655.8
POI010708,PO10708,P0086,92,21.47,1975.24
POI010709,PO10709,P0086,99,19.48,1928.52
POI010710,PO10710,P0086,85,19.48,1655.8
POI010711,PO10711,P0086,85,19.48,1655.8
POI010712,PO10712,P0086,86,21.47,1846.42
POI010713,PO10713,P0086,100,22.82,2282.0
POI010714,PO10714,P0086,87,22.82,1985.34
POI010715,PO10715,P0086,85,22.82,1939.7
POI010716,PO10716,P0086,87,22.82,1985.34
POI010717,PO10717,P0086,94,22.82,2145.08
POI010718,PO10718,P0086,109,22.82,2487.38
POI010719,PO10719,P0086,96,22.82,2190.72
POI010720,PO10720,P0086,94,19.48,1831.12
POI010721,PO10721,P0086,98,21.47,2104.06
POI010722,PO10722,P0086,95,21.47,2039.65
POI010723,PO10723,P0086,104,19.48,2025.92
POI010724,PO10724,P0086,85,21.47,1824.95
POI010725,PO10725,P0086,102,22.82,2327.64
POI010726,PO10726,P0086,102,19.48,1986.96
POI010727,PO10727,P0086,107,22.82,2441.74
POI010728,PO10728,P0086,88,21.47,1889.36
POI010729,PO10729,P0086,89,19.48,1733.72
POI010730,PO10730,P0086,105,22.82,2396.1
POI010731,PO10731,P0086,90,22.82,2053.8
POI010732,PO10732,P0086,84,19.48,1636.32
POI010733,PO10733,P0086,91,21.47,1953.77
POI010734,PO10734,P0086,93,21.47,1996.71
POI010735,PO10735,P0086,86,21.47,1846.42
POI010736,PO10736,P0086,88,21.47,1889.36
POI010737,PO10737,P0086,86,21.47,1846.42
POI010738,PO10738,P0086,84,21.47,1803.48
POI010739,PO10739,P0086,85,21.47,1824.95
POI010740,PO10740,P0086,90,22.82,2053.8
POI010741,PO10741,P0086,95,21.47,2039.65
POI010742,PO10742,P0086,95,22.82,2167.9
POI010743,PO10743,P0086,86,19.48,1675.28
POI010744,PO10744,P0086,88,19.48,1714.24
POI010745,PO10745,P0086,85,22.82,1939.7
POI010746,PO10746,P0086,108,21.47,2318.76
POI010747,PO10747,P0086,96,19.48,1870.08
POI010748,PO10748,P0086,85,21.47,1824.95
POI010749,PO10749,P0086,86,21.47,1846.42
POI010750,PO10750,P0086,87,19.48,1694.76
POI010751,PO10751,P0086,106,21.47,2275.82
POI010752,PO10752,P0086,85,19.48,1655.8
POI010753,PO10753,P0086,90,21.47,1932.3
POI010754,PO10754,P0086,106,19.48,2064.88
POI010755,PO10755,P0086,101,21.47,2168.47
POI010756,PO10756,P0086,85,21.47,1824.95
POI010757,PO10757,P0086,87,21.47,1867.89
POI010758,PO10758,P0086,97,21.47,2082.59
POI010759,PO10759,P0086,101,19.48,1967.48
POI010760,PO10760,P0086,105,19.48,2045.4
POI010761,PO10761,P0086,88,21.47,1889.36
POI010762,PO10762,P0086,88,21.47,1889.36
POI010763,PO10763,P0086,91,22.82,2076.62
POI010764,PO10764,P0086,98,21.47,2104.06
POI010765,PO10765,P0086,92,21.47,1975.24
POI010766,PO10766,P0086,95,19.48,1850.6
POI010767,PO10767,P0086,92,19.48,1792.16
POI010768,PO10768,P0086,86,22.82,1962.52
POI010769,PO10769,P0086,99,19.48,1928.52
POI010770,PO10770,P0087,439,20.0,8780.0
POI010771,PO10771,P0087,432,20.0,8640.0
POI010772,PO10772,P0087,434,21.46,9313.64
POI010773,PO10773,P0087,442,22.78,10068.76
POI010774,PO10774,P0087,437,22.78,9954.86
POI010775,PO10775,P0087,447,22.78,10182.66
POI010776,PO10776,P0087,430,20.0,8600.0
POI010777,PO10777,P0087,427,22.78,9727.06
POI010778,PO10778,P0087,428,20.0,8560.0
POI010779,PO10779,P0087,437,21.46,9378.02
POI010780,PO10780,P0087,428,22.78,9749.84
POI010781,PO10781,P0087,427,22.78,9727.06
POI010782,PO10782,P0087,430,22.78,9795.4
POI010783,PO10783,P0087,436,22.78,9932.08
POI010784,PO10784,P0087,436,20.0,8720.0
POI010785,PO10785,P0087,433,20.0,8660.0
POI010786,PO10786,P0087,445,22.78,10137.1
POI010787,PO10787,P0088,258,15.49,3996.42
POI010788,PO10788,P0088,259,13.27,3436.93
POI010789,PO10789,P0088,259,13.27,3436.93
POI010790,PO10790,P0088,259,15.49,4011.91
POI010791,PO10791,P0088,259,15.49,4011.91
POI010792,PO10792,P0088,259,16.91,4379.69
POI010793,PO10793,P0089,207,10.89,2254.23
POI010794,PO10794,P0089,220,10.89,2395.8
POI010795,PO10795,P0089,205,10.89,2232.45
POI010796,PO10796,P0089,216,10.89,2352.24
POI010797,PO10797,P0089,224,10.89,2439.36
POI010798,PO10798,P0089,222,10.89,2417.58
POI010799,PO10799,P0089,207,10.89,2254.23
POI010800,PO10800,P0089,208,10.89,2265.12
POI010801,PO10801,P0089,230,10.89,2504.7
POI010802,PO10802,P0089,219,10.89,2384.91
POI010803,PO10803,P0089,215,10.89,2341.35
POI010804,PO10804,P0089,210,10.89,2286.9
POI010805,PO10805,P0089,217,10.89,2363.13
POI010806,PO10806,P0089,220,10.89,2395.8
POI010807,PO10807,P0089,234,10.89,2548.26
POI010808,PO10808,P0089,217,10.89,2363.13
POI010809,PO10809,P0089,223,10.89,2428.47
POI010810,PO10810,P0089,232,10.89,2526.48
POI010811,PO10811,P0089,235,10.89,2559.15
POI010812,PO10812,P0089,213,10.89,2319.57
POI010813,PO10813,P0089,217,10.89,2363.13
POI010814,PO10814,P0089,205,10.89,2232.45
POI010815,PO10815,P0089,218,10.89,2374.02
POI010816,PO10816,P0089,223,10.89,2428.47
POI010817,PO10817,P0089,222,10.89,2417.58
POI010818,PO10818,P0089,220,10.89,2395.8
POI010819,PO10819,P0089,208,10.89,2265.12
POI010820,PO10820,P0089,207,10.89,2254.23
POI010821,PO10821,P0089,217,10.89,2363.13
POI010822,PO10822,P0089,235,10.89,2559.15
POI010823,PO10823,P0089,219,10.89,2384.91
POI010824,PO10824,P0089,205,10.89,2232.45
POI010825,PO10825,P0089,211,10.89,2297.79
POI010826,PO10826,P0089,210,10.89,2286.9
POI010827,PO10827,P0089,222,10.89,2417.58
POI010828,PO10828,P0089,211,10.89,2297.79
POI010829,PO10829,P0089,211,10.89,2297.79
POI010830,PO10830,P0089,205,10.89,2232.45
POI010831,PO10831,P0089,207,10.89,2254.23
POI010832,PO10832,P0089,216,10.89,2352.24
POI010833,PO10833,P0089,205,10.89,2232.45
POI010834,PO10834,P0089,215,10.89,2341.35
POI010835,PO10835,P0089,215,10.89,2341.35
POI010836,PO10836,P0090,411,12.31,5059.41
POI010837,PO10837,P0090,418,12.31,5145.58
POI010838,PO10838,P0090,421,12.78,5380.38
POI010839,PO10839,P0090,413,12.78,5278.14
POI010840,PO10840,P0090,413,12.31,5084.03
POI010841,PO10841,P0090,410,12.78,5239.8
POI010842,PO10842,P0090,409,12.31,5034.79
POI010843,PO10843,P0090,408,12.78,5214.24
POI010844,PO10844,P0090,423,12.31,5207.13
POI010845,PO10845,P0090,409,12.78,5227.02
POI010846,PO10846,P0090,425,12.78,5431.5
POI010847,PO10847,P0090,415,12.78,5303.7
POI010848,PO10848,P0090,420,12.31,5170.2
POI010849,PO10849,P0091,319,22.61,7212.59
POI010850,PO10850,P0091,311,26.46,8229.06
POI010851,PO10851,P0091,319,26.46,8440.74
POI010852,PO10852,P0091,319,22.61,7212.59
POI010853,PO10853,P0091,318,23.73,7546.14
POI010854,PO10854,P0091,319,23.73,7569.87
POI010855,PO10855,P0091,313,23.73,7427.49
POI010856,PO10856,P0091,317,26.46,8387.82
POI010857,PO10857,P0091,316,23.73,7498.68
POI010858,PO10858,P0091,319,22.61,7212.59
POI010859,PO10859,P0091,309,23.73,7332.57
POI010860,PO10860,P0091,309,26.46,8176.14
POI010861,PO10861,P0091,317,23.73,7522.41
POI010862,PO10862,P0091,315,22.61,7122.15
POI010863,PO10863,P0091,319,23.73,7569.87
POI010864,PO10864,P0091,318,26.46,8414.28
POI010865,PO10865,P0091,319,22.61,7212.59
POI010866,PO10866,P0091,319,23.73,7569.87
POI010867,PO10867,P0091,311,22.61,7031.71
POI010868,PO10868,P0091,314,26.46,8308.44
POI010869,PO10869,P0091,319,22.61,7212.59
POI010870,PO10870,P0091,310,22.61,7009.1
POI010871,PO10871,P0091,316,22.61,7144.76
POI010872,PO10872,P0092,384,25.5,9792.0
POI010873,PO10873,P0092,370,21.0,7770.0
POI010874,PO10874,P0092,380,21.0,7980.0
POI010875,PO10875,P0092,363,25.5,9256.5
POI010876,PO10876,P0092,370,21.0,7770.0
POI010877,PO10877,P0092,392,21.62,8475.04
POI010878,PO10878,P0092,360,21.62,7783.2
POI010879,PO10879,P0092,368,25.5,9384.0
POI010880,PO10880,P0092,382,21.62,8258.84
POI010881,PO10881,P0092,382,21.0,8022.0
POI010882,PO10882,P0092,365,25.5,9307.5
POI010883,PO10883,P0092,377,25.5,9613.5
POI010884,PO10884,P0092,384,21.62,8302.08
POI010885,PO10885,P0092,366,21.0,7686.0
POI010886,PO10886,P0092,378,25.5,9639.0
POI010887,PO10887,P0092,370,21.62,7999.4
POI010888,PO10888,P0092,370,21.62,7999.4
POI010889,PO10889,P0092,374,21.62,8085.88
POI010890,PO10890,P0092,387,21.0,8127.0
POI010891,PO10891,P0092,366,21.0,7686.0
POI010892,PO10892,P0092,369,21.0,7749.0
POI010893,PO10893,P0092,387,21.0,8127.0
POI010894,PO10894,P0092,390,21.62,8431.8
POI010895,PO10895,P0092,393,25.5,10021.5
POI010896,PO10896,P0092,377,21.0,7917.0
POI010897,PO10897,P0093,43,18.35,789.05
POI010898,PO10898,P0093,52,18.35,954.2
POI010899,PO10899,P0093,42,18.35,770.7
POI010900,PO10900,P0093,54,18.35,990.9
POI010901,PO10901,P0093,53,18.35,972.55
POI010902,PO10902,P0093,52,18.35,954.2
POI010903,PO10903,P0093,31,18.35,568.85
POI010904,PO10904,P0093,49,18.35,899.15
POI010905,PO10905,P0093,48,18.35,880.8
POI010906,PO10906,P0093,49,18.35,899.15
POI010907,PO10907,P0093,29,18.35,532.15
POI010908,PO10908,P0093,48,18.35,880.8
POI010909,PO10909,P0093,29,18.35,532.15
POI010910,PO10910,P0093,40,18.35,734.0
POI010911,PO10911,P0093,65,18.35,1192.75
POI010912,PO10912,P0093,40,18.35,734.0
POI010913,PO10913,P0093,45,18.35,825.75
POI010914,PO10914,P0093,46,18.35,844.1
POI010915,PO10915,P0093,30,18.35,550.5
POI010916,PO10916,P0093,57,18.35,1045.95
POI010917,PO10917,P0093,40,18.35,734.0
POI010918,PO10918,P0093,51,18.35,935.85
POI010919,PO10919,P0093,35,18.35,642.25
POI010920,PO10920,P0093,34,18.35,623.9
POI010921,PO10921,P0093,50,18.35,917.5
POI010922,PO10922,P0093,49,18.35,899.15
POI010923,PO10923,P0093,51,18.35,935.85
POI010924,PO10924,P0093,34,18.35,623.9
POI010925,PO10925,P0093,51,18.35,935.85
POI010926,PO10926,P0093,33,18.35,605.55
POI010927,PO10927,P0093,56,18.35,1027.6
POI010928,PO10928,P0093,33,18.35,605.55
POI010929,PO10929,P0093,32,18.35,587.2
POI010930,PO10930,P0093,41,18.35,752.35
POI010931,PO10931,P0093,30,18.35,550.5
POI010932,PO10932,P0093,53,18.35,972.55
POI010933,PO10933,P0093,48,18.35,880.8
POI010934,PO10934,P0093,52,18.35,954.2
POI010935,PO10935,P0093,50,18.35,917.5
POI010936,PO10936,P0093,36,18.35,660.6
POI010937,PO10937,P0093,29,18.35,532.15
POI010938,PO10938,P0093,34,18.35,623.9
POI010939,PO10939,P0093,68,18.35,1247.8
POI010940,PO10940,P0093,54,18.35,990.9
POI010941,PO10941,P0093,34,18.35,623.9
POI010942,PO10942,P0093,52,18.35,954.2
POI010943,PO10943,P0093,30,18.35,550.5
POI010944,PO10944,P0093,49,18.35,899.15
POI010945,PO10945,P0093,64,18.35,1174.4
POI010946,PO10946,P0093,35,18.35,642.25
POI010947,PO10947,P0093,31,18.35,568.85
POI010948,PO10948,P0093,47,18.35,862.45
POI010949,PO10949,P0093,30,18.35,550.5
POI010950,PO10950,P0093,44,18.35,807.4
POI010951,PO10951,P0093,31,18.35,568.85
POI010952,PO10952,P0093,44,18.35,807.4
POI010953,PO10953,P0093,58,18.35,1064.3
POI010954,PO10954,P0093,47,18.35,862.45
POI010955,PO10955,P0093,35,18.35,642.25
POI010956,PO10956,P0093,54,18.35,990.9
POI010957,PO10957,P0093,53,18.35,972.55
POI010958,PO10958,P0093,32,18.35,587.2
POI010959,PO10959,P0093,56,18.35,1027.6
POI010960,PO10960,P0093,53,18.35,972.55
POI010961,PO10961,P0093,52,18.35,954.2
POI010962,PO10962,P0093,34,18.35,623.9
POI010963,PO10963,P0093,46,18.35,844.1
POI010964,PO10964,P0093,46,18.35,844.1
POI010965,PO10965,P0093,29,18.35,532.15
POI010966,PO10966,P0093,58,18.35,1064.3
POI010967,PO10967,P0093,53,18.35,972.55
POI010968,PO10968,P0093,30,18.35,550.5
POI010969,PO10969,P0093,30,18.35,550.5
POI010970,PO10970,P0093,46,18.35,844.1
POI010971,PO10971,P0093,32,18.35,587.2
POI010972,PO10972,P0093,30,18.35,550.5
POI010973,PO10973,P0093,41,18.35,752.35
POI010974,PO10974,P0093,40,18.35,734.0
POI010975,PO10975,P0093,58,18.35,1064.3
POI010976,PO10976,P0093,42,18.35,770.7
POI010977,PO10977,P0093,55,18.35,1009.25
POI010978,PO10978,P0093,33,18.35,605.55
POI010979,PO10979,P0093,51,18.35,935.85
POI010980,PO10980,P0093,44,18.35,807.4
POI010981,PO10981,P0093,63,18.35,1156.05
POI010982,PO10982,P0093,55,18.35,1009.25
POI010983,PO10983,P0093,48,18.35,880.8
POI010984,PO10984,P0093,61,18.35,1119.35
POI010985,PO10985,P0093,60,18.35,1101.0
POI010986,PO10986,P0093,44,18.35,807.4
POI010987,PO10987,P0093,31,18.35,568.85
POI010988,PO10988,P0093,45,18.35,825.75
POI010989,PO10989,P0093,40,18.35,734.0
POI010990,PO10990,P0093,34,18.35,623.9
POI010991,PO10991,P0093,40,18.35,734.0
POI010992,PO10992,P0093,44,18.35,807.4
POI010993,PO10993,P0093,29,18.35,532.15
POI010994,PO10994,P0093,45,18.35,825.75
POI010995,PO10995,P0093,30,18.35,550.5
POI010996,PO10996,P0093,49,18.35,899.15
POI010997,PO10997,P0093,49,18.35,899.15
POI010998,PO10998,P0093,53,18.35,972.55
POI010999,PO10999,P0093,35,18.35,642.25
POI011000,PO11000,P0093,32,18.35,587.2
POI011001,PO11001,P0093,52,18.35,954.2
POI011002,PO11002,P0093,32,18.35,587.2
POI011003,PO11003,P0093,58,18.35,1064.3
POI011004,PO11004,P0093,32,18.35,587.2
POI011005,PO11005,P0093,45,18.35,825.75
POI011006,PO11006,P0093,48,18.35,880.8
POI011007,PO11007,P0093,46,18.35,844.1
POI011008,PO11008,P0093,49,18.35,899.15
POI011009,PO11009,P0093,48,18.35,880.8
POI011010,PO11010,P0093,51,18.35,935.85
POI011011,PO11011,P0093,50,18.35,917.5
POI011012,PO11012,P0093,44,18.35,807.4
POI011013,PO11013,P0093,47,18.35,862.45
POI011014,PO11014,P0093,41,18.35,752.35
POI011015,PO11015,P0093,29,18.35,532.15
POI011016,PO11016,P0093,40,18.35,734.0
POI011017,PO11017,P0093,51,18.35,935.85
POI011018,PO11018,P0093,38,18.35,697.3
POI011019,PO11019,P0093,32,18.35,587.2
POI011020,PO11020,P0093,32,18.35,587.2
POI011021,PO11021,P0093,29,18.35,532.15
POI011022,PO11022,P0093,42,18.35,770.7
POI011023,PO11023,P0093,50,18.35,917.5
POI011024,PO11024,P0093,34,18.35,623.9
POI011025,PO11025,P0093,49,18.35,899.15
POI011026,PO11026,P0093,44,18.35,807.4
POI011027,PO11027,P0093,46,18.35,844.1
POI011028,PO11028,P0093,35,18.35,642.25
POI011029,PO11029,P0093,36,18.35,660.6
POI011030,PO11030,P0093,51,18.35,935.85
POI011031,PO11031,P0093,51,18.35,935.85
POI011032,PO11032,P0093,43,18.35,789.05
POI011033,PO11033,P0093,44,18.35,807.4
POI011034,PO11034,P0093,45,18.35,825.75
POI011035,PO11035,P0093,47,18.35,862.45
POI011036,PO11036,P0093,45,18.35,825.75
POI011037,PO11037,P0093,36,18.35,660.6
POI011038,PO11038,P0093,47,18.35,862.45
POI011039,PO11039,P0093,33,18.35,605.55
POI011040,PO11040,P0093,33,18.35,605.55
POI011041,PO11041,P0093,51,18.35,935.85
POI011042,PO11042,P0093,41,18.35,752.35
POI011043,PO11043,P0093,40,18.35,734.0
POI011044,PO11044,P0093,43,18.35,789.05
POI011045,PO11045,P0093,53,18.35,972.55
POI011046,PO11046,P0093,31,18.35,568.85
POI011047,PO11047,P0093,36,18.35,660.6
POI011048,PO11048,P0093,29,18.35,532.15
POI011049,PO11049,P0093,35,18.35,642.25
POI011050,PO11050,P0093,42,18.35,770.7
POI011051,PO11051,P0093,37,18.35,678.95
POI011052,PO11052,P0093,42,18.35,770.7
POI011053,PO11053,P0093,48,18.35,880.8
POI011054,PO11054,P0093,39,18.35,715.65
POI011055,PO11055,P0093,42,18.35,770.7
POI011056,PO11056,P0093,44,18.35,807.4
POI011057,PO11057,P0093,35,18.35,642.25
POI011058,PO11058,P0093,39,18.35,715.65
POI011059,PO11059,P0093,45,18.35,825.75
POI011060,PO11060,P0093,33,18.35,605.55
POI011061,PO11061,P0093,44,18.35,807.4
POI011062,PO11062,P0093,34,18.35,623.9
POI011063,PO11063,P0093,42,18.35,770.7
POI011064,PO11064,P0093,35,18.35,642.25
POI011065,PO11065,P0093,45,18.35,825.75
POI011066,PO11066,P0093,46,18.35,844.1
POI011067,PO11067,P0093,38,18.35,697.3
POI011068,PO11068,P0093,41,18.35,752.35
POI011069,PO11069,P0093,40,18.35,734.0
POI011070,PO11070,P0093,35,18.35,642.25
POI011071,PO11071,P0093,45,18.35,825.75
POI011072,PO11072,P0093,47,18.35,862.45
POI011073,PO11073,P0093,33,18.35,605.55
POI011074,PO11074,P0093,45,18.35,825.75
POI011075,PO11075,P0093,43,18.35,789.05
POI011076,PO11076,P0093,48,18.35,880.8
POI011077,PO11077,P0093,31,18.35,568.85
POI011078,PO11078,P0093,37,18.35,678.95
POI011079,PO11079,P0093,41,18.35,752.35
POI011080,PO11080,P0093,41,18.35,752.35
POI011081,PO11081,P0093,32,18.35,587.2
POI011082,PO11082,P0093,50,18.35,917.5
POI011083,PO11083,P0093,41,18.35,752.35
POI011084,PO11084,P0093,46,18.35,844.1
POI011085,PO11085,P0093,46,18.35,844.1
POI011086,PO11086,P0093,53,18.35,972.55
POI011087,PO11087,P0093,46,18.35,844.1
POI011088,PO11088,P0093,43,18.35,789.05
POI011089,PO11089,P0093,42,18.35,770.7
POI011090,PO11090,P0093,41,18.35,752.35
POI011091,PO11091,P0093,49,18.35,899.15
POI011092,PO11092,P0093,50,18.35,917.5
POI011093,PO11093,P0093,46,18.35,844.1
POI011094,PO11094,P0093,43,18.35,789.05
POI011095,PO11095,P0093,56,18.35,1027.6
POI011096,PO11096,P0093,45,18.35,825.75
POI011097,PO11097,P0093,32,18.35,587.2
POI011098,PO11098,P0093,48,18.35,880.8
POI011099,PO11099,P0093,46,18.35,844.1
POI011100,PO11100,P0093,44,18.35,807.4
POI011101,PO11101,P0093,46,18.35,844.1
POI011102,PO11102,P0093,59,18.35,1082.65
POI011103,PO11103,P0093,43,18.35,789.05
POI011104,PO11104,P0093,38,18.35,697.3
POI011105,PO11105,P0094,102,2.92,297.84
POI011106,PO11106,P0094,103,2.35,242.05
POI011107,PO11107,P0094,106,2.35,249.1
POI011108,PO11108,P0094,106,2.92,309.52
POI011109,PO11109,P0094,108,2.92,315.36
POI011110,PO11110,P0094,103,2.92,300.76
POI011111,PO11111,P0094,102,2.92,297.84
POI011112,PO11112,P0094,106,2.35,249.1
POI011113,PO11113,P0094,107,2.35,251.45
POI011114,PO11114,P0094,106,2.92,309.52
POI011115,PO11115,P0094,104,2.35,244.4
POI011116,PO11116,P0094,109,2.35,256.15
POI011117,PO11117,P0094,103,2.92,300.76
POI011118,PO11118,P0094,102,2.35,239.7
POI011119,PO11119,P0094,105,2.35,246.75
POI011120,PO11120,P0094,103,2.92,300.76
POI011121,PO11121,P0094,109,2.35,256.15
POI011122,PO11122,P0094,109,2.35,256.15
POI011123,PO11123,P0095,240,8.24,1977.6
POI011124,PO11124,P0095,247,8.24,2035.28
POI011125,PO11125,P0095,251,8.24,2068.24
POI011126,PO11126,P0095,231,8.24,1903.44
POI011127,PO11127,P0095,229,8.24,1886.96
POI011128,PO11128,P0095,239,8.24,1969.36
POI011129,PO11129,P0095,224,8.24,1845.76
POI011130,PO11130,P0095,246,8.24,2027.04
POI011131,PO11131,P0095,224,8.24,1845.76
POI011132,PO11132,P0095,238,8.24,1961.12
POI011133,PO11133,P0095,222,8.24,1829.28
POI011134,PO11134,P0095,231,8.24,1903.44
POI011135,PO11135,P0095,246,8.24,2027.04
POI011136,PO11136,P0095,224,8.24,1845.76
POI011137,PO11137,P0095,224,8.24,1845.76
POI011138,PO11138,P0095,229,8.24,1886.96
POI011139,PO11139,P0095,232,8.24,1911.68
POI011140,PO11140,P0095,225,8.24,1854.0
POI011141,PO11141,P0095,239,8.24,1969.36
POI011142,PO11142,P0095,234,8.24,1928.16
POI011143,PO11143,P0095,234,8.24,1928.16
POI011144,PO11144,P0095,223,8.24,1837.52
POI011145,PO11145,P0095,241,8.24,1985.84
POI011146,PO11146,P0095,225,8.24,1854.0
POI011147,PO11147,P0095,230,8.24,1895.2
POI011148,PO11148,P0095,237,8.24,1952.88
POI011149,PO11149,P0095,232,8.24,1911.68
POI011150,PO11150,P0095,233,8.24,1919.92
POI011151,PO11151,P0095,240,8.24,1977.6
POI011152,PO11152,P0096,84,24.34,2044.56
POI011153,PO11153,P0096,90,24.34,2190.6
POI011154,PO11154,P0096,88,24.34,2141.92
POI011155,PO11155,P0096,84,24.34,2044.56
POI011156,PO11156,P0096,83,24.34,2020.22
POI011157,PO11157,P0096,92,24.34,2239.28
POI011158,PO11158,P0096,89,24.34,2166.26
POI011159,PO11159,P0096,89,24.34,2166.26
POI011160,PO11160,P0096,82,24.34,1995.88
POI011161,PO11161,P0096,86,24.34,2093.24
POI011162,PO11162,P0096,87,24.34,2117.58
POI011163,PO11163,P0096,82,24.34,1995.88
POI011164,PO11164,P0096,85,24.34,2068.9
POI011165,PO11165,P0096,84,24.34,2044.56
POI011166,PO11166,P0096,89,24.34,2166.26
POI011167,PO11167,P0096,81,24.34,1971.54
POI011168,PO11168,P0096,90,24.34,2190.6
POI011169,PO11169,P0096,85,24.34,2068.9
POI011170,PO11170,P0096,87,24.34,2117.58
POI011171,PO11171,P0096,86,24.34,2093.24
POI011172,PO11172,P0096,84,24.34,2044.56
POI011173,PO11173,P0096,86,24.34,2093.24
POI011174,PO11174,P0096,87,24.34,2117.58
POI011175,PO11175,P0096,85,24.34,2068.9
POI011176,PO11176,P0096,85,24.34,2068.9
POI011177,PO11177,P0096,87,24.34,2117.58
POI011178,PO11178,P0096,81,24.34,1971.54
POI011179,PO11179,P0096,88,24.34,2141.92
POI011180,PO11180,P0096,84,24.34,2044.56
POI011181,PO11181,P0096,83,24.34,2020.22
POI011182,PO11182,P0096,84,24.34,2044.56
POI011183,PO11183,P0096,85,24.34,2068.9
POI011184,PO11184,P0096,86,24.34,2093.24
POI011185,PO11185,P0096,83,24.34,2020.22
POI011186,PO11186,P0096,87,24.34,2117.58
POI011187,PO11187,P0096,88,24.34,2141.92
POI011188,PO11188,P0096,86,24.34,2093.24
POI011189,PO11189,P0096,86,24.34,2093.24
POI011190,PO11190,P0096,83,24.34,2020.22
POI011191,PO11191,P0097,290,14.36,4164.4
POI011192,PO11192,P0097,289,19.05,5505.45
POI011193,PO11193,P0097,289,19.05,5505.45
POI011194,PO11194,P0097,296,19.05,5638.8
POI011195,PO11195,P0097,284,19.05,5410.2
POI011196,PO11196,P0097,281,14.36,4035.16
POI011197,PO11197,P0097,297,19.05,5657.85
POI011198,PO11198,P0097,286,14.36,4106.96
POI011199,PO11199,P0097,301,19.05,5734.05
POI011200,PO11200,P0097,291,14.36,4178.76
POI011201,PO11201,P0097,282,19.05,5372.1
POI011202,PO11202,P0097,302,19.05,5753.1
POI011203,PO11203,P0097,288,19.05,5486.4
POI011204,PO11204,P0097,295,19.05,5619.75
POI011205,PO11205,P0097,300,19.05,5715.0
POI011206,PO11206,P0097,281,19.05,5353.05
POI011207,PO11207,P0097,281,19.05,5353.05
POI011208,PO11208,P0097,283,14.36,4063.88
POI011209,PO11209,P0097,287,14.36,4121.32
POI011210,PO11210,P0097,286,19.05,5448.3
POI011211,PO11211,P0097,298,19.05,5676.9
POI011212,PO11212,P0097,301,19.05,5734.05
POI011213,PO11213,P0097,311,14.36,4465.96
POI011214,PO11214,P0097,300,19.05,5715.0
POI011215,PO11215,P0097,302,14.36,4336.72
POI011216,PO11216,P0097,294,19.05,5600.7
POI011217,PO11217,P0098,456,8.98,4094.88
POI011218,PO11218,P0098,482,8.98,4328.36
POI011219,PO11219,P0098,456,6.97,3178.32
POI011220,PO11220,P0098,475,8.98,4265.5
POI011221,PO11221,P0098,453,8.98,4067.94
POI011222,PO11222,P0098,459,6.97,3199.23
POI011223,PO11223,P0098,473,8.98,4247.54
POI011224,PO11224,P0098,468,6.97,3261.96
POI011225,PO11225,P0098,467,6.97,3254.99
POI011226,PO11226,P0098,474,8.98,4256.52
POI011227,PO11227,P0098,457,8.98,4103.86
POI011228,PO11228,P0098,455,8.98,4085.9
POI011229,PO11229,P0098,456,6.97,3178.32
POI011230,PO11230,P0098,453,6.97,3157.41
POI011231,PO11231,P0098,450,6.97,3136.5
POI011232,PO11232,P0098,465,6.97,3241.05
POI011233,PO11233,P0098,453,8.98,4067.94
POI011234,PO11234,P0098,455,8.98,4085.9
POI011235,PO11235,P0098,450,6.97,3136.5
POI011236,PO11236,P0099,152,5.67,861.84
POI011237,PO11237,P0099,154,5.67,873.18
POI011238,PO11238,P0099,153,5.67,867.51
POI011239,PO11239,P0099,152,5.67,861.84
POI011240,PO11240,P0099,154,5.67,873.18
POI011241,PO11241,P0099,154,5.67,873.18
POI011242,PO11242,P0099,152,5.67,861.84
POI011243,PO11243,P0099,152,5.67,861.84
POI011244,PO11244,P0099,154,5.67,873.18
POI011245,PO11245,P0099,152,5.67,861.84
POI011246,PO11246,P0099,152,5.67,861.84
POI011247,PO11247,P0100,409,15.62,6388.58
POI011248,PO11248,P0100,401,15.62,6263.62
POI011249,PO11249,P0100,401,15.62,6263.62
POI011250,PO11250,P0100,403,15.62,6294.86
POI011251,PO11251,P0100,414,15.62,6466.68
POI011252,PO11252,P0100,399,15.62,6232.38
POI011253,PO11253,P0100,414,15.62,6466.68
POI011254,PO11254,P0100,407,15.62,6357.34
POI011255,PO11255,P0100,396,15.62,6185.52
POI011256,PO11256,P0100,388,15.62,6060.56
POI011257,PO11257,P0100,399,15.62,6232.38
POI011258,PO11258,P0100,392,15.62,6123.04
POI011259,PO11259,P0100,415,15.62,6482.3
POI011260,PO11260,P0100,404,15.62,6310.48
POI011261,PO11261,P0100,388,15.62,6060.56
POI011262,PO11262,P0100,389,15.62,6076.18
POI011263,PO11263,P0100,408,15.62,6372.96
POI011264,PO11264,P0100,395,15.62,6169.9
POI011265,PO11265,P0100,396,15.62,6185.52
POI011266,PO11266,P0100,392,15.62,6123.04
POI011267,PO11267,P0100,388,15.62,6060.56
POI011268,PO11268,P0100,402,15.62,6279.24
POI011269,PO11269,P0100,401,15.62,6263.62
POI011270,PO11270,P0001,224,4.44,994.56
POI011271,PO11271,P0001,228,4.13,941.64
POI011272,PO11272,P0001,224,4.44,994.56
POI011273,PO11273,P0001,260,4.44,1154.4
POI011274,PO11274,P0001,248,4.13,1024.24
POI011275,PO11275,P0001,243,4.44,1078.92
POI011276,PO11276,P0001,234,4.44,1038.96
POI011277,PO11277,P0001,247,4.13,1020.11
POI011278,PO11278,P0001,229,4.13,945.77
POI011279,PO11279,P0001,230,4.44,1021.2
POI011280,PO11280,P0001,227,4.13,937.51
POI011281,PO11281,P0001,249,4.44,1105.56
POI011282,PO11282,P0001,238,4.13,982.94
POI011283,PO11283,P0001,259,4.13,1069.67
POI011284,PO11284,P0001,243,4.13,1003.59
POI011285,PO11285,P0001,235,4.13,970.55
POI011286,PO11286,P0001,259,4.44,1149.96
POI011287,PO11287,P0001,228,4.44,1012.32
POI011288,PO11288,P0001,250,4.13,1032.5
POI011289,PO11289,P0001,241,4.44,1070.04
POI011290,PO11290,P0001,230,4.13,949.9
POI011291,PO11291,P0001,246,4.13,1015.98
POI011292,PO11292,P0001,239,4.13,987.07
POI011293,PO11293,P0001,245,4.44,1087.8
POI011294,PO11294,P0001,251,4.44,1114.44
POI011295,PO11295,P0001,256,4.44,1136.64
POI011296,PO11296,P0001,238,4.44,1056.72
POI011297,PO11297,P0001,227,4.44,1007.88
POI011298,PO11298,P0001,225,4.13,929.25
POI011299,PO11299,P0001,233,4.13,962.29
POI011300,PO11300,P0001,227,4.13,937.51
POI011301,PO11301,P0001,243,4.44,1078.92
POI011302,PO11302,P0001,233,4.13,962.29
POI011303,PO11303,P0001,247,4.44,1096.68
POI011304,PO11304,P0001,237,4.44,1052.28
POI011305,PO11305,P0001,238,4.44,1056.72
POI011306,PO11306,P0001,226,4.13,933.38
POI011307,PO11307,P0001,244,4.13,1007.72
POI011308,PO11308,P0001,238,4.13,982.94
POI011309,PO11309,P0001,235,4.13,970.55
POI011310,PO11310,P0001,237,4.13,978.81
POI011311,PO11311,P0001,246,4.44,1092.24
POI011312,PO11312,P0001,239,4.13,987.07
POI011313,PO11313,P0001,242,4.13,999.46
POI011314,PO11314,P0001,238,4.13,982.94
POI011315,PO11315,P0001,231,4.44,1025.64
POI011316,PO11316,P0001,227,4.13,937.51
POI011317,PO11317,P0001,245,4.13,1011.85
POI011318,PO11318,P0001,245,4.44,1087.8
POI011319,PO11319,P0001,249,4.44,1105.56
POI011320,PO11320,P0002,267,12.85,3430.95
POI011321,PO11321,P0002,264,12.85,3392.4
POI011322,PO11322,P0002,268,12.85,3443.8
POI011323,PO11323,P0002,270,11.4,3078.0
POI011324,PO11324,P0002,264,11.4,3009.6
POI011325,PO11325,P0002,272,11.4,3100.8
POI011326,PO11326,P0002,265,11.47,3039.55
POI011327,PO11327,P0002,267,11.4,3043.8
POI011328,PO11328,P0002,268,12.85,3443.8
POI011329,PO11329,P0002,270,11.4,3078.0
POI011330,PO11330,P0002,264,11.47,3028.08
POI011331,PO11331,P0002,265,11.47,3039.55
POI011332,PO11332,P0002,268,11.47,3073.96
POI011333,PO11333,P0003,244,6.69,1632.36
POI011334,PO11334,P0003,244,6.69,1632.36
POI011335,PO11335,P0003,243,7.56,1837.08
POI011336,PO11336,P0003,244,7.56,1844.64
POI011337,PO11337,P0003,238,6.69,1592.22
POI011338,PO11338,P0003,239,8.16,1950.24
POI011339,PO11339,P0003,235,8.16,1917.6
POI011340,PO11340,P0003,235,6.69,1572.15
POI011341,PO11341,P0003,244,8.16,1991.04
POI011342,PO11342,P0003,244,6.69,1632.36
POI011343,PO11343,P0003,240,8.16,1958.4
POI011344,PO11344,P0003,244,7.56,1844.64
POI011345,PO11345,P0003,238,8.16,1942.08
POI011346,PO11346,P0003,240,6.69,1605.6
POI011347,PO11347,P0003,244,7.56,1844.64
POI011348,PO11348,P0003,234,7.56,1769.04
POI011349,PO11349,P0003,244,6.69,1632.36
POI011350,PO11350,P0003,238,8.16,1942.08
POI011351,PO11351,P0003,238,7.56,1799.28
POI011352,PO11352,P0003,238,6.69,1592.22
POI011353,PO11353,P0004,160,18.63,2980.8
POI011354,PO11354,P0004,164,18.63,3055.32
POI011355,PO11355,P0004,162,18.63,3018.06
POI011356,PO11356,P0004,162,18.63,3018.06
POI011357,PO11357,P0004,167,18.63,3111.21
POI011358,PO11358,P0004,162,18.63,3018.06
POI011359,PO11359,P0004,162,18.63,3018.06
POI011360,PO11360,P0004,164,18.63,3055.32
POI011361,PO11361,P0004,170,18.63,3167.1
POI011362,PO11362,P0004,173,18.63,3222.99
POI011363,PO11363,P0004,166,18.63,3092.58
POI011364,PO11364,P0004,163,18.63,3036.69
POI011365,PO11365,P0004,167,18.63,3111.21
POI011366,PO11366,P0004,176,18.63,3278.88
POI011367,PO11367,P0004,161,18.63,2999.43
POI011368,PO11368,P0004,160,18.63,2980.8
POI011369,PO11369,P0004,170,18.63,3167.1
POI011370,PO11370,P0004,161,18.63,2999.43
POI011371,PO11371,P0004,162,18.63,3018.06
POI011372,PO11372,P0004,168,18.63,3129.84
POI011373,PO11373,P0004,160,18.63,2980.8
POI011374,PO11374,P0004,163,18.63,3036.69
POI011375,PO11375,P0004,162,18.63,3018.06
POI011376,PO11376,P0004,163,18.63,3036.69
POI011377,PO11377,P0004,166,18.63,3092.58
POI011378,PO11378,P0004,165,18.63,3073.95
POI011379,PO11379,P0005,481,1.84,885.04
POI011380,PO11380,P0005,481,1.84,885.04
POI011381,PO11381,P0005,478,1.48,707.44
POI011382,PO11382,P0005,477,1.84,877.68
POI011383,PO11383,P0005,476,1.48,704.48
POI011384,PO11384,P0006,140,22.74,3183.6
POI011385,PO11385,P0006,145,22.74,3297.3
POI011386,PO11386,P0006,141,22.74,3206.34
POI011387,PO11387,P0006,144,22.74,3274.56
POI011388,PO11388,P0006,140,22.74,3183.6
POI011389,PO11389,P0006,149,22.74,3388.26
POI011390,PO11390,P0006,148,21.28,3149.44
POI011391,PO11391,P0006,141,21.28,3000.48
POI011392,PO11392,P0006,143,22.74,3251.82
POI011393,PO11393,P0006,146,22.74,3320.04
POI011394,PO11394,P0006,147,21.28,3128.16
POI011395,PO11395,P0006,145,22.74,3297.3
POI011396,PO11396,P0006,151,22.74,3433.74
POI011397,PO11397,P0006,141,22.74,3206.34
POI011398,PO11398,P0006,151,22.74,3433.74
POI011399,PO11399,P0006,141,22.74,3206.34
POI011400,PO11400,P0006,142,21.28,3021.76
POI011401,PO11401,P0006,141,22.74,3206.34
POI011402,PO11402,P0006,148,22.74,3365.52
POI011403,PO11403,P0006,141,21.28,3000.48
POI011404,PO11404,P0006,146,21.28,3106.88
POI011405,PO11405,P0006,139,21.28,2957.92
POI011406,PO11406,P0007,195,12.8,2496.0
POI011407,PO11407,P0007,193,12.8,2470.4
POI011408,PO11408,P0007,175,12.8,2240.0
POI011409,PO11409,P0007,187,12.8,2393.6
POI011410,PO11410,P0007,196,12.8,2508.8
POI011411,PO11411,P0007,173,12.8,2214.4
POI011412,PO11412,P0007,186,12.8,2380.8
POI011413,PO11413,P0007,203,12.8,2598.4
POI011414,PO11414,P0007,199,12.8,2547.2
POI011415,PO11415,P0007,197,12.8,2521.6
POI011416,PO11416,P0007,193,12.8,2470.4
POI011417,PO11417,P0007,176,12.8,2252.8
POI011418,PO11418,P0007,184,12.8,2355.2
POI011419,PO11419,P0007,181,12.8,2316.8
POI011420,PO11420,P0007,186,12.8,2380.8
POI011421,PO11421,P0007,173,12.8,2214.4
POI011422,PO11422,P0007,180,12.8,2304.0
POI011423,PO11423,P0007,176,12.8,2252.8
POI011424,PO11424,P0007,182,12.8,2329.6
POI011425,PO11425,P0007,170,12.8,2176.0
POI011426,PO11426,P0007,190,12.8,2432.0
POI011427,PO11427,P0007,169,12.8,2163.2
POI011428,PO11428,P0007,183,12.8,2342.4
POI011429,PO11429,P0007,190,12.8,2432.0
POI011430,PO11430,P0007,184,12.8,2355.2
POI011431,PO11431,P0007,172,12.8,2201.6
POI011432,PO11432,P0007,195,12.8,2496.0
POI011433,PO11433,P0007,176,12.8,2252.8
POI011434,PO11434,P0007,181,12.8,2316.8
POI011435,PO11435,P0007,175,12.8,2240.0
POI011436,PO11436,P0007,177,12.8,2265.6
POI011437,PO11437,P0007,183,12.8,2342.4
POI011438,PO11438,P0007,186,12.8,2380.8
POI011439,PO11439,P0007,192,12.8,2457.6
POI011440,PO11440,P0007,176,12.8,2252.8
POI011441,PO11441,P0007,185,12.8,2368.0
POI011442,PO11442,P0007,179,12.8,2291.2
POI011443,PO11443,P0007,190,12.8,2432.0
POI011444,PO11444,P0007,180,12.8,2304.0
POI011445,PO11445,P0007,178,12.8,2278.4
POI011446,PO11446,P0007,186,12.8,2380.8
POI011447,PO11447,P0007,168,12.8,2150.4
POI011448,PO11448,P0007,181,12.8,2316.8
POI011449,PO11449,P0007,169,12.8,2163.2
POI011450,PO11450,P0007,187,12.8,2393.6
POI011451,PO11451,P0007,180,12.8,2304.0
POI011452,PO11452,P0007,175,12.8,2240.0
POI011453,PO11453,P0007,181,12.8,2316.8
POI011454,PO11454,P0007,168,12.8,2150.4
POI011455,PO11455,P0008,384,7.15,2745.6
POI011456,PO11456,P0008,384,7.15,2745.6
POI011457,PO11457,P0008,380,7.15,2717.0
POI011458,PO11458,P0008,372,7.15,2659.8
POI011459,PO11459,P0008,367,7.15,2624.05
POI011460,PO11460,P0008,376,7.15,2688.4
POI011461,PO11461,P0008,385,7.15,2752.75
POI011462,PO11462,P0008,370,7.15,2645.5
POI011463,PO11463,P0008,375,7.15,2681.25
POI011464,PO11464,P0008,382,7.15,2731.3
POI011465,PO11465,P0008,378,7.15,2702.7
POI011466,PO11466,P0008,367,7.15,2624.05
POI011467,PO11467,P0008,367,7.15,2624.05
POI011468,PO11468,P0008,376,7.15,2688.4
POI011469,PO11469,P0008,385,7.15,2752.75
POI011470,PO11470,P0008,369,7.15,2638.35
POI011471,PO11471,P0008,385,7.15,2752.75
POI011472,PO11472,P0008,383,7.15,2738.45
POI011473,PO11473,P0008,367,7.15,2624.05
POI011474,PO11474,P0008,382,7.15,2731.3
POI011475,PO11475,P0008,385,7.15,2752.75
POI011476,PO11476,P0008,385,7.15,2752.75
POI011477,PO11477,P0008,369,7.15,2638.35
POI011478,PO11478,P0008,379,7.15,2709.85
POI011479,PO11479,P0008,382,7.15,2731.3
POI011480,PO11480,P0008,385,7.15,2752.75
POI011481,PO11481,P0008,385,7.15,2752.75
POI011482,PO11482,P0009,229,3.35,767.15
POI011483,PO11483,P0009,243,3.35,814.05
POI011484,PO11484,P0009,232,3.35,777.2
POI011485,PO11485,P0009,236,3.35,790.6
POI011486,PO11486,P0009,247,3.35,827.45
POI011487,PO11487,P0009,242,3.35,810.7
POI011488,PO11488,P0009,248,3.35,830.8
POI011489,PO11489,P0009,235,3.35,787.25
POI011490,PO11490,P0009,245,3.35,820.75
POI011491,PO11491,P0009,236,3.35,790.6
POI011492,PO11492,P0009,232,3.35,777.2
POI011493,PO11493,P0009,231,3.35,773.85
POI011494,PO11494,P0009,247,3.35,827.45
POI011495,PO11495,P0009,252,3.35,844.2
POI011496,PO11496,P0009,245,3.35,820.75
POI011497,PO11497,P0009,241,3.35,807.35
POI011498,PO11498,P0009,232,3.35,777.2
POI011499,PO11499,P0009,239,3.35,800.65
POI011500,PO11500,P0009,230,3.35,770.5
POI011501,PO11501,P0009,232,3.35,777.2
POI011502,PO11502,P0009,232,3.35,777.2
POI011503,PO11503,P0009,238,3.35,797.3
POI011504,PO11504,P0009,239,3.35,800.65
POI011505,PO11505,P0009,234,3.35,783.9
POI011506,PO11506,P0009,229,3.35,767.15
POI011507,PO11507,P0009,239,3.35,800.65
POI011508,PO11508,P0009,243,3.35,814.05
POI011509,PO11509,P0009,228,3.35,763.8
POI011510,PO11510,P0009,247,3.35,827.45
POI011511,PO11511,P0009,234,3.35,783.9
POI011512,PO11512,P0009,244,3.35,817.4
POI011513,PO11513,P0009,231,3.35,773.85
POI011514,PO11514,P0009,242,3.35,810.7
POI011515,PO11515,P0009,245,3.35,820.75
POI011516,PO11516,P0009,233,3.35,780.55
POI011517,PO11517,P0009,236,3.35,790.6
POI011518,PO11518,P0009,245,3.35,820.75
POI011519,PO11519,P0010,87,11.7,1017.9
POI011520,PO11520,P0010,86,11.7,1006.2
POI011521,PO11521,P0010,90,11.7,1053.0
POI011522,PO11522,P0010,90,11.7,1053.0
POI011523,PO11523,P0010,86,11.7,1006.2
POI011524,PO11524,P0010,90,11.7,1053.0
POI011525,PO11525,P0010,87,11.7,1017.9
POI011526,PO11526,P0010,90,11.7,1053.0
POI011527,PO11527,P0010,86,11.7,1006.2
POI011528,PO11528,P0010,91,11.7,1064.7
POI011529,PO11529,P0010,93,11.7,1088.1
POI011530,PO11530,P0010,87,11.7,1017.9
POI011531,PO11531,P0010,89,11.7,1041.3
POI011532,PO11532,P0010,88,11.7,1029.6
POI011533,PO11533,P0010,91,11.7,1064.7
POI011534,PO11534,P0010,87,11.7,1017.9
POI011535,PO11535,P0010,88,11.7,1029.6
POI011536,PO11536,P0010,90,11.7,1053.0
POI011537,PO11537,P0010,93,11.7,1088.1
POI011538,PO11538,P0010,90,11.7,1053.0
POI011539,PO11539,P0010,87,11.7,1017.9
POI011540,PO11540,P0011,390,16.36,6380.4
POI011541,PO11541,P0011,393,13.84,5439.12
POI011542,PO11542,P0011,373,16.36,6102.28
POI011543,PO11543,P0011,378,13.84,5231.52
POI011544,PO11544,P0011,372,16.36,6085.92
POI011545,PO11545,P0011,386,13.84,5342.24
POI011546,PO11546,P0011,391,16.95,6627.45
POI011547,PO11547,P0011,379,13.84,5245.36
POI011548,PO11548,P0011,385,13.84,5328.4
POI011549,PO11549,P0011,379,16.95,6424.05
POI011550,PO11550,P0011,376,16.36,6151.36
POI011551,PO11551,P0011,378,16.36,6184.08
POI011552,PO11552,P0011,381,16.95,6457.95
POI011553,PO11553,P0011,382,13.84,5286.88
POI011554,PO11554,P0011,390,16.36,6380.4
POI011555,PO11555,P0011,388,16.95,6576.6
POI011556,PO11556,P0011,371,16.36,6069.56
POI011557,PO11557,P0011,379,16.36,6200.44
POI011558,PO11558,P0011,391,13.84,5411.44
POI011559,PO11559,P0011,376,13.84,5203.84
POI011560,PO11560,P0011,379,16.36,6200.44
POI011561,PO11561,P0011,399,16.95,6763.05
POI011562,PO11562,P0011,378,13.84,5231.52
POI011563,PO11563,P0011,383,16.36,6265.88
POI011564,PO11564,P0011,379,16.95,6424.05
POI011565,PO11565,P0011,405,13.84,5605.2
POI011566,PO11566,P0011,386,13.84,5342.24
POI011567,PO11567,P0012,410,8.84,3624.4
POI011568,PO11568,P0012,412,8.84,3642.08
POI011569,PO11569,P0012,406,8.84,3589.04
POI011570,PO11570,P0012,405,8.84,3580.2
POI011571,PO11571,P0012,406,8.84,3589.04
POI011572,PO11572,P0012,420,8.84,3712.8
POI011573,PO11573,P0012,410,8.84,3624.4
POI011574,PO11574,P0012,413,8.84,3650.92
POI011575,PO11575,P0012,406,8.84,3589.04
POI011576,PO11576,P0012,414,8.84,3659.76
POI011577,PO11577,P0012,403,8.84,3562.52
POI011578,PO11578,P0012,404,8.84,3571.36
POI011579,PO11579,P0012,415,8.84,3668.6
POI011580,PO11580,P0013,414,13.76,5696.64
POI011581,PO11581,P0013,413,13.76,5682.88
POI011582,PO11582,P0013,415,13.76,5710.4
POI011583,PO11583,P0013,419,13.76,5765.44
POI011584,PO11584,P0013,413,13.76,5682.88
POI011585,PO11585,P0013,411,13.76,5655.36
POI011586,PO11586,P0014,173,3.33,576.09
POI011587,PO11587,P0014,171,2.82,482.22
POI011588,PO11588,P0014,173,2.82,487.86
POI011589,PO11589,P0014,166,3.33,552.78
POI011590,PO11590,P0014,172,3.33,572.76
POI011591,PO11591,P0014,168,2.82,473.76
POI011592,PO11592,P0014,168,2.82,473.76
POI011593,PO11593,P0014,165,2.82,465.3
POI011594,PO11594,P0014,173,3.33,576.09
POI011595,PO11595,P0014,169,3.33,562.77
POI011596,PO11596,P0014,173,2.82,487.86
POI011597,PO11597,P0014,172,3.33,572.76
POI011598,PO11598,P0014,169,3.33,562.77
POI011599,PO11599,P0014,173,2.82,487.86
POI011600,PO11600,P0014,172,2.82,485.04
POI011601,PO11601,P0014,173,3.33,576.09
POI011602,PO11602,P0014,165,2.82,465.3
POI011603,PO11603,P0014,170,2.82,479.4
POI011604,PO11604,P0014,173,3.33,576.09
POI011605,PO11605,P0014,167,3.33,556.11
POI011606,PO11606,P0014,165,2.82,465.3
POI011607,PO11607,P0014,171,3.33,569.43
POI011608,PO11608,P0014,166,3.33,552.78
POI011609,PO11609,P0014,173,3.33,576.09
POI011610,PO11610,P0014,168,3.33,559.44
POI011611,PO11611,P0015,301,21.5,6471.5
POI011612,PO11612,P0015,317,21.3,6752.1
POI011613,PO11613,P0015,307,21.3,6539.1
POI011614,PO11614,P0015,318,21.3,6773.4
POI011615,PO11615,P0015,304,21.5,6536.0
POI011616,PO11616,P0015,316,21.3,6730.8
POI011617,PO11617,P0015,312,21.5,6708.0
POI011618,PO11618,P0015,303,21.5,6514.5
POI011619,PO11619,P0015,320,21.3,6816.0
POI011620,PO11620,P0015,305,21.5,6557.5
POI011621,PO11621,P0015,303,21.5,6514.5
POI011622,PO11622,P0015,305,21.3,6496.5
POI011623,PO11623,P0015,311,21.5,6686.5
POI011624,PO11624,P0015,309,21.5,6643.5
POI011625,PO11625,P0015,305,21.3,6496.5
POI011626,PO11626,P0015,306,21.5,6579.0
POI011627,PO11627,P0015,300,21.5,6450.0
POI011628,PO11628,P0016,284,4.86,1380.24
POI011629,PO11629,P0016,282,4.86,1370.52
POI011630,PO11630,P0016,302,5.12,1546.24
POI011631,PO11631,P0016,284,4.86,1380.24
POI011632,PO11632,P0016,290,4.86,1409.4
POI011633,PO11633,P0016,288,4.86,1399.68
POI011634,PO11634,P0016,292,4.86,1419.12
POI011635,PO11635,P0016,306,4.86,1487.16
POI011636,PO11636,P0016,301,5.12,1541.12
POI011637,PO11637,P0016,298,5.12,1525.76
POI011638,PO11638,P0016,304,4.86,1477.44
POI011639,PO11639,P0016,282,5.12,1443.84
POI011640,PO11640,P0016,294,4.86,1428.84
POI011641,PO11641,P0016,303,4.86,1472.58
POI011642,PO11642,P0016,295,5.12,1510.4
POI011643,PO11643,P0016,289,5.12,1479.68
POI011644,PO11644,P0016,295,5.12,1510.4
POI011645,PO11645,P0016,296,5.12,1515.52
POI011646,PO11646,P0016,282,4.86,1370.52
POI011647,PO11647,P0016,294,4.86,1428.84
POI011648,PO11648,P0016,281,4.86,1365.66
POI011649,PO11649,P0016,285,4.86,1385.1
POI011650,PO11650,P0016,289,5.12,1479.68
POI011651,PO11651,P0016,284,5.12,1454.08
POI011652,PO11652,P0017,86,8.6,739.6
POI011653,PO11653,P0017,81,8.6,696.6
POI011654,PO11654,P0017,86,8.6,739.6
POI011655,PO11655,P0017,86,8.6,739.6
POI011656,PO11656,P0017,86,8.6,739.6
POI011657,PO11657,P0017,86,8.6,739.6
POI011658,PO11658,P0017,86,8.6,739.6
POI011659,PO11659,P0017,86,8.6,739.6
POI011660,PO11660,P0017,86,8.6,739.6
POI011661,PO11661,P0017,86,8.6,739.6
POI011662,PO11662,P0017,86,8.6,739.6
POI011663,PO11663,P0017,85,8.6,731.0
POI011664,PO11664,P0017,84,8.6,722.4
POI011665,PO11665,P0017,86,8.6,739.6
POI011666,PO11666,P0017,85,8.6,731.0
POI011667,PO11667,P0017,86,8.6,739.6
POI011668,PO11668,P0017,86,8.6,739.6
POI011669,PO11669,P0017,86,8.6,739.6
POI011670,PO11670,P0017,86,8.6,739.6
POI011671,PO11671,P0017,86,8.6,739.6
POI011672,PO11672,P0017,86,8.6,739.6
POI011673,PO11673,P0017,86,8.6,739.6
POI011674,PO11674,P0017,86,8.6,739.6
POI011675,PO11675,P0017,86,8.6,739.6
POI011676,PO11676,P0017,86,8.6,739.6
POI011677,PO11677,P0017,86,8.6,739.6
POI011678,PO11678,P0017,86,8.6,739.6
POI011679,PO11679,P0017,84,8.6,722.4
POI011680,PO11680,P0017,86,8.6,739.6
POI011681,PO11681,P0017,83,8.6,713.8
POI011682,PO11682,P0017,86,8.6,739.6
POI011683,PO11683,P0017,86,8.6,739.6
POI011684,PO11684,P0017,86,8.6,739.6
POI011685,PO11685,P0017,86,8.6,739.6
POI011686,PO11686,P0017,84,8.6,722.4
POI011687,PO11687,P0017,86,8.6,739.6
POI011688,PO11688,P0017,86,8.6,739.6
POI011689,PO11689,P0017,83,8.6,713.8
POI011690,PO11690,P0017,85,8.6,731.0
POI011691,PO11691,P0017,86,8.6,739.6
POI011692,PO11692,P0017,86,8.6,739.6
POI011693,PO11693,P0017,86,8.6,739.6
POI011694,PO11694,P0017,82,8.6,705.2
POI011695,PO11695,P0017,86,8.6,739.6
POI011696,PO11696,P0017,86,8.6,739.6
POI011697,PO11697,P0017,86,8.6,739.6
POI011698,PO11698,P0017,86,8.6,739.6
POI011699,PO11699,P0017,86,8.6,739.6
POI011700,PO11700,P0017,86,8.6,739.6
POI011701,PO11701,P0017,86,8.6,739.6
POI011702,PO11702,P0017,86,8.6,739.6
POI011703,PO11703,P0017,81,8.6,696.6
POI011704,PO11704,P0017,86,8.6,739.6
POI011705,PO11705,P0017,86,8.6,739.6
POI011706,PO11706,P0017,83,8.6,713.8
POI011707,PO11707,P0017,86,8.6,739.6
POI011708,PO11708,P0017,84,8.6,722.4
POI011709,PO11709,P0017,85,8.6,731.0
POI011710,PO11710,P0017,86,8.6,739.6
POI011711,PO11711,P0017,86,8.6,739.6
POI011712,PO11712,P0017,86,8.6,739.6
POI011713,PO11713,P0017,84,8.6,722.4
POI011714,PO11714,P0017,82,8.6,705.2
POI011715,PO11715,P0017,84,8.6,722.4
POI011716,PO11716,P0017,86,8.6,739.6
POI011717,PO11717,P0017,86,8.6,739.6
POI011718,PO11718,P0017,86,8.6,739.6
POI011719,PO11719,P0017,86,8.6,739.6
POI011720,PO11720,P0017,86,8.6,739.6
POI011721,PO11721,P0017,86,8.6,739.6
POI011722,PO11722,P0017,82,8.6,705.2
POI011723,PO11723,P0017,86,8.6,739.6
POI011724,PO11724,P0017,86,8.6,739.6
POI011725,PO11725,P0017,86,8.6,739.6
POI011726,PO11726,P0017,86,8.6,739.6
POI011727,PO11727,P0017,86,8.6,739.6
POI011728,PO11728,P0017,86,8.6,739.6
POI011729,PO11729,P0017,86,8.6,739.6
POI011730,PO11730,P0017,86,8.6,739.6
POI011731,PO11731,P0017,86,8.6,739.6
POI011732,PO11732,P0017,86,8.6,739.6
POI011733,PO11733,P0017,86,8.6,739.6
POI011734,PO11734,P0017,86,8.6,739.6
POI011735,PO11735,P0017,84,8.6,722.4
POI011736,PO11736,P0017,83,8.6,713.8
POI011737,PO11737,P0017,86,8.6,739.6
POI011738,PO11738,P0017,86,8.6,739.6
POI011739,PO11739,P0017,86,8.6,739.6
POI011740,PO11740,P0017,86,8.6,739.6
POI011741,PO11741,P0017,86,8.6,739.6
POI011742,PO11742,P0017,86,8.6,739.6
POI011743,PO11743,P0017,86,8.6,739.6
POI011744,PO11744,P0017,86,8.6,739.6
POI011745,PO11745,P0018,308,2.54,782.32
POI011746,PO11746,P0018,312,2.54,792.48
POI011747,PO11747,P0018,314,2.35,737.9
POI011748,PO11748,P0018,312,2.54,792.48
POI011749,PO11749,P0018,315,2.54,800.1
POI011750,PO11750,P0018,312,2.54,792.48
POI011751,PO11751,P0018,315,2.35,740.25
POI011752,PO11752,P0018,318,2.35,747.3
POI011753,PO11753,P0018,309,2.31,713.79
POI011754,PO11754,P0018,309,2.54,784.86
POI011755,PO11755,P0018,316,2.31,729.96
POI011756,PO11756,P0018,314,2.54,797.56
POI011757,PO11757,P0018,312,2.31,720.72
POI011758,PO11758,P0019,261,21.23,5541.03
POI011759,PO11759,P0019,241,21.23,5116.43
POI011760,PO11760,P0019,255,21.23,5413.65
POI011761,PO11761,P0019,256,21.23,5434.88
POI011762,PO11762,P0019,240,21.23,5095.2
POI011763,PO11763,P0019,262,21.23,5562.26
POI011764,PO11764,P0019,266,21.23,5647.18
POI011765,PO11765,P0019,249,21.23,5286.27
POI011766,PO11766,P0019,266,21.23,5647.18
POI011767,PO11767,P0019,241,21.23,5116.43
POI011768,PO11768,P0019,247,21.23,5243.81
POI011769,PO11769,P0019,266,21.23,5647.18
POI011770,PO11770,P0019,266,21.23,5647.18
POI011771,PO11771,P0019,266,21.23,5647.18
POI011772,PO11772,P0019,262,21.23,5562.26
POI011773,PO11773,P0019,266,21.23,5647.18
POI011774,PO11774,P0019,266,21.23,5647.18
POI011775,PO11775,P0019,261,21.23,5541.03
POI011776,PO11776,P0019,241,21.23,5116.43
POI011777,PO11777,P0019,241,21.23,5116.43
POI011778,PO11778,P0019,251,21.23,5328.73
POI011779,PO11779,P0019,266,21.23,5647.18
POI011780,PO11780,P0019,266,21.23,5647.18
POI011781,PO11781,P0019,248,21.23,5265.04
POI011782,PO11782,P0019,266,21.23,5647.18
POI011783,PO11783,P0019,250,21.23,5307.5
POI011784,PO11784,P0019,265,21.23,5625.95
POI011785,PO11785,P0019,245,21.23,5201.35
POI011786,PO11786,P0019,259,21.23,5498.57
POI011787,PO11787,P0019,261,21.23,5541.03
POI011788,PO11788,P0019,266,21.23,5647.18
POI011789,PO11789,P0019,254,21.23,5392.42
POI011790,PO11790,P0019,257,21.23,5456.11
POI011791,PO11791,P0019,264,21.23,5604.72
POI011792,PO11792,P0019,256,21.23,5434.88
POI011793,PO11793,P0019,261,21.23,5541.03
POI011794,PO11794,P0019,246,21.23,5222.58
POI011795,PO11795,P0019,257,21.23,5456.11
POI011796,PO11796,P0019,259,21.23,5498.57
POI011797,PO11797,P0019,258,21.23,5477.34
POI011798,PO11798,P0019,266,21.23,5647.18
POI011799,PO11799,P0019,254,21.23,5392.42
POI011800,PO11800,P0019,243,21.23,5158.89
POI011801,PO11801,P0019,266,21.23,5647.18
POI011802,PO11802,P0019,265,21.23,5625.95
POI011803,PO11803,P0019,259,21.23,5498.57
POI011804,PO11804,P0019,246,21.23,5222.58
POI011805,PO11805,P0020,435,16.88,7342.8
POI011806,PO11806,P0020,435,16.88,7342.8
POI011807,PO11807,P0020,435,17.29,7521.15
POI011808,PO11808,P0020,434,16.88,7325.92
POI011809,PO11809,P0021,478,10.98,5248.44
POI011810,PO11810,P0021,488,11.15,5441.2
POI011811,PO11811,P0021,478,11.15,5329.7
POI011812,PO11812,P0021,488,11.15,5441.2
POI011813,PO11813,P0021,478,10.98,5248.44
POI011814,PO11814,P0021,479,10.98,5259.42
POI011815,PO11815,P0021,492,11.15,5485.8
POI011816,PO11816,P0021,484,11.15,5396.6
POI011817,PO11817,P0021,477,10.98,5237.46
POI011818,PO11818,P0021,487,11.15,5430.05
POI011819,PO11819,P0021,482,11.15,5374.3
POI011820,PO11820,P0021,493,10.98,5413.14
POI011821,PO11821,P0022,258,22.4,5779.2
POI011822,PO11822,P0022,258,24.63,6354.54
POI011823,PO11823,P0022,245,23.66,5796.7
POI011824,PO11824,P0022,258,24.63,6354.54
POI011825,PO11825,P0022,243,23.66,5749.38
POI011826,PO11826,P0022,258,24.63,6354.54
POI011827,PO11827,P0022,249,24.63,6132.87
POI011828,PO11828,P0022,256,22.4,5734.4
POI011829,PO11829,P0022,248,23.66,5867.68
POI011830,PO11830,P0022,249,22.4,5577.6
POI011831,PO11831,P0022,248,24.63,6108.24
POI011832,PO11832,P0022,250,24.63,6157.5
POI011833,PO11833,P0022,255,23.66,6033.3
POI011834,PO11834,P0022,250,24.63,6157.5
POI011835,PO11835,P0022,252,23.66,5962.32
POI011836,PO11836,P0022,251,24.63,6182.13
POI011837,PO11837,P0022,251,24.63,6182.13
POI011838,PO11838,P0022,256,22.4,5734.4
POI011839,PO11839,P0022,256,22.4,5734.4
POI011840,PO11840,P0022,258,23.66,6104.28
POI011841,PO11841,P0022,253,23.66,5985.98
POI011842,PO11842,P0022,252,22.4,5644.8
POI011843,PO11843,P0022,251,22.4,5622.4
POI011844,PO11844,P0022,246,24.63,6058.98
POI011845,PO11845,P0023,180,4.51,811.8
POI011846,PO11846,P0023,181,4.51,816.31
POI011847,PO11847,P0023,166,4.88,810.08
POI011848,PO11848,P0023,192,4.51,865.92
POI011849,PO11849,P0023,185,4.88,902.8
POI011850,PO11850,P0023,182,4.88,888.16
POI011851,PO11851,P0023,166,4.51,748.66
POI011852,PO11852,P0023,187,4.51,843.37
POI011853,PO11853,P0023,166,4.51,748.66
POI011854,PO11854,P0023,171,4.51,771.21
POI011855,PO11855,P0023,168,4.88,819.84
POI011856,PO11856,P0023,162,4.51,730.62
POI011857,PO11857,P0023,163,4.51,735.13
POI011858,PO11858,P0023,171,4.51,771.21
POI011859,PO11859,P0023,167,4.51,753.17
POI011860,PO11860,P0023,169,4.88,824.72
POI011861,PO11861,P0023,186,4.51,838.86
POI011862,PO11862,P0023,189,4.88,922.32
POI011863,PO11863,P0023,173,4.88,844.24
POI011864,PO11864,P0023,192,4.51,865.92
POI011865,PO11865,P0023,189,4.88,922.32
POI011866,PO11866,P0023,164,4.51,739.64
POI011867,PO11867,P0023,179,4.88,873.52
POI011868,PO11868,P0023,170,4.88,829.6
POI011869,PO11869,P0023,175,4.88,854.0
POI011870,PO11870,P0023,182,4.51,820.82
POI011871,PO11871,P0023,175,4.88,854.0
POI011872,PO11872,P0023,181,4.88,883.28
POI011873,PO11873,P0023,190,4.88,927.2
POI011874,PO11874,P0023,192,4.51,865.92
POI011875,PO11875,P0023,169,4.51,762.19
POI011876,PO11876,P0023,168,4.88,819.84
POI011877,PO11877,P0023,165,4.88,805.2
POI011878,PO11878,P0023,164,4.51,739.64
POI011879,PO11879,P0023,163,4.88,795.44
POI011880,PO11880,P0023,181,4.88,883.28
POI011881,PO11881,P0023,171,4.51,771.21
POI011882,PO11882,P0023,172,4.88,839.36
POI011883,PO11883,P0023,165,4.51,744.15
POI011884,PO11884,P0023,173,4.51,780.23
POI011885,PO11885,P0023,179,4.88,873.52
POI011886,PO11886,P0023,169,4.51,762.19
POI011887,PO11887,P0023,167,4.51,753.17
POI011888,PO11888,P0023,163,4.88,795.44
POI011889,PO11889,P0023,163,4.88,795.44
POI011890,PO11890,P0023,171,4.51,771.21
POI011891,PO11891,P0023,178,4.88,868.64
POI011892,PO11892,P0023,191,4.88,932.08
POI011893,PO11893,P0023,186,4.88,907.68
POI011894,PO11894,P0023,165,4.51,744.15
POI011895,PO11895,P0023,186,4.51,838.86
POI011896,PO11896,P0023,173,4.88,844.24
POI011897,PO11897,P0023,174,4.88,849.12
POI011898,PO11898,P0023,184,4.51,829.84
POI011899,PO11899,P0024,339,18.25,6186.75
POI011900,PO11900,P0024,346,20.73,7172.58
POI011901,PO11901,P0024,346,20.73,7172.58
POI011902,PO11902,P0024,345,20.73,7151.85
POI011903,PO11903,P0024,346,20.73,7172.58
POI011904,PO11904,P0024,343,18.25,6259.75
POI011905,PO11905,P0024,343,18.25,6259.75
POI011906,PO11906,P0024,338,20.73,7006.74
POI011907,PO11907,P0024,340,18.25,6205.0
POI011908,PO11908,P0024,342,18.25,6241.5
POI011909,PO11909,P0024,338,18.25,6168.5
POI011910,PO11910,P0024,341,20.73,7068.93
POI011911,PO11911,P0025,310,15.98,4953.8
POI011912,PO11912,P0025,310,15.98,4953.8
POI011913,PO11913,P0025,305,15.98,4873.9
POI011914,PO11914,P0025,310,15.98,4953.8
POI011915,PO11915,P0025,310,15.98,4953.8
POI011916,PO11916,P0025,310,15.98,4953.8
POI011917,PO11917,P0025,310,15.98,4953.8
POI011918,PO11918,P0025,310,15.98,4953.8
POI011919,PO11919,P0025,310,15.98,4953.8
POI011920,PO11920,P0025,310,15.98,4953.8
POI011921,PO11921,P0025,310,15.98,4953.8
POI011922,PO11922,P0025,310,15.98,4953.8
POI011923,PO11923,P0025,303,15.98,4841.94
POI011924,PO11924,P0025,306,15.98,4889.88
POI011925,PO11925,P0025,302,15.98,4825.96
POI011926,PO11926,P0025,310,15.98,4953.8
POI011927,PO11927,P0025,309,15.98,4937.82
POI011928,PO11928,P0025,307,15.98,4905.86
POI011929,PO11929,P0025,306,15.98,4889.88
POI011930,PO11930,P0025,303,15.98,4841.94
POI011931,PO11931,P0026,336,19.21,6454.56
POI011932,PO11932,P0026,335,19.21,6435.35
POI011933,PO11933,P0026,319,19.21,6127.99
POI011934,PO11934,P0026,321,23.77,7630.17
POI011935,PO11935,P0026,338,19.21,6492.98
POI011936,PO11936,P0026,318,19.21,6108.78
POI011937,PO11937,P0026,315,23.77,7487.55
POI011938,PO11938,P0026,334,23.77,7939.18
POI011939,PO11939,P0026,315,23.77,7487.55
POI011940,PO11940,P0026,327,23.77,7772.79
POI011941,PO11941,P0026,343,19.21,6589.03
POI011942,PO11942,P0026,313,23.77,7440.01
POI011943,PO11943,P0026,325,23.77,7725.25
POI011944,PO11944,P0026,332,19.21,6377.72
POI011945,PO11945,P0026,314,23.77,7463.78
POI011946,PO11946,P0026,322,23.77,7653.94
POI011947,PO11947,P0026,321,19.21,6166.41
POI011948,PO11948,P0026,329,19.21,6320.09
POI011949,PO11949,P0026,314,23.77,7463.78
POI011950,PO11950,P0026,324,23.77,7701.48
POI011951,PO11951,P0026,328,19.21,6300.88
POI011952,PO11952,P0026,315,19.21,6051.15
POI011953,PO11953,P0026,316,19.21,6070.36
POI011954,PO11954,P0026,320,19.21,6147.2
POI011955,PO11955,P0026,325,19.21,6243.25
POI011956,PO11956,P0026,326,19.21,6262.46
POI011957,PO11957,P0026,328,19.21,6300.88
POI011958,PO11958,P0026,331,23.77,7867.87
POI011959,PO11959,P0026,327,23.77,7772.79
POI011960,PO11960,P0026,327,19.21,6281.67
POI011961,PO11961,P0027,372,14.62,5438.64
POI011962,PO11962,P0027,372,14.62,5438.64
POI011963,PO11963,P0027,371,14.38,5334.98
POI011964,PO11964,P0027,378,14.38,5435.64
POI011965,PO11965,P0027,377,14.62,5511.74
POI011966,PO11966,P0027,369,15.13,5582.97
POI011967,PO11967,P0027,380,14.38,5464.4
POI011968,PO11968,P0027,375,14.38,5392.5
POI011969,PO11969,P0028,284,16.64,4725.76
POI011970,PO11970,P0028,284,16.45,4671.8
POI011971,PO11971,P0028,279,16.45,4589.55
POI011972,PO11972,P0028,284,18.21,5171.64
POI011973,PO11973,P0028,279,16.45,4589.55
POI011974,PO11974,P0028,282,18.21,5135.22
POI011975,PO11975,P0029,125,24.29,3036.25
POI011976,PO11976,P0029,122,24.29,2963.38
POI011977,PO11977,P0029,113,24.29,2744.77
POI011978,PO11978,P0029,108,24.29,2623.32
POI011979,PO11979,P0029,123,24.29,2987.67
POI011980,PO11980,P0029,110,24.29,2671.9
POI011981,PO11981,P0029,121,24.29,2939.09
POI011982,PO11982,P0029,130,24.29,3157.7
POI011983,PO11983,P0029,130,24.29,3157.7
POI011984,PO11984,P0029,123,24.29,2987.67
POI011985,PO11985,P0029,107,24.29,2599.03
POI011986,PO11986,P0029,126,24.29,3060.54
POI011987,PO11987,P0029,116,24.29,2817.64
POI011988,PO11988,P0029,128,24.29,3109.12
POI011989,PO11989,P0029,110,24.29,2671.9
POI011990,PO11990,P0029,129,24.29,3133.41
POI011991,PO11991,P0029,110,24.29,2671.9
POI011992,PO11992,P0029,107,24.29,2599.03
POI011993,PO11993,P0029,130,24.29,3157.7
POI011994,PO11994,P0029,120,24.29,2914.8
POI011995,PO11995,P0029,110,24.29,2671.9
POI011996,PO11996,P0029,112,24.29,2720.48
POI011997,PO11997,P0029,130,24.29,3157.7
POI011998,PO11998,P0029,130,24.29,3157.7
POI011999,PO11999,P0029,108,24.29,2623.32
POI012000,PO12000,P0029,127,24.29,3084.83
POI012001,PO12001,P0029,130,24.29,3157.7
POI012002,PO12002,P0029,130,24.29,3157.7
POI012003,PO12003,P0029,123,24.29,2987.67
POI012004,PO12004,P0029,130,24.29,3157.7
POI012005,PO12005,P0029,124,24.29,3011.96
POI012006,PO12006,P0029,113,24.29,2744.77
POI012007,PO12007,P0029,130,24.29,3157.7
POI012008,PO12008,P0029,121,24.29,2939.09
POI012009,PO12009,P0029,129,24.29,3133.41
POI012010,PO12010,P0029,130,24.29,3157.7
POI012011,PO12011,P0029,130,24.29,3157.7
POI012012,PO12012,P0029,116,24.29,2817.64
POI012013,PO12013,P0029,120,24.29,2914.8
POI012014,PO12014,P0029,123,24.29,2987.67
POI012015,PO12015,P0029,121,24.29,2939.09
POI012016,PO12016,P0029,130,24.29,3157.7
POI012017,PO12017,P0029,119,24.29,2890.51
POI012018,PO12018,P0029,118,24.29,2866.22
POI012019,PO12019,P0029,130,24.29,3157.7
POI012020,PO12020,P0029,123,24.29,2987.67
POI012021,PO12021,P0029,130,24.29,3157.7
POI012022,PO12022,P0029,110,24.29,2671.9
POI012023,PO12023,P0029,121,24.29,2939.09
POI012024,PO12024,P0029,115,24.29,2793.35
POI012025,PO12025,P0029,130,24.29,3157.7
POI012026,PO12026,P0029,123,24.29,2987.67
POI012027,PO12027,P0029,121,24.29,2939.09
POI012028,PO12028,P0029,107,24.29,2599.03
POI012029,PO12029,P0029,130,24.29,3157.7
POI012030,PO12030,P0029,128,24.29,3109.12
POI012031,PO12031,P0029,130,24.29,3157.7
POI012032,PO12032,P0029,107,24.29,2599.03
POI012033,PO12033,P0029,108,24.29,2623.32
POI012034,PO12034,P0029,112,24.29,2720.48
POI012035,PO12035,P0029,130,24.29,3157.7
POI012036,PO12036,P0029,108,24.29,2623.32
POI012037,PO12037,P0029,108,24.29,2623.32
POI012038,PO12038,P0029,128,24.29,3109.12
POI012039,PO12039,P0029,130,24.29,3157.7
POI012040,PO12040,P0029,113,24.29,2744.77
POI012041,PO12041,P0029,115,24.29,2793.35
POI012042,PO12042,P0029,125,24.29,3036.25
POI012043,PO12043,P0029,122,24.29,2963.38
POI012044,PO12044,P0029,120,24.29,2914.8
POI012045,PO12045,P0029,130,24.29,3157.7
POI012046,PO12046,P0029,112,24.29,2720.48
POI012047,PO12047,P0029,113,24.29,2744.77
POI012048,PO12048,P0029,108,24.29,2623.32
POI012049,PO12049,P0029,130,24.29,3157.7
POI012050,PO12050,P0029,120,24.29,2914.8
POI012051,PO12051,P0029,130,24.29,3157.7
POI012052,PO12052,P0029,109,24.29,2647.61
POI012053,PO12053,P0029,108,24.29,2623.32
POI012054,PO12054,P0029,111,24.29,2696.19
POI012055,PO12055,P0029,112,24.29,2720.48
POI012056,PO12056,P0029,119,24.29,2890.51
POI012057,PO12057,P0029,130,24.29,3157.7
POI012058,PO12058,P0029,116,24.29,2817.64
POI012059,PO12059,P0030,185,18.9,3496.5
POI012060,PO12060,P0030,185,21.15,3912.75
POI012061,PO12061,P0030,185,18.9,3496.5
POI012062,PO12062,P0030,185,21.15,3912.75
POI012063,PO12063,P0030,180,18.9,3402.0
POI012064,PO12064,P0030,183,21.15,3870.45
POI012065,PO12065,P0030,185,21.15,3912.75
POI012066,PO12066,P0030,177,21.15,3743.55
POI012067,PO12067,P0030,185,21.15,3912.75
POI012068,PO12068,P0030,183,21.15,3870.45
POI012069,PO12069,P0030,185,18.9,3496.5
POI012070,PO12070,P0030,175,18.9,3307.5
POI012071,PO12071,P0030,178,21.15,3764.7
POI012072,PO12072,P0030,174,18.9,3288.6
POI012073,PO12073,P0030,185,21.15,3912.75
POI012074,PO12074,P0030,185,21.15,3912.75
POI012075,PO12075,P0030,183,21.15,3870.45
POI012076,PO12076,P0030,185,18.9,3496.5
POI012077,PO12077,P0030,184,18.9,3477.6
POI012078,PO12078,P0030,185,21.15,3912.75
POI012079,PO12079,P0030,182,18.9,3439.8
POI012080,PO12080,P0030,183,18.9,3458.7
POI012081,PO12081,P0030,185,21.15,3912.75
POI012082,PO12082,P0030,178,18.9,3364.2
POI012083,PO12083,P0030,185,18.9,3496.5
POI012084,PO12084,P0030,185,21.15,3912.75
POI012085,PO12085,P0030,185,21.15,3912.75
POI012086,PO12086,P0030,175,21.15,3701.25
POI012087,PO12087,P0030,185,21.15,3912.75
POI012088,PO12088,P0030,185,18.9,3496.5
POI012089,PO12089,P0030,176,21.15,3722.4
POI012090,PO12090,P0030,185,18.9,3496.5
POI012091,PO12091,P0030,185,21.15,3912.75
POI012092,PO12092,P0030,185,18.9,3496.5
POI012093,PO12093,P0030,178,21.15,3764.7
POI012094,PO12094,P0030,183,18.9,3458.7
POI012095,PO12095,P0030,180,18.9,3402.0
POI012096,PO12096,P0030,185,18.9,3496.5
POI012097,PO12097,P0030,185,18.9,3496.5
POI012098,PO12098,P0030,185,18.9,3496.5
POI012099,PO12099,P0030,182,21.15,3849.3
POI012100,PO12100,P0030,185,21.15,3912.75
POI012101,PO12101,P0030,185,18.9,3496.5
POI012102,PO12102,P0030,177,18.9,3345.3
POI012103,PO12103,P0030,185,21.15,3912.75
POI012104,PO12104,P0030,185,21.15,3912.75
POI012105,PO12105,P0030,180,21.15,3807.0
POI012106,PO12106,P0030,185,18.9,3496.5
POI012107,PO12107,P0030,185,18.9,3496.5
POI012108,PO12108,P0030,185,18.9,3496.5
POI012109,PO12109,P0030,172,18.9,3250.8
POI012110,PO12110,P0030,185,18.9,3496.5
POI012111,PO12111,P0030,185,18.9,3496.5
POI012112,PO12112,P0030,178,21.15,3764.7
POI012113,PO12113,P0030,185,18.9,3496.5
POI012114,PO12114,P0030,185,18.9,3496.5
POI012115,PO12115,P0030,185,21.15,3912.75
POI012116,PO12116,P0030,178,18.9,3364.2
POI012117,PO12117,P0030,177,21.15,3743.55
POI012118,PO12118,P0030,173,18.9,3269.7
POI012119,PO12119,P0030,184,18.9,3477.6
POI012120,PO12120,P0030,185,18.9,3496.5
POI012121,PO12121,P0030,185,21.15,3912.75
POI012122,PO12122,P0031,263,15.9,4181.7
POI012123,PO12123,P0031,263,16.15,4247.45
POI012124,PO12124,P0031,265,15.9,4213.5
POI012125,PO12125,P0031,269,15.9,4277.1
POI012126,PO12126,P0031,267,15.05,4018.35
POI012127,PO12127,P0031,263,16.15,4247.45
POI012128,PO12128,P0031,266,15.9,4229.4
POI012129,PO12129,P0031,263,15.9,4181.7
POI012130,PO12130,P0031,264,15.9,4197.6
POI012131,PO12131,P0031,263,15.9,4181.7
POI012132,PO12132,P0032,424,1.74,737.76
POI012133,PO12133,P0032,421,1.74,732.54
POI012134,PO12134,P0032,429,1.74,746.46
POI012135,PO12135,P0032,417,1.49,621.33
POI012136,PO12136,P0032,429,1.49,639.21
POI012137,PO12137,P0032,429,1.49,639.21
POI012138,PO12138,P0032,415,1.74,722.1
POI012139,PO12139,P0032,429,1.49,639.21
POI012140,PO12140,P0032,420,1.74,730.8
POI012141,PO12141,P0032,429,1.49,639.21
POI012142,PO12142,P0032,429,1.74,746.46
POI012143,PO12143,P0032,416,1.74,723.84
POI012144,PO12144,P0032,421,1.74,732.54
POI012145,PO12145,P0032,414,1.49,616.86
POI012146,PO12146,P0032,415,1.49,618.35
POI012147,PO12147,P0032,415,1.49,618.35
POI012148,PO12148,P0032,423,1.49,630.27
POI012149,PO12149,P0032,429,1.49,639.21
POI012150,PO12150,P0032,429,1.49,639.21
POI012151,PO12151,P0032,429,1.49,639.21
POI012152,PO12152,P0032,429,1.49,639.21
POI012153,PO12153,P0032,415,1.74,722.1
POI012154,PO12154,P0032,429,1.49,639.21
POI012155,PO12155,P0032,429,1.49,639.21
POI012156,PO12156,P0033,327,2.32,758.64
POI012157,PO12157,P0033,337,2.56,862.72
POI012158,PO12158,P0033,333,2.32,772.56
POI012159,PO12159,P0033,327,2.56,837.12
POI012160,PO12160,P0033,325,2.3,747.5
POI012161,PO12161,P0033,328,2.32,760.96
POI012162,PO12162,P0033,322,2.32,747.04
POI012163,PO12163,P0033,342,2.3,786.6
POI012164,PO12164,P0033,336,2.3,772.8
POI012165,PO12165,P0033,320,2.32,742.4
POI012166,PO12166,P0033,328,2.56,839.68
POI012167,PO12167,P0033,324,2.32,751.68
POI012168,PO12168,P0033,324,2.56,829.44
POI012169,PO12169,P0033,320,2.3,736.0
POI012170,PO12170,P0033,326,2.56,834.56
POI012171,PO12171,P0033,330,2.56,844.8
POI012172,PO12172,P0033,345,2.32,800.4
POI012173,PO12173,P0034,399,9.84,3926.16
POI012174,PO12174,P0034,399,9.84,3926.16
POI012175,PO12175,P0034,381,9.84,3749.04
POI012176,PO12176,P0034,399,9.84,3926.16
POI012177,PO12177,P0034,381,9.84,3749.04
POI012178,PO12178,P0034,392,9.84,3857.28
POI012179,PO12179,P0034,382,9.84,3758.88
POI012180,PO12180,P0034,389,9.84,3827.76
POI012181,PO12181,P0034,382,9.84,3758.88
POI012182,PO12182,P0034,399,9.84,3926.16
POI012183,PO12183,P0034,391,9.84,3847.44
POI012184,PO12184,P0034,398,9.84,3916.32
POI012185,PO12185,P0034,394,9.84,3876.96
POI012186,PO12186,P0034,389,9.84,3827.76
POI012187,PO12187,P0034,394,9.84,3876.96
POI012188,PO12188,P0034,393,9.84,3867.12
POI012189,PO12189,P0034,381,9.84,3749.04
POI012190,PO12190,P0034,392,9.84,3857.28
POI012191,PO12191,P0034,383,9.84,3768.72
POI012192,PO12192,P0034,392,9.84,3857.28
POI012193,PO12193,P0034,399,9.84,3926.16
POI012194,PO12194,P0035,489,21.41,10469.49
POI012195,PO12195,P0035,474,21.41,10148.34
POI012196,PO12196,P0035,484,22.89,11078.76
POI012197,PO12197,P0035,486,22.89,11124.54
POI012198,PO12198,P0035,492,22.89,11261.88
POI012199,PO12199,P0035,475,22.89,10872.75
POI012200,PO12200,P0035,476,21.41,10191.16
POI012201,PO12201,P0035,487,22.89,11147.43
POI012202,PO12202,P0035,479,21.41,10255.39
POI012203,PO12203,P0035,492,21.41,10533.72
POI012204,PO12204,P0035,478,22.89,10941.42
POI012205,PO12205,P0035,483,22.89,11055.87
POI012206,PO12206,P0035,473,21.41,10126.93
POI012207,PO12207,P0035,479,21.41,10255.39
POI012208,PO12208,P0035,488,22.89,11170.32
POI012209,PO12209,P0035,484,21.41,10362.44
POI012210,PO12210,P0035,491,21.41,10512.31
POI012211,PO12211,P0035,474,21.41,10148.34
POI012212,PO12212,P0036,120,16.13,1935.6
POI012213,PO12213,P0036,130,16.13,2096.9
POI012214,PO12214,P0036,128,16.13,2064.64
POI012215,PO12215,P0036,126,16.13,2032.38
POI012216,PO12216,P0036,121,16.13,1951.73
POI012217,PO12217,P0036,116,16.13,1871.08
POI012218,PO12218,P0036,123,16.13,1983.99
POI012219,PO12219,P0036,118,16.13,1903.34
POI012220,PO12220,P0036,119,16.13,1919.47
POI012221,PO12221,P0036,121,16.13,1951.73
POI012222,PO12222,P0036,130,16.13,2096.9
POI012223,PO12223,P0036,114,16.13,1838.82
POI012224,PO12224,P0036,124,16.13,2000.12
POI012225,PO12225,P0036,112,16.13,1806.56
POI012226,PO12226,P0036,131,16.13,2113.03
POI012227,PO12227,P0036,123,16.13,1983.99
POI012228,PO12228,P0036,113,16.13,1822.69
POI012229,PO12229,P0036,122,16.13,1967.86
POI012230,PO12230,P0036,111,16.13,1790.43
POI012231,PO12231,P0036,118,16.13,1903.34
POI012232,PO12232,P0036,131,16.13,2113.03
POI012233,PO12233,P0036,128,16.13,2064.64
POI012234,PO12234,P0036,115,16.13,1854.95
POI012235,PO12235,P0036,131,16.13,2113.03
POI012236,PO12236,P0036,111,16.13,1790.43
POI012237,PO12237,P0036,122,16.13,1967.86
POI012238,PO12238,P0036,129,16.13,2080.77
POI012239,PO12239,P0036,131,16.13,2113.03
POI012240,PO12240,P0036,115,16.13,1854.95
POI012241,PO12241,P0036,120,16.13,1935.6
POI012242,PO12242,P0036,125,16.13,2016.25
POI012243,PO12243,P0036,110,16.13,1774.3
POI012244,PO12244,P0036,110,16.13,1774.3
POI012245,PO12245,P0036,111,16.13,1790.43
POI012246,PO12246,P0036,124,16.13,2000.12
POI012247,PO12247,P0036,119,16.13,1919.47
POI012248,PO12248,P0036,124,16.13,2000.12
POI012249,PO12249,P0036,126,16.13,2032.38
POI012250,PO12250,P0036,116,16.13,1871.08
POI012251,PO12251,P0036,113,16.13,1822.69
POI012252,PO12252,P0036,116,16.13,1871.08
POI012253,PO12253,P0036,110,16.13,1774.3
POI012254,PO12254,P0036,121,16.13,1951.73
POI012255,PO12255,P0036,109,16.13,1758.17
POI012256,PO12256,P0036,124,16.13,2000.12
POI012257,PO12257,P0036,123,16.13,1983.99
POI012258,PO12258,P0036,113,16.13,1822.69
POI012259,PO12259,P0036,115,16.13,1854.95
POI012260,PO12260,P0036,119,16.13,1919.47
POI012261,PO12261,P0036,114,16.13,1838.82
POI012262,PO12262,P0036,125,16.13,2016.25
POI012263,PO12263,P0036,125,16.13,2016.25
POI012264,PO12264,P0036,118,16.13,1903.34
POI012265,PO12265,P0036,115,16.13,1854.95
POI012266,PO12266,P0036,120,16.13,1935.6
POI012267,PO12267,P0036,113,16.13,1822.69
POI012268,PO12268,P0036,129,16.13,2080.77
POI012269,PO12269,P0036,131,16.13,2113.03
POI012270,PO12270,P0036,114,16.13,1838.82
POI012271,PO12271,P0036,120,16.13,1935.6
POI012272,PO12272,P0036,119,16.13,1919.47
POI012273,PO12273,P0036,123,16.13,1983.99
POI012274,PO12274,P0036,109,16.13,1758.17
POI012275,PO12275,P0036,116,16.13,1871.08
POI012276,PO12276,P0037,153,5.08,777.24
POI012277,PO12277,P0037,155,5.73,888.15
POI012278,PO12278,P0037,153,4.71,720.63
POI012279,PO12279,P0037,147,4.71,692.37
POI012280,PO12280,P0037,152,5.08,772.16
POI012281,PO12281,P0037,153,4.71,720.63
POI012282,PO12282,P0037,146,5.08,741.68
POI012283,PO12283,P0037,145,4.71,682.95
POI012284,PO12284,P0037,157,4.71,739.47
POI012285,PO12285,P0037,154,4.71,725.34
POI012286,PO12286,P0037,150,5.08,762.0
POI012287,PO12287,P0037,157,5.08,797.56
POI012288,PO12288,P0037,157,5.08,797.56
POI012289,PO12289,P0037,148,5.73,848.04
POI012290,PO12290,P0037,149,5.73,853.77
POI012291,PO12291,P0037,158,4.71,744.18
POI012292,PO12292,P0037,153,5.08,777.24
POI012293,PO12293,P0037,148,4.71,697.08
POI012294,PO12294,P0037,156,4.71,734.76
POI012295,PO12295,P0037,157,5.73,899.61
POI012296,PO12296,P0037,146,5.73,836.58
POI012297,PO12297,P0037,149,5.73,853.77
POI012298,PO12298,P0037,146,4.71,687.66
POI012299,PO12299,P0037,151,4.71,711.21
POI012300,PO12300,P0037,146,4.71,687.66
POI012301,PO12301,P0037,150,5.73,859.5
POI012302,PO12302,P0037,155,4.71,730.05
POI012303,PO12303,P0037,158,4.71,744.18
POI012304,PO12304,P0038,284,6.91,1962.44
POI012305,PO12305,P0038,292,7.65,2233.8
POI012306,PO12306,P0038,278,7.65,2126.7
POI012307,PO12307,P0038,278,7.3,2029.4
POI012308,PO12308,P0038,265,7.3,1934.5
POI012309,PO12309,P0038,292,7.3,2131.6
POI012310,PO12310,P0038,286,6.91,1976.26
POI012311,PO12311,P0038,269,6.91,1858.79
POI012312,PO12312,P0038,289,7.65,2210.85
POI012313,PO12313,P0038,269,7.65,2057.85
POI012314,PO12314,P0038,267,7.65,2042.55
POI012315,PO12315,P0038,293,6.91,2024.63
POI012316,PO12316,P0038,277,6.91,1914.07
POI012317,PO12317,P0038,288,6.91,1990.08
POI012318,PO12318,P0038,266,6.91,1838.06
POI012319,PO12319,P0038,264,7.65,2019.6
POI012320,PO12320,P0038,280,6.91,1934.8
POI012321,PO12321,P0038,276,7.3,2014.8
POI012322,PO12322,P0038,288,7.65,2203.2
POI012323,PO12323,P0038,291,7.3,2124.3
POI012324,PO12324,P0038,289,6.91,1996.99
POI012325,PO12325,P0038,277,6.91,1914.07
POI012326,PO12326,P0038,266,7.65,2034.9
POI012327,PO12327,P0038,294,7.65,2249.1
POI012328,PO12328,P0038,280,7.3,2044.0
POI012329,PO12329,P0038,274,7.65,2096.1
POI012330,PO12330,P0038,277,6.91,1914.07
POI012331,PO12331,P0038,271,7.3,1978.3
POI012332,PO12332,P0038,278,6.91,1920.98
POI012333,PO12333,P0038,265,7.3,1934.5
POI012334,PO12334,P0038,275,7.65,2103.75
POI012335,PO12335,P0038,274,7.3,2000.2
POI012336,PO12336,P0038,273,7.3,1992.9
POI012337,PO12337,P0038,266,7.3,1941.8
POI012338,PO12338,P0038,281,7.3,2051.3
POI012339,PO12339,P0038,266,6.91,1838.06
POI012340,PO12340,P0039,101,3.6,363.6
POI012341,PO12341,P0039,98,3.71,363.58
POI012342,PO12342,P0039,99,3.6,356.4
POI012343,PO12343,P0039,100,3.6,360.0
POI012344,PO12344,P0039,101,3.6,363.6
POI012345,PO12345,P0039,101,3.6,363.6
POI012346,PO12346,P0039,99,3.71,367.29
POI012347,PO12347,P0039,103,3.71,382.13
POI012348,PO12348,P0039,98,3.6,352.8
POI012349,PO12349,P0039,102,3.71,378.42
POI012350,PO12350,P0039,99,3.71,367.29
POI012351,PO12351,P0039,99,3.6,356.4
POI012352,PO12352,P0039,103,3.6,370.8
POI012353,PO12353,P0039,100,3.71,371.0
POI012354,PO12354,P0039,99,3.71,367.29
POI012355,PO12355,P0039,100,3.71,371.0
POI012356,PO12356,P0039,99,3.71,367.29
POI012357,PO12357,P0040,56,13.88,777.28
POI012358,PO12358,P0040,58,13.88,805.04
POI012359,PO12359,P0040,60,13.88,832.8
POI012360,PO12360,P0040,52,13.88,721.76
POI012361,PO12361,P0040,51,13.88,707.88
POI012362,PO12362,P0040,58,13.88,805.04
POI012363,PO12363,P0040,52,13.88,721.76
POI012364,PO12364,P0040,53,13.88,735.64
POI012365,PO12365,P0040,54,13.88,749.52
POI012366,PO12366,P0040,54,13.88,749.52
POI012367,PO12367,P0040,57,13.88,791.16
POI012368,PO12368,P0040,57,13.88,791.16
POI012369,PO12369,P0040,51,13.88,707.88
POI012370,PO12370,P0040,60,13.88,832.8
POI012371,PO12371,P0040,51,13.88,707.88
POI012372,PO12372,P0040,58,13.88,805.04
POI012373,PO12373,P0040,53,13.88,735.64
POI012374,PO12374,P0040,63,13.88,874.44
POI012375,PO12375,P0040,52,13.88,721.76
POI012376,PO12376,P0040,51,13.88,707.88
POI012377,PO12377,P0040,53,13.88,735.64
POI012378,PO12378,P0040,51,13.88,707.88
POI012379,PO12379,P0040,57,13.88,791.16
POI012380,PO12380,P0040,53,13.88,735.64
POI012381,PO12381,P0040,59,13.88,818.92
POI012382,PO12382,P0040,53,13.88,735.64
POI012383,PO12383,P0040,55,13.88,763.4
POI012384,PO12384,P0040,51,13.88,707.88
POI012385,PO12385,P0040,59,13.88,818.92
POI012386,PO12386,P0040,55,13.88,763.4
POI012387,PO12387,P0040,60,13.88,832.8
POI012388,PO12388,P0040,53,13.88,735.64
POI012389,PO12389,P0040,53,13.88,735.64
POI012390,PO12390,P0040,54,13.88,749.52
POI012391,PO12391,P0040,51,13.88,707.88
POI012392,PO12392,P0040,54,13.88,749.52
POI012393,PO12393,P0040,57,13.88,791.16
POI012394,PO12394,P0040,54,13.88,749.52
POI012395,PO12395,P0040,51,13.88,707.88
POI012396,PO12396,P0041,266,17.39,4625.74
POI012397,PO12397,P0041,249,17.39,4330.11
POI012398,PO12398,P0041,245,17.39,4260.55
POI012399,PO12399,P0041,245,17.39,4260.55
POI012400,PO12400,P0041,242,17.39,4208.38
POI012401,PO12401,P0041,249,17.39,4330.11
POI012402,PO12402,P0041,246,17.39,4277.94
POI012403,PO12403,P0041,265,17.39,4608.35
POI012404,PO12404,P0041,242,17.39,4208.38
POI012405,PO12405,P0041,263,17.39,4573.57
POI012406,PO12406,P0041,266,17.39,4625.74
POI012407,PO12407,P0041,253,17.39,4399.67
POI012408,PO12408,P0041,249,17.39,4330.11
POI012409,PO12409,P0041,249,17.39,4330.11
POI012410,PO12410,P0041,270,17.39,4695.3
POI012411,PO12411,P0041,258,17.39,4486.62
POI012412,PO12412,P0041,261,17.39,4538.79
POI012413,PO12413,P0041,270,17.39,4695.3
POI012414,PO12414,P0041,259,17.39,4504.01
POI012415,PO12415,P0041,252,17.39,4382.28
POI012416,PO12416,P0041,247,17.39,4295.33
POI012417,PO12417,P0041,246,17.39,4277.94
POI012418,PO12418,P0041,261,17.39,4538.79
POI012419,PO12419,P0041,248,17.39,4312.72
POI012420,PO12420,P0041,252,17.39,4382.28
POI012421,PO12421,P0041,253,17.39,4399.67
POI012422,PO12422,P0041,251,17.39,4364.89
POI012423,PO12423,P0041,263,17.39,4573.57
POI012424,PO12424,P0041,268,17.39,4660.52
POI012425,PO12425,P0041,252,17.39,4382.28
POI012426,PO12426,P0041,257,17.39,4469.23
POI012427,PO12427,P0041,262,17.39,4556.18
POI012428,PO12428,P0041,242,17.39,4208.38
POI012429,PO12429,P0041,248,17.39,4312.72
POI012430,PO12430,P0041,266,17.39,4625.74
POI012431,PO12431,P0041,260,17.39,4521.4
POI012432,PO12432,P0041,253,17.39,4399.67
POI012433,PO12433,P0041,262,17.39,4556.18
POI012434,PO12434,P0041,270,17.39,4695.3
POI012435,PO12435,P0041,263,17.39,4573.57
POI012436,PO12436,P0041,265,17.39,4608.35
POI012437,PO12437,P0041,254,17.39,4417.06
POI012438,PO12438,P0041,252,17.39,4382.28
POI012439,PO12439,P0041,260,17.39,4521.4
POI012440,PO12440,P0042,226,19.33,4368.58
POI012441,PO12441,P0042,222,19.89,4415.58
POI012442,PO12442,P0042,216,19.33,4175.28
POI012443,PO12443,P0042,214,21.5,4601.0
POI012444,PO12444,P0042,227,19.33,4387.91
POI012445,PO12445,P0042,229,19.33,4426.57
POI012446,PO12446,P0042,222,19.89,4415.58
POI012447,PO12447,P0042,222,21.5,4773.0
POI012448,PO12448,P0042,213,19.33,4117.29
POI012449,PO12449,P0042,229,19.33,4426.57
POI012450,PO12450,P0042,229,19.33,4426.57
POI012451,PO12451,P0042,225,19.89,4475.25
POI012452,PO12452,P0042,216,19.89,4296.24
POI012453,PO12453,P0042,215,19.89,4276.35
POI012454,PO12454,P0042,222,19.33,4291.26
POI012455,PO12455,P0042,213,19.33,4117.29
POI012456,PO12456,P0042,212,19.89,4216.68
POI012457,PO12457,P0042,223,19.89,4435.47
POI012458,PO12458,P0042,225,19.33,4349.25
POI012459,PO12459,P0042,225,21.5,4837.5
POI012460,PO12460,P0042,212,19.89,4216.68
POI012461,PO12461,P0042,221,19.33,4271.93
POI012462,PO12462,P0042,229,21.5,4923.5
POI012463,PO12463,P0042,215,19.89,4276.35
POI012464,PO12464,P0042,212,19.33,4097.96
POI012465,PO12465,P0042,220,19.33,4252.6
POI012466,PO12466,P0042,219,21.5,4708.5
POI012467,PO12467,P0042,223,19.89,4435.47
POI012468,PO12468,P0043,302,3.23,975.46
POI012469,PO12469,P0043,298,3.23,962.54
POI012470,PO12470,P0043,298,3.23,962.54
POI012471,PO12471,P0043,307,3.23,991.61
POI012472,PO12472,P0043,306,3.23,988.38
POI012473,PO12473,P0043,299,3.23,965.77
POI012474,PO12474,P0043,300,3.23,969.0
POI012475,PO12475,P0043,298,3.23,962.54
POI012476,PO12476,P0043,302,3.23,975.46
POI012477,PO12477,P0044,266,6.1,1622.6
POI012478,PO12478,P0044,253,6.01,1520.53
POI012479,PO12479,P0044,258,6.1,1573.8
POI012480,PO12480,P0044,263,6.1,1604.3
POI012481,PO12481,P0044,261,6.1,1592.1
POI012482,PO12482,P0044,256,6.01,1538.56
POI012483,PO12483,P0044,268,6.1,1634.8
POI012484,PO12484,P0044,263,6.01,1580.63
POI012485,PO12485,P0044,268,6.1,1634.8
POI012486,PO12486,P0044,257,6.1,1567.7
POI012487,PO12487,P0044,270,6.1,1647.0
POI012488,PO12488,P0044,257,6.01,1544.57
POI012489,PO12489,P0044,265,6.1,1616.5
POI012490,PO12490,P0044,248,6.01,1490.48
POI012491,PO12491,P0044,261,6.01,1568.61
POI012492,PO12492,P0044,260,6.1,1586.0
POI012493,PO12493,P0044,247,6.1,1506.7
POI012494,PO12494,P0044,242,6.1,1476.2
POI012495,PO12495,P0044,269,6.01,1616.69
POI012496,PO12496,P0044,276,6.1,1683.6
POI012497,PO12497,P0044,256,6.1,1561.6
POI012498,PO12498,P0044,269,6.1,1640.9
POI012499,PO12499,P0044,257,6.1,1567.7
POI012500,PO12500,P0044,268,6.1,1634.8
POI012501,PO12501,P0044,256,6.01,1538.56
POI012502,PO12502,P0044,259,6.01,1556.59
POI012503,PO12503,P0044,264,6.01,1586.64
POI012504,PO12504,P0044,269,6.1,1640.9
POI012505,PO12505,P0044,253,6.01,1520.53
POI012506,PO12506,P0044,254,6.1,1549.4
POI012507,PO12507,P0044,247,6.1,1506.7
POI012508,PO12508,P0044,274,6.1,1671.4
POI012509,PO12509,P0044,258,6.01,1550.58
POI012510,PO12510,P0044,266,6.01,1598.66
POI012511,PO12511,P0044,264,6.01,1586.64
POI012512,PO12512,P0044,245,6.1,1494.5
POI012513,PO12513,P0044,244,6.1,1488.4
POI012514,PO12514,P0044,259,6.1,1579.9
POI012515,PO12515,P0044,255,6.01,1532.55
POI012516,PO12516,P0044,259,6.01,1556.59
POI012517,PO12517,P0044,263,6.1,1604.3
POI012518,PO12518,P0044,264,6.1,1610.4
POI012519,PO12519,P0044,250,6.01,1502.5
POI012520,PO12520,P0044,269,6.1,1640.9
POI012521,PO12521,P0045,469,4.09,1918.21
POI012522,PO12522,P0045,469,4.09,1918.21
POI012523,PO12523,P0045,461,4.09,1885.49
POI012524,PO12524,P0045,465,4.09,1901.85
POI012525,PO12525,P0045,469,4.09,1918.21
POI012526,PO12526,P0045,468,4.09,1914.12
POI012527,PO12527,P0045,461,4.09,1885.49
POI012528,PO12528,P0045,469,4.09,1918.21
POI012529,PO12529,P0045,469,4.09,1918.21
POI012530,PO12530,P0045,469,4.09,1918.21
POI012531,PO12531,P0045,465,4.09,1901.85
POI012532,PO12532,P0045,469,4.09,1918.21
POI012533,PO12533,P0045,469,4.09,1918.21
POI012534,PO12534,P0045,469,4.09,1918.21
POI012535,PO12535,P0045,469,4.09,1918.21
POI012536,PO12536,P0045,469,4.09,1918.21
POI012537,PO12537,P0045,462,4.09,1889.58
POI012538,PO12538,P0045,469,4.09,1918.21
POI012539,PO12539,P0045,469,4.09,1918.21
POI012540,PO12540,P0045,469,4.09,1918.21
POI012541,PO12541,P0045,469,4.09,1918.21
POI012542,PO12542,P0045,463,4.09,1893.67
POI012543,PO12543,P0046,228,3.56,811.68
POI012544,PO12544,P0046,233,3.56,829.48
POI012545,PO12545,P0046,233,3.56,829.48
POI012546,PO12546,P0046,230,3.56,818.8
POI012547,PO12547,P0046,234,3.56,833.04
POI012548,PO12548,P0046,241,3.56,857.96
POI012549,PO12549,P0046,236,3.56,840.16
POI012550,PO12550,P0046,236,3.56,840.16
POI012551,PO12551,P0046,229,3.56,815.24
POI012552,PO12552,P0046,241,3.56,857.96
POI012553,PO12553,P0046,239,3.56,850.84
POI012554,PO12554,P0046,233,3.56,829.48
POI012555,PO12555,P0046,228,3.56,811.68
POI012556,PO12556,P0046,237,3.56,843.72
POI012557,PO12557,P0046,236,3.56,840.16
POI012558,PO12558,P0046,240,3.56,854.4
POI012559,PO12559,P0046,235,3.56,836.6
POI012560,PO12560,P0046,241,3.56,857.96
POI012561,PO12561,P0046,229,3.56,815.24
POI012562,PO12562,P0046,245,3.56,872.2
POI012563,PO12563,P0046,228,3.56,811.68
POI012564,PO12564,P0047,131,5.94,778.14
POI012565,PO12565,P0047,132,5.94,784.08
POI012566,PO12566,P0047,135,5.94,801.9
POI012567,PO12567,P0047,136,5.94,807.84
POI012568,PO12568,P0047,131,5.94,778.14
POI012569,PO12569,P0047,132,5.94,784.08
POI012570,PO12570,P0047,132,5.94,784.08
POI012571,PO12571,P0047,134,5.94,795.96
POI012572,PO12572,P0047,132,5.94,784.08
POI012573,PO12573,P0047,131,5.94,778.14
POI012574,PO12574,P0047,133,5.94,790.02
POI012575,PO12575,P0047,135,5.94,801.9
POI012576,PO12576,P0047,132,5.94,784.08
POI012577,PO12577,P0047,137,5.94,813.78
POI012578,PO12578,P0047,139,5.94,825.66
POI012579,PO12579,P0048,364,5.63,2049.32
POI012580,PO12580,P0048,363,5.69,2065.47
POI012581,PO12581,P0048,358,5.69,2037.02
POI012582,PO12582,P0048,366,5.89,2155.74
POI012583,PO12583,P0048,375,5.63,2111.25
POI012584,PO12584,P0048,360,5.63,2026.8
POI012585,PO12585,P0048,368,5.89,2167.52
POI012586,PO12586,P0048,368,5.63,2071.84
POI012587,PO12587,P0048,369,5.63,2077.47
POI012588,PO12588,P0048,357,5.89,2102.73
POI012589,PO12589,P0048,363,5.63,2043.69
POI012590,PO12590,P0048,373,5.63,2099.99
POI012591,PO12591,P0048,372,5.63,2094.36
POI012592,PO12592,P0048,369,5.69,2099.61
POI012593,PO12593,P0048,367,5.63,2066.21
POI012594,PO12594,P0048,374,5.89,2202.86
POI012595,PO12595,P0048,369,5.63,2077.47
POI012596,PO12596,P0049,250,12.41,3102.5
POI012597,PO12597,P0049,249,12.41,3090.09
POI012598,PO12598,P0049,247,12.41,3065.27
POI012599,PO12599,P0049,253,12.41,3139.73
POI012600,PO12600,P0049,248,12.41,3077.68
POI012601,PO12601,P0049,248,12.41,3077.68
POI012602,PO12602,P0049,246,12.41,3052.86
POI012603,PO12603,P0049,252,12.41,3127.32
POI012604,PO12604,P0049,246,12.41,3052.86
POI012605,PO12605,P0049,249,12.41,3090.09
POI012606,PO12606,P0049,247,12.41,3065.27
POI012607,PO12607,P0049,247,12.41,3065.27
POI012608,PO12608,P0049,252,12.41,3127.32
POI012609,PO12609,P0050,171,5.64,964.44
POI012610,PO12610,P0050,189,6.59,1245.51
POI012611,PO12611,P0050,173,5.64,975.72
POI012612,PO12612,P0050,188,5.64,1060.32
POI012613,PO12613,P0050,176,5.64,992.64
POI012614,PO12614,P0050,189,5.64,1065.96
POI012615,PO12615,P0050,179,6.59,1179.61
POI012616,PO12616,P0050,184,5.64,1037.76
POI012617,PO12617,P0050,176,6.59,1159.84
POI012618,PO12618,P0050,189,5.64,1065.96
POI012619,PO12619,P0050,171,5.64,964.44
POI012620,PO12620,P0050,179,6.59,1179.61
POI012621,PO12621,P0050,189,5.64,1065.96
POI012622,PO12622,P0050,186,6.59,1225.74
POI012623,PO12623,P0050,181,6.59,1192.79
POI012624,PO12624,P0050,186,5.64,1049.04
POI012625,PO12625,P0050,182,5.64,1026.48
POI012626,PO12626,P0050,189,5.64,1065.96
POI012627,PO12627,P0050,172,5.64,970.08
POI012628,PO12628,P0050,189,5.64,1065.96
POI012629,PO12629,P0050,183,6.59,1205.97
POI012630,PO12630,P0050,189,5.64,1065.96
POI012631,PO12631,P0050,170,5.64,958.8
POI012632,PO12632,P0050,177,6.59,1166.43
POI012633,PO12633,P0050,175,6.59,1153.25
POI012634,PO12634,P0050,169,5.64,953.16
POI012635,PO12635,P0050,174,6.59,1146.66
POI012636,PO12636,P0050,186,6.59,1225.74
POI012637,PO12637,P0050,173,6.59,1140.07
POI012638,PO12638,P0050,172,5.64,970.08
POI012639,PO12639,P0050,173,6.59,1140.07
POI012640,PO12640,P0050,181,6.59,1192.79
POI012641,PO12641,P0050,181,5.64,1020.84
POI012642,PO12642,P0050,184,5.64,1037.76
POI012643,PO12643,P0050,170,5.64,958.8
POI012644,PO12644,P0050,180,6.59,1186.2
POI012645,PO12645,P0050,174,5.64,981.36
POI012646,PO12646,P0050,175,5.64,987.0
POI012647,PO12647,P0050,172,6.59,1133.48
POI012648,PO12648,P0050,175,6.59,1153.25
POI012649,PO12649,P0050,184,5.64,1037.76
POI012650,PO12650,P0050,177,5.64,998.28
POI012651,PO12651,P0051,262,3.94,1032.28
POI012652,PO12652,P0051,257,3.94,1012.58
POI012653,PO12653,P0051,262,3.94,1032.28
POI012654,PO12654,P0051,260,3.59,933.4
POI012655,PO12655,P0051,262,3.94,1032.28
POI012656,PO12656,P0051,262,3.59,940.58
POI012657,PO12657,P0051,262,3.94,1032.28
POI012658,PO12658,P0051,256,3.94,1008.64
POI012659,PO12659,P0051,261,3.59,936.99
POI012660,PO12660,P0051,257,3.59,922.63
POI012661,PO12661,P0051,262,3.59,940.58
POI012662,PO12662,P0051,262,3.59,940.58
POI012663,PO12663,P0051,262,3.94,1032.28
POI012664,PO12664,P0051,262,3.59,940.58
POI012665,PO12665,P0051,254,3.94,1000.76
POI012666,PO12666,P0051,253,3.59,908.27
POI012667,PO12667,P0051,262,3.59,940.58
POI012668,PO12668,P0051,262,3.94,1032.28
POI012669,PO12669,P0051,262,3.94,1032.28
POI012670,PO12670,P0051,262,3.59,940.58
POI012671,PO12671,P0051,262,3.59,940.58
POI012672,PO12672,P0051,262,3.59,940.58
POI012673,PO12673,P0051,260,3.94,1024.4
POI012674,PO12674,P0051,262,3.59,940.58
POI012675,PO12675,P0051,262,3.94,1032.28
POI012676,PO12676,P0051,262,3.94,1032.28
POI012677,PO12677,P0051,261,3.59,936.99
POI012678,PO12678,P0051,262,3.59,940.58
POI012679,PO12679,P0051,262,3.59,940.58
POI012680,PO12680,P0051,262,3.59,940.58
POI012681,PO12681,P0051,262,3.59,940.58
POI012682,PO12682,P0051,260,3.94,1024.4
POI012683,PO12683,P0051,262,3.94,1032.28
POI012684,PO12684,P0051,258,3.94,1016.52
POI012685,PO12685,P0051,258,3.59,926.22
POI012686,PO12686,P0051,262,3.59,940.58
POI012687,PO12687,P0051,254,3.59,911.86
POI012688,PO12688,P0051,262,3.94,1032.28
POI012689,PO12689,P0052,208,2.06,428.48
POI012690,PO12690,P0052,221,2.04,450.84
POI012691,PO12691,P0052,210,2.04,428.4
POI012692,PO12692,P0052,218,2.04,444.72
POI012693,PO12693,P0052,220,2.06,453.2
POI012694,PO12694,P0052,205,2.04,418.2
POI012695,PO12695,P0052,215,2.04,438.6
POI012696,PO12696,P0052,215,2.06,442.9
POI012697,PO12697,P0052,216,2.04,440.64
POI012698,PO12698,P0052,203,2.04,414.12
POI012699,PO12699,P0052,217,2.04,442.68
POI012700,PO12700,P0052,212,2.04,432.48
POI012701,PO12701,P0052,213,2.06,438.78
POI012702,PO12702,P0052,203,2.04,414.12
POI012703,PO12703,P0052,209,2.06,430.54
POI012704,PO12704,P0052,210,2.06,432.6
POI012705,PO12705,P0052,218,2.04,444.72
POI012706,PO12706,P0052,205,2.06,422.3
POI012707,PO12707,P0052,211,2.04,430.44
POI012708,PO12708,P0052,215,2.04,438.6
POI012709,PO12709,P0052,210,2.06,432.6
POI012710,PO12710,P0052,203,2.06,418.18
POI012711,PO12711,P0052,214,2.06,440.84
POI012712,PO12712,P0052,214,2.04,436.56
POI012713,PO12713,P0052,218,2.04,444.72
POI012714,PO12714,P0052,204,2.04,416.16
POI012715,PO12715,P0052,204,2.04,416.16
POI012716,PO12716,P0053,129,18.63,2403.27
POI012717,PO12717,P0053,127,24.5,3111.5
POI012718,PO12718,P0053,131,24.5,3209.5
POI012719,PO12719,P0053,132,24.5,3234.0
POI012720,PO12720,P0053,131,18.63,2440.53
POI012721,PO12721,P0053,126,24.5,3087.0
POI012722,PO12722,P0053,136,18.63,2533.68
POI012723,PO12723,P0053,127,24.5,3111.5
POI012724,PO12724,P0053,129,18.63,2403.27
POI012725,PO12725,P0053,126,24.5,3087.0
POI012726,PO12726,P0053,130,24.5,3185.0
POI012727,PO12727,P0053,127,18.63,2366.01
POI012728,PO12728,P0053,126,18.63,2347.38
POI012729,PO12729,P0053,128,18.63,2384.64
POI012730,PO12730,P0054,101,9.56,965.56
POI012731,PO12731,P0054,81,8.35,676.35
POI012732,PO12732,P0054,88,8.35,734.8
POI012733,PO12733,P0054,99,9.56,946.44
POI012734,PO12734,P0054,85,8.35,709.75
POI012735,PO12735,P0054,90,9.22,829.8
POI012736,PO12736,P0054,87,9.22,802.14
POI012737,PO12737,P0054,108,8.35,901.8
POI012738,PO12738,P0054,107,9.56,1022.92
POI012739,PO12739,P0054,97,9.56,927.32
POI012740,PO12740,P0054,106,9.22,977.32
POI012741,PO12741,P0054,86,9.22,792.92
POI012742,PO12742,P0054,82,9.22,756.04
POI012743,PO12743,P0054,90,9.22,829.8
POI012744,PO12744,P0054,98,9.56,936.88
POI012745,PO12745,P0054,83,9.56,793.48
POI012746,PO12746,P0054,92,8.35,768.2
POI012747,PO12747,P0054,101,9.22,931.22
POI012748,PO12748,P0054,98,8.35,818.3
POI012749,PO12749,P0054,89,8.35,743.15
POI012750,PO12750,P0054,94,9.22,866.68
POI012751,PO12751,P0054,93,8.35,776.55
POI012752,PO12752,P0054,97,8.35,809.95
POI012753,PO12753,P0054,83,9.22,765.26
POI012754,PO12754,P0054,100,9.22,922.0
POI012755,PO12755,P0054,101,9.22,931.22
POI012756,PO12756,P0054,98,9.56,936.88
POI012757,PO12757,P0054,87,9.56,831.72
POI012758,PO12758,P0054,102,9.56,975.12
POI012759,PO12759,P0054,104,9.22,958.88
POI012760,PO12760,P0054,89,9.22,820.58
POI012761,PO12761,P0054,98,9.56,936.88
POI012762,PO12762,P0054,93,9.22,857.46
POI012763,PO12763,P0054,82,9.56,783.92
POI012764,PO12764,P0054,84,9.22,774.48
POI012765,PO12765,P0054,84,9.56,803.04
POI012766,PO12766,P0054,96,9.56,917.76
POI012767,PO12767,P0054,85,9.22,783.7
POI012768,PO12768,P0054,83,9.22,765.26
POI012769,PO12769,P0054,99,9.56,946.44
POI012770,PO12770,P0054,83,8.35,693.05
POI012771,PO12771,P0054,81,8.35,676.35
POI012772,PO12772,P0054,90,9.56,860.4
POI012773,PO12773,P0054,89,9.22,820.58
POI012774,PO12774,P0054,81,8.35,676.35
POI012775,PO12775,P0054,84,8.35,701.4
POI012776,PO12776,P0054,96,9.56,917.76
POI012777,PO12777,P0054,98,8.35,818.3
POI012778,PO12778,P0054,103,9.22,949.66
POI012779,PO12779,P0054,91,9.22,839.02
POI012780,PO12780,P0054,82,9.56,783.92
POI012781,PO12781,P0054,92,8.35,768.2
POI012782,PO12782,P0054,102,9.56,975.12
POI012783,PO12783,P0054,94,8.35,784.9
POI012784,PO12784,P0054,81,9.22,746.82
POI012785,PO12785,P0054,97,9.56,927.32
POI012786,PO12786,P0054,98,8.35,818.3
POI012787,PO12787,P0054,103,8.35,860.05
POI012788,PO12788,P0054,97,8.35,809.95
POI012789,PO12789,P0054,87,9.22,802.14
POI012790,PO12790,P0054,93,9.22,857.46
POI012791,PO12791,P0054,92,9.56,879.52
POI012792,PO12792,P0054,93,9.56,889.08
POI012793,PO12793,P0054,99,9.56,946.44
POI012794,PO12794,P0054,84,9.22,774.48
POI012795,PO12795,P0054,97,8.35,809.95
POI012796,PO12796,P0054,92,9.22,848.24
POI012797,PO12797,P0054,84,8.35,701.4
POI012798,PO12798,P0054,100,9.56,956.0
POI012799,PO12799,P0054,92,8.35,768.2
POI012800,PO12800,P0054,88,9.22,811.36
POI012801,PO12801,P0054,82,8.35,684.7
POI012802,PO12802,P0054,95,9.22,875.9
POI012803,PO12803,P0054,91,9.22,839.02
POI012804,PO12804,P0054,93,8.35,776.55
POI012805,PO12805,P0054,99,8.35,826.65
POI012806,PO12806,P0054,83,9.22,765.26
POI012807,PO12807,P0054,88,9.22,811.36
POI012808,PO12808,P0054,102,8.35,851.7
POI012809,PO12809,P0054,85,8.35,709.75
POI012810,PO12810,P0054,82,9.56,783.92
POI012811,PO12811,P0054,87,9.22,802.14
POI012812,PO12812,P0054,92,9.56,879.52
POI012813,PO12813,P0054,102,9.22,940.44
POI012814,PO12814,P0054,88,9.22,811.36
POI012815,PO12815,P0054,97,9.56,927.32
POI012816,PO12816,P0054,92,9.22,848.24
POI012817,PO12817,P0054,81,9.22,746.82
POI012818,PO12818,P0054,104,8.35,868.4
POI012819,PO12819,P0054,96,9.56,917.76
POI012820,PO12820,P0054,90,9.56,860.4
POI012821,PO12821,P0054,91,9.22,839.02
POI012822,PO12822,P0054,85,8.35,709.75
POI012823,PO12823,P0054,94,8.35,784.9
POI012824,PO12824,P0054,106,9.22,977.32
POI012825,PO12825,P0055,228,11.96,2726.88
POI012826,PO12826,P0055,228,11.96,2726.88
POI012827,PO12827,P0055,223,11.96,2667.08
POI012828,PO12828,P0055,229,11.96,2738.84
POI012829,PO12829,P0055,229,11.96,2738.84
POI012830,PO12830,P0055,226,11.96,2702.96
POI012831,PO12831,P0055,229,11.96,2738.84
POI012832,PO12832,P0055,224,11.96,2679.04
POI012833,PO12833,P0055,228,11.96,2726.88
POI012834,PO12834,P0055,227,11.96,2714.92
POI012835,PO12835,P0055,227,11.96,2714.92
POI012836,PO12836,P0055,228,11.96,2726.88
POI012837,PO12837,P0055,225,11.96,2691.0
POI012838,PO12838,P0055,230,11.96,2750.8
POI012839,PO12839,P0055,231,11.96,2762.76
POI012840,PO12840,P0056,280,21.23,5944.4
POI012841,PO12841,P0056,284,17.73,5035.32
POI012842,PO12842,P0056,282,20.87,5885.34
POI012843,PO12843,P0056,283,20.87,5906.21
POI012844,PO12844,P0056,281,21.23,5965.63
POI012845,PO12845,P0056,290,20.87,6052.3
POI012846,PO12846,P0056,285,17.73,5053.05
POI012847,PO12847,P0056,284,20.87,5927.08
POI012848,PO12848,P0056,281,17.73,4982.13
POI012849,PO12849,P0056,289,21.23,6135.47
POI012850,PO12850,P0056,285,20.87,5947.95
POI012851,PO12851,P0056,284,20.87,5927.08
POI012852,PO12852,P0056,285,20.87,5947.95
POI012853,PO12853,P0057,170,16.53,2810.1
POI012854,PO12854,P0057,172,16.41,2822.52
POI012855,PO12855,P0057,171,16.53,2826.63
POI012856,PO12856,P0057,172,16.53,2843.16
POI012857,PO12857,P0057,174,16.53,2876.22
POI012858,PO12858,P0057,171,16.53,2826.63
POI012859,PO12859,P0057,172,16.53,2843.16
POI012860,PO12860,P0057,171,16.53,2826.63
POI012861,PO12861,P0057,171,16.41,2806.11
POI012862,PO12862,P0057,170,16.53,2810.1
POI012863,PO12863,P0057,176,16.41,2888.16
POI012864,PO12864,P0057,172,16.53,2843.16
POI012865,PO12865,P0057,172,16.53,2843.16
POI012866,PO12866,P0057,173,16.53,2859.69
POI012867,PO12867,P0057,173,16.53,2859.69
POI012868,PO12868,P0057,173,16.53,2859.69
POI012869,PO12869,P0057,170,16.53,2810.1
POI012870,PO12870,P0057,171,16.41,2806.11
POI012871,PO12871,P0057,174,16.53,2876.22
POI012872,PO12872,P0057,176,16.41,2888.16
POI012873,PO12873,P0058,135,12.47,1683.45
POI012874,PO12874,P0058,132,12.47,1646.04
POI012875,PO12875,P0058,144,12.47,1795.68
POI012876,PO12876,P0058,137,12.47,1708.39
POI012877,PO12877,P0058,140,12.47,1745.8
POI012878,PO12878,P0058,148,12.47,1845.56
POI012879,PO12879,P0058,134,12.47,1670.98
POI012880,PO12880,P0058,142,12.47,1770.74
POI012881,PO12881,P0058,138,12.47,1720.86
POI012882,PO12882,P0058,134,12.47,1670.98
POI012883,PO12883,P0058,136,12.47,1695.92
POI012884,PO12884,P0058,132,12.47,1646.04
POI012885,PO12885,P0058,133,12.47,1658.51
POI012886,PO12886,P0058,139,12.47,1733.33
POI012887,PO12887,P0058,137,12.47,1708.39
POI012888,PO12888,P0058,132,12.47,1646.04
POI012889,PO12889,P0058,137,12.47,1708.39
POI012890,PO12890,P0058,141,12.47,1758.27
POI012891,PO12891,P0058,133,12.47,1658.51
POI012892,PO12892,P0058,145,12.47,1808.15
POI012893,PO12893,P0058,141,12.47,1758.27
POI012894,PO12894,P0058,144,12.47,1795.68
POI012895,PO12895,P0058,132,12.47,1646.04
POI012896,PO12896,P0058,142,12.47,1770.74
POI012897,PO12897,P0058,135,12.47,1683.45
POI012898,PO12898,P0058,140,12.47,1745.8
POI012899,PO12899,P0058,137,12.47,1708.39
POI012900,PO12900,P0058,142,12.47,1770.74
POI012901,PO12901,P0058,133,12.47,1658.51
POI012902,PO12902,P0058,140,12.47,1745.8
POI012903,PO12903,P0058,133,12.47,1658.51
POI012904,PO12904,P0059,346,19.28,6670.88
POI012905,PO12905,P0059,346,19.28,6670.88
POI012906,PO12906,P0059,346,17.17,5940.82
POI012907,PO12907,P0059,346,17.17,5940.82
POI012908,PO12908,P0059,346,19.28,6670.88
POI012909,PO12909,P0059,346,19.28,6670.88
POI012910,PO12910,P0059,346,19.28,6670.88
POI012911,PO12911,P0059,346,17.17,5940.82
POI012912,PO12912,P0059,346,19.28,6670.88
POI012913,PO12913,P0059,346,19.28,6670.88
POI012914,PO12914,P0059,346,17.17,5940.82
POI012915,PO12915,P0059,337,17.17,5786.29
POI012916,PO12916,P0059,346,19.28,6670.88
POI012917,PO12917,P0059,337,19.28,6497.36
POI012918,PO12918,P0059,344,19.28,6632.32
POI012919,PO12919,P0059,346,19.28,6670.88
POI012920,PO12920,P0059,346,19.28,6670.88
POI012921,PO12921,P0059,337,19.28,6497.36
POI012922,PO12922,P0059,346,17.17,5940.82
POI012923,PO12923,P0059,336,17.17,5769.12
POI012924,PO12924,P0059,346,17.17,5940.82
POI012925,PO12925,P0059,345,17.17,5923.65
POI012926,PO12926,P0059,346,19.28,6670.88
POI012927,PO12927,P0059,337,19.28,6497.36
POI012928,PO12928,P0059,346,19.28,6670.88
POI012929,PO12929,P0059,337,17.17,5786.29
POI012930,PO12930,P0059,344,19.28,6632.32
POI012931,PO12931,P0059,336,19.28,6478.08
POI012932,PO12932,P0059,346,19.28,6670.88
POI012933,PO12933,P0059,338,19.28,6516.64
POI012934,PO12934,P0059,346,19.28,6670.88
POI012935,PO12935,P0060,398,5.54,2204.92
POI012936,PO12936,P0060,398,5.54,2204.92
POI012937,PO12937,P0060,395,5.54,2188.3
POI012938,PO12938,P0060,395,5.54,2188.3
POI012939,PO12939,P0060,395,5.54,2188.3
POI012940,PO12940,P0061,479,14.25,6825.75
POI012941,PO12941,P0061,484,14.25,6897.0
POI012942,PO12942,P0061,484,14.25,6897.0
POI012943,PO12943,P0061,480,14.25,6840.0
POI012944,PO12944,P0061,484,14.25,6897.0
POI012945,PO12945,P0061,484,14.25,6897.0
POI012946,PO12946,P0061,484,14.25,6897.0
POI012947,PO12947,P0061,484,14.25,6897.0
POI012948,PO12948,P0061,484,14.25,6897.0
POI012949,PO12949,P0061,484,14.25,6897.0
POI012950,PO12950,P0061,484,14.25,6897.0
POI012951,PO12951,P0061,484,14.25,6897.0
POI012952,PO12952,P0061,484,14.25,6897.0
POI012953,PO12953,P0061,479,14.25,6825.75
POI012954,PO12954,P0061,480,14.25,6840.0
POI012955,PO12955,P0061,480,14.25,6840.0
POI012956,PO12956,P0061,484,14.25,6897.0
POI012957,PO12957,P0062,118,17.75,2094.5
POI012958,PO12958,P0062,112,13.98,1565.76
POI012959,PO12959,P0062,114,18.24,2079.36
POI012960,PO12960,P0062,115,17.75,2041.25
POI012961,PO12961,P0062,115,13.98,1607.7
POI012962,PO12962,P0062,114,13.98,1593.72
POI012963,PO12963,P0062,109,17.75,1934.75
POI012964,PO12964,P0062,129,17.75,2289.75
POI012965,PO12965,P0062,110,18.24,2006.4
POI012966,PO12966,P0062,112,17.75,1988.0
POI012967,PO12967,P0062,117,18.24,2134.08
POI012968,PO12968,P0062,114,17.75,2023.5
POI012969,PO12969,P0062,110,17.75,1952.5
POI012970,PO12970,P0062,109,13.98,1523.82
POI012971,PO12971,P0062,114,18.24,2079.36
POI012972,PO12972,P0062,113,17.75,2005.75
POI012973,PO12973,P0062,111,17.75,1970.25
POI012974,PO12974,P0062,118,17.75,2094.5
POI012975,PO12975,P0062,118,18.24,2152.32
POI012976,PO12976,P0062,113,13.98,1579.74
POI012977,PO12977,P0062,119,13.98,1663.62
POI012978,PO12978,P0062,113,13.98,1579.74
POI012979,PO12979,P0062,114,18.24,2079.36
POI012980,PO12980,P0062,111,18.24,2024.64
POI012981,PO12981,P0062,115,13.98,1607.7
POI012982,PO12982,P0062,112,13.98,1565.76
POI012983,PO12983,P0062,113,18.24,2061.12
POI012984,PO12984,P0062,114,18.24,2079.36
POI012985,PO12985,P0062,116,13.98,1621.68
POI012986,PO12986,P0062,112,18.24,2042.88
POI012987,PO12987,P0062,116,13.98,1621.68
POI012988,PO12988,P0062,115,13.98,1607.7
POI012989,PO12989,P0062,112,13.98,1565.76
POI012990,PO12990,P0062,119,18.24,2170.56
POI012991,PO12991,P0062,109,18.24,1988.16
POI012992,PO12992,P0062,113,17.75,2005.75
POI012993,PO12993,P0063,187,20.1,3758.7
POI012994,PO12994,P0063,183,22.37,4093.71
POI012995,PO12995,P0063,187,20.1,3758.7
POI012996,PO12996,P0063,188,20.1,3778.8
POI012997,PO12997,P0063,182,22.37,4071.34
POI012998,PO12998,P0063,184,20.1,3698.4
POI012999,PO12999,P0063,192,20.1,3859.2
POI013000,PO13000,P0063,192,20.1,3859.2
POI013001,PO13001,P0063,186,20.1,3738.6
POI013002,PO13002,P0063,187,22.37,4183.19
POI013003,PO13003,P0063,185,20.1,3718.5
POI013004,PO13004,P0063,188,22.37,4205.56
POI013005,PO13005,P0063,186,22.37,4160.82
POI013006,PO13006,P0063,185,20.1,3718.5
POI013007,PO13007,P0063,192,20.1,3859.2
POI013008,PO13008,P0063,191,20.1,3839.1
POI013009,PO13009,P0063,186,22.37,4160.82
POI013010,PO13010,P0063,187,20.1,3758.7
POI013011,PO13011,P0063,182,22.37,4071.34
POI013012,PO13012,P0063,188,22.37,4205.56
POI013013,PO13013,P0063,192,22.37,4295.04
POI013014,PO13014,P0063,187,22.37,4183.19
POI013015,PO13015,P0063,182,20.1,3658.2
POI013016,PO13016,P0063,191,20.1,3839.1
POI013017,PO13017,P0063,192,22.37,4295.04
POI013018,PO13018,P0064,220,1.28,281.6
POI013019,PO13019,P0064,218,1.28,279.04
POI013020,PO13020,P0064,231,1.28,295.68
POI013021,PO13021,P0064,222,1.28,284.16
POI013022,PO13022,P0064,222,1.28,284.16
POI013023,PO13023,P0064,226,1.28,289.28
POI013024,PO13024,P0064,219,1.28,280.32
POI013025,PO13025,P0064,227,1.28,290.56
POI013026,PO13026,P0064,213,1.28,272.64
POI013027,PO13027,P0064,215,1.28,275.2
POI013028,PO13028,P0064,221,1.28,282.88
POI013029,PO13029,P0064,228,1.28,291.84
POI013030,PO13030,P0064,225,1.28,288.0
POI013031,PO13031,P0064,223,1.28,285.44
POI013032,PO13032,P0064,225,1.28,288.0
POI013033,PO13033,P0064,217,1.28,277.76
POI013034,PO13034,P0064,224,1.28,286.72
POI013035,PO13035,P0064,231,1.28,295.68
POI013036,PO13036,P0064,220,1.28,281.6
POI013037,PO13037,P0064,216,1.28,276.48
POI013038,PO13038,P0064,223,1.28,285.44
POI013039,PO13039,P0064,226,1.28,289.28
POI013040,PO13040,P0064,217,1.28,277.76
POI013041,PO13041,P0064,218,1.28,279.04
POI013042,PO13042,P0064,225,1.28,288.0
POI013043,PO13043,P0064,231,1.28,295.68
POI013044,PO13044,P0065,283,0.81,229.23
POI013045,PO13045,P0065,281,0.81,227.61
POI013046,PO13046,P0065,275,0.81,222.75
POI013047,PO13047,P0065,282,0.81,228.42
POI013048,PO13048,P0065,282,0.81,228.42
POI013049,PO13049,P0065,279,0.81,225.99
POI013050,PO13050,P0065,282,0.81,228.42
POI013051,PO13051,P0065,289,0.81,234.09
POI013052,PO13052,P0065,287,0.81,232.47
POI013053,PO13053,P0065,279,0.81,225.99
POI013054,PO13054,P0065,285,0.81,230.85
POI013055,PO13055,P0065,289,0.81,234.09
POI013056,PO13056,P0065,276,0.81,223.56
POI013057,PO13057,P0065,278,0.81,225.18
POI013058,PO13058,P0065,276,0.81,223.56
POI013059,PO13059,P0065,300,0.81,243.0
POI013060,PO13060,P0065,284,0.81,230.04
POI013061,PO13061,P0065,277,0.81,224.37
POI013062,PO13062,P0065,274,0.81,221.94
POI013063,PO13063,P0065,271,0.81,219.51
POI013064,PO13064,P0065,277,0.81,224.37
POI013065,PO13065,P0065,272,0.81,220.32
POI013066,PO13066,P0065,286,0.81,231.66
POI013067,PO13067,P0065,277,0.81,224.37
POI013068,PO13068,P0065,271,0.81,219.51
POI013069,PO13069,P0066,128,22.31,2855.68
POI013070,PO13070,P0066,127,17.67,2244.09
POI013071,PO13071,P0066,125,17.67,2208.75
POI013072,PO13072,P0066,131,22.73,2977.63
POI013073,PO13073,P0066,129,17.67,2279.43
POI013074,PO13074,P0066,131,22.73,2977.63
POI013075,PO13075,P0066,126,22.31,2811.06
POI013076,PO13076,P0066,133,17.67,2350.11
POI013077,PO13077,P0066,126,22.73,2863.98
POI013078,PO13078,P0066,130,17.67,2297.1
POI013079,PO13079,P0066,129,22.31,2877.99
POI013080,PO13080,P0066,126,22.31,2811.06
POI013081,PO13081,P0066,128,22.73,2909.44
POI013082,PO13082,P0066,127,22.73,2886.71
POI013083,PO13083,P0066,130,22.31,2900.3
POI013084,PO13084,P0066,125,17.67,2208.75
POI013085,PO13085,P0067,383,13.55,5189.65
POI013086,PO13086,P0067,395,13.55,5352.25
POI013087,PO13087,P0067,388,12.44,4826.72
POI013088,PO13088,P0067,392,13.55,5311.6
POI013089,PO13089,P0067,383,12.44,4764.52
POI013090,PO13090,P0067,388,13.55,5257.4
POI013091,PO13091,P0067,386,13.55,5230.3
POI013092,PO13092,P0067,395,13.55,5352.25
POI013093,PO13093,P0067,386,14.93,5762.98
POI013094,PO13094,P0067,383,12.44,4764.52
POI013095,PO13095,P0067,390,13.55,5284.5
POI013096,PO13096,P0067,396,12.44,4926.24
POI013097,PO13097,P0068,145,3.74,542.3
POI013098,PO13098,P0068,144,3.58,515.52
POI013099,PO13099,P0068,151,3.74,564.74
POI013100,PO13100,P0068,146,3.58,522.68
POI013101,PO13101,P0068,147,3.74,549.78
POI013102,PO13102,P0068,149,3.98,593.02
POI013103,PO13103,P0068,152,3.98,604.96
POI013104,PO13104,P0068,143,3.74,534.82
POI013105,PO13105,P0068,150,3.58,537.0
POI013106,PO13106,P0068,156,3.74,583.44
POI013107,PO13107,P0068,145,3.74,542.3
POI013108,PO13108,P0068,144,3.98,573.12
POI013109,PO13109,P0068,143,3.74,534.82
POI013110,PO13110,P0068,151,3.58,540.58
POI013111,PO13111,P0068,150,3.98,597.0
POI013112,PO13112,P0068,146,3.58,522.68
POI013113,PO13113,P0068,149,3.98,593.02
POI013114,PO13114,P0068,155,3.74,579.7
POI013115,PO13115,P0068,146,3.58,522.68
POI013116,PO13116,P0069,277,7.68,2127.36
POI013117,PO13117,P0069,274,7.68,2104.32
POI013118,PO13118,P0069,277,7.68,2127.36
POI013119,PO13119,P0069,275,8.53,2345.75
POI013120,PO13120,P0069,275,8.53,2345.75
POI013121,PO13121,P0069,283,7.68,2173.44
POI013122,PO13122,P0069,279,7.68,2142.72
POI013123,PO13123,P0069,284,7.68,2181.12
POI013124,PO13124,P0069,277,8.53,2362.81
POI013125,PO13125,P0069,276,7.68,2119.68
POI013126,PO13126,P0069,280,7.68,2150.4
POI013127,PO13127,P0069,273,8.53,2328.69
POI013128,PO13128,P0069,274,7.68,2104.32
POI013129,PO13129,P0070,489,7.67,3750.63
POI013130,PO13130,P0070,496,7.67,3804.32
POI013131,PO13131,P0070,496,7.67,3804.32
POI013132,PO13132,P0070,496,7.67,3804.32
POI013133,PO13133,P0070,496,7.67,3804.32
POI013134,PO13134,P0070,496,7.67,3804.32
POI013135,PO13135,P0070,493,7.67,3781.31
POI013136,PO13136,P0070,487,7.67,3735.29
POI013137,PO13137,P0070,496,7.67,3804.32
POI013138,PO13138,P0070,495,7.67,3796.65
POI013139,PO13139,P0070,492,7.67,3773.64
POI013140,PO13140,P0070,496,7.67,3804.32
POI013141,PO13141,P0070,488,7.67,3742.96
POI013142,PO13142,P0070,496,7.67,3804.32
POI013143,PO13143,P0070,485,7.67,3719.95
POI013144,PO13144,P0070,495,7.67,3796.65
POI013145,PO13145,P0070,496,7.67,3804.32
POI013146,PO13146,P0070,489,7.67,3750.63
POI013147,PO13147,P0070,496,7.67,3804.32
POI013148,PO13148,P0070,495,7.67,3796.65
POI013149,PO13149,P0070,485,7.67,3719.95
POI013150,PO13150,P0071,87,12.78,1111.86
POI013151,PO13151,P0071,84,12.78,1073.52
POI013152,PO13152,P0071,88,11.75,1034.0
POI013153,PO13153,P0071,77,12.78,984.06
POI013154,PO13154,P0071,83,12.78,1060.74
POI013155,PO13155,P0071,91,10.15,923.65
POI013156,PO13156,P0071,73,10.15,740.95
POI013157,PO13157,P0071,85,12.78,1086.3
POI013158,PO13158,P0071,75,12.78,958.5
POI013159,PO13159,P0071,76,10.15,771.4
POI013160,PO13160,P0071,86,11.75,1010.5
POI013161,PO13161,P0071,95,10.15,964.25
POI013162,PO13162,P0071,79,10.15,801.85
POI013163,PO13163,P0071,85,10.15,862.75
POI013164,PO13164,P0071,74,10.15,751.1
POI013165,PO13165,P0071,74,10.15,751.1
POI013166,PO13166,P0071,86,10.15,872.9
POI013167,PO13167,P0071,83,11.75,975.25
POI013168,PO13168,P0071,77,11.75,904.75
POI013169,PO13169,P0071,78,10.15,791.7
POI013170,PO13170,P0071,83,12.78,1060.74
POI013171,PO13171,P0071,78,12.78,996.84
POI013172,PO13172,P0071,82,11.75,963.5
POI013173,PO13173,P0071,89,12.78,1137.42
POI013174,PO13174,P0071,86,12.78,1099.08
POI013175,PO13175,P0071,88,12.78,1124.64
POI013176,PO13176,P0071,107,11.75,1257.25
POI013177,PO13177,P0071,92,11.75,1081.0
POI013178,PO13178,P0071,83,12.78,1060.74
POI013179,PO13179,P0071,74,12.78,945.72
POI013180,PO13180,P0071,81,12.78,1035.18
POI013181,PO13181,P0071,85,12.78,1086.3
POI013182,PO13182,P0071,80,12.78,1022.4
POI013183,PO13183,P0071,78,10.15,791.7
POI013184,PO13184,P0071,82,11.75,963.5
POI013185,PO13185,P0071,98,11.75,1151.5
POI013186,PO13186,P0071,79,10.15,801.85
POI013187,PO13187,P0071,92,11.75,1081.0
POI013188,PO13188,P0071,80,10.15,812.0
POI013189,PO13189,P0071,87,12.78,1111.86
POI013190,PO13190,P0071,85,12.78,1086.3
POI013191,PO13191,P0071,87,11.75,1022.25
POI013192,PO13192,P0071,79,12.78,1009.62
POI013193,PO13193,P0071,89,10.15,903.35
POI013194,PO13194,P0071,85,11.75,998.75
POI013195,PO13195,P0071,102,11.75,1198.5
POI013196,PO13196,P0071,84,12.78,1073.52
POI013197,PO13197,P0071,76,12.78,971.28
POI013198,PO13198,P0071,93,10.15,943.95
POI013199,PO13199,P0071,88,12.78,1124.64
POI013200,PO13200,P0071,73,12.78,932.94
POI013201,PO13201,P0071,82,12.78,1047.96
POI013202,PO13202,P0071,81,10.15,822.15
POI013203,PO13203,P0071,82,11.75,963.5
POI013204,PO13204,P0071,89,12.78,1137.42
POI013205,PO13205,P0071,75,10.15,761.25
POI013206,PO13206,P0071,77,12.78,984.06
POI013207,PO13207,P0071,76,10.15,771.4
POI013208,PO13208,P0071,88,11.75,1034.0
POI013209,PO13209,P0071,75,12.78,958.5
POI013210,PO13210,P0071,74,10.15,751.1
POI013211,PO13211,P0071,82,10.15,832.3
POI013212,PO13212,P0071,78,12.78,996.84
POI013213,PO13213,P0071,79,11.75,928.25
POI013214,PO13214,P0071,87,10.15,883.05
POI013215,PO13215,P0071,76,12.78,971.28
POI013216,PO13216,P0071,81,12.78,1035.18
POI013217,PO13217,P0071,76,11.75,893.0
POI013218,PO13218,P0071,79,11.75,928.25
POI013219,PO13219,P0071,80,12.78,1022.4
POI013220,PO13220,P0071,76,11.75,893.0
POI013221,PO13221,P0071,83,11.75,975.25
POI013222,PO13222,P0071,83,12.78,1060.74
POI013223,PO13223,P0071,74,11.75,869.5
POI013224,PO13224,P0071,90,10.15,913.5
POI013225,PO13225,P0071,77,10.15,781.55
POI013226,PO13226,P0071,77,10.15,781.55
POI013227,PO13227,P0071,74,11.75,869.5
POI013228,PO13228,P0071,91,11.75,1069.25
POI013229,PO13229,P0071,84,11.75,987.0
POI013230,PO13230,P0071,91,10.15,923.65
POI013231,PO13231,P0071,73,10.15,740.95
POI013232,PO13232,P0071,73,11.75,857.75
POI013233,PO13233,P0071,73,12.78,932.94
POI013234,PO13234,P0071,81,12.78,1035.18
POI013235,PO13235,P0071,87,10.15,883.05
POI013236,PO13236,P0072,177,13.98,2474.46
POI013237,PO13237,P0072,175,13.98,2446.5
POI013238,PO13238,P0072,176,16.31,2870.56
POI013239,PO13239,P0072,177,13.98,2474.46
POI013240,PO13240,P0072,177,16.31,2886.87
POI013241,PO13241,P0072,174,13.98,2432.52
POI013242,PO13242,P0072,177,16.31,2886.87
POI013243,PO13243,P0072,175,16.31,2854.25
POI013244,PO13244,P0072,170,13.98,2376.6
POI013245,PO13245,P0072,177,13.98,2474.46
POI013246,PO13246,P0072,177,16.31,2886.87
POI013247,PO13247,P0072,177,16.31,2886.87
POI013248,PO13248,P0072,169,16.31,2756.39
POI013249,PO13249,P0072,177,13.98,2474.46
POI013250,PO13250,P0072,177,13.98,2474.46
POI013251,PO13251,P0072,174,16.31,2837.94
POI013252,PO13252,P0072,177,16.31,2886.87
POI013253,PO13253,P0072,177,16.31,2886.87
POI013254,PO13254,P0072,177,16.31,2886.87
POI013255,PO13255,P0072,174,16.31,2837.94
POI013256,PO13256,P0072,177,13.98,2474.46
POI013257,PO13257,P0072,168,16.31,2740.08
POI013258,PO13258,P0072,177,16.31,2886.87
POI013259,PO13259,P0072,177,13.98,2474.46
POI013260,PO13260,P0072,177,16.31,2886.87
POI013261,PO13261,P0072,177,13.98,2474.46
POI013262,PO13262,P0072,177,16.31,2886.87
POI013263,PO13263,P0072,177,13.98,2474.46
POI013264,PO13264,P0072,177,16.31,2886.87
POI013265,PO13265,P0072,177,16.31,2886.87
POI013266,PO13266,P0072,177,16.31,2886.87
POI013267,PO13267,P0072,167,13.98,2334.66
POI013268,PO13268,P0072,171,13.98,2390.58
POI013269,PO13269,P0072,167,16.31,2723.77
POI013270,PO13270,P0072,177,16.31,2886.87
POI013271,PO13271,P0072,167,16.31,2723.77
POI013272,PO13272,P0072,172,13.98,2404.56
POI013273,PO13273,P0072,167,16.31,2723.77
POI013274,PO13274,P0072,174,13.98,2432.52
POI013275,PO13275,P0072,170,16.31,2772.7
POI013276,PO13276,P0072,174,16.31,2837.94
POI013277,PO13277,P0072,174,16.31,2837.94
POI013278,PO13278,P0072,177,13.98,2474.46
POI013279,PO13279,P0072,177,16.31,2886.87
POI013280,PO13280,P0072,177,13.98,2474.46
POI013281,PO13281,P0072,171,13.98,2390.58
POI013282,PO13282,P0073,320,10.61,3395.2
POI013283,PO13283,P0073,323,10.19,3291.37
POI013284,PO13284,P0073,333,10.61,3533.13
POI013285,PO13285,P0073,341,10.19,3474.79
POI013286,PO13286,P0073,340,8.48,2883.2
POI013287,PO13287,P0073,341,10.19,3474.79
POI013288,PO13288,P0073,319,10.61,3384.59
POI013289,PO13289,P0073,341,8.48,2891.68
POI013290,PO13290,P0073,339,10.61,3596.79
POI013291,PO13291,P0073,332,10.61,3522.52
POI013292,PO13292,P0073,341,10.19,3474.79
POI013293,PO13293,P0073,341,10.19,3474.79
POI013294,PO13294,P0073,322,8.48,2730.56
POI013295,PO13295,P0073,331,8.48,2806.88
POI013296,PO13296,P0073,324,10.61,3437.64
POI013297,PO13297,P0073,334,8.48,2832.32
POI013298,PO13298,P0073,328,10.61,3480.08
POI013299,PO13299,P0073,319,10.61,3384.59
POI013300,PO13300,P0073,320,10.19,3260.8
POI013301,PO13301,P0073,324,10.61,3437.64
POI013302,PO13302,P0073,337,10.19,3434.03
POI013303,PO13303,P0073,317,10.19,3230.23
POI013304,PO13304,P0073,338,10.61,3586.18
POI013305,PO13305,P0073,339,10.61,3596.79
POI013306,PO13306,P0073,321,10.61,3405.81
POI013307,PO13307,P0073,324,10.19,3301.56
POI013308,PO13308,P0073,328,8.48,2781.44
POI013309,PO13309,P0073,330,10.19,3362.7
POI013310,PO13310,P0073,341,10.19,3474.79
POI013311,PO13311,P0073,332,10.61,3522.52
POI013312,PO13312,P0074,332,4.94,1640.08
POI013313,PO13313,P0074,332,4.94,1640.08
POI013314,PO13314,P0074,328,5.64,1849.92
POI013315,PO13315,P0074,330,4.94,1630.2
POI013316,PO13316,P0074,323,4.94,1595.62
POI013317,PO13317,P0074,332,5.35,1776.2
POI013318,PO13318,P0074,332,5.64,1872.48
POI013319,PO13319,P0074,332,5.35,1776.2
POI013320,PO13320,P0074,320,4.94,1580.8
POI013321,PO13321,P0074,332,5.64,1872.48
POI013322,PO13322,P0074,332,5.64,1872.48
POI013323,PO13323,P0074,328,5.35,1754.8
POI013324,PO13324,P0074,332,5.35,1776.2
POI013325,PO13325,P0074,332,5.64,1872.48
POI013326,PO13326,P0074,332,5.35,1776.2
POI013327,PO13327,P0074,317,4.94,1565.98
POI013328,PO13328,P0074,332,5.35,1776.2
POI013329,PO13329,P0074,324,4.94,1600.56
POI013330,PO13330,P0074,324,5.64,1827.36
POI013331,PO13331,P0074,319,5.35,1706.65
POI013332,PO13332,P0074,318,5.64,1793.52
POI013333,PO13333,P0074,329,5.64,1855.56
POI013334,PO13334,P0074,325,5.35,1738.75
POI013335,PO13335,P0074,316,5.35,1690.6
POI013336,PO13336,P0074,321,5.35,1717.35
POI013337,PO13337,P0074,317,5.35,1695.95
POI013338,PO13338,P0074,320,4.94,1580.8
POI013339,PO13339,P0074,327,5.35,1749.45
POI013340,PO13340,P0074,332,5.35,1776.2
POI013341,PO13341,P0074,332,5.64,1872.48
POI013342,PO13342,P0075,394,18.75,7387.5
POI013343,PO13343,P0075,388,17.22,6681.36
POI013344,PO13344,P0075,396,18.75,7425.0
POI013345,PO13345,P0075,407,17.22,7008.54
POI013346,PO13346,P0075,405,17.22,6974.1
POI013347,PO13347,P0075,403,18.75,7556.25
POI013348,PO13348,P0075,405,18.75,7593.75
POI013349,PO13349,P0075,411,17.22,7077.42
POI013350,PO13350,P0075,411,17.22,7077.42
POI013351,PO13351,P0075,393,17.22,6767.46
POI013352,PO13352,P0075,411,18.75,7706.25
POI013353,PO13353,P0075,388,17.22,6681.36
POI013354,PO13354,P0075,393,17.22,6767.46
POI013355,PO13355,P0075,411,18.75,7706.25
POI013356,PO13356,P0075,392,18.75,7350.0
POI013357,PO13357,P0075,411,17.22,7077.42
POI013358,PO13358,P0075,411,18.75,7706.25
POI013359,PO13359,P0075,390,18.75,7312.5
POI013360,PO13360,P0075,397,17.22,6836.34
POI013361,PO13361,P0075,389,18.75,7293.75
POI013362,PO13362,P0075,401,17.22,6905.22
POI013363,PO13363,P0075,410,18.75,7687.5
POI013364,PO13364,P0075,409,18.75,7668.75
POI013365,PO13365,P0075,410,17.22,7060.2
POI013366,PO13366,P0075,400,18.75,7500.0
POI013367,PO13367,P0075,388,17.22,6681.36
POI013368,PO13368,P0075,389,18.75,7293.75
POI013369,PO13369,P0075,390,18.75,7312.5
POI013370,PO13370,P0075,411,18.75,7706.25
POI013371,PO13371,P0075,403,17.22,6939.66
POI013372,PO13372,P0076,77,5.83,448.91
POI013373,PO13373,P0076,90,5.83,524.7
POI013374,PO13374,P0076,89,5.83,518.87
POI013375,PO13375,P0076,83,5.83,483.89
POI013376,PO13376,P0076,90,5.83,524.7
POI013377,PO13377,P0076,92,5.83,536.36
POI013378,PO13378,P0076,76,5.83,443.08
POI013379,PO13379,P0076,98,5.83,571.34
POI013380,PO13380,P0076,97,5.83,565.51
POI013381,PO13381,P0076,80,5.83,466.4
POI013382,PO13382,P0076,91,5.83,530.53
POI013383,PO13383,P0076,83,5.83,483.89
POI013384,PO13384,P0076,92,5.83,536.36
POI013385,PO13385,P0076,92,5.83,536.36
POI013386,PO13386,P0076,79,5.83,460.57
POI013387,PO13387,P0076,98,5.83,571.34
POI013388,PO13388,P0076,80,5.83,466.4
POI013389,PO13389,P0076,82,5.83,478.06
POI013390,PO13390,P0076,88,5.83,513.04
POI013391,PO13391,P0076,108,5.83,629.64
POI013392,PO13392,P0076,76,5.83,443.08
POI013393,PO13393,P0076,82,5.83,478.06
POI013394,PO13394,P0076,108,5.83,629.64
POI013395,PO13395,P0076,82,5.83,478.06
POI013396,PO13396,P0076,101,5.83,588.83
POI013397,PO13397,P0076,96,5.83,559.68
POI013398,PO13398,P0076,98,5.83,571.34
POI013399,PO13399,P0076,78,5.83,454.74
POI013400,PO13400,P0076,93,5.83,542.19
POI013401,PO13401,P0076,81,5.83,472.23
POI013402,PO13402,P0076,89,5.83,518.87
POI013403,PO13403,P0076,88,5.83,513.04
POI013404,PO13404,P0076,93,5.83,542.19
POI013405,PO13405,P0076,93,5.83,542.19
POI013406,PO13406,P0076,100,5.83,583.0
POI013407,PO13407,P0076,89,5.83,518.87
POI013408,PO13408,P0076,93,5.83,542.19
POI013409,PO13409,P0076,108,5.83,629.64
POI013410,PO13410,P0076,86,5.83,501.38
POI013411,PO13411,P0076,92,5.83,536.36
POI013412,PO13412,P0076,89,5.83,518.87
POI013413,PO13413,P0076,89,5.83,518.87
POI013414,PO13414,P0076,93,5.83,542.19
POI013415,PO13415,P0076,89,5.83,518.87
POI013416,PO13416,P0076,92,5.83,536.36
POI013417,PO13417,P0076,90,5.83,524.7
POI013418,PO13418,P0076,79,5.83,460.57
POI013419,PO13419,P0076,104,5.83,606.32
POI013420,PO13420,P0076,81,5.83,472.23
POI013421,PO13421,P0076,83,5.83,483.89
POI013422,PO13422,P0076,81,5.83,472.23
POI013423,PO13423,P0076,78,5.83,454.74
POI013424,PO13424,P0076,90,5.83,524.7
POI013425,PO13425,P0076,86,5.83,501.38
POI013426,PO13426,P0076,93,5.83,542.19
POI013427,PO13427,P0076,97,5.83,565.51
POI013428,PO13428,P0076,93,5.83,542.19
POI013429,PO13429,P0076,80,5.83,466.4
POI013430,PO13430,P0076,79,5.83,460.57
POI013431,PO13431,P0076,90,5.83,524.7
POI013432,PO13432,P0076,82,5.83,478.06
POI013433,PO13433,P0076,104,5.83,606.32
POI013434,PO13434,P0076,80,5.83,466.4
POI013435,PO13435,P0076,93,5.83,542.19
POI013436,PO13436,P0076,99,5.83,577.17
POI013437,PO13437,P0076,95,5.83,553.85
POI013438,PO13438,P0076,84,5.83,489.72
POI013439,PO13439,P0076,85,5.83,495.55
POI013440,PO13440,P0076,86,5.83,501.38
POI013441,PO13441,P0076,102,5.83,594.66
POI013442,PO13442,P0076,95,5.83,553.85
POI013443,PO13443,P0076,94,5.83,548.02
POI013444,PO13444,P0076,93,5.83,542.19
POI013445,PO13445,P0076,93,5.83,542.19
POI013446,PO13446,P0076,85,5.83,495.55
POI013447,PO13447,P0076,80,5.83,466.4
POI013448,PO13448,P0076,82,5.83,478.06
POI013449,PO13449,P0076,98,5.83,571.34
POI013450,PO13450,P0076,97,5.83,565.51
POI013451,PO13451,P0076,92,5.83,536.36
POI013452,PO13452,P0076,98,5.83,571.34
POI013453,PO13453,P0076,86,5.83,501.38
POI013454,PO13454,P0076,84,5.83,489.72
POI013455,PO13455,P0076,80,5.83,466.4
POI013456,PO13456,P0076,82,5.83,478.06
POI013457,PO13457,P0076,96,5.83,559.68
POI013458,PO13458,P0076,102,5.83,594.66
POI013459,PO13459,P0076,79,5.83,460.57
POI013460,PO13460,P0076,88,5.83,513.04
POI013461,PO13461,P0076,108,5.83,629.64
POI013462,PO13462,P0076,89,5.83,518.87
POI013463,PO13463,P0076,87,5.83,507.21
POI013464,PO13464,P0076,82,5.83,478.06
POI013465,PO13465,P0076,94,5.83,548.02
POI013466,PO13466,P0076,87,5.83,507.21
POI013467,PO13467,P0076,77,5.83,448.91
POI013468,PO13468,P0076,96,5.83,559.68
POI013469,PO13469,P0076,87,5.83,507.21
POI013470,PO13470,P0076,78,5.83,454.74
POI013471,PO13471,P0076,82,5.83,478.06
POI013472,PO13472,P0076,93,5.83,542.19
POI013473,PO13473,P0076,97,5.83,565.51
POI013474,PO13474,P0076,84,5.83,489.72
POI013475,PO13475,P0076,84,5.83,489.72
POI013476,PO13476,P0076,83,5.83,483.89
POI013477,PO13477,P0076,103,5.83,600.49
POI013478,PO13478,P0076,101,5.83,588.83
POI013479,PO13479,P0076,80,5.83,466.4
POI013480,PO13480,P0076,89,5.83,518.87
POI013481,PO13481,P0076,84,5.83,489.72
POI013482,PO13482,P0077,90,2.54,228.6
POI013483,PO13483,P0077,93,2.54,236.22
POI013484,PO13484,P0077,84,2.54,213.36
POI013485,PO13485,P0077,90,2.54,228.6
POI013486,PO13486,P0077,90,2.54,228.6
POI013487,PO13487,P0077,85,2.54,215.9
POI013488,PO13488,P0077,88,2.54,223.52
POI013489,PO13489,P0077,81,2.54,205.74
POI013490,PO13490,P0077,87,2.54,220.98
POI013491,PO13491,P0077,87,2.54,220.98
POI013492,PO13492,P0077,82,2.54,208.28
POI013493,PO13493,P0077,89,2.54,226.06
POI013494,PO13494,P0077,94,2.54,238.76
POI013495,PO13495,P0077,81,2.54,205.74
POI013496,PO13496,P0077,88,2.54,223.52
POI013497,PO13497,P0077,82,2.54,208.28
POI013498,PO13498,P0077,94,2.54,238.76
POI013499,PO13499,P0077,92,2.54,233.68
POI013500,PO13500,P0077,88,2.54,223.52
POI013501,PO13501,P0077,95,2.54,241.3
POI013502,PO13502,P0077,88,2.54,223.52
POI013503,PO13503,P0077,94,2.54,238.76
POI013504,PO13504,P0077,82,2.54,208.28
POI013505,PO13505,P0077,88,2.54,223.52
POI013506,PO13506,P0077,89,2.54,226.06
POI013507,PO13507,P0077,83,2.54,210.82
POI013508,PO13508,P0077,92,2.54,233.68
POI013509,PO13509,P0077,85,2.54,215.9
POI013510,PO13510,P0077,83,2.54,210.82
POI013511,PO13511,P0077,87,2.54,220.98
POI013512,PO13512,P0077,91,2.54,231.14
POI013513,PO13513,P0077,91,2.54,231.14
POI013514,PO13514,P0077,93,2.54,236.22
POI013515,PO13515,P0077,93,2.54,236.22
POI013516,PO13516,P0077,95,2.54,241.3
POI013517,PO13517,P0077,94,2.54,238.76
POI013518,PO13518,P0077,86,2.54,218.44
POI013519,PO13519,P0077,89,2.54,226.06
POI013520,PO13520,P0077,84,2.54,213.36
POI013521,PO13521,P0077,83,2.54,210.82
POI013522,PO13522,P0077,85,2.54,215.9
POI013523,PO13523,P0077,80,2.54,203.2
POI013524,PO13524,P0077,88,2.54,223.52
POI013525,PO13525,P0077,84,2.54,213.36
POI013526,PO13526,P0077,80,2.54,203.2
POI013527,PO13527,P0077,81,2.54,205.74
POI013528,PO13528,P0077,82,2.54,208.28
POI013529,PO13529,P0077,81,2.54,205.74
POI013530,PO13530,P0077,89,2.54,226.06
POI013531,PO13531,P0077,92,2.54,233.68
POI013532,PO13532,P0077,85,2.54,215.9
POI013533,PO13533,P0077,90,2.54,228.6
POI013534,PO13534,P0077,87,2.54,220.98
POI013535,PO13535,P0077,82,2.54,208.28
POI013536,PO13536,P0077,89,2.54,226.06
POI013537,PO13537,P0077,92,2.54,233.68
POI013538,PO13538,P0077,84,2.54,213.36
POI013539,PO13539,P0077,92,2.54,233.68
POI013540,PO13540,P0077,80,2.54,203.2
POI013541,PO13541,P0077,83,2.54,210.82
POI013542,PO13542,P0078,418,14.66,6127.88
POI013543,PO13543,P0078,399,14.66,5849.34
POI013544,PO13544,P0078,404,14.66,5922.64
POI013545,PO13545,P0078,406,14.66,5951.96
POI013546,PO13546,P0078,406,14.66,5951.96
POI013547,PO13547,P0078,412,14.66,6039.92
POI013548,PO13548,P0078,396,14.66,5805.36
POI013549,PO13549,P0078,415,14.66,6083.9
POI013550,PO13550,P0078,403,14.66,5907.98
POI013551,PO13551,P0078,398,14.66,5834.68
POI013552,PO13552,P0078,422,14.66,6186.52
POI013553,PO13553,P0078,404,14.66,5922.64
POI013554,PO13554,P0078,401,14.66,5878.66
POI013555,PO13555,P0078,404,14.66,5922.64
POI013556,PO13556,P0078,395,14.66,5790.7
POI013557,PO13557,P0078,405,14.66,5937.3
POI013558,PO13558,P0078,405,14.66,5937.3
POI013559,PO13559,P0078,394,14.66,5776.04
POI013560,PO13560,P0079,435,5.59,2431.65
POI013561,PO13561,P0079,422,6.93,2924.46
POI013562,PO13562,P0079,428,5.59,2392.52
POI013563,PO13563,P0079,431,6.93,2986.83
POI013564,PO13564,P0079,426,5.59,2381.34
POI013565,PO13565,P0079,433,5.59,2420.47
POI013566,PO13566,P0079,433,6.93,3000.69
POI013567,PO13567,P0079,437,5.59,2442.83
POI013568,PO13568,P0079,436,5.59,2437.24
POI013569,PO13569,P0079,429,6.93,2972.97
POI013570,PO13570,P0079,422,6.93,2924.46
POI013571,PO13571,P0079,440,6.93,3049.2
POI013572,PO13572,P0079,439,6.93,3042.27
POI013573,PO13573,P0079,425,5.59,2375.75
POI013574,PO13574,P0079,426,5.59,2381.34
POI013575,PO13575,P0080,263,12.36,3250.68
POI013576,PO13576,P0080,241,12.36,2978.76
POI013577,PO13577,P0080,237,14.73,3491.01
POI013578,PO13578,P0080,247,14.73,3638.31
POI013579,PO13579,P0080,246,12.36,3040.56
POI013580,PO13580,P0080,240,12.36,2966.4
POI013581,PO13581,P0080,251,12.36,3102.36
POI013582,PO13582,P0080,263,12.36,3250.68
POI013583,PO13583,P0080,240,14.73,3535.2
POI013584,PO13584,P0080,237,12.36,2929.32
POI013585,PO13585,P0080,253,12.36,3127.08
POI013586,PO13586,P0080,247,14.73,3638.31
POI013587,PO13587,P0080,260,14.73,3829.8
POI013588,PO13588,P0080,240,14.73,3535.2
POI013589,PO13589,P0080,238,14.73,3505.74
POI013590,PO13590,P0080,247,12.36,3052.92
POI013591,PO13591,P0080,241,12.36,2978.76
POI013592,PO13592,P0080,255,12.36,3151.8
POI013593,PO13593,P0080,255,14.73,3756.15
POI013594,PO13594,P0080,236,12.36,2916.96
POI013595,PO13595,P0080,234,12.36,2892.24
POI013596,PO13596,P0080,250,12.36,3090.0
POI013597,PO13597,P0080,235,14.73,3461.55
POI013598,PO13598,P0080,267,14.73,3932.91
POI013599,PO13599,P0080,243,12.36,3003.48
POI013600,PO13600,P0080,249,14.73,3667.77
POI013601,PO13601,P0080,257,14.73,3785.61
POI013602,PO13602,P0080,248,12.36,3065.28
POI013603,PO13603,P0080,251,14.73,3697.23
POI013604,PO13604,P0080,258,12.36,3188.88
POI013605,PO13605,P0080,248,14.73,3653.04
POI013606,PO13606,P0080,242,14.73,3564.66
POI013607,PO13607,P0080,249,12.36,3077.64
POI013608,PO13608,P0080,235,14.73,3461.55
POI013609,PO13609,P0080,236,12.36,2916.96
POI013610,PO13610,P0080,256,14.73,3770.88
POI013611,PO13611,P0080,245,12.36,3028.2
POI013612,PO13612,P0080,238,14.73,3505.74
POI013613,PO13613,P0080,235,12.36,2904.6
POI013614,PO13614,P0080,242,14.73,3564.66
POI013615,PO13615,P0080,248,12.36,3065.28
POI013616,PO13616,P0080,238,12.36,2941.68
POI013617,PO13617,P0080,245,14.73,3608.85
POI013618,PO13618,P0080,248,14.73,3653.04
POI013619,PO13619,P0080,241,14.73,3549.93
POI013620,PO13620,P0080,239,14.73,3520.47
POI013621,PO13621,P0081,377,8.12,3061.24
POI013622,PO13622,P0081,398,7.5,2985.0
POI013623,PO13623,P0081,376,8.12,3053.12
POI013624,PO13624,P0081,382,7.5,2865.0
POI013625,PO13625,P0081,399,7.5,2992.5
POI013626,PO13626,P0081,375,8.12,3045.0
POI013627,PO13627,P0081,376,8.12,3053.12
POI013628,PO13628,P0081,377,8.12,3061.24
POI013629,PO13629,P0081,384,7.5,2880.0
POI013630,PO13630,P0081,379,7.5,2842.5
POI013631,PO13631,P0081,386,7.5,2895.0
POI013632,PO13632,P0081,382,8.12,3101.84
POI013633,PO13633,P0081,397,8.12,3223.64
POI013634,PO13634,P0081,382,8.12,3101.84
POI013635,PO13635,P0081,394,7.5,2955.0
POI013636,PO13636,P0081,387,7.5,2902.5
POI013637,PO13637,P0081,377,7.5,2827.5
POI013638,PO13638,P0081,378,7.5,2835.0
POI013639,PO13639,P0082,438,2.36,1033.68
POI013640,PO13640,P0082,447,2.36,1054.92
POI013641,PO13641,P0082,443,2.36,1045.48
POI013642,PO13642,P0082,438,3.05,1335.9
POI013643,PO13643,P0082,439,3.05,1338.95
POI013644,PO13644,P0082,452,3.05,1378.6
POI013645,PO13645,P0082,449,2.36,1059.64
POI013646,PO13646,P0082,451,2.36,1064.36
POI013647,PO13647,P0082,441,3.05,1345.05
POI013648,PO13648,P0082,441,3.05,1345.05
POI013649,PO13649,P0082,441,3.05,1345.05
POI013650,PO13650,P0082,443,3.05,1351.15
POI013651,PO13651,P0082,445,2.36,1050.2
POI013652,PO13652,P0083,153,5.11,781.83
POI013653,PO13653,P0083,149,5.11,761.39
POI013654,PO13654,P0083,154,5.11,786.94
POI013655,PO13655,P0083,150,5.11,766.5
POI013656,PO13656,P0083,154,5.11,786.94
POI013657,PO13657,P0083,151,5.11,771.61
POI013658,PO13658,P0083,149,5.11,761.39
POI013659,PO13659,P0083,151,5.11,771.61
POI013660,PO13660,P0083,146,5.11,746.06
POI013661,PO13661,P0083,148,5.11,756.28
POI013662,PO13662,P0083,151,5.11,771.61
POI013663,PO13663,P0083,154,5.11,786.94
POI013664,PO13664,P0083,153,5.11,781.83
POI013665,PO13665,P0083,149,5.11,761.39
POI013666,PO13666,P0083,154,5.11,786.94
POI013667,PO13667,P0083,149,5.11,761.39
POI013668,PO13668,P0083,149,5.11,761.39
POI013669,PO13669,P0083,148,5.11,756.28
POI013670,PO13670,P0083,154,5.11,786.94
POI013671,PO13671,P0083,154,5.11,786.94
POI013672,PO13672,P0083,153,5.11,781.83
POI013673,PO13673,P0083,150,5.11,766.5
POI013674,PO13674,P0084,94,24.09,2264.46
POI013675,PO13675,P0084,89,24.09,2144.01
POI013676,PO13676,P0084,93,24.09,2240.37
POI013677,PO13677,P0084,83,24.09,1999.47
POI013678,PO13678,P0084,86,24.09,2071.74
POI013679,PO13679,P0084,86,24.09,2071.74
POI013680,PO13680,P0084,86,24.09,2071.74
POI013681,PO13681,P0084,90,24.09,2168.1
POI013682,PO13682,P0084,85,24.09,2047.65
POI013683,PO13683,P0084,88,24.09,2119.92
POI013684,PO13684,P0084,88,24.09,2119.92
POI013685,PO13685,P0084,100,24.09,2409.0
POI013686,PO13686,P0084,87,24.09,2095.83
POI013687,PO13687,P0084,82,24.09,1975.38
POI013688,PO13688,P0084,84,24.09,2023.56
POI013689,PO13689,P0084,89,24.09,2144.01
POI013690,PO13690,P0084,93,24.09,2240.37
POI013691,PO13691,P0084,91,24.09,2192.19
POI013692,PO13692,P0084,96,24.09,2312.64
POI013693,PO13693,P0084,82,24.09,1975.38
POI013694,PO13694,P0084,81,24.09,1951.29
POI013695,PO13695,P0084,85,24.09,2047.65
POI013696,PO13696,P0084,88,24.09,2119.92
POI013697,PO13697,P0084,92,24.09,2216.28
POI013698,PO13698,P0084,90,24.09,2168.1
POI013699,PO13699,P0084,93,24.09,2240.37
POI013700,PO13700,P0084,87,24.09,2095.83
POI013701,PO13701,P0084,87,24.09,2095.83
POI013702,PO13702,P0084,93,24.09,2240.37
POI013703,PO13703,P0084,82,24.09,1975.38
POI013704,PO13704,P0084,97,24.09,2336.73
POI013705,PO13705,P0084,83,24.09,1999.47
POI013706,PO13706,P0084,92,24.09,2216.28
POI013707,PO13707,P0084,94,24.09,2264.46
POI013708,PO13708,P0084,83,24.09,1999.47
POI013709,PO13709,P0084,87,24.09,2095.83
POI013710,PO13710,P0084,81,24.09,1951.29
POI013711,PO13711,P0084,81,24.09,1951.29
POI013712,PO13712,P0084,87,24.09,2095.83
POI013713,PO13713,P0084,87,24.09,2095.83
POI013714,PO13714,P0084,84,24.09,2023.56
POI013715,PO13715,P0084,86,24.09,2071.74
POI013716,PO13716,P0084,84,24.09,2023.56
POI013717,PO13717,P0084,85,24.09,2047.65
POI013718,PO13718,P0084,81,24.09,1951.29
POI013719,PO13719,P0084,81,24.09,1951.29
POI013720,PO13720,P0084,81,24.09,1951.29
POI013721,PO13721,P0084,90,24.09,2168.1
POI013722,PO13722,P0084,85,24.09,2047.65
POI013723,PO13723,P0084,89,24.09,2144.01
POI013724,PO13724,P0084,84,24.09,2023.56
POI013725,PO13725,P0084,84,24.09,2023.56
POI013726,PO13726,P0084,85,24.09,2047.65
POI013727,PO13727,P0084,86,24.09,2071.74
POI013728,PO13728,P0084,84,24.09,2023.56
POI013729,PO13729,P0084,91,24.09,2192.19
POI013730,PO13730,P0084,81,24.09,1951.29
POI013731,PO13731,P0085,379,5.4,2046.6
POI013732,PO13732,P0085,374,5.65,2113.1
POI013733,PO13733,P0085,373,5.4,2014.2
POI013734,PO13734,P0085,381,5.65,2152.65
POI013735,PO13735,P0085,371,5.4,2003.4
POI013736,PO13736,P0085,381,5.4,2057.4
POI013737,PO13737,P0085,369,5.65,2084.85
POI013738,PO13738,P0085,371,5.65,2096.15
POI013739,PO13739,P0085,369,6.02,2221.38
POI013740,PO13740,P0085,378,5.4,2041.2
POI013741,PO13741,P0086,98,19.48,1909.04
POI013742,PO13742,P0086,87,19.48,1694.76
POI013743,PO13743,P0086,104,22.82,2373.28
POI013744,PO13744,P0086,93,19.48,1811.64
POI013745,PO13745,P0086,84,19.48,1636.32
POI013746,PO13746,P0086,97,19.48,1889.56
POI013747,PO13747,P0086,90,19.48,1753.2
POI013748,PO13748,P0086,94,19.48,1831.12
POI013749,PO13749,P0086,105,19.48,2045.4
POI013750,PO13750,P0086,92,22.82,2099.44
POI013751,PO13751,P0086,102,19.48,1986.96
POI013752,PO13752,P0086,90,22.82,2053.8
POI013753,PO13753,P0086,115,21.47,2469.05
POI013754,PO13754,P0086,95,22.82,2167.9
POI013755,PO13755,P0086,110,22.82,2510.2
POI013756,PO13756,P0086,95,21.47,2039.65
POI013757,PO13757,P0086,105,21.47,2254.35
POI013758,PO13758,P0086,115,21.47,2469.05
POI013759,PO13759,P0086,86,21.47,1846.42
POI013760,PO13760,P0086,112,22.82,2555.84
POI013761,PO13761,P0086,108,22.82,2464.56
POI013762,PO13762,P0086,101,22.82,2304.82
POI013763,PO13763,P0086,106,21.47,2275.82
POI013764,PO13764,P0086,104,21.47,2232.88
POI013765,PO13765,P0086,85,21.47,1824.95
POI013766,PO13766,P0086,92,22.82,2099.44
POI013767,PO13767,P0086,97,21.47,2082.59
POI013768,PO13768,P0086,114,19.48,2220.72
POI013769,PO13769,P0086,102,21.47,2189.94
POI013770,PO13770,P0086,116,19.48,2259.68
POI013771,PO13771,P0086,89,21.47,1910.83
POI013772,PO13772,P0086,106,19.48,2064.88
POI013773,PO13773,P0086,106,19.48,2064.88
POI013774,PO13774,P0086,104,22.82,2373.28
POI013775,PO13775,P0086,87,21.47,1867.89
POI013776,PO13776,P0086,106,21.47,2275.82
POI013777,PO13777,P0086,111,22.82,2533.02
POI013778,PO13778,P0086,90,22.82,2053.8
POI013779,PO13779,P0086,99,22.82,2259.18
POI013780,PO13780,P0086,109,19.48,2123.32
POI013781,PO13781,P0086,124,22.82,2829.68
POI013782,PO13782,P0086,100,22.82,2282.0
POI013783,PO13783,P0086,115,21.47,2469.05
POI013784,PO13784,P0086,84,22.82,1916.88
POI013785,PO13785,P0086,87,21.47,1867.89
POI013786,PO13786,P0086,105,19.48,2045.4
POI013787,PO13787,P0086,113,19.48,2201.24
POI013788,PO13788,P0086,99,21.47,2125.53
POI013789,PO13789,P0086,99,22.82,2259.18
POI013790,PO13790,P0086,95,21.47,2039.65
POI013791,PO13791,P0086,96,22.82,2190.72
POI013792,PO13792,P0086,100,19.48,1948.0
POI013793,PO13793,P0086,86,19.48,1675.28
POI013794,PO13794,P0086,87,21.47,1867.89
POI013795,PO13795,P0086,92,19.48,1792.16
POI013796,PO13796,P0086,113,22.82,2578.66
POI013797,PO13797,P0086,94,22.82,2145.08
POI013798,PO13798,P0086,109,22.82,2487.38
POI013799,PO13799,P0086,89,19.48,1733.72
POI013800,PO13800,P0086,85,22.82,1939.7
POI013801,PO13801,P0086,93,22.82,2122.26
POI013802,PO13802,P0086,106,19.48,2064.88
POI013803,PO13803,P0086,89,21.47,1910.83
POI013804,PO13804,P0086,109,21.47,2340.23
POI013805,PO13805,P0086,102,19.48,1986.96
POI013806,PO13806,P0086,96,19.48,1870.08
POI013807,PO13807,P0086,92,21.47,1975.24
POI013808,PO13808,P0086,98,21.47,2104.06
POI013809,PO13809,P0086,87,21.47,1867.89
POI013810,PO13810,P0086,101,19.48,1967.48
POI013811,PO13811,P0086,100,21.47,2147.0
POI013812,PO13812,P0086,84,22.82,1916.88
POI013813,PO13813,P0086,104,19.48,2025.92
POI013814,PO13814,P0086,108,22.82,2464.56
POI013815,PO13815,P0086,107,22.82,2441.74
POI013816,PO13816,P0086,96,19.48,1870.08
POI013817,PO13817,P0086,85,21.47,1824.95
POI013818,PO13818,P0086,98,21.47,2104.06
POI013819,PO13819,P0086,93,21.47,1996.71
POI013820,PO13820,P0086,104,21.47,2232.88
POI013821,PO13821,P0086,93,19.48,1811.64
POI013822,PO13822,P0086,109,22.82,2487.38
POI013823,PO13823,P0086,86,19.48,1675.28
POI013824,PO13824,P0086,108,21.47,2318.76
POI013825,PO13825,P0086,102,22.82,2327.64
POI013826,PO13826,P0086,89,19.48,1733.72
POI013827,PO13827,P0086,92,21.47,1975.24
POI013828,PO13828,P0086,92,21.47,1975.24
POI013829,PO13829,P0086,89,22.82,2030.98
POI013830,PO13830,P0086,86,22.82,1962.52
POI013831,PO13831,P0086,104,21.47,2232.88
POI013832,PO13832,P0086,112,21.47,2404.64
POI013833,PO13833,P0086,94,22.82,2145.08
POI013834,PO13834,P0086,104,22.82,2373.28
POI013835,PO13835,P0086,102,21.47,2189.94
POI013836,PO13836,P0086,100,21.47,2147.0
POI013837,PO13837,P0086,85,19.48,1655.8
POI013838,PO13838,P0086,94,22.82,2145.08
POI013839,PO13839,P0086,85,19.48,1655.8
POI013840,PO13840,P0086,104,19.48,2025.92
POI013841,PO13841,P0086,86,22.82,1962.52
POI013842,PO13842,P0086,91,22.82,2076.62
POI013843,PO13843,P0086,107,19.48,2084.36
POI013844,PO13844,P0086,86,22.82,1962.52
POI013845,PO13845,P0086,93,19.48,1811.64
POI013846,PO13846,P0086,101,21.47,2168.47
POI013847,PO13847,P0086,88,22.82,2008.16
POI013848,PO13848,P0086,101,21.47,2168.47
POI013849,PO13849,P0086,94,21.47,2018.18
POI013850,PO13850,P0087,431,20.0,8620.0
POI013851,PO13851,P0087,431,20.0,8620.0
POI013852,PO13852,P0087,431,20.0,8620.0
POI013853,PO13853,P0087,448,22.78,10205.44
POI013854,PO13854,P0087,446,20.0,8920.0
POI013855,PO13855,P0087,441,21.46,9463.86
POI013856,PO13856,P0087,436,21.46,9356.56
POI013857,PO13857,P0087,442,20.0,8840.0
POI013858,PO13858,P0087,444,20.0,8880.0
POI013859,PO13859,P0087,431,20.0,8620.0
POI013860,PO13860,P0087,437,22.78,9954.86
POI013861,PO13861,P0087,436,20.0,8720.0
POI013862,PO13862,P0087,441,21.46,9463.86
POI013863,PO13863,P0087,440,21.46,9442.4
POI013864,PO13864,P0087,437,21.46,9378.02
POI013865,PO13865,P0087,435,20.0,8700.0
POI013866,PO13866,P0087,445,22.78,10137.1
POI013867,PO13867,P0087,428,22.78,9749.84
POI013868,PO13868,P0087,437,21.46,9378.02
POI013869,PO13869,P0087,437,22.78,9954.86
POI013870,PO13870,P0087,441,22.78,10045.98
POI013871,PO13871,P0087,445,21.46,9549.7
POI013872,PO13872,P0088,261,13.27,3463.47
POI013873,PO13873,P0088,258,15.49,3996.42
POI013874,PO13874,P0088,261,15.49,4042.89
POI013875,PO13875,P0088,262,15.49,4058.38
POI013876,PO13876,P0088,261,13.27,3463.47
POI013877,PO13877,P0088,260,16.91,4396.6
POI013878,PO13878,P0088,258,16.91,4362.78
POI013879,PO13879,P0088,259,13.27,3436.93
POI013880,PO13880,P0089,242,10.89,2635.38
POI013881,PO13881,P0089,229,10.89,2493.81
POI013882,PO13882,P0089,222,10.89,2417.58
POI013883,PO13883,P0089,221,10.89,2406.69
POI013884,PO13884,P0089,221,10.89,2406.69
POI013885,PO13885,P0089,208,10.89,2265.12
POI013886,PO13886,P0089,221,10.89,2406.69
POI013887,PO13887,P0089,230,10.89,2504.7
POI013888,PO13888,P0089,232,10.89,2526.48
POI013889,PO13889,P0089,216,10.89,2352.24
POI013890,PO13890,P0089,231,10.89,2515.59
POI013891,PO13891,P0089,229,10.89,2493.81
POI013892,PO13892,P0089,240,10.89,2613.6
POI013893,PO13893,P0089,206,10.89,2243.34
POI013894,PO13894,P0089,215,10.89,2341.35
POI013895,PO13895,P0089,234,10.89,2548.26
POI013896,PO13896,P0089,229,10.89,2493.81
POI013897,PO13897,P0089,208,10.89,2265.12
POI013898,PO13898,P0089,215,10.89,2341.35
POI013899,PO13899,P0089,246,10.89,2678.94
POI013900,PO13900,P0089,234,10.89,2548.26
POI013901,PO13901,P0089,216,10.89,2352.24
POI013902,PO13902,P0089,235,10.89,2559.15
POI013903,PO13903,P0089,224,10.89,2439.36
POI013904,PO13904,P0089,216,10.89,2352.24
POI013905,PO13905,P0089,215,10.89,2341.35
POI013906,PO13906,P0089,223,10.89,2428.47
POI013907,PO13907,P0089,212,10.89,2308.68
POI013908,PO13908,P0089,212,10.89,2308.68
POI013909,PO13909,P0089,205,10.89,2232.45
POI013910,PO13910,P0089,213,10.89,2319.57
POI013911,PO13911,P0089,231,10.89,2515.59
POI013912,PO13912,P0089,205,10.89,2232.45
POI013913,PO13913,P0089,209,10.89,2276.01
POI013914,PO13914,P0089,214,10.89,2330.46
POI013915,PO13915,P0089,213,10.89,2319.57
POI013916,PO13916,P0089,222,10.89,2417.58
POI013917,PO13917,P0089,238,10.89,2591.82
POI013918,PO13918,P0089,224,10.89,2439.36
POI013919,PO13919,P0089,223,10.89,2428.47
POI013920,PO13920,P0089,205,10.89,2232.45
POI013921,PO13921,P0089,214,10.89,2330.46
POI013922,PO13922,P0089,230,10.89,2504.7
POI013923,PO13923,P0089,233,10.89,2537.37
POI013924,PO13924,P0089,225,10.89,2450.25
POI013925,PO13925,P0089,218,10.89,2374.02
POI013926,PO13926,P0089,230,10.89,2504.7
POI013927,PO13927,P0089,227,10.89,2472.03
POI013928,PO13928,P0089,209,10.89,2276.01
POI013929,PO13929,P0089,238,10.89,2591.82
POI013930,PO13930,P0089,232,10.89,2526.48
POI013931,PO13931,P0089,230,10.89,2504.7
POI013932,PO13932,P0089,236,10.89,2570.04
POI013933,PO13933,P0089,218,10.89,2374.02
POI013934,PO13934,P0090,413,12.31,5084.03
POI013935,PO13935,P0090,433,12.31,5330.23
POI013936,PO13936,P0090,408,12.78,5214.24
POI013937,PO13937,P0090,423,12.78,5405.94
POI013938,PO13938,P0090,430,12.31,5293.3
POI013939,PO13939,P0090,419,12.31,5157.89
POI013940,PO13940,P0090,417,12.31,5133.27
POI013941,PO13941,P0090,430,12.78,5495.4
POI013942,PO13942,P0090,423,12.78,5405.94
POI013943,PO13943,P0090,415,12.31,5108.65
POI013944,PO13944,P0090,421,12.31,5182.51
POI013945,PO13945,P0090,423,12.31,5207.13
POI013946,PO13946,P0090,422,12.31,5194.82
POI013947,PO13947,P0090,423,12.78,5405.94
POI013948,PO13948,P0090,409,12.31,5034.79
POI013949,PO13949,P0090,422,12.78,5393.16
POI013950,PO13950,P0090,415,12.31,5108.65
POI013951,PO13951,P0091,319,26.46,8440.74
POI013952,PO13952,P0091,319,22.61,7212.59
POI013953,PO13953,P0091,310,26.46,8202.6
POI013954,PO13954,P0091,319,26.46,8440.74
POI013955,PO13955,P0091,319,23.73,7569.87
POI013956,PO13956,P0091,319,26.46,8440.74
POI013957,PO13957,P0091,316,22.61,7144.76
POI013958,PO13958,P0091,308,22.61,6963.88
POI013959,PO13959,P0091,318,23.73,7546.14
POI013960,PO13960,P0091,311,26.46,8229.06
POI013961,PO13961,P0091,311,22.61,7031.71
POI013962,PO13962,P0091,309,23.73,7332.57
POI013963,PO13963,P0091,319,22.61,7212.59
POI013964,PO13964,P0091,315,23.73,7474.95
POI013965,PO13965,P0091,319,23.73,7569.87
POI013966,PO13966,P0091,319,26.46,8440.74
POI013967,PO13967,P0091,319,22.61,7212.59
POI013968,PO13968,P0091,319,22.61,7212.59
POI013969,PO13969,P0091,319,23.73,7569.87
POI013970,PO13970,P0091,319,23.73,7569.87
POI013971,PO13971,P0091,310,26.46,8202.6
POI013972,PO13972,P0091,316,23.73,7498.68
POI013973,PO13973,P0091,319,22.61,7212.59
POI013974,PO13974,P0091,319,22.61,7212.59
POI013975,PO13975,P0091,319,26.46,8440.74
POI013976,PO13976,P0091,318,23.73,7546.14
POI013977,PO13977,P0091,315,23.73,7474.95
POI013978,PO13978,P0091,319,22.61,7212.59
POI013979,PO13979,P0091,318,22.61,7189.98
POI013980,PO13980,P0091,319,22.61,7212.59
POI013981,PO13981,P0092,374,21.62,8085.88
POI013982,PO13982,P0092,377,21.0,7917.0
POI013983,PO13983,P0092,376,21.0,7896.0
POI013984,PO13984,P0092,361,21.0,7581.0
POI013985,PO13985,P0092,390,21.0,8190.0
POI013986,PO13986,P0092,377,21.0,7917.0
POI013987,PO13987,P0092,368,21.0,7728.0
POI013988,PO13988,P0092,376,21.62,8129.12
POI013989,PO13989,P0092,374,21.0,7854.0
POI013990,PO13990,P0092,383,21.0,8043.0
POI013991,PO13991,P0092,376,25.5,9588.0
POI013992,PO13992,P0092,377,21.62,8150.74
POI013993,PO13993,P0092,361,21.62,7804.82
POI013994,PO13994,P0092,376,25.5,9588.0
POI013995,PO13995,P0092,370,21.0,7770.0
POI013996,PO13996,P0092,374,21.0,7854.0
POI013997,PO13997,P0092,371,21.62,8021.02
POI013998,PO13998,P0092,370,21.62,7999.4
POI013999,PO13999,P0092,378,21.0,7938.0
POI014000,PO14000,P0092,364,21.62,7869.68
POI014001,PO14001,P0092,376,21.0,7896.0
POI014002,PO14002,P0092,369,21.0,7749.0
POI014003,PO14003,P0092,388,25.5,9894.0
POI014004,PO14004,P0092,375,21.0,7875.0
POI014005,PO14005,P0092,366,21.0,7686.0
POI014006,PO14006,P0092,374,25.5,9537.0
POI014007,PO14007,P0092,368,25.5,9384.0
POI014008,PO14008,P0092,386,21.0,8106.0
POI014009,PO14009,P0092,365,21.0,7665.0
POI014010,PO14010,P0092,390,21.0,8190.0
POI014011,PO14011,P0092,395,21.0,8295.0
POI014012,PO14012,P0092,365,21.0,7665.0
POI014013,PO14013,P0093,63,18.35,1156.05
POI014014,PO14014,P0093,31,18.35,568.85
POI014015,PO14015,P0093,61,18.35,1119.35
POI014016,PO14016,P0093,41,18.35,752.35
POI014017,PO14017,P0093,48,18.35,880.8
POI014018,PO14018,P0093,62,18.35,1137.7
POI014019,PO14019,P0093,29,18.35,532.15
POI014020,PO14020,P0093,33,18.35,605.55
POI014021,PO14021,P0093,34,18.35,623.9
POI014022,PO14022,P0093,31,18.35,568.85
POI014023,PO14023,P0093,57,18.35,1045.95
POI014024,PO14024,P0093,57,18.35,1045.95
POI014025,PO14025,P0093,57,18.35,1045.95
POI014026,PO14026,P0093,51,18.35,935.85
POI014027,PO14027,P0093,33,18.35,605.55
POI014028,PO14028,P0093,52,18.35,954.2
POI014029,PO14029,P0093,68,18.35,1247.8
POI014030,PO14030,P0093,46,18.35,844.1
POI014031,PO14031,P0093,37,18.35,678.95
POI014032,PO14032,P0093,38,18.35,697.3
POI014033,PO14033,P0093,45,18.35,825.75
POI014034,PO14034,P0093,62,18.35,1137.7
POI014035,PO14035,P0093,35,18.35,642.25
POI014036,PO14036,P0093,38,18.35,697.3
POI014037,PO14037,P0093,37,18.35,678.95
POI014038,PO14038,P0093,40,18.35,734.0
POI014039,PO14039,P0093,40,18.35,734.0
POI014040,PO14040,P0093,56,18.35,1027.6
POI014041,PO14041,P0093,37,18.35,678.95
POI014042,PO14042,P0093,35,18.35,642.25
POI014043,PO14043,P0093,40,18.35,734.0
POI014044,PO14044,P0093,47,18.35,862.45
POI014045,PO14045,P0093,33,18.35,605.55
POI014046,PO14046,P0093,42,18.35,770.7
POI014047,PO14047,P0093,68,18.35,1247.8
POI014048,PO14048,P0093,39,18.35,715.65
POI014049,PO14049,P0093,32,18.35,587.2
POI014050,PO14050,P0093,33,18.35,605.55
POI014051,PO14051,P0093,36,18.35,660.6
POI014052,PO14052,P0093,47,18.35,862.45
POI014053,PO14053,P0093,62,18.35,1137.7
POI014054,PO14054,P0093,50,18.35,917.5
POI014055,PO14055,P0093,38,18.35,697.3
POI014056,PO14056,P0093,40,18.35,734.0
POI014057,PO14057,P0093,35,18.35,642.25
POI014058,PO14058,P0093,41,18.35,752.35
POI014059,PO14059,P0093,49,18.35,899.15
POI014060,PO14060,P0093,42,18.35,770.7
POI014061,PO14061,P0093,47,18.35,862.45
POI014062,PO14062,P0093,30,18.35,550.5
POI014063,PO14063,P0093,36,18.35,660.6
POI014064,PO14064,P0093,30,18.35,550.5
POI014065,PO14065,P0093,39,18.35,715.65
POI014066,PO14066,P0093,33,18.35,605.55
POI014067,PO14067,P0093,47,18.35,862.45
POI014068,PO14068,P0093,60,18.35,1101.0
POI014069,PO14069,P0093,35,18.35,642.25
POI014070,PO14070,P0093,33,18.35,605.55
POI014071,PO14071,P0093,42,18.35,770.7
POI014072,PO14072,P0093,68,18.35,1247.8
POI014073,PO14073,P0093,56,18.35,1027.6
POI014074,PO14074,P0093,42,18.35,770.7
POI014075,PO14075,P0093,30,18.35,550.5
POI014076,PO14076,P0093,37,18.35,678.95
POI014077,PO14077,P0093,38,18.35,697.3
POI014078,PO14078,P0093,39,18.35,715.65
POI014079,PO14079,P0093,30,18.35,550.5
POI014080,PO14080,P0093,44,18.35,807.4
POI014081,PO14081,P0093,56,18.35,1027.6
POI014082,PO14082,P0093,29,18.35,532.15
POI014083,PO14083,P0093,32,18.35,587.2
POI014084,PO14084,P0093,32,18.35,587.2
POI014085,PO14085,P0093,39,18.35,715.65
POI014086,PO14086,P0093,43,18.35,789.05
POI014087,PO14087,P0093,46,18.35,844.1
POI014088,PO14088,P0093,47,18.35,862.45
POI014089,PO14089,P0093,41,18.35,752.35
POI014090,PO14090,P0093,40,18.35,734.0
POI014091,PO14091,P0093,40,18.35,734.0
POI014092,PO14092,P0093,29,18.35,532.15
POI014093,PO14093,P0093,42,18.35,770.7
POI014094,PO14094,P0093,31,18.35,568.85
POI014095,PO14095,P0093,43,18.35,789.05
POI014096,PO14096,P0093,36,18.35,660.6
POI014097,PO14097,P0093,37,18.35,678.95
POI014098,PO14098,P0093,39,18.35,715.65
POI014099,PO14099,P0093,41,18.35,752.35
POI014100,PO14100,P0093,30,18.35,550.5
POI014101,PO14101,P0093,48,18.35,880.8
POI014102,PO14102,P0093,37,18.35,678.95
POI014103,PO14103,P0093,46,18.35,844.1
POI014104,PO14104,P0093,64,18.35,1174.4
POI014105,PO14105,P0093,31,18.35,568.85
POI014106,PO14106,P0093,30,18.35,550.5
POI014107,PO14107,P0093,38,18.35,697.3
POI014108,PO14108,P0093,50,18.35,917.5
POI014109,PO14109,P0093,59,18.35,1082.65
POI014110,PO14110,P0093,37,18.35,678.95
POI014111,PO14111,P0093,62,18.35,1137.7
POI014112,PO14112,P0093,48,18.35,880.8
POI014113,PO14113,P0093,49,18.35,899.15
POI014114,PO14114,P0093,60,18.35,1101.0
POI014115,PO14115,P0093,34,18.35,623.9
POI014116,PO14116,P0093,66,18.35,1211.1
POI014117,PO14117,P0093,39,18.35,715.65
POI014118,PO14118,P0093,49,18.35,899.15
POI014119,PO14119,P0093,34,18.35,623.9
POI014120,PO14120,P0093,41,18.35,752.35
POI014121,PO14121,P0093,37,18.35,678.95
POI014122,PO14122,P0093,30,18.35,550.5
POI014123,PO14123,P0093,34,18.35,623.9
POI014124,PO14124,P0093,52,18.35,954.2
POI014125,PO14125,P0093,42,18.35,770.7
POI014126,PO14126,P0093,31,18.35,568.85
POI014127,PO14127,P0093,40,18.35,734.0
POI014128,PO14128,P0093,31,18.35,568.85
POI014129,PO14129,P0093,36,18.35,660.6
POI014130,PO14130,P0093,32,18.35,587.2
POI014131,PO14131,P0093,38,18.35,697.3
POI014132,PO14132,P0093,55,18.35,1009.25
POI014133,PO14133,P0093,31,18.35,568.85
POI014134,PO14134,P0093,62,18.35,1137.7
POI014135,PO14135,P0093,42,18.35,770.7
POI014136,PO14136,P0093,36,18.35,660.6
POI014137,PO14137,P0093,42,18.35,770.7
POI014138,PO14138,P0093,33,18.35,605.55
POI014139,PO14139,P0093,29,18.35,532.15
POI014140,PO14140,P0093,41,18.35,752.35
POI014141,PO14141,P0093,29,18.35,532.15
POI014142,PO14142,P0093,30,18.35,550.5
POI014143,PO14143,P0093,37,18.35,678.95
POI014144,PO14144,P0093,35,18.35,642.25
POI014145,PO14145,P0093,39,18.35,715.65
POI014146,PO14146,P0093,30,18.35,550.5
POI014147,PO14147,P0093,56,18.35,1027.6
POI014148,PO14148,P0093,29,18.35,532.15
POI014149,PO14149,P0093,58,18.35,1064.3
POI014150,PO14150,P0093,32,18.35,587.2
POI014151,PO14151,P0093,54,18.35,990.9
POI014152,PO14152,P0093,30,18.35,550.5
POI014153,PO14153,P0093,31,18.35,568.85
POI014154,PO14154,P0093,35,18.35,642.25
POI014155,PO14155,P0093,29,18.35,532.15
POI014156,PO14156,P0093,37,18.35,678.95
POI014157,PO14157,P0093,33,18.35,605.55
POI014158,PO14158,P0093,54,18.35,990.9
POI014159,PO14159,P0093,45,18.35,825.75
POI014160,PO14160,P0093,66,18.35,1211.1
POI014161,PO14161,P0093,35,18.35,642.25
POI014162,PO14162,P0093,53,18.35,972.55
POI014163,PO14163,P0093,31,18.35,568.85
POI014164,PO14164,P0093,33,18.35,605.55
POI014165,PO14165,P0093,40,18.35,734.0
POI014166,PO14166,P0093,38,18.35,697.3
POI014167,PO14167,P0093,34,18.35,623.9
POI014168,PO14168,P0093,59,18.35,1082.65
POI014169,PO14169,P0093,30,18.35,550.5
POI014170,PO14170,P0093,50,18.35,917.5
POI014171,PO14171,P0093,35,18.35,642.25
POI014172,PO14172,P0093,42,18.35,770.7
POI014173,PO14173,P0093,34,18.35,623.9
POI014174,PO14174,P0093,34,18.35,623.9
POI014175,PO14175,P0093,29,18.35,532.15
POI014176,PO14176,P0093,33,18.35,605.55
POI014177,PO14177,P0093,61,18.35,1119.35
POI014178,PO14178,P0093,39,18.35,715.65
POI014179,PO14179,P0093,36,18.35,660.6
POI014180,PO14180,P0093,30,18.35,550.5
POI014181,PO14181,P0093,61,18.35,1119.35
POI014182,PO14182,P0093,35,18.35,642.25
POI014183,PO14183,P0093,32,18.35,587.2
POI014184,PO14184,P0093,43,18.35,789.05
POI014185,PO14185,P0093,51,18.35,935.85
POI014186,PO14186,P0093,30,18.35,550.5
POI014187,PO14187,P0093,29,18.35,532.15
POI014188,PO14188,P0093,59,18.35,1082.65
POI014189,PO14189,P0093,44,18.35,807.4
POI014190,PO14190,P0093,33,18.35,605.55
POI014191,PO14191,P0093,51,18.35,935.85
POI014192,PO14192,P0093,30,18.35,550.5
POI014193,PO14193,P0093,62,18.35,1137.7
POI014194,PO14194,P0093,35,18.35,642.25
POI014195,PO14195,P0093,57,18.35,1045.95
POI014196,PO14196,P0093,48,18.35,880.8
POI014197,PO14197,P0093,54,18.35,990.9
POI014198,PO14198,P0093,47,18.35,862.45
POI014199,PO14199,P0093,61,18.35,1119.35
POI014200,PO14200,P0093,53,18.35,972.55
POI014201,PO14201,P0093,45,18.35,825.75
POI014202,PO14202,P0093,29,18.35,532.15
POI014203,PO14203,P0093,55,18.35,1009.25
POI014204,PO14204,P0093,31,18.35,568.85
POI014205,PO14205,P0093,31,18.35,568.85
POI014206,PO14206,P0093,30,18.35,550.5
POI014207,PO14207,P0093,33,18.35,605.55
POI014208,PO14208,P0093,31,18.35,568.85
POI014209,PO14209,P0093,46,18.35,844.1
POI014210,PO14210,P0093,35,18.35,642.25
POI014211,PO14211,P0093,52,18.35,954.2
POI014212,PO14212,P0093,31,18.35,568.85
POI014213,PO14213,P0093,35,18.35,642.25
POI014214,PO14214,P0093,57,18.35,1045.95
POI014215,PO14215,P0093,47,18.35,862.45
POI014216,PO14216,P0093,58,18.35,1064.3
POI014217,PO14217,P0093,29,18.35,532.15
POI014218,PO14218,P0093,30,18.35,550.5
POI014219,PO14219,P0093,53,18.35,972.55
POI014220,PO14220,P0093,39,18.35,715.65
POI014221,PO14221,P0093,59,18.35,1082.65
POI014222,PO14222,P0093,29,18.35,532.15
POI014223,PO14223,P0093,49,18.35,899.15
POI014224,PO14224,P0093,51,18.35,935.85
POI014225,PO14225,P0093,60,18.35,1101.0
POI014226,PO14226,P0093,39,18.35,715.65
POI014227,PO14227,P0093,57,18.35,1045.95
POI014228,PO14228,P0093,51,18.35,935.85
POI014229,PO14229,P0093,60,18.35,1101.0
POI014230,PO14230,P0093,51,18.35,935.85
POI014231,PO14231,P0093,30,18.35,550.5
POI014232,PO14232,P0093,45,18.35,825.75
POI014233,PO14233,P0093,34,18.35,623.9
POI014234,PO14234,P0093,30,18.35,550.5
POI014235,PO14235,P0093,29,18.35,532.15
POI014236,PO14236,P0093,35,18.35,642.25
POI014237,PO14237,P0093,31,18.35,568.85
POI014238,PO14238,P0093,49,18.35,899.15
POI014239,PO14239,P0093,41,18.35,752.35
POI014240,PO14240,P0093,53,18.35,972.55
POI014241,PO14241,P0093,53,18.35,972.55
POI014242,PO14242,P0093,31,18.35,568.85
POI014243,PO14243,P0093,62,18.35,1137.7
POI014244,PO14244,P0093,37,18.35,678.95
POI014245,PO14245,P0093,44,18.35,807.4
POI014246,PO14246,P0093,29,18.35,532.15
POI014247,PO14247,P0093,29,18.35,532.15
POI014248,PO14248,P0093,33,18.35,605.55
POI014249,PO14249,P0093,39,18.35,715.65
POI014250,PO14250,P0093,43,18.35,789.05
POI014251,PO14251,P0093,29,18.35,532.15
POI014252,PO14252,P0093,57,18.35,1045.95
POI014253,PO14253,P0093,57,18.35,1045.95
POI014254,PO14254,P0093,30,18.35,550.5
POI014255,PO14255,P0093,42,18.35,770.7
POI014256,PO14256,P0093,39,18.35,715.65
POI014257,PO14257,P0093,48,18.35,880.8
POI014258,PO14258,P0093,32,18.35,587.2
POI014259,PO14259,P0093,31,18.35,568.85
POI014260,PO14260,P0093,52,18.35,954.2
POI014261,PO14261,P0093,31,18.35,568.85
POI014262,PO14262,P0093,41,18.35,752.35
POI014263,PO14263,P0093,50,18.35,917.5
POI014264,PO14264,P0093,50,18.35,917.5
POI014265,PO14265,P0093,33,18.35,605.55
POI014266,PO14266,P0093,42,18.35,770.7
POI014267,PO14267,P0093,57,18.35,1045.95
POI014268,PO14268,P0093,37,18.35,678.95
POI014269,PO14269,P0093,31,18.35,568.85
POI014270,PO14270,P0093,39,18.35,715.65
POI014271,PO14271,P0093,47,18.35,862.45
POI014272,PO14272,P0093,60,18.35,1101.0
POI014273,PO14273,P0093,30,18.35,550.5
POI014274,PO14274,P0093,57,18.35,1045.95
POI014275,PO14275,P0093,57,18.35,1045.95
POI014276,PO14276,P0093,66,18.35,1211.1
POI014277,PO14277,P0093,41,18.35,752.35
POI014278,PO14278,P0093,49,18.35,899.15
POI014279,PO14279,P0093,31,18.35,568.85
POI014280,PO14280,P0093,30,18.35,550.5
POI014281,PO14281,P0093,30,18.35,550.5
POI014282,PO14282,P0093,36,18.35,660.6
POI014283,PO14283,P0093,41,18.35,752.35
POI014284,PO14284,P0093,31,18.35,568.85
POI014285,PO14285,P0093,33,18.35,605.55
POI014286,PO14286,P0093,56,18.35,1027.6
POI014287,PO14287,P0093,37,18.35,678.95
POI014288,PO14288,P0093,45,18.35,825.75
POI014289,PO14289,P0093,36,18.35,660.6
POI014290,PO14290,P0093,35,18.35,642.25
POI014291,PO14291,P0093,33,18.35,605.55
POI014292,PO14292,P0093,35,18.35,642.25
POI014293,PO14293,P0093,35,18.35,642.25
POI014294,PO14294,P0093,35,18.35,642.25
POI014295,PO14295,P0093,44,18.35,807.4
POI014296,PO14296,P0093,39,18.35,715.65
POI014297,PO14297,P0093,41,18.35,752.35
POI014298,PO14298,P0093,56,18.35,1027.6
POI014299,PO14299,P0094,103,2.92,300.76
POI014300,PO14300,P0094,107,2.92,312.44
POI014301,PO14301,P0094,113,2.92,329.96
POI014302,PO14302,P0094,104,2.92,303.68
POI014303,PO14303,P0094,108,2.35,253.8
POI014304,PO14304,P0094,103,2.35,242.05
POI014305,PO14305,P0094,102,2.92,297.84
POI014306,PO14306,P0094,102,2.92,297.84
POI014307,PO14307,P0094,104,2.92,303.68
POI014308,PO14308,P0094,107,2.92,312.44
POI014309,PO14309,P0094,107,2.92,312.44
POI014310,PO14310,P0094,102,2.35,239.7
POI014311,PO14311,P0094,107,2.35,251.45
POI014312,PO14312,P0094,102,2.92,297.84
POI014313,PO14313,P0094,110,2.35,258.5
POI014314,PO14314,P0094,107,2.92,312.44
POI014315,PO14315,P0094,105,2.92,306.6
POI014316,PO14316,P0094,103,2.92,300.76
POI014317,PO14317,P0094,108,2.35,253.8
POI014318,PO14318,P0094,105,2.35,246.75
POI014319,PO14319,P0094,102,2.92,297.84
POI014320,PO14320,P0094,108,2.92,315.36
POI014321,PO14321,P0094,102,2.35,239.7
POI014322,PO14322,P0094,106,2.92,309.52
POI014323,PO14323,P0095,224,8.24,1845.76
POI014324,PO14324,P0095,239,8.24,1969.36
POI014325,PO14325,P0095,227,8.24,1870.48
POI014326,PO14326,P0095,235,8.24,1936.4
POI014327,PO14327,P0095,226,8.24,1862.24
POI014328,PO14328,P0095,233,8.24,1919.92
POI014329,PO14329,P0095,237,8.24,1952.88
POI014330,PO14330,P0095,238,8.24,1961.12
POI014331,PO14331,P0095,243,8.24,2002.32
POI014332,PO14332,P0095,233,8.24,1919.92
POI014333,PO14333,P0095,255,8.24,2101.2
POI014334,PO14334,P0095,241,8.24,1985.84
POI014335,PO14335,P0095,223,8.24,1837.52
POI014336,PO14336,P0095,243,8.24,2002.32
POI014337,PO14337,P0095,240,8.24,1977.6
POI014338,PO14338,P0095,233,8.24,1919.92
POI014339,PO14339,P0095,223,8.24,1837.52
POI014340,PO14340,P0095,241,8.24,1985.84
POI014341,PO14341,P0095,242,8.24,1994.08
POI014342,PO14342,P0095,246,8.24,2027.04
POI014343,PO14343,P0095,235,8.24,1936.4
POI014344,PO14344,P0095,229,8.24,1886.96
POI014345,PO14345,P0095,235,8.24,1936.4
POI014346,PO14346,P0095,225,8.24,1854.0
POI014347,PO14347,P0095,248,8.24,2043.52
POI014348,PO14348,P0095,231,8.24,1903.44
POI014349,PO14349,P0095,225,8.24,1854.0
POI014350,PO14350,P0095,230,8.24,1895.2
POI014351,PO14351,P0095,234,8.24,1928.16
POI014352,PO14352,P0095,232,8.24,1911.68
POI014353,PO14353,P0095,228,8.24,1878.72
POI014354,PO14354,P0095,230,8.24,1895.2
POI014355,PO14355,P0095,224,8.24,1845.76
POI014356,PO14356,P0095,230,8.24,1895.2
POI014357,PO14357,P0095,226,8.24,1862.24
POI014358,PO14358,P0095,236,8.24,1944.64
POI014359,PO14359,P0096,89,24.34,2166.26
POI014360,PO14360,P0096,93,24.34,2263.62
POI014361,PO14361,P0096,87,24.34,2117.58
POI014362,PO14362,P0096,104,24.34,2531.36
POI014363,PO14363,P0096,87,24.34,2117.58
POI014364,PO14364,P0096,81,24.34,1971.54
POI014365,PO14365,P0096,91,24.34,2214.94
POI014366,PO14366,P0096,95,24.34,2312.3
POI014367,PO14367,P0096,88,24.34,2141.92
POI014368,PO14368,P0096,91,24.34,2214.94
POI014369,PO14369,P0096,81,24.34,1971.54
POI014370,PO14370,P0096,92,24.34,2239.28
POI014371,PO14371,P0096,81,24.34,1971.54
POI014372,PO14372,P0096,90,24.34,2190.6
POI014373,PO14373,P0096,82,24.34,1995.88
POI014374,PO14374,P0096,90,24.34,2190.6
POI014375,PO14375,P0096,83,24.34,2020.22
POI014376,PO14376,P0096,91,24.34,2214.94
POI014377,PO14377,P0096,83,24.34,2020.22
POI014378,PO14378,P0096,88,24.34,2141.92
POI014379,PO14379,P0096,86,24.34,2093.24
POI014380,PO14380,P0096,83,24.34,2020.22
POI014381,PO14381,P0096,90,24.34,2190.6
POI014382,PO14382,P0096,88,24.34,2141.92
POI014383,PO14383,P0096,91,24.34,2214.94
POI014384,PO14384,P0096,82,24.34,1995.88
POI014385,PO14385,P0096,81,24.34,1971.54
POI014386,PO14386,P0096,89,24.34,2166.26
POI014387,PO14387,P0096,82,24.34,1995.88
POI014388,PO14388,P0096,86,24.34,2093.24
POI014389,PO14389,P0096,81,24.34,1971.54
POI014390,PO14390,P0096,81,24.34,1971.54
POI014391,PO14391,P0096,95,24.34,2312.3
POI014392,PO14392,P0096,83,24.34,2020.22
POI014393,PO14393,P0096,87,24.34,2117.58
POI014394,PO14394,P0096,87,24.34,2117.58
POI014395,PO14395,P0096,87,24.34,2117.58
POI014396,PO14396,P0096,83,24.34,2020.22
POI014397,PO14397,P0096,87,24.34,2117.58
POI014398,PO14398,P0096,81,24.34,1971.54
POI014399,PO14399,P0096,92,24.34,2239.28
POI014400,PO14400,P0096,87,24.34,2117.58
POI014401,PO14401,P0096,90,24.34,2190.6
POI014402,PO14402,P0096,81,24.34,1971.54
POI014403,PO14403,P0096,88,24.34,2141.92
POI014404,PO14404,P0096,83,24.34,2020.22
POI014405,PO14405,P0096,91,24.34,2214.94
POI014406,PO14406,P0096,85,24.34,2068.9
POI014407,PO14407,P0096,87,24.34,2117.58
POI014408,PO14408,P0097,294,19.05,5600.7
POI014409,PO14409,P0097,291,19.05,5543.55
POI014410,PO14410,P0097,299,19.05,5695.95
POI014411,PO14411,P0097,284,19.05,5410.2
POI014412,PO14412,P0097,305,14.36,4379.8
POI014413,PO14413,P0097,297,19.05,5657.85
POI014414,PO14414,P0097,316,14.36,4537.76
POI014415,PO14415,P0097,292,14.36,4193.12
POI014416,PO14416,P0097,296,19.05,5638.8
POI014417,PO14417,P0097,286,14.36,4106.96
POI014418,PO14418,P0097,289,19.05,5505.45
POI014419,PO14419,P0097,302,19.05,5753.1
POI014420,PO14420,P0097,294,19.05,5600.7
POI014421,PO14421,P0097,329,19.05,6267.45
POI014422,PO14422,P0097,306,19.05,5829.3
POI014423,PO14423,P0097,284,14.36,4078.24
POI014424,PO14424,P0097,288,19.05,5486.4
POI014425,PO14425,P0097,299,19.05,5695.95
POI014426,PO14426,P0097,288,19.05,5486.4
POI014427,PO14427,P0097,298,14.36,4279.28
POI014428,PO14428,P0097,311,19.05,5924.55
POI014429,PO14429,P0097,303,14.36,4351.08
POI014430,PO14430,P0097,283,14.36,4063.88
POI014431,PO14431,P0097,283,19.05,5391.15
POI014432,PO14432,P0097,288,19.05,5486.4
POI014433,PO14433,P0097,285,19.05,5429.25
POI014434,PO14434,P0097,288,14.36,4135.68
POI014435,PO14435,P0097,287,19.05,5467.35
POI014436,PO14436,P0097,287,14.36,4121.32
POI014437,PO14437,P0097,308,19.05,5867.4
POI014438,PO14438,P0097,292,14.36,4193.12
POI014439,PO14439,P0097,288,14.36,4135.68
POI014440,PO14440,P0097,289,19.05,5505.45
POI014441,PO14441,P0097,309,19.05,5886.45
POI014442,PO14442,P0098,459,6.97,3199.23
POI014443,PO14443,P0098,475,6.97,3310.75
POI014444,PO14444,P0098,456,8.98,4094.88
POI014445,PO14445,P0098,474,6.97,3303.78
POI014446,PO14446,P0098,450,6.97,3136.5
POI014447,PO14447,P0098,468,8.98,4202.64
POI014448,PO14448,P0098,481,8.98,4319.38
POI014449,PO14449,P0098,461,6.97,3213.17
POI014450,PO14450,P0098,482,6.97,3359.54
POI014451,PO14451,P0098,477,6.97,3324.69
POI014452,PO14452,P0098,463,8.98,4157.74
POI014453,PO14453,P0098,450,8.98,4041.0
POI014454,PO14454,P0098,456,6.97,3178.32
POI014455,PO14455,P0098,457,8.98,4103.86
POI014456,PO14456,P0098,468,6.97,3261.96
POI014457,PO14457,P0098,458,8.98,4112.84
POI014458,PO14458,P0098,458,6.97,3192.26
POI014459,PO14459,P0098,448,6.97,3122.56
POI014460,PO14460,P0098,471,8.98,4229.58
POI014461,PO14461,P0098,460,6.97,3206.2
POI014462,PO14462,P0098,462,8.98,4148.76
POI014463,PO14463,P0098,466,6.97,3248.02
POI014464,PO14464,P0098,469,6.97,3268.93
POI014465,PO14465,P0098,456,8.98,4094.88
POI014466,PO14466,P0099,154,5.67,873.18
POI014467,PO14467,P0099,152,5.67,861.84
POI014468,PO14468,P0099,160,5.67,907.2
POI014469,PO14469,P0099,153,5.67,867.51
POI014470,PO14470,P0099,154,5.67,873.18
POI014471,PO14471,P0099,153,5.67,867.51
POI014472,PO14472,P0099,157,5.67,890.19
POI014473,PO14473,P0099,164,5.67,929.88
POI014474,PO14474,P0099,158,5.67,895.86
POI014475,PO14475,P0099,156,5.67,884.52
POI014476,PO14476,P0099,155,5.67,878.85
POI014477,PO14477,P0099,156,5.67,884.52
POI014478,PO14478,P0099,155,5.67,878.85
POI014479,PO14479,P0099,156,5.67,884.52
POI014480,PO14480,P0100,426,15.62,6654.12
POI014481,PO14481,P0100,409,15.62,6388.58
POI014482,PO14482,P0100,417,15.62,6513.54
POI014483,PO14483,P0100,417,15.62,6513.54
POI014484,PO14484,P0100,418,15.62,6529.16
POI014485,PO14485,P0100,398,15.62,6216.76
POI014486,PO14486,P0100,415,15.62,6482.3
POI014487,PO14487,P0100,390,15.62,6091.8
POI014488,PO14488,P0100,404,15.62,6310.48
POI014489,PO14489,P0100,393,15.62,6138.66
POI014490,PO14490,P0100,431,15.62,6732.22
POI014491,PO14491,P0100,401,15.62,6263.62
POI014492,PO14492,P0100,427,15.62,6669.74
POI014493,PO14493,P0100,431,15.62,6732.22
POI014494,PO14494,P0100,410,15.62,6404.2
POI014495,PO14495,P0100,419,15.62,6544.78
POI014496,PO14496,P0100,407,15.62,6357.34
POI014497,PO14497,P0100,410,15.62,6404.2
POI014498,PO14498,P0100,389,15.62,6076.18
POI014499,PO14499,P0100,396,15.62,6185.52
POI014500,PO14500,P0100,396,15.62,6185.52
POI014501,PO14501,P0100,394,15.62,6154.28
POI014502,PO14502,P0100,400,15.62,6248.0
POI014503,PO14503,P0100,399,15.62,6232.38
POI014504,PO14504,P0100,409,15.62,6388.58
POI014505,PO14505,P0100,400,15.62,6248.0
POI014506,PO14506,P0100,416,15.62,6497.92
POI014507,PO14507,P0100,403,15.62,6294.86
POI014508,PO14508,P0100,391,15.62,6107.42
POI014509,PO14509,P0100,388,15.62,6060.56
POI03000101,PO030001,P0124,120,238.48,28617.6
POI03000102,PO030001,P0116,94,187.34,17609.96
POI03000103,PO030001,P0047,124,6.82,845.68
POI03000201,PO030002,P0092,30,21.62,648.6
POI03000202,PO030002,P0146,98,89.46,8767.08
POI03000203,PO030002,P0007,177,11.9,2106.3
POI03000301,PO030003,P0133,76,247.16,18784.16
POI03000302,PO030003,P0118,39,182.33,7110.87
POI03000303,PO030003,P0084,261,20.66,5392.26
POI03000401,PO030004,P0140,276,318.53,87914.28
POI03000402,PO030004,P0147,234,182.13,42618.42
POI03000403,PO030004,P0055,82,11.79,966.78
POI03000501,PO030005,P0127,201,91.72,18435.72
POI03000502,PO030005,P0129,84,102.89,8642.76
POI03000503,PO030005,P0045,228,4.52,1030.56
POI03000601,PO030006,P0127,47,89.47,4205.09
POI03000602,PO030006,P0083,15,5.11,76.65
POI03000603,PO030006,P0051,30,3.59,107.7
POI03000701,PO030007,P0140,150,327.77,49165.5
POI03000702,PO030007,P0111,45,320.41,14418.45
POI03000703,PO030007,P0107,165,147.62,24357.3
POI03000801,PO030008,P0126,170,183.85,31254.5
POI03000802,PO030008,P0008,45,7.71,346.95
POI03000803,PO030008,P0065,136,0.71,96.56
POI03000901,PO030009,P0087,150,21.46,3219.0
POI03000902,PO030009,P0079,100,6.93,693.0
POI03000903,PO030009,P0120,108,154.22,16655.76
POI03001001,PO030010,P0020,10,18.86,188.6
POI03001002,PO030010,P0139,195,333.48,65028.6
POI03001003,PO030010,P0137,122,234.84,28650.48
POI03001101,PO030011,P0078,23,12.92,297.16
POI03001102,PO030011,P0054,150,9.22,1383.0
POI03001103,PO030011,P0046,200,4.22,844.0
POI03001201,PO030012,P0102,40,134.74,5389.6
POI03001202,PO030012,P0106,186,118.46,22033.56
POI03001203,PO030012,P0129,168,92.12,15476.16
POI03001301,PO030013,P0130,84,197.53,16592.52
POI03001302,PO030013,P0131,160,45.28,7244.8
POI03001303,PO030013,P0019,124,17.91,2220.84
POI03001401,PO030014,P0080,40,14.73,589.2
POI03001402,PO030014,P0031,20,16.15,323.0
POI03001403,PO030014,P0095,158,7.23,1142.34
POI03001501,PO030015,P0012,100,8.84,884.0
POI03001502,PO030015,P0138,207,329.59,68225.13
POI03001503,PO030015,P0055,80,11.96,956.8
POI03001601,PO030016,P0040,243,14.57,3540.51
POI03001602,PO030016,P0128,364,265.61,96682.04
POI03001603,PO030016,P0018,40,2.35,94.0
POI03001701,PO030017,P0129,84,92.12,7738.08
POI03001702,PO030017,P0102,40,134.74,5389.6
POI03001703,PO030017,P0106,248,118.46,29378.08
POI03001801,PO030018,P0147,156,182.13,28412.28
POI03001802,PO030018,P0125,270,22.03,5948.1
POI03001803,PO030018,P0055,41,11.79,483.39
POI03001901,PO030019,P0112,138,120.92,16686.96
POI03001902,PO030019,P0135,210,205.05,43060.5
POI03001903,PO030019,P0093,20,18.35,367.0
POI03002001,PO030020,P0030,15,21.15,317.25
POI03002002,PO030020,P0052,15,2.04,30.6
POI03002003,PO030020,P0141,51,240.56,12268.56
POI03002101,PO030021,P0102,30,134.74,4042.2
POI03002102,PO030021,P0129,168,92.12,15476.16
POI03002103,PO030021,P0106,124,118.46,14689.04
POI03002201,PO030022,P0019,15,21.23,318.45
POI03002202,PO030022,P0101,210,78.02,16384.2
POI03002203,PO030022,P0068,10,3.74,37.4
POI03002301,PO030023,P0126,85,183.85,15627.25
POI03002302,PO030023,P0077,70,2.05,143.5
POI03002303,PO030023,P0008,135,7.71,1040.85
POI03002401,PO030024,P0043,10,3.23,32.3
POI03002402,PO030024,P0014,80,2.82,225.6
POI03002403,PO030024,P0067,5,12.44,62.2
POI03002501,PO030025,P0125,360,22.03,7930.8
POI03002502,PO030025,P0147,312,182.13,56824.56
POI03002503,PO030025,P0140,69,318.53,21978.57
POI03002601,PO030026,P0104,120,330.32,39638.4
POI03002602,PO030026,P0065,200,0.81,162.0
POI03002603,PO030026,P0098,100,8.98,898.0
POI03002701,PO030027,P0111,26,342.25,8898.5
POI03002702,PO030027,P0036,96,19.05,1828.8
POI03002703,PO030027,P0083,148,5.57,824.36
POI03002801,PO030028,P0133,42,237.87,9990.54
POI03002802,PO030028,P0145,160,246.33,39412.8
POI03002803,PO030028,P0138,264,299.6,79094.4
POI03002901,PO030029,P0147,78,182.13,14206.14
POI03002902,PO030029,P0055,164,11.79,1933.56
POI03002903,PO030029,P0140,138,318.53,43957.14
POI03003001,PO030030,P0123,92,314.6,28943.2
POI03003002,PO030030,P0118,26,182.33,4740.58
POI03003003,PO030030,P0084,348,20.66,7189.68
POI03003101,PO030031,P0143,93,146.0,13578.0
POI03003102,PO030031,P0091,10,22.61,226.1
POI03003103,PO030031,P0058,10,12.47,124.7
POI03003201,PO030032,P0028,40,16.64,665.6
POI03003202,PO030032,P0042,200,19.33,3866.0
POI03003203,PO030032,P0080,60,14.73,883.8
POI03003301,PO030033,P0111,13,342.25,4449.25
POI03003302,PO030033,P0141,84,243.19,20427.96
POI03003303,PO030033,P0043,71,3.96,281.16
POI03003401,PO030034,P0028,30,16.64,499.2
POI03003402,PO030034,P0074,60,5.35,321.0
POI03003403,PO030034,P0094,60,2.92,175.2
POI03003501,PO030035,P0028,10,16.64,166.4
POI03003502,PO030035,P0033,20,2.32,46.4
POI03003503,PO030035,P0002,5,11.4,57.0
POI03003601,PO030036,P0074,30,4.94,148.2
POI03003602,PO030036,P0081,150,8.12,1218.0
POI03003603,PO030036,P0091,20,22.61,452.2
POI03003701,PO030037,P0049,28,10.8,302.4
POI03003702,PO030037,P0118,13,182.33,2370.29
POI03003703,PO030037,P0123,92,314.6,28943.2
POI03003801,PO030038,P0149,132,60.32,7962.24
POI03003802,PO030038,P0114,98,205.6,20148.8
POI03003803,PO030038,P0134,98,48.82,4784.36
POI03003901,PO030039,P0129,252,92.12,23214.24
POI03003902,PO030039,P0102,10,134.74,1347.4
POI03003903,PO030039,P0106,186,118.46,22033.56
POI03004001,PO030040,P0131,60,38.7,2322.0
POI03004002,PO030040,P0099,168,7.02,1179.36
POI03004003,PO030040,P0122,368,302.12,111180.16
POI03004101,PO030041,P0064,344,1.12,385.28
POI03004102,PO030041,P0007,5,12.8,64.0
POI03004103,PO030041,P0060,60,5.54,332.4
POI03004201,PO030042,P0012,200,8.84,1768.0
POI03004202,PO030042,P0125,198,23.36,4625.28
POI03004203,PO030042,P0087,100,21.46,2146.0
POI03004301,PO030043,P0076,100,5.83,583.0
POI03004302,PO030043,P0064,150,1.28,192.0
POI03004303,PO030043,P0136,67,116.24,7788.08
POI03004401,PO030044,P0111,13,342.25,4449.25
POI03004402,PO030044,P0141,336,243.19,81711.84
POI03004403,PO030044,P0043,71,3.96,281.16
POI03004501,PO030045,P0027,30,14.38,431.4
POI03004502,PO030045,P0024,15,18.25,273.75
POI03004503,PO030045,P0092,80,21.0,1680.0
POI03004601,PO030046,P0065,34,0.71,24.14
POI03004602,PO030046,P0121,134,219.25,29379.5
POI03004603,PO030046,P0077,140,2.05,287.0
POI03004701,PO030047,P0028,30,16.64,499.2
POI03004702,PO030047,P0031,40,16.15,646.0
POI03004703,PO030047,P0144,332,135.85,45102.2
POI03004801,PO030048,P0058,24,13.35,320.4
POI03004802,PO030048,P0025,140,15.43,2160.2
POI03004803,PO030048,P0145,152,266.25,40470.0
POI03004901,PO030049,P0144,84,119.58,10044.72
POI03004902,PO030049,P0122,264,322.11,85037.04
POI03004903,PO030049,P0112,46,120.92,5562.32
POI03005001,PO030050,P0025,140,15.43,2160.2
POI03005002,PO030050,P0118,356,173.88,61901.28
POI03005003,PO030050,P0089,96,11.56,1109.76
POI03005101,PO030051,P0023,50,4.51,225.5
POI03005102,PO030051,P0080,40,14.73,589.2
POI03005103,PO030051,P0094,40,2.92,116.8
POI03005201,PO030052,P0140,225,327.77,73748.25
POI03005202,PO030052,P0130,126,197.53,24888.78
POI03005203,PO030052,P0119,216,49.43,10676.88
POI03005301,PO030053,P0071,15,12.78,191.7
POI03005302,PO030053,P0074,60,5.64,338.4
POI03005303,PO030053,P0002,40,12.85,514.0
POI03005401,PO030054,P0013,39,12.62,492.18
POI03005402,PO030054,P0005,200,1.84,368.0
POI03005403,PO030054,P0006,5,22.74,113.7
POI03005501,PO030055,P0023,20,4.88,97.6
POI03005502,PO030055,P0091,5,22.61,113.05
POI03005503,PO030055,P0033,30,2.3,69.0
POI03005601,PO030056,P0148,180,34.86,6274.8
POI03005602,PO030056,P0109,52,180.96,9409.92
POI03005603,PO030056,P0106,376,100.01,37603.76
POI03005701,PO030057,P0111,26,342.25,8898.5
POI03005702,PO030057,P0083,148,5.57,824.36
POI03005703,PO030057,P0036,96,19.05,1828.8
POI03005801,PO030058,P0031,100,15.9,1590.0
POI03005802,PO030058,P0062,40,18.24,729.6
POI03005803,PO030058,P0059,100,19.28,1928.0
POI03005901,PO030059,P0132,100,113.28,11328.0
POI03005902,PO030059,P0008,180,7.71,1387.8
POI03005903,PO030059,P0126,170,183.85,31254.5
POI03006001,PO030060,P0019,31,17.91,555.21
POI03006002,PO030060,P0111,90,320.41,28836.9
POI03006003,PO030060,P0140,75,327.77,24582.75
POI03006101,PO030061,P0010,170,13.43,2283.1
POI03006102,PO030061,P0121,30,223.86,6715.8
POI03006103,PO030061,P0096,159,20.32,3230.88
POI03006201,PO030062,P0124,67,235.41,15772.47
POI03006202,PO030062,P0086,20,22.82,456.4
POI03006203,PO030062,P0121,20,223.86,4477.2
POI03006301,PO030063,P0019,5,21.23,106.15
POI03006302,PO030063,P0135,70,205.05,14353.5
POI03006303,PO030063,P0144,126,119.58,15067.08
POI03006401,PO030064,P0123,23,314.6,7235.8
POI03006402,PO030064,P0049,112,10.8,1209.6
POI03006403,PO030064,P0084,348,20.66,7189.68
POI03006501,PO030065,P0033,40,2.3,92.0
POI03006502,PO030065,P0056,10,17.73,177.3
POI03006503,PO030065,P0046,80,3.56,284.8
POI03006601,PO030066,P0144,249,135.85,33826.65
POI03006602,PO030066,P0119,240,48.52,11644.8
POI03006603,PO030066,P0012,92,7.87,724.04
POI03006701,PO030067,P0055,82,11.79,966.78
POI03006702,PO030067,P0140,69,318.53,21978.57
POI03006703,PO030067,P0125,90,22.03,1982.7
POI03006801,PO030068,P0128,182,265.61,48341.02
POI03006802,PO030068,P0138,138,329.59,45483.42
POI03006803,PO030068,P0076,100,5.83,583.0
POI03006901,PO030069,P0118,39,182.33,7110.87
POI03006902,PO030069,P0049,56,10.8,604.8
POI03006903,PO030069,P0133,114,247.16,28176.24
POI03007001,PO030070,P0103,256,73.57,18833.92
POI03007002,PO030070,P0145,80,246.33,19706.4
POI03007003,PO030070,P0047,186,6.82,1268.52
POI03007101,PO030071,P0141,252,243.19,61283.88
POI03007102,PO030071,P0083,296,5.57,1648.72
POI03007103,PO030071,P0111,26,342.25,8898.5
POI03007201,PO030072,P0123,46,314.6,14471.6
POI03007202,PO030072,P0133,114,247.16,28176.24
POI03007203,PO030072,P0084,348,20.66,7189.68
POI03007301,PO030073,P0110,172,250.8,43137.6
POI03007302,PO030073,P0088,20,15.49,309.8
POI03007303,PO030073,P0142,147,352.2,51773.4
POI03007401,PO030074,P0147,78,182.13,14206.14
POI03007402,PO030074,P0055,82,11.79,966.78
POI03007403,PO030074,P0140,69,318.53,21978.57
POI03007501,PO030075,P0106,186,118.46,22033.56
POI03007502,PO030075,P0129,168,92.12,15476.16
POI03007503,PO030075,P0102,30,134.74,4042.2
POI03007601,PO030076,P0070,332,7.99,2652.68
POI03007602,PO030076,P0064,258,1.12,288.96
POI03007603,PO030076,P0084,150,24.09,3613.5
POI03007701,PO030077,P0058,36,13.35,480.6
POI03007702,PO030077,P0025,280,15.43,4320.4
POI03007703,PO030077,P0041,70,17.03,1192.1
POI03007801,PO030078,P0055,123,11.79,1450.17
POI03007802,PO030078,P0147,78,182.13,14206.14
POI03007803,PO030078,P0125,360,22.03,7930.8
POI03007901,PO030079,P0129,168,92.12,15476.16
POI03007902,PO030079,P0102,40,134.74,5389.6
POI03007903,PO030079,P0106,124,118.46,14689.04
POI03008001,PO030080,P0127,134,91.72,12290.48
POI03008002,PO030080,P0135,188,200.28,37652.64
POI03008003,PO030080,P0123,57,293.96,16755.72
POI03008101,PO030081,P0098,50,8.98,449.0
POI03008102,PO030081,P0092,40,21.62,864.8
POI03008103,PO030081,P0050,5,6.59,32.95
POI03008201,PO030082,P0140,150,327.77,49165.5
POI03008202,PO030082,P0119,288,49.43,14235.84
POI03008203,PO030082,P0109,237,160.1,37943.7
POI03008301,PO030083,P0113,54,93.87,5068.98
POI03008302,PO030083,P0082,150,2.36,354.0
POI03008303,PO030083,P0071,40,11.75,470.0
POI03008401,PO030084,P0111,39,342.25,13347.75
POI03008402,PO030084,P0141,84,243.19,20427.96
POI03008403,PO030084,P0083,222,5.57,1236.54
POI03008501,PO030085,P0045,228,4.52,1030.56
POI03008502,PO030085,P0129,112,102.89,11523.68
POI03008503,PO030085,P0127,134,91.72,12290.48
POI03008601,PO030086,P0043,71,3.96,281.16
POI03008602,PO030086,P0036,32,19.05,609.6
POI03008603,PO030086,P0083,74,5.57,412.18
POI03008701,PO030087,P0073,40,8.48,339.2
POI03008702,PO030087,P0136,67,116.24,7788.08
POI03008703,PO030087,P0120,54,154.22,8327.88
POI03008801,PO030088,P0053,5,24.5,122.5
POI03008802,PO030088,P0027,80,14.62,1169.6
POI03008803,PO030088,P0125,264,23.36,6167.04
POI03008901,PO030089,P0017,20,8.6,172.0
POI03008902,PO030089,P0044,200,6.1,1220.0
POI03008903,PO030089,P0105,165,202.25,33371.25
POI03009001,PO030090,P0107,110,147.62,16238.2
POI03009002,PO030090,P0119,144,49.43,7117.92
POI03009003,PO030090,P0140,75,327.77,24582.75
POI03009101,PO030091,P0113,180,105.99,19078.2
POI03009102,PO030091,P0137,122,234.84,28650.48
POI03009103,PO030091,P0087,15,22.78,341.7
POI03009201,PO030092,P0028,50,16.45,822.5
POI03009202,PO030092,P0063,30,22.37,671.1
POI03009203,PO030092,P0110,172,250.8,43137.6
POI03009301,PO030093,P0054,150,9.56,1434.0
POI03009302,PO030093,P0033,60,2.56,153.6
POI03009303,PO030093,P0076,50,5.83,291.5
POI03009401,PO030094,P0077,210,2.05,430.5
POI03009402,PO030094,P0065,102,0.71,72.42
POI03009403,PO030094,P0008,90,7.71,693.9
POI03009501,PO030095,P0125,360,22.03,7930.8
POI03009502,PO030095,P0147,234,182.13,42618.42
POI03009503,PO030095,P0055,41,11.79,483.39
POI03009601,PO030096,P0042,150,21.5,3225.0
POI03009602,PO030096,P0090,40,12.78,511.2
POI03009603,PO030096,P0086,200,21.47,4294.0
POI03009701,PO030097,P0132,150,113.28,16992.0
POI03009702,PO030097,P0121,268,219.25,58759.0
POI03009703,PO030097,P0126,170,183.85,31254.5
POI03009801,PO030098,P0121,134,219.25,29379.5
POI03009802,PO030098,P0126,340,183.85,62509.0
POI03009803,PO030098,P0065,136,0.71,96.56
POI03009901,PO030099,P0141,252,243.19,61283.88
POI03009902,PO030099,P0111,13,342.25,4449.25
POI03009903,PO030099,P0043,142,3.96,562.32
POI03010001,PO030100,P0072,40,16.31,652.4
POI03010002,PO030100,P0095,15,8.24,123.6
POI03010003,PO030100,P0120,184,153.14,28177.76
POI03010101,PO030101,P0102,20,134.74,2694.8
POI03010102,PO030101,P0106,62,118.46,7344.52
POI03010103,PO030101,P0129,336,92.12,30952.32
POI03010201,PO030102,P0147,78,182.13,14206.14
POI03010202,PO030102,P0140,207,318.53,65935.71
POI03010203,PO030102,P0055,41,11.79,483.39
POI03010301,PO030103,P0034,40,9.84,393.6
POI03010302,PO030103,P0072,20,16.31,326.2
POI03010303,PO030103,P0146,261,78.73,20548.53
POI03010401,PO030104,P0031,20,16.15,323.0
POI03010402,PO030104,P0068,100,3.98,398.0
POI03010403,PO030104,P0069,10,8.53,85.3
POI03010501,PO030105,P0002,80,11.47,917.6
POI03010502,PO030105,P0026,40,19.21,768.4
POI03010503,PO030105,P0016,20,5.12,102.4
POI03010601,PO030106,P0102,30,134.74,4042.2
POI03010602,PO030106,P0106,186,118.46,22033.56
POI03010603,PO030106,P0129,336,92.12,30952.32
POI03010701,PO030107,P0001,10,4.13,41.3
POI03010702,PO030107,P0068,10,3.58,35.8
POI03010703,PO030107,P0149,16,62.0,992.0
POI03010801,PO030108,P0033,20,2.56,51.2
POI03010802,PO030108,P0079,200,6.93,1386.0
POI03010803,PO030108,P0054,150,9.56,1434.0
POI03010901,PO030109,P0029,40,24.29,971.6
POI03010902,PO030109,P0035,20,22.89,457.8
POI03010903,PO030109,P0051,20,3.94,78.8
POI03011001,PO030110,P0106,186,118.46,22033.56
POI03011002,PO030110,P0102,10,134.74,1347.4
POI03011003,PO030110,P0129,168,92.12,15476.16
POI03011101,PO030111,P0094,10,2.35,23.5
POI03011102,PO030111,P0143,144,127.88,18414.72
POI03011103,PO030111,P0006,5,22.74,113.7
POI03011201,PO030112,P0042,150,19.33,2899.5
POI03011202,PO030112,P0033,5,2.32,11.6
POI03011203,PO030112,P0119,80,48.52,3881.6
POI03011301,PO030113,P0078,200,14.66,2932.0
POI03011302,PO030113,P0056,150,20.87,3130.5
POI03011303,PO030113,P0012,46,7.87,362.02
POI03011401,PO030114,P0036,96,19.05,1828.8
POI03011402,PO030114,P0043,71,3.96,281.16
POI03011403,PO030114,P0141,84,243.19,20427.96
POI03011501,PO030115,P0028,80,18.21,1456.8
POI03011502,PO030115,P0076,45,5.82,261.9
POI03011503,PO030115,P0011,5,16.36,81.8
POI03011601,PO030116,P0123,92,314.6,28943.2
POI03011602,PO030116,P0133,114,247.16,28176.24
POI03011603,PO030116,P0118,13,182.33,2370.29
POI03011701,PO030117,P0081,100,8.12,812.0
POI03011702,PO030117,P0016,40,5.12,204.8
POI03011703,PO030117,P0046,60,3.56,213.6
POI03011801,PO030118,P0064,100,1.28,128.0
POI03011802,PO030118,P0055,40,11.96,478.4
POI03011803,PO030118,P0081,40,7.5,300.0
POI03011901,PO030119,P0049,84,10.8,907.2
POI03011902,PO030119,P0123,92,314.6,28943.2
POI03011903,PO030119,P0084,261,20.66,5392.26
POI03012001,PO030120,P0016,10,4.86,48.6
POI03012002,PO030120,P0113,240,105.99,25437.6
POI03012003,PO030120,P0061,20,14.25,285.0
POI03012101,PO030121,P0077,280,2.05,574.0
POI03012102,PO030121,P0132,50,113.28,5664.0
POI03012103,PO030121,P0121,134,219.25,29379.5
POI03012201,PO030122,P0036,32,19.05,609.6
POI03012202,PO030122,P0111,26,342.25,8898.5
POI03012203,PO030122,P0141,252,243.19,61283.88
POI03012301,PO030123,P0027,80,14.62,1169.6
POI03012302,PO030123,P0076,100,5.83,583.0
POI03012303,PO030123,P0120,81,154.22,12491.82
POI03012401,PO030124,P0134,196,48.82,9568.72
POI03012402,PO030124,P0128,55,227.19,12495.45
POI03012403,PO030124,P0109,52,180.96,9409.92
POI03012501,PO030125,P0097,20,19.05,381.0
POI03012502,PO030125,P0012,92,7.87,724.04
POI03012503,PO030125,P0028,20,16.64,332.8
POI03012601,PO030126,P0129,336,92.12,30952.32
POI03012602,PO030126,P0106,248,118.46,29378.08
POI03012603,PO030126,P0102,10,134.74,1347.4
POI03012701,PO030127,P0121,134,219.25,29379.5
POI03012702,PO030127,P0132,50,113.28,5664.0
POI03012703,PO030127,P0077,280,2.05,574.0
POI03012801,PO030128,P0068,15,3.58,53.7
POI03012802,PO030128,P0020,100,16.88,1688.0
POI03012803,PO030128,P0088,40,15.49,619.6
POI03012901,PO030129,P0117,46,220.48,10142.08
POI03012902,PO030129,P0088,200,16.91,3382.0
POI03012903,PO030129,P0090,60,12.31,738.6
POI03013001,PO030130,P0144,42,119.58,5022.36
POI03013002,PO030130,P0006,20,21.28,425.6
POI03013003,PO030130,P0019,5,21.23,106.15
POI03013101,PO030131,P0128,220,227.19,49981.8
POI03013102,PO030131,P0060,180,5.17,930.6
POI03013103,PO030131,P0106,94,100.01,9400.94
POI03013201,PO030132,P0003,40,6.69,267.6
POI03013202,PO030132,P0135,70,205.05,14353.5
POI03013203,PO030132,P0054,150,9.22,1383.0
POI03013301,PO030133,P0003,20,7.56,151.2
POI03013302,PO030133,P0027,150,15.13,2269.5
POI03013303,PO030133,P0016,60,5.12,307.2
POI03013401,PO030134,P0141,153,240.56,36805.68
POI03013402,PO030134,P0052,20,2.04,40.8
POI03013403,PO030134,P0009,30,3.35,100.5
POI03013501,PO030135,P0123,69,314.6,21707.4
POI03013502,PO030135,P0133,114,247.16,28176.24
POI03013503,PO030135,P0084,174,20.66,3594.84
POI03013601,PO030136,P0089,384,11.56,4439.04
POI03013602,PO030136,P0025,280,15.43,4320.4
POI03013603,PO030136,P0041,70,17.03,1192.1
POI03013701,PO030137,P0121,201,219.25,44069.25
POI03013702,PO030137,P0132,50,113.28,5664.0
POI03013703,PO030137,P0065,102,0.71,72.42
POI03013801,PO030138,P0049,28,10.8,302.4
POI03013802,PO030138,P0123,69,314.6,21707.4
POI03013803,PO030138,P0084,174,20.66,3594.84
POI03013901,PO030139,P0082,40,3.05,122.0
POI03013902,PO030139,P0032,5,1.74,8.7
POI03013903,PO030139,P0059,40,17.17,686.8
POI03014001,PO030140,P0126,56,185.94,10412.64
POI03014002,PO030140,P0124,120,238.48,28617.6
POI03014003,PO030140,P0047,124,6.82,845.68
POI03014101,PO030141,P0122,276,302.12,83385.12
POI03014102,PO030141,P0127,268,91.72,24580.96
POI03014103,PO030141,P0045,76,4.52,343.52
POI03014201,PO030142,P0136,134,116.24,15576.16
POI03014202,PO030142,P0081,40,7.5,300.0
POI03014203,PO030142,P0076,150,5.83,874.5
POI03014301,PO030143,P0027,100,15.13,1513.0
POI03014302,PO030143,P0045,100,4.09,409.0
POI03014303,PO030143,P0137,84,214.59,18025.56
POI03014401,PO030144,P0075,50,17.22,861.0
POI03014402,PO030144,P0101,70,78.02,5461.4
POI03014403,PO030144,P0040,30,13.88,416.4
POI03014501,PO030145,P0111,39,342.25,13347.75
POI03014502,PO030145,P0043,213,3.96,843.48
POI03014503,PO030145,P0141,336,243.19,81711.84
POI03014601,PO030146,P0118,267,173.88,46425.96
POI03014602,PO030146,P0089,288,11.56,3329.28
POI03014603,PO030146,P0117,272,227.83,61969.76
POI03014701,PO030147,P0133,38,247.16,9392.08
POI03014702,PO030147,P0123,46,314.6,14471.6
POI03014703,PO030147,P0049,112,10.8,1209.6
POI03014801,PO030148,P0122,368,302.12,111180.16
POI03014802,PO030148,P0123,57,293.96,16755.72
POI03014803,PO030148,P0099,168,7.02,1179.36
POI03014901,PO030149,P0102,30,134.74,4042.2
POI03014902,PO030149,P0106,124,118.46,14689.04
POI03014903,PO030149,P0129,336,92.12,30952.32
POI03015001,PO030150,P0128,273,265.61,72511.53
POI03015002,PO030150,P0054,200,9.56,1912.0
POI03015003,PO030150,P0027,40,14.62,584.8
POI03015101,PO030151,P0111,52,342.25,17797.0
POI03015102,PO030151,P0083,74,5.57,412.18
POI03015103,PO030151,P0036,96,19.05,1828.8
POI03015201,PO030152,P0140,69,318.53,21978.57
POI03015202,PO030152,P0147,78,182.13,14206.14
POI03015203,PO030152,P0125,90,22.03,1982.7
POI03015301,PO030153,P0023,80,4.88,390.4
POI03015302,PO030153,P0143,93,146.0,13578.0
POI03015303,PO030153,P0148,54,31.45,1698.3
POI03015401,PO030154,P0079,100,6.93,693.0
POI03015402,PO030154,P0012,100,8.84,884.0
POI03015403,PO030154,P0018,80,2.35,188.0
POI03015501,PO030155,P0058,24,13.35,320.4
POI03015502,PO030155,P0089,384,11.56,4439.04
POI03015503,PO030155,P0145,76,266.25,20235.0
POI03015601,PO030156,P0083,74,5.57,412.18
POI03015602,PO030156,P0036,64,19.05,1219.2
POI03015603,PO030156,P0141,168,243.19,40855.92
POI03015701,PO030157,P0133,152,247.16,37568.32
POI03015702,PO030157,P0118,26,182.33,4740.58
POI03015703,PO030157,P0123,92,314.6,28943.2
POI03015801,PO030158,P0106,248,118.46,29378.08
POI03015802,PO030158,P0102,40,134.74,5389.6
POI03015803,PO030158,P0129,336,92.12,30952.32
POI03015901,PO030159,P0109,52,180.96,9409.92
POI03015902,PO030159,P0148,90,34.86,3137.4
POI03015903,PO030159,P0115,90,185.5,16695.0
POI03016001,PO030160,P0078,92,12.92,1188.64
POI03016002,PO030160,P0108,36,131.59,4737.24
POI03016003,PO030160,P0097,10,14.36,143.6
POI03016101,PO030161,P0008,135,7.71,1040.85
POI03016102,PO030161,P0126,85,183.85,15627.25
POI03016103,PO030161,P0077,140,2.05,287.0
POI03016201,PO030162,P0078,150,14.66,2199.0
POI03016202,PO030162,P0063,40,20.1,804.0
POI03016203,PO030162,P0136,188,118.6,22296.8
POI03016301,PO030163,P0140,69,318.53,21978.57
POI03016302,PO030163,P0147,234,182.13,42618.42
POI03016303,PO030163,P0125,180,22.03,3965.4
POI03016401,PO030164,P0047,10,5.94,59.4
POI03016402,PO030164,P0132,384,139.02,53383.68
POI03016403,PO030164,P0001,5,4.13,20.65
POI03016501,PO030165,P0106,188,100.01,18801.88
POI03016502,PO030165,P0060,60,5.17,310.2
POI03016503,PO030165,P0148,270,34.86,9412.2
POI03016601,PO030166,P0020,15,18.86,282.9
POI03016602,PO030166,P0017,20,8.6,172.0
POI03016603,PO030166,P0137,61,234.84,14325.24
POI03016701,PO030167,P0073,20,10.61,212.2
POI03016702,PO030167,P0015,80,21.5,1720.0
POI03016703,PO030167,P0014,20,2.82,56.4
POI03016801,PO030168,P0104,34,306.55,10422.7
POI03016802,PO030168,P0066,80,22.73,1818.4
POI03016803,PO030168,P0143,36,127.88,4603.68
POI03016901,PO030169,P0109,13,180.96,2352.48
POI03016902,PO030169,P0115,270,185.5,50085.0
POI03016903,PO030169,P0128,220,227.19,49981.8
POI03017001,PO030170,P0003,20,6.69,133.8
POI03017002,PO030170,P0019,10,21.23,212.3
POI03017003,PO030170,P0010,100,11.7,1170.0
POI03017101,PO030171,P0019,5,21.23,106.15
POI03017102,PO030171,P0075,200,17.22,3444.0
POI03017103,PO030171,P0103,396,76.68,30365.28
POI03017201,PO030172,P0043,284,3.96,1124.64
POI03017202,PO030172,P0083,148,5.57,824.36
POI03017203,PO030172,P0111,13,342.25,4449.25
POI03017301,PO030173,P0111,180,320.41,57673.8
POI03017302,PO030173,P0140,300,327.77,98331.0
POI03017303,PO030173,P0109,316,160.1,50591.6
POI03017401,PO030174,P0091,5,22.61,113.05
POI03017402,PO030174,P0143,279,146.0,40734.0
POI03017403,PO030174,P0148,54,31.45,1698.3
POI03017501,PO030175,P0079,50,6.93,346.5
POI03017502,PO030175,P0076,200,5.83,1166.0
POI03017503,PO030175,P0136,201,116.24,23364.24
POI03017601,PO030176,P0072,40,16.31,652.4
POI03017602,PO030176,P0039,40,3.71,148.4
POI03017603,PO030176,P0049,100,12.41,1241.0
POI03017701,PO030177,P0129,336,92.12,30952.32
POI03017702,PO030177,P0102,40,134.74,5389.6
POI03017703,PO030177,P0106,124,118.46,14689.04
POI03017801,PO030178,P0129,252,92.12,23214.24
POI03017802,PO030178,P0102,40,134.74,5389.6
POI03017803,PO030178,P0106,124,118.46,14689.04
POI03017901,PO030179,P0041,10,17.39,173.9
POI03017902,PO030179,P0086,10,19.48,194.8
POI03017903,PO030179,P0091,15,22.61,339.15
POI03018001,PO030180,P0114,98,205.6,20148.8
POI03018002,PO030180,P0128,165,227.19,37486.35
POI03018003,PO030180,P0115,90,185.5,16695.0
POI03018101,PO030181,P0024,20,20.73,414.6
POI03018102,PO030181,P0136,47,118.6,5574.2
POI03018103,PO030181,P0066,20,22.31,446.2
POI03018201,PO030182,P0144,84,119.58,10044.72
POI03018202,PO030182,P0048,200,5.89,1178.0
POI03018203,PO030182,P0009,10,3.35,33.5
POI03018301,PO030183,P0145,152,266.25,40470.0
POI03018302,PO030183,P0117,136,227.83,30984.88
POI03018303,PO030183,P0025,140,15.43,2160.2
POI03018401,PO030184,P0104,120,330.32,39638.4
POI03018402,PO030184,P0071,15,12.78,191.7
POI03018403,PO030184,P0042,100,21.5,2150.0
POI03018501,PO030185,P0150,50,186.79,9339.5
POI03018502,PO030185,P0062,40,18.24,729.6
POI03018503,PO030185,P0083,20,5.11,102.2
POI03018601,PO030186,P0135,94,200.28,18826.32
POI03018602,PO030186,P0131,80,38.7,3096.0
POI03018603,PO030186,P0045,152,4.52,687.04
POI03018701,PO030187,P0102,20,134.74,2694.8
POI03018702,PO030187,P0129,336,92.12,30952.32
POI03018703,PO030187,P0106,186,118.46,22033.56
POI03018801,PO030188,P0131,60,38.7,2322.0
POI03018802,PO030188,P0129,84,102.89,8642.76
POI03018803,PO030188,P0135,188,200.28,37652.64
POI03018901,PO030189,P0089,192,11.56,2219.52
POI03018902,PO030189,P0118,356,173.88,61901.28
POI03018903,PO030189,P0145,76,266.25,20235.0
POI03019001,PO030190,P0084,87,20.66,1797.42
POI03019002,PO030190,P0118,52,182.33,9481.16
POI03019003,PO030190,P0123,46,314.6,14471.6
POI03019101,PO030191,P0059,150,19.28,2892.0
POI03019102,PO030191,P0035,80,21.41,1712.8
POI03019103,PO030191,P0037,20,4.71,94.2
POI03019201,PO030192,P0146,261,78.73,20548.53
POI03019202,PO030192,P0056,60,21.23,1273.8
POI03019203,PO030192,P0139,93,289.93,26963.49
POI03019301,PO030193,P0077,70,2.05,143.5
POI03019302,PO030193,P0121,268,219.25,58759.0
POI03019303,PO030193,P0065,34,0.71,24.14
POI03019401,PO030194,P0050,20,6.59,131.8
POI03019402,PO030194,P0090,80,12.78,1022.4
POI03019403,PO030194,P0042,100,21.5,2150.0
POI03019501,PO030195,P0008,90,7.71,693.9
POI03019502,PO030195,P0121,201,219.25,44069.25
POI03019503,PO030195,P0132,50,113.28,5664.0
POI03019601,PO030196,P0099,84,7.02,589.68
POI03019602,PO030196,P0045,152,4.52,687.04
POI03019603,PO030196,P0127,67,91.72,6145.24
POI03019701,PO030197,P0030,40,18.9,756.0
POI03019702,PO030197,P0099,20,5.67,113.4
POI03019703,PO030197,P0004,20,18.63,372.6
POI03019801,PO030198,P0055,164,11.79,1933.56
POI03019802,PO030198,P0140,207,318.53,65935.71
POI03019803,PO030198,P0125,180,22.03,3965.4
POI03019901,PO030199,P0060,180,5.17,930.6
POI03019902,PO030199,P0134,98,48.82,4784.36
POI03019903,PO030199,P0061,48,13.71,658.08
POI03020001,PO030200,P0025,210,15.43,3240.3
POI03020002,PO030200,P0089,384,11.56,4439.04
POI03020003,PO030200,P0058,48,13.35,640.8
POI03020101,PO030201,P0112,46,120.92,5562.32
POI03020102,PO030201,P0141,153,240.56,36805.68
POI03020103,PO030201,P0009,10,3.35,33.5
POI03020201,PO030202,P0106,186,118.46,22033.56
POI03020202,PO030202,P0129,336,92.12,30952.32
POI03020203,PO030202,P0102,10,134.74,1347.4
POI03020301,PO030203,P0090,20,12.31,246.2
POI03020302,PO030203,P0143,144,127.88,18414.72
POI03020303,PO030203,P0029,252,25.11,6327.72
POI03020401,PO030204,P0065,136,0.71,96.56
POI03020402,PO030204,P0132,200,113.28,22656.0
POI03020403,PO030204,P0126,255,183.85,46881.75
POI03020501,PO030205,P0129,84,102.89,8642.76
POI03020502,PO030205,P0122,92,302.12,27795.04
POI03020503,PO030205,P0099,168,7.02,1179.36
POI03020601,PO030206,P0147,78,182.13,14206.14
POI03020602,PO030206,P0125,180,22.03,3965.4
POI03020603,PO030206,P0140,69,318.53,21978.57
POI03020701,PO030207,P0126,42,185.94,7809.48
POI03020702,PO030207,P0047,124,6.82,845.68
POI03020703,PO030207,P0138,198,299.6,59320.8
POI03020801,PO030208,P0055,41,11.79,483.39
POI03020802,PO030208,P0125,90,22.03,1982.7
POI03020803,PO030208,P0140,276,318.53,87914.28
POI03020901,PO030209,P0138,198,299.6,59320.8
POI03020902,PO030209,P0103,192,73.57,14125.44
POI03020903,PO030209,P0126,42,185.94,7809.48
POI03021001,PO030210,P0008,45,7.71,346.95
POI03021002,PO030210,P0126,85,183.85,15627.25
POI03021003,PO030210,P0077,210,2.05,430.5
POI03021101,PO030211,P0120,108,154.22,16655.76
POI03021102,PO030211,P0064,200,1.28,256.0
POI03021103,PO030211,P0033,80,2.56,204.8
POI03021201,PO030212,P0092,30,25.5,765.0
POI03021202,PO030212,P0011,60,16.95,1017.0
POI03021203,PO030212,P0039,40,3.71,148.4
POI03021301,PO030213,P0068,150,3.98,597.0
POI03021302,PO030213,P0066,5,22.31,111.55
POI03021303,PO030213,P0042,150,19.33,2899.5
POI03021401,PO030214,P0109,13,180.96,2352.48
POI03021402,PO030214,P0060,240,5.17,1240.8
POI03021403,PO030214,P0134,98,48.82,4784.36
POI03021501,PO030215,P0114,98,205.6,20148.8
POI03021502,PO030215,P0109,39,180.96,7057.44
POI03021503,PO030215,P0134,196,48.82,9568.72
POI03021601,PO030216,P0013,39,12.62,492.18
POI03021602,PO030216,P0022,60,24.63,1477.8
POI03021603,PO030216,P0042,100,19.89,1989.0
POI03021701,PO030217,P0102,20,134.74,2694.8
POI03021702,PO030217,P0106,62,118.46,7344.52
POI03021703,PO030217,P0129,252,92.12,23214.24
POI03021801,PO030218,P0089,10,10.89,108.9
POI03021802,PO030218,P0104,34,306.55,10422.7
POI03021803,PO030218,P0066,40,22.73,909.2
POI03021901,PO030219,P0086,15,22.82,342.3
POI03021902,PO030219,P0096,106,20.32,2153.92
POI03021903,PO030219,P0032,5,1.74,8.7
POI03022001,PO030220,P0139,130,333.48,43352.4
POI03022002,PO030220,P0113,180,105.99,19078.2
POI03022003,PO030220,P0079,10,5.59,55.9
POI03022101,PO030221,P0104,160,330.32,52851.2
POI03022102,PO030221,P0071,10,12.78,127.8
POI03022103,PO030221,P0147,52,149.2,7758.4
POI03022201,PO030222,P0074,30,4.94,148.2
POI03022202,PO030222,P0041,10,17.39,173.9
POI03022203,PO030222,P0075,15,18.75,281.25
POI03022301,PO030223,P0139,195,333.48,65028.6
POI03022302,PO030223,P0069,80,7.68,614.4
POI03022303,PO030223,P0073,20,10.19,203.8
POI03022401,PO030224,P0103,64,73.57,4708.48
POI03022402,PO030224,P0138,264,299.6,79094.4
POI03022403,PO030224,P0126,14,185.94,2603.16
POI03022501,PO030225,P0126,255,183.85,46881.75
POI03022502,PO030225,P0065,102,0.71,72.42
POI03022503,PO030225,P0008,90,7.71,693.9
POI03022601,PO030226,P0148,27,31.45,849.15
POI03022602,PO030226,P0026,40,19.21,768.4
POI03022603,PO030226,P0075,10,18.75,187.5
POI03022701,PO030227,P0002,20,11.47,229.4
POI03022702,PO030227,P0053,15,18.63,279.45
POI03022703,PO030227,P0091,10,22.61,226.1
POI03022801,PO030228,P0102,100,148.67,14867.0
POI03022802,PO030228,P0041,35,17.03,596.05
POI03022803,PO030228,P0058,12,13.35,160.2
POI03022901,PO030229,P0028,150,16.45,2467.5
POI03022902,PO030229,P0020,150,16.88,2532.0
POI03022903,PO030229,P0099,20,5.67,113.4
POI03023001,PO030230,P0036,128,19.05,2438.4
POI03023002,PO030230,P0111,26,342.25,8898.5
POI03023003,PO030230,P0083,222,5.57,1236.54
POI03023101,PO030231,P0102,40,134.74,5389.6
POI03023102,PO030231,P0129,84,92.12,7738.08
POI03023103,PO030231,P0106,186,118.46,22033.56
POI03023201,PO030232,P0118,13,182.33,2370.29
POI03023202,PO030232,P0133,114,247.16,28176.24
POI03023203,PO030232,P0123,23,314.6,7235.8
POI03023301,PO030233,P0125,90,22.03,1982.7
POI03023302,PO030233,P0147,78,182.13,14206.14
POI03023303,PO030233,P0055,41,11.79,483.39
POI03023401,PO030234,P0102,50,148.67,7433.5
POI03023402,PO030234,P0117,136,227.83,30984.88
POI03023403,PO030234,P0025,210,15.43,3240.3
POI03023501,PO030235,P0132,150,113.28,16992.0
POI03023502,PO030235,P0008,45,7.71,346.95
POI03023503,PO030235,P0065,136,0.71,96.56
POI03023601,PO030236,P0133,114,247.16,28176.24
POI03023602,PO030236,P0123,92,314.6,28943.2
POI03023603,PO030236,P0084,348,20.66,7189.68
POI03023701,PO030237,P0142,74,348.53,25791.22
POI03023702,PO030237,P0044,200,6.1,1220.0
POI03023703,PO030237,P0017,40,8.6,344.0
POI03023801,PO030238,P0086,30,19.48,584.4
POI03023802,PO030238,P0003,5,7.56,37.8
POI03023803,PO030238,P0074,40,4.94,197.6
POI03023901,PO030239,P0067,10,13.55,135.5
POI03023902,PO030239,P0042,100,21.5,2150.0
POI03023903,PO030239,P0007,177,11.9,2106.3
POI03024001,PO030240,P0106,124,118.46,14689.04
POI03024002,PO030240,P0129,252,92.12,23214.24
POI03024003,PO030240,P0102,30,134.74,4042.2
POI03024101,PO030241,P0046,100,4.22,422.0
POI03024102,PO030241,P0141,153,240.56,36805.68
POI03024103,PO030241,P0008,10,7.15,71.5
POI03024201,PO030242,P0133,84,237.87,19981.08
POI03024202,PO030242,P0103,192,73.57,14125.44
POI03024203,PO030242,P0126,42,185.94,7809.48
POI03024301,PO030243,P0037,40,4.71,188.4
POI03024302,PO030243,P0110,108,269.89,29148.12
POI03024303,PO030243,P0027,40,14.38,575.2
POI03024401,PO030244,P0083,296,5.57,1648.72
POI03024402,PO030244,P0036,128,19.05,2438.4
POI03024403,PO030244,P0043,142,3.96,562.32
POI03024501,PO030245,P0022,40,24.63,985.2
POI03024502,PO030245,P0087,80,20.0,1600.0
POI03024503,PO030245,P0088,200,16.91,3382.0
POI03024601,PO030246,P0138,132,299.6,39547.2
POI03024602,PO030246,P0133,63,237.87,14985.81
POI03024603,PO030246,P0145,80,246.33,19706.4
POI03024701,PO030247,P0099,40,5.67,226.8
POI03024702,PO030247,P0077,20,2.54,50.8
POI03024703,PO030247,P0064,258,1.12,288.96
POI03024801,PO030248,P0102,20,134.74,2694.8
POI03024802,PO030248,P0106,248,118.46,29378.08
POI03024803,PO030248,P0129,84,92.12,7738.08
POI03024901,PO030249,P0079,10,5.59,55.9
POI03024902,PO030249,P0121,20,223.86,4477.2
POI03024903,PO030249,P0020,15,18.86,282.9
POI03025001,PO030250,P0121,67,219.25,14689.75
POI03025002,PO030250,P0065,68,0.71,48.28
POI03025003,PO030250,P0132,50,113.28,5664.0
