batch_id,product_id,store_id,batch_number,received_date,manufacturing_date,expiry_date,initial_quantity,remaining_quantity,unit_cost,status
BATCH-000001,P0001,S01,P0001-S01-CURRENT,2025-12-31,2025-12-24,2026-12-24,266,266,3.92,active
BATCH-000002,P0001,S01,P0001-S01-HIST,2025-01-01,2024-12-25,2025-12-25,194,0,3.92,depleted
BATCH-000003,P0002,S01,P0002-S01-CURRENT,2025-12-31,2025-12-27,2026-02-10,174,174,12.88,active
BATCH-000004,P0002,S01,P0002-S01-HIST,2025-01-01,2024-12-28,2025-02-11,119,0,12.88,depleted
BATCH-000005,P0003,S01,P0003-S01-CURRENT,2025-12-31,2025-12-25,2026-02-23,231,231,7.31,active
BATCH-000006,P0003,S01,P0003-S01-HIST,2025-01-01,2024-12-26,2025-02-24,150,0,7.31,depleted
BATCH-000007,P0004,S01,P0004-S01-CURRENT,2025-12-31,2025-12-24,2026-03-24,157,157,18.38,active
BATCH-000008,P0004,S01,P0004-S01-HIST,2025-01-01,2024-12-25,2025-03-25,142,0,18.38,depleted
BATCH-000009,P0005,S01,P0005-S01-CURRENT,2025-12-31,2025-12-25,2026-02-23,294,294,1.62,active
BATCH-000010,P0005,S01,P0005-S01-HIST,2025-01-01,2024-12-26,2025-02-24,327,0,1.62,depleted
BATCH-000011,P0006,S01,P0006-S01-CURRENT,2025-12-31,2025-12-25,2026-02-23,69,69,20.94,active
BATCH-000012,P0006,S01,P0006-S01-HIST,2025-01-01,2024-12-26,2025-02-24,141,0,20.94,depleted
BATCH-000013,P0007,S01,P0007-S01-CURRENT,2025-12-31,2025-12-24,2026-12-24,175,175,11.83,active
BATCH-000014,P0007,S01,P0007-S01-HIST,2025-01-01,2024-12-25,2025-12-25,78,0,11.83,depleted
BATCH-000015,P0008,S01,P0008-S01-CURRENT,2025-12-31,2025-12-24,2026-06-22,176,176,7.06,active
BATCH-000016,P0008,S01,P0008-S01-HIST,2025-01-01,2024-12-25,2025-06-23,256,0,7.06,depleted
BATCH-000017,P0009,S01,P0009-S01-CURRENT,2025-12-31,2025-12-24,2026-06-22,253,253,3.92,active
BATCH-000018,P0009,S01,P0009-S01-HIST,2025-01-01,2024-12-25,2025-06-23,208,0,3.92,depleted
BATCH-000019,P0010,S01,P0010-S01-CURRENT,2025-12-31,2025-12-28,2026-01-27,115,115,12.59,active
BATCH-000020,P0010,S01,P0010-S01-HIST,2025-01-01,2024-12-29,2025-01-28,79,0,12.59,depleted
BATCH-000021,P0011,S01,P0011-S01-CURRENT,2025-12-31,2025-12-25,2026-02-23,140,140,15.1,active
BATCH-000022,P0011,S01,P0011-S01-HIST,2025-01-01,2024-12-26,2025-02-24,252,0,15.1,depleted
BATCH-000023,P0012,S01,P0012-S01-CURRENT,2025-12-31,2025-12-28,2026-01-27,251,251,7.69,active
BATCH-000024,P0012,S01,P0012-S01-HIST,2025-01-01,2024-12-29,2025-01-28,191,0,7.69,depleted
BATCH-000025,P0013,S01,P0013-S01-CURRENT,2025-12-31,2025-12-25,2026-02-23,322,322,12.94,active
BATCH-000026,P0013,S01,P0013-S01-HIST,2025-01-01,2024-12-26,2025-02-24,355,0,12.94,depleted
BATCH-000027,P0014,S01,P0014-S01-CURRENT,2025-12-31,2025-12-25,2026-02-23,13,13,3.24,active
BATCH-000028,P0014,S01,P0014-S01-HIST,2025-01-01,2024-12-26,2025-02-24,129,0,3.24,depleted
BATCH-000029,P0015,S01,P0015-S01-CURRENT,2025-12-31,2025-12-24,2026-03-24,209,209,19.26,active
BATCH-000030,P0015,S01,P0015-S01-HIST,2025-01-01,2024-12-25,2025-03-25,182,0,19.26,depleted
BATCH-000031,P0016,S01,P0016-S01-CURRENT,2025-12-31,2025-12-24,2026-12-24,164,164,5.43,active
BATCH-000032,P0016,S01,P0016-S01-HIST,2025-01-01,2024-12-25,2025-12-25,153,0,5.43,depleted
BATCH-000033,P0017,S01,P0017-S01-CURRENT,2025-12-31,2025-12-27,2026-02-10,39,39,8.78,active
BATCH-000034,P0017,S01,P0017-S01-HIST,2025-01-01,2024-12-28,2025-02-11,49,0,8.78,depleted
BATCH-000035,P0018,S01,P0018-S01-CURRENT,2025-12-31,2025-12-24,2026-12-24,251,251,2.24,active
BATCH-000036,P0018,S01,P0018-S01-HIST,2025-01-01,2024-12-25,2025-12-25,127,0,2.24,depleted
BATCH-000037,P0019,S01,P0019-S01-CURRENT,2025-12-31,2025-12-28,2026-01-27,175,175,20.28,active
BATCH-000038,P0019,S01,P0019-S01-HIST,2025-01-01,2024-12-29,2025-01-28,120,0,20.28,depleted
BATCH-000039,P0020,S01,P0020-S01-CURRENT,2025-12-31,2025-12-28,2026-01-27,235,235,16.51,active
BATCH-000040,P0020,S01,P0020-S01-HIST,2025-01-01,2024-12-29,2025-01-28,205,0,16.51,depleted
BATCH-000041,P0021,S01,P0021-S01-CURRENT,2025-12-31,2025-12-25,2026-02-23,131,131,11.49,active
BATCH-000042,P0021,S01,P0021-S01-HIST,2025-01-01,2024-12-26,2025-02-24,291,0,11.49,depleted
BATCH-000043,P0022,S01,P0022-S01-CURRENT,2025-12-31,2025-12-28,2026-01-27,228,228,24.98,active
BATCH-000044,P0022,S01,P0022-S01-HIST,2025-01-01,2024-12-29,2025-01-28,90,0,24.98,depleted
BATCH-000045,P0023,S01,P0023-S01-CURRENT,2025-12-31,2025-12-24,2026-03-24,196,196,4.53,active
BATCH-000046,P0023,S01,P0023-S01-HIST,2025-01-01,2024-12-25,2025-03-25,149,0,4.53,depleted
BATCH-000047,P0024,S01,P0024-S01-CURRENT,2025-12-31,2025-12-25,2026-02-23,324,324,18.1,active
BATCH-000048,P0024,S01,P0024-S01-HIST,2025-01-01,2024-12-26,2025-02-24,152,0,18.1,depleted
BATCH-000049,P0025,S01,P0025-S01-CURRENT,2025-12-31,2025-12-24,2026-06-22,310,310,14.81,active
BATCH-000050,P0025,S01,P0025-S01-HIST,2025-01-01,2024-12-25,2025-06-23,126,0,14.81,depleted
BATCH-000051,P0026,S01,P0026-S01-CURRENT,2025-12-31,2025-12-24,2026-06-22,243,243,21.61,active
BATCH-000052,P0026,S01,P0026-S01-HIST,2025-01-01,2024-12-25,2025-06-23,238,0,21.61,depleted
BATCH-000053,P0027,S01,P0027-S01-CURRENT,2025-12-31,2025-12-25,2026-02-23,175,175,14.8,active
BATCH-000054,P0027,S01,P0027-S01-HIST,2025-01-01,2024-12-26,2025-02-24,317,0,14.8,depleted
BATCH-000055,P0028,S01,P0028-S01-CURRENT,2025-12-31,2025-12-25,2026-02-23,192,192,16.96,active
BATCH-000056,P0028,S01,P0028-S01-HIST,2025-01-01,2024-12-26,2025-02-24,207,0,16.96,depleted
BATCH-000057,P0029,S01,P0029-S01-CURRENT,2025-12-31,2025-12-27,2026-02-10,74,74,23.36,active
BATCH-000058,P0029,S01,P0029-S01-HIST,2025-01-01,2024-12-28,2025-02-11,64,0,23.36,depleted
BATCH-000059,P0030,S01,P0030-S01-CURRENT,2025-12-31,2025-12-24,2026-12-24,185,185,20.52,active
BATCH-000060,P0030,S01,P0030-S01-HIST,2025-01-01,2024-12-25,2025-12-25,66,0,20.52,depleted
BATCH-000061,P0031,S01,P0031-S01-CURRENT,2025-12-31,2025-12-27,2026-02-10,45,45,15.32,active
BATCH-000062,P0031,S01,P0031-S01-HIST,2025-01-01,2024-12-28,2025-02-11,184,0,15.32,depleted
BATCH-000063,P0032,S01,P0032-S01-CURRENT,2025-12-31,2025-12-27,2026-02-10,369,369,1.58,active
BATCH-000064,P0032,S01,P0032-S01-HIST,2025-01-01,2024-12-28,2025-02-11,327,0,1.58,depleted
BATCH-000065,P0033,S01,P0033-S01-CURRENT,2025-12-31,2025-12-27,2026-02-10,238,238,2.34,active
BATCH-000066,P0033,S01,P0033-S01-HIST,2025-01-01,2024-12-28,2025-02-11,243,0,2.34,depleted
BATCH-000067,P0034,S01,P0034-S01-CURRENT,2025-12-31,2025-12-28,2026-01-27,399,399,9.43,active
BATCH-000068,P0034,S01,P0034-S01-HIST,2025-01-01,2024-12-29,2025-01-28,291,0,9.43,depleted
BATCH-000069,P0035,S01,P0035-S01-CURRENT,2025-12-31,2025-12-24,2026-06-22,263,263,22.16,active
BATCH-000070,P0035,S01,P0035-S01-HIST,2025-01-01,2024-12-25,2025-06-23,362,0,22.16,depleted
BATCH-000071,P0036,S01,P0036-S01-CURRENT,2025-12-31,2025-12-24,2026-03-24,119,119,18.55,active
BATCH-000072,P0036,S01,P0036-S01-HIST,2025-01-01,2024-12-25,2025-03-25,102,0,18.55,depleted
BATCH-000073,P0037,S01,P0037-S01-CURRENT,2025-12-31,2025-12-25,2026-02-23,91,91,5.39,active
BATCH-000074,P0037,S01,P0037-S01-HIST,2025-01-01,2024-12-26,2025-02-24,84,0,5.39,depleted
BATCH-000075,P0038,S01,P0038-S01-CURRENT,2025-12-31,2025-12-25,2026-02-23,189,189,7.33,active
BATCH-000076,P0038,S01,P0038-S01-HIST,2025-01-01,2024-12-26,2025-02-24,239,0,7.33,depleted
BATCH-000077,P0039,S01,P0039-S01-CURRENT,2025-12-31,2025-12-27,2026-02-10,55,55,3.33,active
BATCH-000078,P0039,S01,P0039-S01-HIST,2025-01-01,2024-12-28,2025-02-11,55,0,3.33,depleted
BATCH-000079,P0040,S01,P0040-S01-CURRENT,2025-12-31,2025-12-24,2026-03-24,62,62,15.35,active
BATCH-000080,P0040,S01,P0040-S01-HIST,2025-01-01,2024-12-25,2025-03-25,28,0,15.35,depleted
BATCH-000081,P0041,S01,P0041-S01-CURRENT,2025-12-31,2025-12-24,2026-12-24,58,58,18.13,active
BATCH-000082,P0041,S01,P0041-S01-HIST,2025-01-01,2024-12-25,2025-12-25,131,0,18.13,depleted
BATCH-000083,P0042,S01,P0042-S01-CURRENT,2025-12-31,2025-12-25,2026-02-23,179,179,21.28,active
BATCH-000084,P0042,S01,P0042-S01-HIST,2025-01-01,2024-12-26,2025-02-24,106,0,21.28,depleted
BATCH-000085,P0043,S01,P0043-S01-CURRENT,2025-12-31,2025-12-24,2026-03-24,195,195,3.62,active
BATCH-000086,P0043,S01,P0043-S01-HIST,2025-01-01,2024-12-25,2025-03-25,143,0,3.62,depleted
BATCH-000087,P0044,S01,P0044-S01-CURRENT,2025-12-31,2025-12-24,2026-06-22,52,52,5.65,active
BATCH-000088,P0044,S01,P0044-S01-HIST,2025-01-01,2024-12-25,2025-06-23,214,0,5.65,depleted
BATCH-000089,P0045,S01,P0045-S01-CURRENT,2025-12-31,2025-12-24,2026-06-22,157,157,4.66,active
BATCH-000090,P0045,S01,P0045-S01-HIST,2025-01-01,2024-12-25,2025-06-23,331,0,4.66,depleted
BATCH-000091,P0046,S01,P0046-S01-CURRENT,2025-12-31,2025-12-24,2026-03-24,197,197,4.11,active
BATCH-000092,P0046,S01,P0046-S01-HIST,2025-01-01,2024-12-25,2025-03-25,204,0,4.11,depleted
BATCH-000093,P0047,S01,P0047-S01-CURRENT,2025-12-31,2025-12-28,2026-01-27,44,44,6.48,active
BATCH-000094,P0047,S01,P0047-S01-HIST,2025-01-01,2024-12-29,2025-01-28,104,0,6.48,depleted
BATCH-000095,P0048,S01,P0048-S01-CURRENT,2025-12-31,2025-12-24,2026-03-24,123,123,6.61,active
BATCH-000096,P0048,S01,P0048-S01-HIST,2025-01-01,2024-12-25,2025-03-25,167,0,6.61,depleted
BATCH-000097,P0049,S01,P0049-S01-CURRENT,2025-12-31,2025-12-24,2026-03-24,71,71,10.96,active
BATCH-000098,P0049,S01,P0049-S01-HIST,2025-01-01,2024-12-25,2025-03-25,220,0,10.96,depleted
BATCH-000099,P0050,S01,P0050-S01-CURRENT,2025-12-31,2025-12-24,2026-12-24,40,40,6.36,active
BATCH-000100,P0050,S01,P0050-S01-HIST,2025-01-01,2024-12-25,2025-12-25,125,0,6.36,depleted
BATCH-000101,P0051,S01,P0051-S01-CURRENT,2025-12-31,2025-12-27,2026-02-10,105,105,4.2,active
BATCH-000102,P0051,S01,P0051-S01-HIST,2025-01-01,2024-12-28,2025-02-11,201,0,4.2,depleted
BATCH-000103,P0052,S01,P0052-S01-CURRENT,2025-12-31,2025-12-24,2026-03-24,138,138,2.03,active
BATCH-000104,P0052,S01,P0052-S01-HIST,2025-01-01,2024-12-25,2025-03-25,171,0,2.03,depleted
BATCH-000105,P0053,S01,P0053-S01-CURRENT,2025-12-31,2025-12-24,2026-03-24,136,136,21.41,active
BATCH-000106,P0053,S01,P0053-S01-HIST,2025-01-01,2024-12-25,2025-03-25,72,0,21.41,depleted
BATCH-000107,P0054,S01,P0054-S01-CURRENT,2025-12-31,2025-12-24,2026-03-24,102,102,8.74,active
BATCH-000108,P0054,S01,P0054-S01-HIST,2025-01-01,2024-12-25,2025-03-25,70,0,8.74,depleted
BATCH-000109,P0055,S01,P0055-S01-CURRENT,2025-12-31,2025-12-27,2026-02-10,109,109,11.0,active
BATCH-000110,P0055,S01,P0055-S01-HIST,2025-01-01,2024-12-28,2025-02-11,104,0,11.0,depleted
BATCH-000111,P0056,S01,P0056-S01-CURRENT,2025-12-31,2025-12-24,2026-03-24,84,84,19.15,active
BATCH-000112,P0056,S01,P0056-S01-HIST,2025-01-01,2024-12-25,2025-03-25,141,0,19.15,depleted
BATCH-000113,P0057,S01,P0057-S01-CURRENT,2025-12-31,2025-12-24,2026-12-24,140,140,16.43,active
BATCH-000114,P0057,S01,P0057-S01-HIST,2025-01-01,2024-12-25,2025-12-25,116,0,16.43,depleted
BATCH-000115,P0058,S01,P0058-S01-CURRENT,2025-12-31,2025-12-27,2026-02-10,133,133,12.1,active
BATCH-000116,P0058,S01,P0058-S01-HIST,2025-01-01,2024-12-28,2025-02-11,73,0,12.1,depleted
BATCH-000117,P0059,S01,P0059-S01-CURRENT,2025-12-31,2025-12-27,2026-02-10,262,262,18.1,active
BATCH-000118,P0059,S01,P0059-S01-HIST,2025-01-01,2024-12-28,2025-02-11,234,0,18.1,depleted
BATCH-000119,P0060,S01,P0060-S01-CURRENT,2025-12-31,2025-12-24,2026-12-24,270,270,5.36,active
BATCH-000120,P0060,S01,P0060-S01-HIST,2025-01-01,2024-12-25,2025-12-25,315,0,5.36,depleted
BATCH-000121,P0061,S01,P0061-S01-CURRENT,2025-12-31,2025-12-28,2026-01-27,403,403,13.55,active
BATCH-000122,P0061,S01,P0061-S01-HIST,2025-01-01,2024-12-29,2025-01-28,376,0,13.55,depleted
BATCH-000123,P0062,S01,P0062-S01-CURRENT,2025-12-31,2025-12-24,2026-12-24,44,44,16.07,active
BATCH-000124,P0062,S01,P0062-S01-HIST,2025-01-01,2024-12-25,2025-12-25,73,0,16.07,depleted
BATCH-000125,P0063,S01,P0063-S01-CURRENT,2025-12-31,2025-12-25,2026-02-23,96,96,20.73,active
BATCH-000126,P0063,S01,P0063-S01-HIST,2025-01-01,2024-12-26,2025-02-24,153,0,20.73,depleted
BATCH-000127,P0064,S01,P0064-S01-CURRENT,2025-12-31,2025-12-27,2026-02-10,231,231,1.2,active
BATCH-000128,P0064,S01,P0064-S01-HIST,2025-01-01,2024-12-28,2025-02-11,181,0,1.2,depleted
BATCH-000129,P0065,S01,P0065-S01-CURRENT,2025-12-31,2025-12-28,2026-01-27,167,167,0.75,active
BATCH-000130,P0065,S01,P0065-S01-HIST,2025-01-01,2024-12-29,2025-01-28,109,0,0.75,depleted
BATCH-000131,P0066,S01,P0066-S01-CURRENT,2025-12-31,2025-12-27,2026-02-10,138,138,19.93,active
BATCH-000132,P0066,S01,P0066-S01-HIST,2025-01-01,2024-12-28,2025-02-11,108,0,19.93,depleted
BATCH-000133,P0067,S01,P0067-S01-CURRENT,2025-12-31,2025-12-24,2026-12-24,258,258,13.51,active
BATCH-000134,P0067,S01,P0067-S01-HIST,2025-01-01,2024-12-25,2025-12-25,312,0,13.51,depleted
BATCH-000135,P0068,S01,P0068-S01-CURRENT,2025-12-31,2025-12-28,2026-01-27,139,139,3.46,active
BATCH-000136,P0068,S01,P0068-S01-HIST,2025-01-01,2024-12-29,2025-01-28,125,0,3.46,depleted
BATCH-000137,P0069,S01,P0069-S01-CURRENT,2025-12-31,2025-12-25,2026-02-23,161,161,7.76,active
BATCH-000138,P0069,S01,P0069-S01-HIST,2025-01-01,2024-12-26,2025-02-24,145,0,7.76,depleted
BATCH-000139,P0070,S01,P0070-S01-CURRENT,2025-12-31,2025-12-24,2026-12-24,307,307,7.66,active
BATCH-000140,P0070,S01,P0070-S01-HIST,2025-01-01,2024-12-25,2025-12-25,299,0,7.66,depleted
BATCH-000141,P0071,S01,P0071-S01-CURRENT,2025-12-31,2025-12-28,2026-01-27,71,71,11.29,active
BATCH-000142,P0071,S01,P0071-S01-HIST,2025-01-01,2024-12-29,2025-01-28,83,0,11.29,depleted
BATCH-000143,P0072,S01,P0072-S01-CURRENT,2025-12-31,2025-12-27,2026-02-10,143,143,15.92,active
BATCH-000144,P0072,S01,P0072-S01-HIST,2025-01-01,2024-12-28,2025-02-11,73,0,15.92,depleted
BATCH-000145,P0073,S01,P0073-S01-CURRENT,2025-12-31,2025-12-25,2026-02-23,51,51,9.82,active
BATCH-000146,P0073,S01,P0073-S01-HIST,2025-01-01,2024-12-26,2025-02-24,233,0,9.82,depleted
BATCH-000147,P0074,S01,P0074-S01-CURRENT,2025-12-31,2025-12-27,2026-02-10,243,243,5.67,active
BATCH-000148,P0074,S01,P0074-S01-HIST,2025-01-01,2024-12-28,2025-02-11,151,0,5.67,depleted
BATCH-000149,P0075,S01,P0075-S01-CURRENT,2025-12-31,2025-12-28,2026-01-27,324,324,17.39,active
BATCH-000150,P0075,S01,P0075-S01-HIST,2025-01-01,2024-12-29,2025-01-28,325,0,17.39,depleted
BATCH-000151,P0076,S01,P0076-S01-CURRENT,2025-12-31,2025-12-24,2026-12-24,78,78,6.22,active
BATCH-000152,P0076,S01,P0076-S01-HIST,2025-01-01,2024-12-25,2025-12-25,45,0,6.22,depleted
BATCH-000153,P0077,S01,P0077-S01-CURRENT,2025-12-31,2025-12-25,2026-02-23,74,74,2.25,active
BATCH-000154,P0077,S01,P0077-S01-HIST,2025-01-01,2024-12-26,2025-02-24,84,0,2.25,depleted
BATCH-000155,P0078,S01,P0078-S01-CURRENT,2025-12-31,2025-12-28,2026-01-27,244,244,12.76,active
BATCH-000156,P0078,S01,P0078-S01-HIST,2025-01-01,2024-12-29,2025-01-28,166,0,12.76,depleted
BATCH-000157,P0079,S01,P0079-S01-CURRENT,2025-12-31,2025-12-24,2026-06-22,251,251,6.11,active
BATCH-000158,P0079,S01,P0079-S01-HIST,2025-01-01,2024-12-25,2025-06-23,314,0,6.11,depleted
BATCH-000159,P0080,S01,P0080-S01-CURRENT,2025-12-31,2025-12-25,2026-02-23,144,144,13.21,active
BATCH-000160,P0080,S01,P0080-S01-HIST,2025-01-01,2024-12-26,2025-02-24,174,0,13.21,depleted
BATCH-000161,P0081,S01,P0081-S01-CURRENT,2025-12-31,2025-12-27,2026-02-10,101,101,8.67,active
BATCH-000162,P0081,S01,P0081-S01-HIST,2025-01-01,2024-12-28,2025-02-11,303,0,8.67,depleted
BATCH-000163,P0082,S01,P0082-S01-CURRENT,2025-12-31,2025-12-28,2026-01-27,146,146,2.66,active
BATCH-000164,P0082,S01,P0082-S01-HIST,2025-01-01,2024-12-29,2025-01-28,260,0,2.66,depleted
BATCH-000165,P0083,S01,P0083-S01-CURRENT,2025-12-31,2025-12-24,2026-03-24,39,39,5.1,active
BATCH-000166,P0083,S01,P0083-S01-HIST,2025-01-01,2024-12-25,2025-03-25,72,0,5.1,depleted
BATCH-000167,P0084,S01,P0084-S01-CURRENT,2025-12-31,2025-12-28,2026-01-27,85,85,22.08,active
BATCH-000168,P0084,S01,P0084-S01-HIST,2025-01-01,2024-12-29,2025-01-28,60,0,22.08,depleted
BATCH-000169,P0085,S01,P0085-S01-CURRENT,2025-12-31,2025-12-28,2026-01-27,39,39,6.01,active
BATCH-000170,P0085,S01,P0085-S01-HIST,2025-01-01,2024-12-29,2025-01-28,144,0,6.01,depleted
BATCH-000171,P0086,S01,P0086-S01-CURRENT,2025-12-31,2025-12-27,2026-02-10,62,62,20.95,active
BATCH-000172,P0086,S01,P0086-S01-HIST,2025-01-01,2024-12-28,2025-02-11,57,0,20.95,depleted
BATCH-000173,P0087,S01,P0087-S01-CURRENT,2025-12-31,2025-12-25,2026-02-23,364,364,22.04,active
BATCH-000174,P0087,S01,P0087-S01-HIST,2025-01-01,2024-12-26,2025-02-24,180,0,22.04,depleted
BATCH-000175,P0088,S01,P0088-S01-CURRENT,2025-12-31,2025-12-27,2026-02-10,112,112,14.71,active
BATCH-000176,P0088,S01,P0088-S01-HIST,2025-01-01,2024-12-28,2025-02-11,104,0,14.71,depleted
BATCH-000177,P0089,S01,P0089-S01-CURRENT,2025-12-31,2025-12-27,2026-02-10,246,246,11.66,active
BATCH-000178,P0089,S01,P0089-S01-HIST,2025-01-01,2024-12-28,2025-02-11,128,0,11.66,depleted
BATCH-000179,P0090,S01,P0090-S01-CURRENT,2025-12-31,2025-12-24,2026-03-24,326,326,12.09,active
BATCH-000180,P0090,S01,P0090-S01-HIST,2025-01-01,2024-12-25,2025-03-25,309,0,12.09,depleted
BATCH-000181,P0091,S01,P0091-S01-CURRENT,2025-12-31,2025-12-28,2026-01-27,91,91,24.15,active
BATCH-000182,P0091,S01,P0091-S01-HIST,2025-01-01,2024-12-29,2025-01-28,250,0,24.15,depleted
BATCH-000183,P0092,S01,P0092-S01-CURRENT,2025-12-31,2025-12-25,2026-02-23,357,357,24.26,active
BATCH-000184,P0092,S01,P0092-S01-HIST,2025-01-01,2024-12-26,2025-02-24,302,0,24.26,depleted
BATCH-000185,P0093,S01,P0093-S01-CURRENT,2025-12-31,2025-12-25,2026-02-23,45,45,21.55,active
BATCH-000186,P0093,S01,P0093-S01-HIST,2025-01-01,2024-12-26,2025-02-24,39,0,21.55,depleted
BATCH-000187,P0094,S01,P0094-S01-CURRENT,2025-12-31,2025-12-24,2026-12-24,77,77,2.71,active
BATCH-000188,P0094,S01,P0094-S01-HIST,2025-01-01,2024-12-25,2025-12-25,70,0,2.71,depleted
BATCH-000189,P0095,S01,P0095-S01-CURRENT,2025-12-31,2025-12-27,2026-02-10,159,159,7.69,active
BATCH-000190,P0095,S01,P0095-S01-HIST,2025-01-01,2024-12-28,2025-02-11,154,0,7.69,depleted
BATCH-000191,P0096,S01,P0096-S01-CURRENT,2025-12-31,2025-12-27,2026-02-10,96,96,21.84,active
BATCH-000192,P0096,S01,P0096-S01-HIST,2025-01-01,2024-12-28,2025-02-11,48,0,21.84,depleted
BATCH-000193,P0097,S01,P0097-S01-CURRENT,2025-12-31,2025-12-24,2026-03-24,121,121,16.84,active
BATCH-000194,P0097,S01,P0097-S01-HIST,2025-01-01,2024-12-25,2025-03-25,186,0,16.84,depleted
BATCH-000195,P0098,S01,P0098-S01-CURRENT,2025-12-31,2025-12-24,2026-12-24,277,277,7.83,active
BATCH-000196,P0098,S01,P0098-S01-HIST,2025-01-01,2024-12-25,2025-12-25,356,0,7.83,depleted
BATCH-000197,P0099,S01,P0099-S01-CURRENT,2025-12-31,2025-12-24,2026-06-22,51,51,6.31,active
BATCH-000198,P0099,S01,P0099-S01-HIST,2025-01-01,2024-12-25,2025-06-23,129,0,6.31,depleted
BATCH-000199,P0100,S01,P0100-S01-CURRENT,2025-12-31,2025-12-24,2026-12-24,138,138,14.37,active
BATCH-000200,P0100,S01,P0100-S01-HIST,2025-01-01,2024-12-25,2025-12-25,284,0,14.37,depleted
BATCH-000201,P0101,S01,P0101-S01-CURRENT,2025-12-31,2025-12-24,2026-06-23,46,46,79.05,active
BATCH-000202,P0101,S01,P0101-S01-HIST,2025-01-01,2024-12-25,2025-06-24,91,0,79.05,depleted
BATCH-000203,P0102,S01,P0102-S01-CURRENT,2025-12-31,2025-12-24,2026-06-23,246,246,137.12,active
BATCH-000204,P0102,S01,P0102-S01-HIST,2025-01-01,2024-12-25,2025-06-24,293,0,137.12,depleted
BATCH-000205,P0103,S01,P0103-S01-HIST,2025-01-01,2024-12-31,2025-01-13,49,0,78.53,depleted
BATCH-000206,P0104,S01,P0104-S01-CURRENT,2025-12-31,2025-12-30,2026-01-13,156,156,323.55,near_expiry
BATCH-000207,P0104,S01,P0104-S01-HIST,2025-01-01,2024-12-31,2025-01-14,272,0,323.55,depleted
BATCH-000208,P0105,S01,P0105-S01-CURRENT,2025-12-31,2025-12-30,2026-01-10,67,67,190.0,near_expiry
BATCH-000209,P0105,S01,P0105-S01-HIST,2025-01-01,2024-12-31,2025-01-11,188,0,190.0,depleted
BATCH-000210,P0106,S01,P0106-S01-CURRENT,2025-12-31,2025-12-30,2026-01-07,70,70,111.71,near_expiry
BATCH-000211,P0106,S01,P0106-S01-HIST,2025-01-01,2024-12-31,2025-01-08,194,0,111.71,depleted
BATCH-000212,P0107,S01,P0107-S01-CURRENT,2025-12-31,2025-12-24,2026-12-30,50,50,162.2,active
BATCH-000213,P0107,S01,P0107-S01-HIST,2025-01-01,2024-12-25,2025-12-31,184,0,162.2,depleted
BATCH-000214,P0108,S01,P0108-S01-CURRENT,2025-12-31,2025-12-24,2026-12-26,108,108,140.51,active
BATCH-000215,P0108,S01,P0108-S01-HIST,2025-01-01,2024-12-25,2025-12-27,66,0,140.51,depleted
BATCH-000216,P0109,S01,P0109-S01-CURRENT,2025-12-31,2025-12-24,2027-06-24,189,189,163.65,active
BATCH-000217,P0109,S01,P0109-S01-HIST,2025-01-01,2024-12-25,2026-06-25,64,0,163.65,depleted
BATCH-000218,P0110,S01,P0110-S01-CURRENT,2025-12-31,2025-12-24,2027-12-30,47,47,283.16,active
BATCH-000219,P0110,S01,P0110-S01-HIST,2025-01-01,2024-12-25,2026-12-31,116,0,283.16,depleted
BATCH-000220,P0111,S01,P0111-S01-CURRENT,2025-12-31,2025-12-24,2026-06-25,34,34,332.45,active
BATCH-000221,P0111,S01,P0111-S01-HIST,2025-01-01,2024-12-25,2025-06-26,51,0,332.45,depleted
BATCH-000222,P0112,S01,P0112-S01-CURRENT,2025-12-31,2025-12-24,2026-12-31,64,64,125.38,active
BATCH-000223,P0112,S01,P0112-S01-HIST,2025-01-01,2024-12-25,2026-01-01,42,0,125.38,depleted
BATCH-000224,P0113,S01,P0113-S01-HIST,2025-01-01,2024-12-25,2025-06-25,101,0,106.31,depleted
BATCH-000225,P0114,S01,P0114-S01-CURRENT,2025-12-31,2025-12-24,2026-06-24,15,15,211.41,active
BATCH-000226,P0114,S01,P0114-S01-HIST,2025-01-01,2024-12-25,2025-06-25,182,0,211.41,depleted
BATCH-000227,P0115,S01,P0115-S01-HIST,2025-01-01,2024-12-31,2025-01-13,46,0,201.0,depleted
BATCH-000228,P0116,S01,P0116-S01-HIST,2025-01-01,2024-12-31,2025-01-09,197,0,183.29,depleted
BATCH-000229,P0117,S01,P0117-S01-CURRENT,2025-12-31,2025-12-30,2026-01-11,32,32,210.47,near_expiry
BATCH-000230,P0117,S01,P0117-S01-HIST,2025-01-01,2024-12-31,2025-01-12,81,0,210.47,depleted
BATCH-000231,P0118,S01,P0118-S01-CURRENT,2025-12-31,2025-12-30,2026-01-11,109,109,191.4,near_expiry
BATCH-000232,P0118,S01,P0118-S01-HIST,2025-01-01,2024-12-31,2025-01-12,111,0,191.4,depleted
BATCH-000233,P0119,S01,P0119-S01-CURRENT,2025-12-31,2025-12-24,2026-12-26,105,105,50.84,active
BATCH-000234,P0119,S01,P0119-S01-HIST,2025-01-01,2024-12-25,2025-12-27,170,0,50.84,depleted
BATCH-000235,P0120,S01,P0120-S01-CURRENT,2025-12-31,2025-12-24,2026-12-22,48,48,138.22,active
BATCH-000236,P0120,S01,P0120-S01-HIST,2025-01-01,2024-12-25,2025-12-23,80,0,138.22,depleted
BATCH-000237,P0121,S01,P0121-S01-CURRENT,2025-12-31,2025-12-24,2027-06-16,38,38,207.13,active
BATCH-000238,P0121,S01,P0121-S01-HIST,2025-01-01,2024-12-25,2026-06-17,161,0,207.13,depleted
BATCH-000239,P0122,S01,P0122-S01-CURRENT,2025-12-31,2025-12-24,2027-12-31,32,32,313.17,active
BATCH-000240,P0122,S01,P0122-S01-HIST,2025-01-01,2024-12-25,2027-01-01,53,0,313.17,depleted
BATCH-000241,P0123,S01,P0123-S01-CURRENT,2025-12-31,2025-12-24,2026-06-20,92,92,332.53,active
BATCH-000242,P0123,S01,P0123-S01-HIST,2025-01-01,2024-12-25,2025-06-21,260,0,332.53,depleted
BATCH-000243,P0124,S01,P0124-S01-CURRENT,2025-12-31,2025-12-24,2026-12-24,13,13,241.7,active
BATCH-000244,P0124,S01,P0124-S01-HIST,2025-01-01,2024-12-25,2025-12-25,91,0,241.7,depleted
BATCH-000245,P0125,S01,P0125-S01-CURRENT,2025-12-31,2025-12-24,2026-06-29,11,11,24.24,active
BATCH-000246,P0125,S01,P0125-S01-HIST,2025-01-01,2024-12-25,2025-06-30,64,0,24.24,depleted
BATCH-000247,P0126,S01,P0126-S01-CURRENT,2025-12-31,2025-12-24,2026-06-26,114,114,206.13,active
BATCH-000248,P0126,S01,P0126-S01-HIST,2025-01-01,2024-12-25,2025-06-27,186,0,206.13,depleted
BATCH-000249,P0127,S01,P0127-S01-CURRENT,2025-12-31,2025-12-30,2026-01-14,82,82,82.12,near_expiry
BATCH-000250,P0127,S01,P0127-S01-HIST,2025-01-01,2024-12-31,2025-01-15,150,0,82.12,depleted
BATCH-000251,P0128,S01,P0128-S01-CURRENT,2025-12-31,2025-12-30,2026-01-10,21,21,237.67,near_expiry
BATCH-000252,P0128,S01,P0128-S01-HIST,2025-01-01,2024-12-31,2025-01-11,89,0,237.67,depleted
BATCH-000253,P0129,S01,P0129-S01-CURRENT,2025-12-31,2025-12-30,2026-01-11,70,70,96.98,near_expiry
BATCH-000254,P0129,S01,P0129-S01-HIST,2025-01-01,2024-12-31,2025-01-12,183,0,96.98,depleted
BATCH-000255,P0130,S01,P0130-S01-CURRENT,2025-12-31,2025-12-30,2026-01-05,9,9,223.12,near_expiry
BATCH-000256,P0130,S01,P0130-S01-HIST,2025-01-01,2024-12-31,2025-01-06,287,0,223.12,depleted
BATCH-000257,P0131,S01,P0131-S01-CURRENT,2025-12-31,2025-12-24,2026-12-27,86,86,42.35,active
BATCH-000258,P0131,S01,P0131-S01-HIST,2025-01-01,2024-12-25,2025-12-28,78,0,42.35,depleted
BATCH-000259,P0132,S01,P0132-S01-CURRENT,2025-12-31,2025-12-24,2026-12-28,22,22,126.04,active
BATCH-000260,P0132,S01,P0132-S01-HIST,2025-01-01,2024-12-25,2025-12-29,140,0,126.04,depleted
BATCH-000261,P0133,S01,P0133-S01-CURRENT,2025-12-31,2025-12-24,2027-06-19,182,182,240.64,active
BATCH-000262,P0133,S01,P0133-S01-HIST,2025-01-01,2024-12-25,2026-06-20,129,0,240.64,depleted
BATCH-000263,P0134,S01,P0134-S01-CURRENT,2025-12-31,2025-12-24,2027-12-22,64,64,47.69,active
BATCH-000264,P0134,S01,P0134-S01-HIST,2025-01-01,2024-12-25,2026-12-23,119,0,47.69,depleted
BATCH-000265,P0135,S01,P0135-S01-CURRENT,2025-12-31,2025-12-24,2026-06-29,125,125,190.31,active
BATCH-000266,P0135,S01,P0135-S01-HIST,2025-01-01,2024-12-25,2025-06-30,144,0,190.31,depleted
BATCH-000267,P0136,S01,P0136-S01-CURRENT,2025-12-31,2025-12-24,2026-12-25,85,85,125.16,active
BATCH-000268,P0136,S01,P0136-S01-HIST,2025-01-01,2024-12-25,2025-12-26,92,0,125.16,depleted
BATCH-000269,P0137,S01,P0137-S01-CURRENT,2025-12-31,2025-12-24,2026-06-22,78,78,238.85,active
BATCH-000270,P0137,S01,P0137-S01-HIST,2025-01-01,2024-12-25,2025-06-23,107,0,238.85,depleted
BATCH-000271,P0138,S01,P0138-S01-CURRENT,2025-12-31,2025-12-24,2026-06-25,96,96,336.3,active
BATCH-000272,P0138,S01,P0138-S01-HIST,2025-01-01,2024-12-25,2025-06-26,217,0,336.3,depleted
BATCH-000273,P0139,S01,P0139-S01-CURRENT,2025-12-31,2025-12-30,2026-01-16,39,39,313.53,active
BATCH-000274,P0139,S01,P0139-S01-HIST,2025-01-01,2024-12-31,2025-01-17,124,0,313.53,depleted
BATCH-000275,P0140,S01,P0140-S01-CURRENT,2025-12-31,2025-12-30,2026-01-11,245,245,297.94,near_expiry
BATCH-000276,P0140,S01,P0140-S01-HIST,2025-01-01,2024-12-31,2025-01-12,184,0,297.94,depleted
BATCH-000277,P0141,S01,P0141-S01-HIST,2025-01-01,2024-12-31,2025-01-06,59,0,219.45,depleted
BATCH-000278,P0142,S01,P0142-S01-CURRENT,2025-12-31,2025-12-30,2026-01-07,18,18,337.95,near_expiry
BATCH-000279,P0142,S01,P0142-S01-HIST,2025-01-01,2024-12-31,2025-01-08,97,0,337.95,depleted
BATCH-000280,P0143,S01,P0143-S01-CURRENT,2025-12-31,2025-12-24,2026-12-29,40,40,141.33,active
BATCH-000281,P0143,S01,P0143-S01-HIST,2025-01-01,2024-12-25,2025-12-30,101,0,141.33,depleted
BATCH-000282,P0144,S01,P0144-S01-CURRENT,2025-12-31,2025-12-24,2026-12-31,47,47,125.2,active
BATCH-000283,P0144,S01,P0144-S01-HIST,2025-01-01,2024-12-25,2026-01-01,63,0,125.2,depleted
BATCH-000284,P0145,S01,P0145-S01-CURRENT,2025-12-31,2025-12-24,2027-06-17,59,59,240.43,active
BATCH-000285,P0145,S01,P0145-S01-HIST,2025-01-01,2024-12-25,2026-06-18,105,0,240.43,depleted
BATCH-000286,P0146,S01,P0146-S01-CURRENT,2025-12-31,2025-12-24,2027-12-26,107,107,80.61,active
BATCH-000287,P0146,S01,P0146-S01-HIST,2025-01-01,2024-12-25,2026-12-27,55,0,80.61,depleted
BATCH-000288,P0147,S01,P0147-S01-CURRENT,2025-12-31,2025-12-24,2026-06-24,39,39,164.59,active
BATCH-000289,P0147,S01,P0147-S01-HIST,2025-01-01,2024-12-25,2025-06-25,66,0,164.59,depleted
BATCH-000290,P0148,S01,P0148-S01-CURRENT,2025-12-31,2025-12-24,2026-12-25,94,94,34.22,active
BATCH-000291,P0148,S01,P0148-S01-HIST,2025-01-01,2024-12-25,2025-12-26,60,0,34.22,depleted
BATCH-000292,P0149,S01,P0149-S01-CURRENT,2025-12-31,2025-12-24,2026-06-23,31,31,59.75,active
BATCH-000293,P0149,S01,P0149-S01-HIST,2025-01-01,2024-12-25,2025-06-24,124,0,59.75,depleted
BATCH-000294,P0150,S01,P0150-S01-CURRENT,2025-12-31,2025-12-24,2026-06-23,93,93,207.3,active
BATCH-000295,P0150,S01,P0150-S01-HIST,2025-01-01,2024-12-25,2025-06-24,50,0,207.3,depleted
BATCH-000296,P0001,S02,P0001-S02-CURRENT,2025-12-31,2025-12-24,2026-12-24,195,195,3.92,active
BATCH-000297,P0001,S02,P0001-S02-HIST,2025-01-01,2024-12-25,2025-12-25,112,0,3.92,depleted
BATCH-000298,P0002,S02,P0002-S02-CURRENT,2025-12-31,2025-12-27,2026-02-10,126,126,12.88,active
BATCH-000299,P0002,S02,P0002-S02-HIST,2025-01-01,2024-12-28,2025-02-11,106,0,12.88,depleted
BATCH-000300,P0003,S02,P0003-S02-CURRENT,2025-12-31,2025-12-25,2026-02-23,81,81,7.31,active
BATCH-000301,P0003,S02,P0003-S02-HIST,2025-01-01,2024-12-26,2025-02-24,178,0,7.31,depleted
BATCH-000302,P0004,S02,P0004-S02-CURRENT,2025-12-31,2025-12-24,2026-03-24,116,116,18.38,active
BATCH-000303,P0004,S02,P0004-S02-HIST,2025-01-01,2024-12-25,2025-03-25,96,0,18.38,depleted
BATCH-000304,P0005,S02,P0005-S02-CURRENT,2025-12-31,2025-12-25,2026-02-23,343,343,1.62,active
BATCH-000305,P0005,S02,P0005-S02-HIST,2025-01-01,2024-12-26,2025-02-24,243,0,1.62,depleted
BATCH-000306,P0006,S02,P0006-S02-CURRENT,2025-12-31,2025-12-25,2026-02-23,134,134,20.94,active
BATCH-000307,P0006,S02,P0006-S02-HIST,2025-01-01,2024-12-26,2025-02-24,144,0,20.94,depleted
BATCH-000308,P0007,S02,P0007-S02-CURRENT,2025-12-31,2025-12-24,2026-12-24,62,62,11.83,active
BATCH-000309,P0007,S02,P0007-S02-HIST,2025-01-01,2024-12-25,2025-12-25,82,0,11.83,depleted
BATCH-000310,P0008,S02,P0008-S02-CURRENT,2025-12-31,2025-12-24,2026-06-22,68,68,7.06,active
BATCH-000311,P0008,S02,P0008-S02-HIST,2025-01-01,2024-12-25,2025-06-23,164,0,7.06,depleted
BATCH-000312,P0009,S02,P0009-S02-CURRENT,2025-12-31,2025-12-24,2026-06-22,160,160,3.92,active
BATCH-000313,P0009,S02,P0009-S02-HIST,2025-01-01,2024-12-25,2025-06-23,139,0,3.92,depleted
BATCH-000314,P0010,S02,P0010-S02-CURRENT,2025-12-31,2025-12-28,2026-01-27,111,111,12.59,active
BATCH-000315,P0010,S02,P0010-S02-HIST,2025-01-01,2024-12-29,2025-01-28,89,0,12.59,depleted
BATCH-000316,P0011,S02,P0011-S02-CURRENT,2025-12-31,2025-12-25,2026-02-23,218,218,15.1,active
BATCH-000317,P0011,S02,P0011-S02-HIST,2025-01-01,2024-12-26,2025-02-24,249,0,15.1,depleted
BATCH-000318,P0012,S02,P0012-S02-CURRENT,2025-12-31,2025-12-28,2026-01-27,174,174,7.69,active
BATCH-000319,P0012,S02,P0012-S02-HIST,2025-01-01,2024-12-29,2025-01-28,331,0,7.69,depleted
BATCH-000320,P0013,S02,P0013-S02-CURRENT,2025-12-31,2025-12-25,2026-02-23,237,237,12.94,active
BATCH-000321,P0013,S02,P0013-S02-HIST,2025-01-01,2024-12-26,2025-02-24,175,0,12.94,depleted
BATCH-000322,P0014,S02,P0014-S02-CURRENT,2025-12-31,2025-12-25,2026-02-23,122,122,3.24,active
BATCH-000323,P0014,S02,P0014-S02-HIST,2025-01-01,2024-12-26,2025-02-24,106,0,3.24,depleted
BATCH-000324,P0015,S02,P0015-S02-CURRENT,2025-12-31,2025-12-24,2026-03-24,187,187,19.26,active
BATCH-000325,P0015,S02,P0015-S02-HIST,2025-01-01,2024-12-25,2025-03-25,200,0,19.26,depleted
BATCH-000326,P0016,S02,P0016-S02-CURRENT,2025-12-31,2025-12-24,2026-12-24,234,234,5.43,active
BATCH-000327,P0016,S02,P0016-S02-HIST,2025-01-01,2024-12-25,2025-12-25,178,0,5.43,depleted
BATCH-000328,P0017,S02,P0017-S02-CURRENT,2025-12-31,2025-12-27,2026-02-10,27,27,8.78,active
BATCH-000329,P0017,S02,P0017-S02-HIST,2025-01-01,2024-12-28,2025-02-11,31,0,8.78,depleted
BATCH-000330,P0018,S02,P0018-S02-CURRENT,2025-12-31,2025-12-24,2026-12-24,84,84,2.24,active
BATCH-000331,P0018,S02,P0018-S02-HIST,2025-01-01,2024-12-25,2025-12-25,252,0,2.24,depleted
BATCH-000332,P0019,S02,P0019-S02-CURRENT,2025-12-31,2025-12-28,2026-01-27,235,235,20.28,active
BATCH-000333,P0019,S02,P0019-S02-HIST,2025-01-01,2024-12-29,2025-01-28,112,0,20.28,depleted
BATCH-000334,P0020,S02,P0020-S02-CURRENT,2025-12-31,2025-12-28,2026-01-27,293,293,16.51,active
BATCH-000335,P0020,S02,P0020-S02-HIST,2025-01-01,2024-12-29,2025-01-28,344,0,16.51,depleted
BATCH-000336,P0021,S02,P0021-S02-CURRENT,2025-12-31,2025-12-25,2026-02-23,297,297,11.49,active
BATCH-000337,P0021,S02,P0021-S02-HIST,2025-01-01,2024-12-26,2025-02-24,209,0,11.49,depleted
BATCH-000338,P0022,S02,P0022-S02-CURRENT,2025-12-31,2025-12-28,2026-01-27,18,18,24.98,active
BATCH-000339,P0022,S02,P0022-S02-HIST,2025-01-01,2024-12-29,2025-01-28,102,0,24.98,depleted
BATCH-000340,P0023,S02,P0023-S02-CURRENT,2025-12-31,2025-12-24,2026-03-24,157,157,4.53,active
BATCH-000341,P0023,S02,P0023-S02-HIST,2025-01-01,2024-12-25,2025-03-25,86,0,4.53,depleted
BATCH-000342,P0024,S02,P0024-S02-CURRENT,2025-12-31,2025-12-25,2026-02-23,152,152,18.1,active
BATCH-000343,P0024,S02,P0024-S02-HIST,2025-01-01,2024-12-26,2025-02-24,150,0,18.1,depleted
BATCH-000344,P0025,S02,P0025-S02-CURRENT,2025-12-31,2025-12-24,2026-06-22,129,129,14.81,active
BATCH-000345,P0025,S02,P0025-S02-HIST,2025-01-01,2024-12-25,2025-06-23,205,0,14.81,depleted
BATCH-000346,P0026,S02,P0026-S02-CURRENT,2025-12-31,2025-12-24,2026-06-22,292,292,21.61,active
BATCH-000347,P0026,S02,P0026-S02-HIST,2025-01-01,2024-12-25,2025-06-23,238,0,21.61,depleted
BATCH-000348,P0027,S02,P0027-S02-CURRENT,2025-12-31,2025-12-25,2026-02-23,391,391,14.8,active
BATCH-000349,P0027,S02,P0027-S02-HIST,2025-01-01,2024-12-26,2025-02-24,282,0,14.8,depleted
BATCH-000350,P0028,S02,P0028-S02-CURRENT,2025-12-31,2025-12-25,2026-02-23,235,235,16.96,active
BATCH-000351,P0028,S02,P0028-S02-HIST,2025-01-01,2024-12-26,2025-02-24,133,0,16.96,depleted
BATCH-000352,P0029,S02,P0029-S02-CURRENT,2025-12-31,2025-12-27,2026-02-10,65,65,23.36,active
BATCH-000353,P0029,S02,P0029-S02-HIST,2025-01-01,2024-12-28,2025-02-11,61,0,23.36,depleted
BATCH-000354,P0030,S02,P0030-S02-CURRENT,2025-12-31,2025-12-24,2026-12-24,58,58,20.52,active
BATCH-000355,P0030,S02,P0030-S02-HIST,2025-01-01,2024-12-25,2025-12-25,84,0,20.52,depleted
BATCH-000356,P0031,S02,P0031-S02-CURRENT,2025-12-31,2025-12-27,2026-02-10,239,239,15.32,active
BATCH-000357,P0031,S02,P0031-S02-HIST,2025-01-01,2024-12-28,2025-02-11,111,0,15.32,depleted
BATCH-000358,P0032,S02,P0032-S02-CURRENT,2025-12-31,2025-12-27,2026-02-10,260,260,1.58,active
BATCH-000359,P0032,S02,P0032-S02-HIST,2025-01-01,2024-12-28,2025-02-11,260,0,1.58,depleted
BATCH-000360,P0033,S02,P0033-S02-CURRENT,2025-12-31,2025-12-27,2026-02-10,307,307,2.34,active
BATCH-000361,P0033,S02,P0033-S02-HIST,2025-01-01,2024-12-28,2025-02-11,253,0,2.34,depleted
BATCH-000362,P0034,S02,P0034-S02-CURRENT,2025-12-31,2025-12-28,2026-01-27,317,317,9.43,active
BATCH-000363,P0034,S02,P0034-S02-HIST,2025-01-01,2024-12-29,2025-01-28,167,0,9.43,depleted
BATCH-000364,P0035,S02,P0035-S02-CURRENT,2025-12-31,2025-12-24,2026-06-22,100,100,22.16,active
BATCH-000365,P0035,S02,P0035-S02-HIST,2025-01-01,2024-12-25,2025-06-23,252,0,22.16,depleted
BATCH-000366,P0036,S02,P0036-S02-CURRENT,2025-12-31,2025-12-24,2026-03-24,110,110,18.55,active
BATCH-000367,P0036,S02,P0036-S02-HIST,2025-01-01,2024-12-25,2025-03-25,71,0,18.55,depleted
BATCH-000368,P0037,S02,P0037-S02-CURRENT,2025-12-31,2025-12-25,2026-02-23,26,26,5.39,active
BATCH-000369,P0037,S02,P0037-S02-HIST,2025-01-01,2024-12-26,2025-02-24,79,0,5.39,depleted
BATCH-000370,P0038,S02,P0038-S02-CURRENT,2025-12-31,2025-12-25,2026-02-23,48,48,7.33,active
BATCH-000371,P0038,S02,P0038-S02-HIST,2025-01-01,2024-12-26,2025-02-24,200,0,7.33,depleted
BATCH-000372,P0039,S02,P0039-S02-CURRENT,2025-12-31,2025-12-27,2026-02-10,55,55,3.33,active
BATCH-000373,P0039,S02,P0039-S02-HIST,2025-01-01,2024-12-28,2025-02-11,65,0,3.33,depleted
BATCH-000374,P0040,S02,P0040-S02-CURRENT,2025-12-31,2025-12-24,2026-03-24,22,22,15.35,active
BATCH-000375,P0040,S02,P0040-S02-HIST,2025-01-01,2024-12-25,2025-03-25,31,0,15.35,depleted
BATCH-000376,P0041,S02,P0041-S02-CURRENT,2025-12-31,2025-12-24,2026-12-24,211,211,18.13,active
BATCH-000377,P0041,S02,P0041-S02-HIST,2025-01-01,2024-12-25,2025-12-25,97,0,18.13,depleted
BATCH-000378,P0042,S02,P0042-S02-CURRENT,2025-12-31,2025-12-25,2026-02-23,105,105,21.28,active
BATCH-000379,P0042,S02,P0042-S02-HIST,2025-01-01,2024-12-26,2025-02-24,110,0,21.28,depleted
BATCH-000380,P0043,S02,P0043-S02-CURRENT,2025-12-31,2025-12-24,2026-03-24,272,272,3.62,active
BATCH-000381,P0043,S02,P0043-S02-HIST,2025-01-01,2024-12-25,2025-03-25,164,0,3.62,depleted
BATCH-000382,P0044,S02,P0044-S02-CURRENT,2025-12-31,2025-12-24,2026-06-22,186,186,5.65,active
BATCH-000383,P0044,S02,P0044-S02-HIST,2025-01-01,2024-12-25,2025-06-23,106,0,5.65,depleted
BATCH-000384,P0045,S02,P0045-S02-CURRENT,2025-12-31,2025-12-24,2026-06-22,364,364,4.66,active
BATCH-000385,P0045,S02,P0045-S02-HIST,2025-01-01,2024-12-25,2025-06-23,342,0,4.66,depleted
BATCH-000386,P0046,S02,P0046-S02-CURRENT,2025-12-31,2025-12-24,2026-03-24,262,262,4.11,active
BATCH-000387,P0046,S02,P0046-S02-HIST,2025-01-01,2024-12-25,2025-03-25,128,0,4.11,depleted
BATCH-000388,P0047,S02,P0047-S02-CURRENT,2025-12-31,2025-12-28,2026-01-27,33,33,6.48,active
BATCH-000389,P0047,S02,P0047-S02-HIST,2025-01-01,2024-12-29,2025-01-28,85,0,6.48,depleted
BATCH-000390,P0048,S02,P0048-S02-CURRENT,2025-12-31,2025-12-24,2026-03-24,51,51,6.61,active
BATCH-000391,P0048,S02,P0048-S02-HIST,2025-01-01,2024-12-25,2025-03-25,222,0,6.61,depleted
BATCH-000392,P0049,S02,P0049-S02-CURRENT,2025-12-31,2025-12-24,2026-03-24,170,170,10.96,active
BATCH-000393,P0049,S02,P0049-S02-HIST,2025-01-01,2024-12-25,2025-03-25,181,0,10.96,depleted
BATCH-000394,P0050,S02,P0050-S02-CURRENT,2025-12-31,2025-12-24,2026-12-24,176,176,6.36,active
BATCH-000395,P0050,S02,P0050-S02-HIST,2025-01-01,2024-12-25,2025-12-25,73,0,6.36,depleted
BATCH-000396,P0051,S02,P0051-S02-CURRENT,2025-12-31,2025-12-27,2026-02-10,174,174,4.2,active
BATCH-000397,P0051,S02,P0051-S02-HIST,2025-01-01,2024-12-28,2025-02-11,155,0,4.2,depleted
BATCH-000398,P0052,S02,P0052-S02-CURRENT,2025-12-31,2025-12-24,2026-03-24,157,157,2.03,active
BATCH-000399,P0052,S02,P0052-S02-HIST,2025-01-01,2024-12-25,2025-03-25,105,0,2.03,depleted
BATCH-000400,P0053,S02,P0053-S02-CURRENT,2025-12-31,2025-12-24,2026-03-24,55,55,21.41,active
BATCH-000401,P0053,S02,P0053-S02-HIST,2025-01-01,2024-12-25,2025-03-25,121,0,21.41,depleted
BATCH-000402,P0054,S02,P0054-S02-CURRENT,2025-12-31,2025-12-24,2026-03-24,97,97,8.74,active
BATCH-000403,P0054,S02,P0054-S02-HIST,2025-01-01,2024-12-25,2025-03-25,59,0,8.74,depleted
BATCH-000404,P0055,S02,P0055-S02-CURRENT,2025-12-31,2025-12-27,2026-02-10,66,66,11.0,active
BATCH-000405,P0055,S02,P0055-S02-HIST,2025-01-01,2024-12-28,2025-02-11,134,0,11.0,depleted
BATCH-000406,P0056,S02,P0056-S02-CURRENT,2025-12-31,2025-12-24,2026-03-24,70,70,19.15,active
BATCH-000407,P0056,S02,P0056-S02-HIST,2025-01-01,2024-12-25,2025-03-25,135,0,19.15,depleted
BATCH-000408,P0057,S02,P0057-S02-CURRENT,2025-12-31,2025-12-24,2026-12-24,134,134,16.43,active
BATCH-000409,P0057,S02,P0057-S02-HIST,2025-01-01,2024-12-25,2025-12-25,98,0,16.43,depleted
BATCH-000410,P0058,S02,P0058-S02-CURRENT,2025-12-31,2025-12-27,2026-02-10,154,154,12.1,active
BATCH-000411,P0058,S02,P0058-S02-HIST,2025-01-01,2024-12-28,2025-02-11,81,0,12.1,depleted
BATCH-000412,P0059,S02,P0059-S02-CURRENT,2025-12-31,2025-12-27,2026-02-10,123,123,18.1,active
BATCH-000413,P0059,S02,P0059-S02-HIST,2025-01-01,2024-12-28,2025-02-11,162,0,18.1,depleted
BATCH-000414,P0060,S02,P0060-S02-CURRENT,2025-12-31,2025-12-24,2026-12-24,256,256,5.36,active
BATCH-000415,P0060,S02,P0060-S02-HIST,2025-01-01,2024-12-25,2025-12-25,153,0,5.36,depleted
BATCH-000416,P0061,S02,P0061-S02-CURRENT,2025-12-31,2025-12-28,2026-01-27,221,221,13.55,active
BATCH-000417,P0061,S02,P0061-S02-HIST,2025-01-01,2024-12-29,2025-01-28,333,0,13.55,depleted
BATCH-000418,P0062,S02,P0062-S02-CURRENT,2025-12-31,2025-12-24,2026-12-24,59,59,16.07,active
BATCH-000419,P0062,S02,P0062-S02-HIST,2025-01-01,2024-12-25,2025-12-25,91,0,16.07,depleted
BATCH-000420,P0063,S02,P0063-S02-CURRENT,2025-12-31,2025-12-25,2026-02-23,142,142,20.73,active
BATCH-000421,P0063,S02,P0063-S02-HIST,2025-01-01,2024-12-26,2025-02-24,74,0,20.73,depleted
BATCH-000422,P0064,S02,P0064-S02-CURRENT,2025-12-31,2025-12-27,2026-02-10,107,107,1.2,active
BATCH-000423,P0064,S02,P0064-S02-HIST,2025-01-01,2024-12-28,2025-02-11,116,0,1.2,depleted
BATCH-000424,P0065,S02,P0065-S02-CURRENT,2025-12-31,2025-12-28,2026-01-27,247,247,0.75,active
BATCH-000425,P0065,S02,P0065-S02-HIST,2025-01-01,2024-12-29,2025-01-28,178,0,0.75,depleted
BATCH-000426,P0066,S02,P0066-S02-CURRENT,2025-12-31,2025-12-27,2026-02-10,118,118,19.93,active
BATCH-000427,P0066,S02,P0066-S02-HIST,2025-01-01,2024-12-28,2025-02-11,136,0,19.93,depleted
BATCH-000428,P0067,S02,P0067-S02-CURRENT,2025-12-31,2025-12-24,2026-12-24,84,84,13.51,active
BATCH-000429,P0067,S02,P0067-S02-HIST,2025-01-01,2024-12-25,2025-12-25,251,0,13.51,depleted
BATCH-000430,P0068,S02,P0068-S02-CURRENT,2025-12-31,2025-12-28,2026-01-27,148,148,3.46,active
BATCH-000431,P0068,S02,P0068-S02-HIST,2025-01-01,2024-12-29,2025-01-28,95,0,3.46,depleted
BATCH-000432,P0069,S02,P0069-S02-CURRENT,2025-12-31,2025-12-25,2026-02-23,302,302,7.76,active
BATCH-000433,P0069,S02,P0069-S02-HIST,2025-01-01,2024-12-26,2025-02-24,235,0,7.76,depleted
BATCH-000434,P0070,S02,P0070-S02-CURRENT,2025-12-31,2025-12-24,2026-12-24,442,442,7.66,active
BATCH-000435,P0070,S02,P0070-S02-HIST,2025-01-01,2024-12-25,2025-12-25,356,0,7.66,depleted
BATCH-000436,P0071,S02,P0071-S02-CURRENT,2025-12-31,2025-12-28,2026-01-27,49,49,11.29,active
BATCH-000437,P0071,S02,P0071-S02-HIST,2025-01-01,2024-12-29,2025-01-28,58,0,11.29,depleted
BATCH-000438,P0072,S02,P0072-S02-CURRENT,2025-12-31,2025-12-27,2026-02-10,154,154,15.92,active
BATCH-000439,P0072,S02,P0072-S02-HIST,2025-01-01,2024-12-28,2025-02-11,104,0,15.92,depleted
BATCH-000440,P0073,S02,P0073-S02-CURRENT,2025-12-31,2025-12-25,2026-02-23,254,254,9.82,active
BATCH-000441,P0073,S02,P0073-S02-HIST,2025-01-01,2024-12-26,2025-02-24,252,0,9.82,depleted
BATCH-000442,P0074,S02,P0074-S02-CURRENT,2025-12-31,2025-12-27,2026-02-10,272,272,5.67,active
BATCH-000443,P0074,S02,P0074-S02-HIST,2025-01-01,2024-12-28,2025-02-11,187,0,5.67,depleted
BATCH-000444,P0075,S02,P0075-S02-CURRENT,2025-12-31,2025-12-28,2026-01-27,411,411,17.39,active
BATCH-000445,P0075,S02,P0075-S02-HIST,2025-01-01,2024-12-29,2025-01-28,306,0,17.39,depleted
BATCH-000446,P0076,S02,P0076-S02-CURRENT,2025-12-31,2025-12-24,2026-12-24,108,108,6.22,active
BATCH-000447,P0076,S02,P0076-S02-HIST,2025-01-01,2024-12-25,2025-12-25,60,0,6.22,depleted
BATCH-000448,P0077,S02,P0077-S02-CURRENT,2025-12-31,2025-12-25,2026-02-23,102,102,2.25,active
BATCH-000449,P0077,S02,P0077-S02-HIST,2025-01-01,2024-12-26,2025-02-24,43,0,2.25,depleted
BATCH-000450,P0078,S02,P0078-S02-CURRENT,2025-12-31,2025-12-28,2026-01-27,219,219,12.76,active
BATCH-000451,P0078,S02,P0078-S02-HIST,2025-01-01,2024-12-29,2025-01-28,322,0,12.76,depleted
BATCH-000452,P0079,S02,P0079-S02-CURRENT,2025-12-31,2025-12-24,2026-06-22,149,149,6.11,active
BATCH-000453,P0079,S02,P0079-S02-HIST,2025-01-01,2024-12-25,2025-06-23,315,0,6.11,depleted
BATCH-000454,P0080,S02,P0080-S02-CURRENT,2025-12-31,2025-12-25,2026-02-23,193,193,13.21,active
BATCH-000455,P0080,S02,P0080-S02-HIST,2025-01-01,2024-12-26,2025-02-24,157,0,13.21,depleted
BATCH-000456,P0081,S02,P0081-S02-CURRENT,2025-12-31,2025-12-27,2026-02-10,48,48,8.67,active
BATCH-000457,P0081,S02,P0081-S02-HIST,2025-01-01,2024-12-28,2025-02-11,305,0,8.67,depleted
BATCH-000458,P0082,S02,P0082-S02-CURRENT,2025-12-31,2025-12-28,2026-01-27,444,444,2.66,active
BATCH-000459,P0082,S02,P0082-S02-HIST,2025-01-01,2024-12-29,2025-01-28,335,0,2.66,depleted
BATCH-000460,P0083,S02,P0083-S02-CURRENT,2025-12-31,2025-12-24,2026-03-24,105,105,5.1,active
BATCH-000461,P0083,S02,P0083-S02-HIST,2025-01-01,2024-12-25,2025-03-25,100,0,5.1,depleted
BATCH-000462,P0084,S02,P0084-S02-CURRENT,2025-12-31,2025-12-28,2026-01-27,62,62,22.08,active
BATCH-000463,P0084,S02,P0084-S02-HIST,2025-01-01,2024-12-29,2025-01-28,82,0,22.08,depleted
BATCH-000464,P0085,S02,P0085-S02-CURRENT,2025-12-31,2025-12-28,2026-01-27,126,126,6.01,active
BATCH-000465,P0085,S02,P0085-S02-HIST,2025-01-01,2024-12-29,2025-01-28,153,0,6.01,depleted
BATCH-000466,P0086,S02,P0086-S02-CURRENT,2025-12-31,2025-12-27,2026-02-10,96,96,20.95,active
BATCH-000467,P0086,S02,P0086-S02-HIST,2025-01-01,2024-12-28,2025-02-11,85,0,20.95,depleted
BATCH-000468,P0087,S02,P0087-S02-CURRENT,2025-12-31,2025-12-25,2026-02-23,254,254,22.04,active
BATCH-000469,P0087,S02,P0087-S02-HIST,2025-01-01,2024-12-26,2025-02-24,193,0,22.04,depleted
BATCH-000470,P0088,S02,P0088-S02-CURRENT,2025-12-31,2025-12-27,2026-02-10,297,297,14.71,active
BATCH-000471,P0088,S02,P0088-S02-HIST,2025-01-01,2024-12-28,2025-02-11,235,0,14.71,depleted
BATCH-000472,P0089,S02,P0089-S02-CURRENT,2025-12-31,2025-12-27,2026-02-10,195,195,11.66,active
BATCH-000473,P0089,S02,P0089-S02-HIST,2025-01-01,2024-12-28,2025-02-11,193,0,11.66,depleted
BATCH-000474,P0090,S02,P0090-S02-CURRENT,2025-12-31,2025-12-24,2026-03-24,262,262,12.09,active
BATCH-000475,P0090,S02,P0090-S02-HIST,2025-01-01,2024-12-25,2025-03-25,324,0,12.09,depleted
BATCH-000476,P0091,S02,P0091-S02-CURRENT,2025-12-31,2025-12-28,2026-01-27,63,63,24.15,active
BATCH-000477,P0091,S02,P0091-S02-HIST,2025-01-01,2024-12-29,2025-01-28,129,0,24.15,depleted
BATCH-000478,P0092,S02,P0092-S02-CURRENT,2025-12-31,2025-12-25,2026-02-23,343,343,24.26,active
BATCH-000479,P0092,S02,P0092-S02-HIST,2025-01-01,2024-12-26,2025-02-24,218,0,24.26,depleted
BATCH-000480,P0093,S02,P0093-S02-CURRENT,2025-12-31,2025-12-25,2026-02-23,46,46,21.55,active
BATCH-000481,P0093,S02,P0093-S02-HIST,2025-01-01,2024-12-26,2025-02-24,54,0,21.55,depleted
BATCH-000482,P0094,S02,P0094-S02-CURRENT,2025-12-31,2025-12-24,2026-12-24,46,46,2.71,active
BATCH-000483,P0094,S02,P0094-S02-HIST,2025-01-01,2024-12-25,2025-12-25,73,0,2.71,depleted
BATCH-000484,P0095,S02,P0095-S02-CURRENT,2025-12-31,2025-12-27,2026-02-10,138,138,7.69,active
BATCH-000485,P0095,S02,P0095-S02-HIST,2025-01-01,2024-12-28,2025-02-11,207,0,7.69,depleted
BATCH-000486,P0096,S02,P0096-S02-CURRENT,2025-12-31,2025-12-27,2026-02-10,88,88,21.84,active
BATCH-000487,P0096,S02,P0096-S02-HIST,2025-01-01,2024-12-28,2025-02-11,77,0,21.84,depleted
BATCH-000488,P0097,S02,P0097-S02-CURRENT,2025-12-31,2025-12-24,2026-03-24,75,75,16.84,active
BATCH-000489,P0097,S02,P0097-S02-HIST,2025-01-01,2024-12-25,2025-03-25,238,0,16.84,depleted
BATCH-000490,P0098,S02,P0098-S02-CURRENT,2025-12-31,2025-12-24,2026-12-24,161,161,7.83,active
BATCH-000491,P0098,S02,P0098-S02-HIST,2025-01-01,2024-12-25,2025-12-25,224,0,7.83,depleted
BATCH-000492,P0099,S02,P0099-S02-CURRENT,2025-12-31,2025-12-24,2026-06-22,142,142,6.31,active
BATCH-000493,P0099,S02,P0099-S02-HIST,2025-01-01,2024-12-25,2025-06-23,152,0,6.31,depleted
BATCH-000494,P0100,S02,P0100-S02-CURRENT,2025-12-31,2025-12-24,2026-12-24,300,300,14.37,active
BATCH-000495,P0100,S02,P0100-S02-HIST,2025-01-01,2024-12-25,2025-12-25,328,0,14.37,depleted
BATCH-000496,P0101,S02,P0101-S02-CURRENT,2025-12-31,2025-12-24,2026-06-23,18,18,79.05,active
BATCH-000497,P0101,S02,P0101-S02-HIST,2025-01-01,2024-12-25,2025-06-24,108,0,79.05,depleted
BATCH-000498,P0102,S02,P0102-S02-CURRENT,2025-12-31,2025-12-24,2026-06-23,206,206,137.12,active
BATCH-000499,P0102,S02,P0102-S02-HIST,2025-01-01,2024-12-25,2025-06-24,155,0,137.12,depleted
BATCH-000500,P0103,S02,P0103-S02-CURRENT,2025-12-31,2025-12-30,2026-01-12,43,43,78.53,near_expiry
BATCH-000501,P0103,S02,P0103-S02-HIST,2025-01-01,2024-12-31,2025-01-13,57,0,78.53,depleted
BATCH-000502,P0104,S02,P0104-S02-CURRENT,2025-12-31,2025-12-30,2026-01-13,121,121,323.55,near_expiry
BATCH-000503,P0104,S02,P0104-S02-HIST,2025-01-01,2024-12-31,2025-01-14,285,0,323.55,depleted
BATCH-000504,P0105,S02,P0105-S02-CURRENT,2025-12-31,2025-12-30,2026-01-10,11,11,190.0,near_expiry
BATCH-000505,P0105,S02,P0105-S02-HIST,2025-01-01,2024-12-31,2025-01-11,138,0,190.0,depleted
BATCH-000506,P0106,S02,P0106-S02-CURRENT,2025-12-31,2025-12-30,2026-01-07,57,57,111.71,near_expiry
BATCH-000507,P0106,S02,P0106-S02-HIST,2025-01-01,2024-12-31,2025-01-08,114,0,111.71,depleted
BATCH-000508,P0107,S02,P0107-S02-CURRENT,2025-12-31,2025-12-24,2026-12-30,71,71,162.2,active
BATCH-000509,P0107,S02,P0107-S02-HIST,2025-01-01,2024-12-25,2025-12-31,204,0,162.2,depleted
BATCH-000510,P0108,S02,P0108-S02-CURRENT,2025-12-31,2025-12-24,2026-12-26,42,42,140.51,active
BATCH-000511,P0108,S02,P0108-S02-HIST,2025-01-01,2024-12-25,2025-12-27,133,0,140.51,depleted
BATCH-000512,P0109,S02,P0109-S02-CURRENT,2025-12-31,2025-12-24,2027-06-24,150,150,163.65,active
BATCH-000513,P0109,S02,P0109-S02-HIST,2025-01-01,2024-12-25,2026-06-25,218,0,163.65,depleted
BATCH-000514,P0110,S02,P0110-S02-CURRENT,2025-12-31,2025-12-24,2027-12-30,69,69,283.16,active
BATCH-000515,P0110,S02,P0110-S02-HIST,2025-01-01,2024-12-25,2026-12-31,50,0,283.16,depleted
BATCH-000516,P0111,S02,P0111-S02-CURRENT,2025-12-31,2025-12-24,2026-06-25,71,71,332.45,active
BATCH-000517,P0111,S02,P0111-S02-HIST,2025-01-01,2024-12-25,2025-06-26,124,0,332.45,depleted
BATCH-000518,P0112,S02,P0112-S02-CURRENT,2025-12-31,2025-12-24,2026-12-31,132,132,125.38,active
BATCH-000519,P0112,S02,P0112-S02-HIST,2025-01-01,2024-12-25,2026-01-01,178,0,125.38,depleted
BATCH-000520,P0113,S02,P0113-S02-CURRENT,2025-12-31,2025-12-24,2026-06-24,63,63,106.31,active
BATCH-000521,P0113,S02,P0113-S02-HIST,2025-01-01,2024-12-25,2025-06-25,180,0,106.31,depleted
BATCH-000522,P0114,S02,P0114-S02-HIST,2025-01-01,2024-12-25,2025-06-25,88,0,211.41,depleted
BATCH-000523,P0115,S02,P0115-S02-CURRENT,2025-12-31,2025-12-30,2026-01-12,98,98,201.0,near_expiry
BATCH-000524,P0115,S02,P0115-S02-HIST,2025-01-01,2024-12-31,2025-01-13,114,0,201.0,depleted
BATCH-000525,P0116,S02,P0116-S02-CURRENT,2025-12-31,2025-12-30,2026-01-08,150,150,183.29,near_expiry
BATCH-000526,P0116,S02,P0116-S02-HIST,2025-01-01,2024-12-31,2025-01-09,62,0,183.29,depleted
BATCH-000527,P0117,S02,P0117-S02-CURRENT,2025-12-31,2025-12-30,2026-01-11,1,1,210.47,near_expiry
BATCH-000528,P0117,S02,P0117-S02-HIST,2025-01-01,2024-12-31,2025-01-12,41,0,210.47,depleted
BATCH-000529,P0118,S02,P0118-S02-CURRENT,2025-12-31,2025-12-30,2026-01-11,22,22,191.4,near_expiry
BATCH-000530,P0118,S02,P0118-S02-HIST,2025-01-01,2024-12-31,2025-01-12,75,0,191.4,depleted
BATCH-000531,P0119,S02,P0119-S02-CURRENT,2025-12-31,2025-12-24,2026-12-26,154,154,50.84,active
BATCH-000532,P0119,S02,P0119-S02-HIST,2025-01-01,2024-12-25,2025-12-27,68,0,50.84,depleted
BATCH-000533,P0120,S02,P0120-S02-CURRENT,2025-12-31,2025-12-24,2026-12-22,41,41,138.22,active
BATCH-000534,P0120,S02,P0120-S02-HIST,2025-01-01,2024-12-25,2025-12-23,68,0,138.22,depleted
BATCH-000535,P0121,S02,P0121-S02-CURRENT,2025-12-31,2025-12-24,2027-06-16,180,180,207.13,active
BATCH-000536,P0121,S02,P0121-S02-HIST,2025-01-01,2024-12-25,2026-06-17,126,0,207.13,depleted
BATCH-000537,P0122,S02,P0122-S02-CURRENT,2025-12-31,2025-12-24,2027-12-31,28,28,313.17,active
BATCH-000538,P0122,S02,P0122-S02-HIST,2025-01-01,2024-12-25,2027-01-01,121,0,313.17,depleted
BATCH-000539,P0123,S02,P0123-S02-CURRENT,2025-12-31,2025-12-24,2026-06-20,139,139,332.53,active
BATCH-000540,P0123,S02,P0123-S02-HIST,2025-01-01,2024-12-25,2025-06-21,257,0,332.53,depleted
BATCH-000541,P0124,S02,P0124-S02-CURRENT,2025-12-31,2025-12-24,2026-12-24,43,43,241.7,active
BATCH-000542,P0124,S02,P0124-S02-HIST,2025-01-01,2024-12-25,2025-12-25,117,0,241.7,depleted
BATCH-000543,P0125,S02,P0125-S02-CURRENT,2025-12-31,2025-12-24,2026-06-29,107,107,24.24,active
BATCH-000544,P0125,S02,P0125-S02-HIST,2025-01-01,2024-12-25,2025-06-30,117,0,24.24,depleted
BATCH-000545,P0126,S02,P0126-S02-CURRENT,2025-12-31,2025-12-24,2026-06-26,101,101,206.13,active
BATCH-000546,P0126,S02,P0126-S02-HIST,2025-01-01,2024-12-25,2025-06-27,246,0,206.13,depleted
BATCH-000547,P0127,S02,P0127-S02-CURRENT,2025-12-31,2025-12-30,2026-01-14,27,27,82.12,near_expiry
BATCH-000548,P0127,S02,P0127-S02-HIST,2025-01-01,2024-12-31,2025-01-15,132,0,82.12,depleted
BATCH-000549,P0128,S02,P0128-S02-CURRENT,2025-12-31,2025-12-30,2026-01-10,84,84,237.67,near_expiry
BATCH-000550,P0128,S02,P0128-S02-HIST,2025-01-01,2024-12-31,2025-01-11,270,0,237.67,depleted
BATCH-000551,P0129,S02,P0129-S02-CURRENT,2025-12-31,2025-12-30,2026-01-11,87,87,96.98,near_expiry
BATCH-000552,P0129,S02,P0129-S02-HIST,2025-01-01,2024-12-31,2025-01-12,97,0,96.98,depleted
BATCH-000553,P0130,S02,P0130-S02-HIST,2025-01-01,2024-12-31,2025-01-06,290,0,223.12,depleted
BATCH-000554,P0131,S02,P0131-S02-CURRENT,2025-12-31,2025-12-24,2026-12-27,111,111,42.35,active
BATCH-000555,P0131,S02,P0131-S02-HIST,2025-01-01,2024-12-25,2025-12-28,113,0,42.35,depleted
BATCH-000556,P0132,S02,P0132-S02-CURRENT,2025-12-31,2025-12-24,2026-12-28,86,86,126.04,active
BATCH-000557,P0132,S02,P0132-S02-HIST,2025-01-01,2024-12-25,2025-12-29,169,0,126.04,depleted
BATCH-000558,P0133,S02,P0133-S02-CURRENT,2025-12-31,2025-12-24,2027-06-19,50,50,240.64,active
BATCH-000559,P0133,S02,P0133-S02-HIST,2025-01-01,2024-12-25,2026-06-20,60,0,240.64,depleted
BATCH-000560,P0134,S02,P0134-S02-CURRENT,2025-12-31,2025-12-24,2027-12-22,149,149,47.69,active
BATCH-000561,P0134,S02,P0134-S02-HIST,2025-01-01,2024-12-25,2026-12-23,154,0,47.69,depleted
BATCH-000562,P0135,S02,P0135-S02-CURRENT,2025-12-31,2025-12-24,2026-06-29,139,139,190.31,active
BATCH-000563,P0135,S02,P0135-S02-HIST,2025-01-01,2024-12-25,2025-06-30,282,0,190.31,depleted
BATCH-000564,P0136,S02,P0136-S02-CURRENT,2025-12-31,2025-12-24,2026-12-25,20,20,125.16,active
BATCH-000565,P0136,S02,P0136-S02-HIST,2025-01-01,2024-12-25,2025-12-26,128,0,125.16,depleted
BATCH-000566,P0137,S02,P0137-S02-CURRENT,2025-12-31,2025-12-24,2026-06-22,140,140,238.85,active
BATCH-000567,P0137,S02,P0137-S02-HIST,2025-01-01,2024-12-25,2025-06-23,183,0,238.85,depleted
BATCH-000568,P0138,S02,P0138-S02-CURRENT,2025-12-31,2025-12-24,2026-06-25,48,48,336.3,active
BATCH-000569,P0138,S02,P0138-S02-HIST,2025-01-01,2024-12-25,2025-06-26,171,0,336.3,depleted
BATCH-000570,P0139,S02,P0139-S02-CURRENT,2025-12-31,2025-12-30,2026-01-16,121,121,313.53,active
BATCH-000571,P0139,S02,P0139-S02-HIST,2025-01-01,2024-12-31,2025-01-17,45,0,313.53,depleted
BATCH-000572,P0140,S02,P0140-S02-CURRENT,2025-12-31,2025-12-30,2026-01-11,139,139,297.94,near_expiry
BATCH-000573,P0140,S02,P0140-S02-HIST,2025-01-01,2024-12-31,2025-01-12,107,0,297.94,depleted
BATCH-000574,P0141,S02,P0141-S02-CURRENT,2025-12-31,2025-12-30,2026-01-05,11,11,219.45,near_expiry
BATCH-000575,P0141,S02,P0141-S02-HIST,2025-01-01,2024-12-31,2025-01-06,62,0,219.45,depleted
BATCH-000576,P0142,S02,P0142-S02-CURRENT,2025-12-31,2025-12-30,2026-01-07,19,19,337.95,near_expiry
BATCH-000577,P0142,S02,P0142-S02-HIST,2025-01-01,2024-12-31,2025-01-08,59,0,337.95,depleted
BATCH-000578,P0143,S02,P0143-S02-CURRENT,2025-12-31,2025-12-24,2026-12-29,61,61,141.33,active
BATCH-000579,P0143,S02,P0143-S02-HIST,2025-01-01,2024-12-25,2025-12-30,55,0,141.33,depleted
BATCH-000580,P0144,S02,P0144-S02-CURRENT,2025-12-31,2025-12-24,2026-12-31,47,47,125.2,active
BATCH-000581,P0144,S02,P0144-S02-HIST,2025-01-01,2024-12-25,2026-01-01,158,0,125.2,depleted
BATCH-000582,P0145,S02,P0145-S02-CURRENT,2025-12-31,2025-12-24,2027-06-17,76,76,240.43,active
BATCH-000583,P0145,S02,P0145-S02-HIST,2025-01-01,2024-12-25,2026-06-18,120,0,240.43,depleted
BATCH-000584,P0146,S02,P0146-S02-CURRENT,2025-12-31,2025-12-24,2027-12-26,50,50,80.61,active
BATCH-000585,P0146,S02,P0146-S02-HIST,2025-01-01,2024-12-25,2026-12-27,218,0,80.61,depleted
BATCH-000586,P0147,S02,P0147-S02-CURRENT,2025-12-31,2025-12-24,2026-06-24,90,90,164.59,active
BATCH-000587,P0147,S02,P0147-S02-HIST,2025-01-01,2024-12-25,2025-06-25,128,0,164.59,depleted
BATCH-000588,P0148,S02,P0148-S02-CURRENT,2025-12-31,2025-12-24,2026-12-25,45,45,34.22,active
BATCH-000589,P0148,S02,P0148-S02-HIST,2025-01-01,2024-12-25,2025-12-26,62,0,34.22,depleted
BATCH-000590,P0149,S02,P0149-S02-CURRENT,2025-12-31,2025-12-24,2026-06-23,33,33,59.75,active
BATCH-000591,P0149,S02,P0149-S02-HIST,2025-01-01,2024-12-25,2025-06-24,87,0,59.75,depleted
BATCH-000592,P0150,S02,P0150-S02-CURRENT,2025-12-31,2025-12-24,2026-06-23,17,17,207.3,active
BATCH-000593,P0150,S02,P0150-S02-HIST,2025-01-01,2024-12-25,2025-06-24,108,0,207.3,depleted
BATCH-000594,P0001,S03,P0001-S03-CURRENT,2025-12-31,2025-12-24,2026-12-24,43,43,3.92,active
BATCH-000595,P0001,S03,P0001-S03-HIST,2025-01-01,2024-12-25,2025-12-25,101,0,3.92,depleted
BATCH-000596,P0002,S03,P0002-S03-CURRENT,2025-12-31,2025-12-27,2026-02-10,50,50,12.88,active
BATCH-000597,P0002,S03,P0002-S03-HIST,2025-01-01,2024-12-28,2025-02-11,146,0,12.88,depleted
BATCH-000598,P0003,S03,P0003-S03-CURRENT,2025-12-31,2025-12-25,2026-02-23,56,56,7.31,active
BATCH-000599,P0003,S03,P0003-S03-HIST,2025-01-01,2024-12-26,2025-02-24,129,0,7.31,depleted
BATCH-000600,P0004,S03,P0004-S03-CURRENT,2025-12-31,2025-12-24,2026-03-24,84,84,18.38,active
BATCH-000601,P0004,S03,P0004-S03-HIST,2025-01-01,2024-12-25,2025-03-25,99,0,18.38,depleted
BATCH-000602,P0005,S03,P0005-S03-CURRENT,2025-12-31,2025-12-25,2026-02-23,434,434,1.62,active
BATCH-000603,P0005,S03,P0005-S03-HIST,2025-01-01,2024-12-26,2025-02-24,233,0,1.62,depleted
BATCH-000604,P0006,S03,P0006-S03-CURRENT,2025-12-31,2025-12-25,2026-02-23,107,107,20.94,active
BATCH-000605,P0006,S03,P0006-S03-HIST,2025-01-01,2024-12-26,2025-02-24,103,0,20.94,depleted
BATCH-000606,P0007,S03,P0007-S03-CURRENT,2025-12-31,2025-12-24,2026-12-24,131,131,11.83,active
BATCH-000607,P0007,S03,P0007-S03-HIST,2025-01-01,2024-12-25,2025-12-25,160,0,11.83,depleted
BATCH-000608,P0008,S03,P0008-S03-CURRENT,2025-12-31,2025-12-24,2026-06-22,169,169,7.06,active
BATCH-000609,P0008,S03,P0008-S03-HIST,2025-01-01,2024-12-25,2025-06-23,271,0,7.06,depleted
BATCH-000610,P0009,S03,P0009-S03-CURRENT,2025-12-31,2025-12-24,2026-06-22,103,103,3.92,active
BATCH-000611,P0009,S03,P0009-S03-HIST,2025-01-01,2024-12-25,2025-06-23,169,0,3.92,depleted
BATCH-000612,P0010,S03,P0010-S03-CURRENT,2025-12-31,2025-12-28,2026-01-27,78,78,12.59,active
BATCH-000613,P0010,S03,P0010-S03-HIST,2025-01-01,2024-12-29,2025-01-28,76,0,12.59,depleted
BATCH-000614,P0011,S03,P0011-S03-CURRENT,2025-12-31,2025-12-25,2026-02-23,419,419,15.1,active
BATCH-000615,P0011,S03,P0011-S03-HIST,2025-01-01,2024-12-26,2025-02-24,225,0,15.1,depleted
BATCH-000616,P0012,S03,P0012-S03-CURRENT,2025-12-31,2025-12-28,2026-01-27,218,218,7.69,active
BATCH-000617,P0012,S03,P0012-S03-HIST,2025-01-01,2024-12-29,2025-01-28,236,0,7.69,depleted
BATCH-000618,P0013,S03,P0013-S03-CURRENT,2025-12-31,2025-12-25,2026-02-23,297,297,12.94,active
BATCH-000619,P0013,S03,P0013-S03-HIST,2025-01-01,2024-12-26,2025-02-24,186,0,12.94,depleted
BATCH-000620,P0014,S03,P0014-S03-CURRENT,2025-12-31,2025-12-25,2026-02-23,101,101,3.24,active
BATCH-000621,P0014,S03,P0014-S03-HIST,2025-01-01,2024-12-26,2025-02-24,106,0,3.24,depleted
BATCH-000622,P0015,S03,P0015-S03-CURRENT,2025-12-31,2025-12-24,2026-03-24,248,248,19.26,active
BATCH-000623,P0015,S03,P0015-S03-HIST,2025-01-01,2024-12-25,2025-03-25,221,0,19.26,depleted
BATCH-000624,P0016,S03,P0016-S03-CURRENT,2025-12-31,2025-12-24,2026-12-24,72,72,5.43,active
BATCH-000625,P0016,S03,P0016-S03-HIST,2025-01-01,2024-12-25,2025-12-25,242,0,5.43,depleted
BATCH-000626,P0017,S03,P0017-S03-CURRENT,2025-12-31,2025-12-27,2026-02-10,16,16,8.78,active
BATCH-000627,P0017,S03,P0017-S03-HIST,2025-01-01,2024-12-28,2025-02-11,65,0,8.78,depleted
BATCH-000628,P0018,S03,P0018-S03-CURRENT,2025-12-31,2025-12-24,2026-12-24,164,164,2.24,active
BATCH-000629,P0018,S03,P0018-S03-HIST,2025-01-01,2024-12-25,2025-12-25,196,0,2.24,depleted
BATCH-000630,P0019,S03,P0019-S03-CURRENT,2025-12-31,2025-12-28,2026-01-27,126,126,20.28,active
BATCH-000631,P0019,S03,P0019-S03-HIST,2025-01-01,2024-12-29,2025-01-28,105,0,20.28,depleted
BATCH-000632,P0020,S03,P0020-S03-CURRENT,2025-12-31,2025-12-28,2026-01-27,151,151,16.51,active
BATCH-000633,P0020,S03,P0020-S03-HIST,2025-01-01,2024-12-29,2025-01-28,219,0,16.51,depleted
BATCH-000634,P0021,S03,P0021-S03-CURRENT,2025-12-31,2025-12-25,2026-02-23,28,28,11.49,active
BATCH-000635,P0021,S03,P0021-S03-HIST,2025-01-01,2024-12-26,2025-02-24,293,0,11.49,depleted
BATCH-000636,P0022,S03,P0022-S03-CURRENT,2025-12-31,2025-12-28,2026-01-27,157,157,24.98,active
BATCH-000637,P0022,S03,P0022-S03-HIST,2025-01-01,2024-12-29,2025-01-28,130,0,24.98,depleted
BATCH-000638,P0023,S03,P0023-S03-CURRENT,2025-12-31,2025-12-24,2026-03-24,196,196,4.53,active
BATCH-000639,P0023,S03,P0023-S03-HIST,2025-01-01,2024-12-25,2025-03-25,104,0,4.53,depleted
BATCH-000640,P0024,S03,P0024-S03-CURRENT,2025-12-31,2025-12-25,2026-02-23,218,218,18.1,active
BATCH-000641,P0024,S03,P0024-S03-HIST,2025-01-01,2024-12-26,2025-02-24,180,0,18.1,depleted
BATCH-000642,P0025,S03,P0025-S03-CURRENT,2025-12-31,2025-12-24,2026-06-22,203,203,14.81,active
BATCH-000643,P0025,S03,P0025-S03-HIST,2025-01-01,2024-12-25,2025-06-23,176,0,14.81,depleted
BATCH-000644,P0026,S03,P0026-S03-CURRENT,2025-12-31,2025-12-24,2026-06-22,88,88,21.61,active
BATCH-000645,P0026,S03,P0026-S03-HIST,2025-01-01,2024-12-25,2025-06-23,220,0,21.61,depleted
BATCH-000646,P0027,S03,P0027-S03-CURRENT,2025-12-31,2025-12-25,2026-02-23,291,291,14.8,active
BATCH-000647,P0027,S03,P0027-S03-HIST,2025-01-01,2024-12-26,2025-02-24,152,0,14.8,depleted
BATCH-000648,P0028,S03,P0028-S03-CURRENT,2025-12-31,2025-12-25,2026-02-23,267,267,16.96,active
BATCH-000649,P0028,S03,P0028-S03-HIST,2025-01-01,2024-12-26,2025-02-24,134,0,16.96,depleted
BATCH-000650,P0029,S03,P0029-S03-CURRENT,2025-12-31,2025-12-27,2026-02-10,130,130,23.36,active
BATCH-000651,P0029,S03,P0029-S03-HIST,2025-01-01,2024-12-28,2025-02-11,53,0,23.36,depleted
BATCH-000652,P0030,S03,P0030-S03-CURRENT,2025-12-31,2025-12-24,2026-12-24,154,154,20.52,active
BATCH-000653,P0030,S03,P0030-S03-HIST,2025-01-01,2024-12-25,2025-12-25,115,0,20.52,depleted
BATCH-000654,P0031,S03,P0031-S03-CURRENT,2025-12-31,2025-12-27,2026-02-10,85,85,15.32,active
BATCH-000655,P0031,S03,P0031-S03-HIST,2025-01-01,2024-12-28,2025-02-11,198,0,15.32,depleted
BATCH-000656,P0032,S03,P0032-S03-CURRENT,2025-12-31,2025-12-27,2026-02-10,399,399,1.58,active
BATCH-000657,P0032,S03,P0032-S03-HIST,2025-01-01,2024-12-28,2025-02-11,157,0,1.58,depleted
BATCH-000658,P0033,S03,P0033-S03-CURRENT,2025-12-31,2025-12-27,2026-02-10,154,154,2.34,active
BATCH-000659,P0033,S03,P0033-S03-HIST,2025-01-01,2024-12-28,2025-02-11,261,0,2.34,depleted
BATCH-000660,P0034,S03,P0034-S03-CURRENT,2025-12-31,2025-12-28,2026-01-27,61,61,9.43,active
BATCH-000661,P0034,S03,P0034-S03-HIST,2025-01-01,2024-12-29,2025-01-28,199,0,9.43,depleted
BATCH-000662,P0035,S03,P0035-S03-CURRENT,2025-12-31,2025-12-24,2026-06-22,214,214,22.16,active
BATCH-000663,P0035,S03,P0035-S03-HIST,2025-01-01,2024-12-25,2025-06-23,224,0,22.16,depleted
BATCH-000664,P0036,S03,P0036-S03-CURRENT,2025-12-31,2025-12-24,2026-03-24,131,131,18.55,active
BATCH-000665,P0036,S03,P0036-S03-HIST,2025-01-01,2024-12-25,2025-03-25,89,0,18.55,depleted
BATCH-000666,P0037,S03,P0037-S03-CURRENT,2025-12-31,2025-12-25,2026-02-23,158,158,5.39,active
BATCH-000667,P0037,S03,P0037-S03-HIST,2025-01-01,2024-12-26,2025-02-24,125,0,5.39,depleted
BATCH-000668,P0038,S03,P0038-S03-CURRENT,2025-12-31,2025-12-25,2026-02-23,310,310,7.33,active
BATCH-000669,P0038,S03,P0038-S03-HIST,2025-01-01,2024-12-26,2025-02-24,233,0,7.33,depleted
BATCH-000670,P0039,S03,P0039-S03-CURRENT,2025-12-31,2025-12-27,2026-02-10,41,41,3.33,active
BATCH-000671,P0039,S03,P0039-S03-HIST,2025-01-01,2024-12-28,2025-02-11,37,0,3.33,depleted
BATCH-000672,P0040,S03,P0040-S03-CURRENT,2025-12-31,2025-12-24,2026-03-24,55,55,15.35,active
BATCH-000673,P0040,S03,P0040-S03-HIST,2025-01-01,2024-12-25,2025-03-25,51,0,15.35,depleted
BATCH-000674,P0041,S03,P0041-S03-CURRENT,2025-12-31,2025-12-24,2026-12-24,126,126,18.13,active
BATCH-000675,P0041,S03,P0041-S03-HIST,2025-01-01,2024-12-25,2025-12-25,131,0,18.13,depleted
BATCH-000676,P0042,S03,P0042-S03-CURRENT,2025-12-31,2025-12-25,2026-02-23,151,151,21.28,active
BATCH-000677,P0042,S03,P0042-S03-HIST,2025-01-01,2024-12-26,2025-02-24,123,0,21.28,depleted
BATCH-000678,P0043,S03,P0043-S03-CURRENT,2025-12-31,2025-12-24,2026-03-24,127,127,3.62,active
BATCH-000679,P0043,S03,P0043-S03-HIST,2025-01-01,2024-12-25,2025-03-25,194,0,3.62,depleted
BATCH-000680,P0044,S03,P0044-S03-CURRENT,2025-12-31,2025-12-24,2026-06-22,161,161,5.65,active
BATCH-000681,P0044,S03,P0044-S03-HIST,2025-01-01,2024-12-25,2025-06-23,183,0,5.65,depleted
BATCH-000682,P0045,S03,P0045-S03-CURRENT,2025-12-31,2025-12-24,2026-06-22,358,358,4.66,active
BATCH-000683,P0045,S03,P0045-S03-HIST,2025-01-01,2024-12-25,2025-06-23,184,0,4.66,depleted
BATCH-000684,P0046,S03,P0046-S03-CURRENT,2025-12-31,2025-12-24,2026-03-24,222,222,4.11,active
BATCH-000685,P0046,S03,P0046-S03-HIST,2025-01-01,2024-12-25,2025-03-25,194,0,4.11,depleted
BATCH-000686,P0047,S03,P0047-S03-CURRENT,2025-12-31,2025-12-28,2026-01-27,76,76,6.48,active
BATCH-000687,P0047,S03,P0047-S03-HIST,2025-01-01,2024-12-29,2025-01-28,66,0,6.48,depleted
BATCH-000688,P0048,S03,P0048-S03-CURRENT,2025-12-31,2025-12-24,2026-03-24,267,267,6.61,active
BATCH-000689,P0048,S03,P0048-S03-HIST,2025-01-01,2024-12-25,2025-03-25,308,0,6.61,depleted
BATCH-000690,P0049,S03,P0049-S03-CURRENT,2025-12-31,2025-12-24,2026-03-24,211,211,10.96,active
BATCH-000691,P0049,S03,P0049-S03-HIST,2025-01-01,2024-12-25,2025-03-25,153,0,10.96,depleted
BATCH-000692,P0050,S03,P0050-S03-CURRENT,2025-12-31,2025-12-24,2026-12-24,130,130,6.36,active
BATCH-000693,P0050,S03,P0050-S03-HIST,2025-01-01,2024-12-25,2025-12-25,136,0,6.36,depleted
BATCH-000694,P0051,S03,P0051-S03-CURRENT,2025-12-31,2025-12-27,2026-02-10,244,244,4.2,active
BATCH-000695,P0051,S03,P0051-S03-HIST,2025-01-01,2024-12-28,2025-02-11,123,0,4.2,depleted
BATCH-000696,P0052,S03,P0052-S03-CURRENT,2025-12-31,2025-12-24,2026-03-24,233,233,2.03,active
BATCH-000697,P0052,S03,P0052-S03-HIST,2025-01-01,2024-12-25,2025-03-25,131,0,2.03,depleted
BATCH-000698,P0053,S03,P0053-S03-CURRENT,2025-12-31,2025-12-24,2026-03-24,94,94,21.41,active
BATCH-000699,P0053,S03,P0053-S03-HIST,2025-01-01,2024-12-25,2025-03-25,103,0,21.41,depleted
BATCH-000700,P0054,S03,P0054-S03-CURRENT,2025-12-31,2025-12-24,2026-03-24,115,115,8.74,active
BATCH-000701,P0054,S03,P0054-S03-HIST,2025-01-01,2024-12-25,2025-03-25,49,0,8.74,depleted
BATCH-000702,P0055,S03,P0055-S03-CURRENT,2025-12-31,2025-12-27,2026-02-10,88,88,11.0,active
BATCH-000703,P0055,S03,P0055-S03-HIST,2025-01-01,2024-12-28,2025-02-11,108,0,11.0,depleted
BATCH-000704,P0056,S03,P0056-S03-CURRENT,2025-12-31,2025-12-24,2026-03-24,192,192,19.15,active
BATCH-000705,P0056,S03,P0056-S03-HIST,2025-01-01,2024-12-25,2025-03-25,209,0,19.15,depleted
BATCH-000706,P0057,S03,P0057-S03-CURRENT,2025-12-31,2025-12-24,2026-12-24,32,32,16.43,active
BATCH-000707,P0057,S03,P0057-S03-HIST,2025-01-01,2024-12-25,2025-12-25,120,0,16.43,depleted
BATCH-000708,P0058,S03,P0058-S03-CURRENT,2025-12-31,2025-12-27,2026-02-10,146,146,12.1,active
BATCH-000709,P0058,S03,P0058-S03-HIST,2025-01-01,2024-12-28,2025-02-11,125,0,12.1,depleted
BATCH-000710,P0059,S03,P0059-S03-CURRENT,2025-12-31,2025-12-27,2026-02-10,346,346,18.1,active
BATCH-000711,P0059,S03,P0059-S03-HIST,2025-01-01,2024-12-28,2025-02-11,256,0,18.1,depleted
BATCH-000712,P0060,S03,P0060-S03-CURRENT,2025-12-31,2025-12-24,2026-12-24,182,182,5.36,active
BATCH-000713,P0060,S03,P0060-S03-HIST,2025-01-01,2024-12-25,2025-12-25,292,0,5.36,depleted
BATCH-000714,P0061,S03,P0061-S03-CURRENT,2025-12-31,2025-12-28,2026-01-27,258,258,13.55,active
BATCH-000715,P0061,S03,P0061-S03-HIST,2025-01-01,2024-12-29,2025-01-28,281,0,13.55,depleted
BATCH-000716,P0062,S03,P0062-S03-CURRENT,2025-12-31,2025-12-24,2026-12-24,95,95,16.07,active
BATCH-000717,P0062,S03,P0062-S03-HIST,2025-01-01,2024-12-25,2025-12-25,59,0,16.07,depleted
BATCH-000718,P0063,S03,P0063-S03-CURRENT,2025-12-31,2025-12-25,2026-02-23,74,74,20.73,active
BATCH-000719,P0063,S03,P0063-S03-HIST,2025-01-01,2024-12-26,2025-02-24,94,0,20.73,depleted
BATCH-000720,P0064,S03,P0064-S03-CURRENT,2025-12-31,2025-12-27,2026-02-10,33,33,1.2,active
BATCH-000721,P0064,S03,P0064-S03-HIST,2025-01-01,2024-12-28,2025-02-11,133,0,1.2,depleted
BATCH-000722,P0065,S03,P0065-S03-CURRENT,2025-12-31,2025-12-28,2026-01-27,154,154,0.75,active
BATCH-000723,P0065,S03,P0065-S03-HIST,2025-01-01,2024-12-29,2025-01-28,123,0,0.75,depleted
BATCH-000724,P0066,S03,P0066-S03-CURRENT,2025-12-31,2025-12-27,2026-02-10,125,125,19.93,active
BATCH-000725,P0066,S03,P0066-S03-HIST,2025-01-01,2024-12-28,2025-02-11,127,0,19.93,depleted
BATCH-000726,P0067,S03,P0067-S03-CURRENT,2025-12-31,2025-12-24,2026-12-24,91,91,13.51,active
BATCH-000727,P0067,S03,P0067-S03-HIST,2025-01-01,2024-12-25,2025-12-25,304,0,13.51,depleted
BATCH-000728,P0068,S03,P0068-S03-CURRENT,2025-12-31,2025-12-28,2026-01-27,122,122,3.46,active
BATCH-000729,P0068,S03,P0068-S03-HIST,2025-01-01,2024-12-29,2025-01-28,58,0,3.46,depleted
BATCH-000730,P0069,S03,P0069-S03-CURRENT,2025-12-31,2025-12-25,2026-02-23,119,119,7.76,active
BATCH-000731,P0069,S03,P0069-S03-HIST,2025-01-01,2024-12-26,2025-02-24,141,0,7.76,depleted
BATCH-000732,P0070,S03,P0070-S03-CURRENT,2025-12-31,2025-12-24,2026-12-24,355,355,7.66,active
BATCH-000733,P0070,S03,P0070-S03-HIST,2025-01-01,2024-12-25,2025-12-25,359,0,7.66,depleted
BATCH-000734,P0071,S03,P0071-S03-CURRENT,2025-12-31,2025-12-28,2026-01-27,79,79,11.29,active
BATCH-000735,P0071,S03,P0071-S03-HIST,2025-01-01,2024-12-29,2025-01-28,78,0,11.29,depleted
BATCH-000736,P0072,S03,P0072-S03-CURRENT,2025-12-31,2025-12-27,2026-02-10,44,44,15.92,active
BATCH-000737,P0072,S03,P0072-S03-HIST,2025-01-01,2024-12-28,2025-02-11,81,0,15.92,depleted
BATCH-000738,P0073,S03,P0073-S03-CURRENT,2025-12-31,2025-12-25,2026-02-23,286,286,9.82,active
BATCH-000739,P0073,S03,P0073-S03-HIST,2025-01-01,2024-12-26,2025-02-24,189,0,9.82,depleted
BATCH-000740,P0074,S03,P0074-S03-CURRENT,2025-12-31,2025-12-27,2026-02-10,126,126,5.67,active
BATCH-000741,P0074,S03,P0074-S03-HIST,2025-01-01,2024-12-28,2025-02-11,253,0,5.67,depleted
BATCH-000742,P0075,S03,P0075-S03-CURRENT,2025-12-31,2025-12-28,2026-01-27,167,167,17.39,active
BATCH-000743,P0075,S03,P0075-S03-HIST,2025-01-01,2024-12-29,2025-01-28,274,0,17.39,depleted
BATCH-000744,P0076,S03,P0076-S03-CURRENT,2025-12-31,2025-12-24,2026-12-24,87,87,6.22,active
BATCH-000745,P0076,S03,P0076-S03-HIST,2025-01-01,2024-12-25,2025-12-25,51,0,6.22,depleted
BATCH-000746,P0077,S03,P0077-S03-CURRENT,2025-12-31,2025-12-25,2026-02-23,68,68,2.25,active
BATCH-000747,P0077,S03,P0077-S03-HIST,2025-01-01,2024-12-26,2025-02-24,81,0,2.25,depleted
BATCH-000748,P0078,S03,P0078-S03-CURRENT,2025-12-31,2025-12-28,2026-01-27,378,378,12.76,active
BATCH-000749,P0078,S03,P0078-S03-HIST,2025-01-01,2024-12-29,2025-01-28,245,0,12.76,depleted
BATCH-000750,P0079,S03,P0079-S03-CURRENT,2025-12-31,2025-12-24,2026-06-22,246,246,6.11,active
BATCH-000751,P0079,S03,P0079-S03-HIST,2025-01-01,2024-12-25,2025-06-23,298,0,6.11,depleted
BATCH-000752,P0080,S03,P0080-S03-CURRENT,2025-12-31,2025-12-25,2026-02-23,78,78,13.21,active
BATCH-000753,P0080,S03,P0080-S03-HIST,2025-01-01,2024-12-26,2025-02-24,110,0,13.21,depleted
BATCH-000754,P0081,S03,P0081-S03-CURRENT,2025-12-31,2025-12-27,2026-02-10,313,313,8.67,active
BATCH-000755,P0081,S03,P0081-S03-HIST,2025-01-01,2024-12-28,2025-02-11,147,0,8.67,depleted
BATCH-000756,P0082,S03,P0082-S03-CURRENT,2025-12-31,2025-12-28,2026-01-27,104,104,2.66,active
BATCH-000757,P0082,S03,P0082-S03-HIST,2025-01-01,2024-12-29,2025-01-28,244,0,2.66,depleted
BATCH-000758,P0083,S03,P0083-S03-CURRENT,2025-12-31,2025-12-24,2026-03-24,110,110,5.1,active
BATCH-000759,P0083,S03,P0083-S03-HIST,2025-01-01,2024-12-25,2025-03-25,95,0,5.1,depleted
BATCH-000760,P0084,S03,P0084-S03-CURRENT,2025-12-31,2025-12-28,2026-01-27,97,97,22.08,active
BATCH-000761,P0084,S03,P0084-S03-HIST,2025-01-01,2024-12-29,2025-01-28,56,0,22.08,depleted
BATCH-000762,P0085,S03,P0085-S03-CURRENT,2025-12-31,2025-12-28,2026-01-27,332,332,6.01,active
BATCH-000763,P0085,S03,P0085-S03-HIST,2025-01-01,2024-12-29,2025-01-28,282,0,6.01,depleted
BATCH-000764,P0086,S03,P0086-S03-CURRENT,2025-12-31,2025-12-27,2026-02-10,99,99,20.95,active
BATCH-000765,P0086,S03,P0086-S03-HIST,2025-01-01,2024-12-28,2025-02-11,76,0,20.95,depleted
BATCH-000766,P0087,S03,P0087-S03-CURRENT,2025-12-31,2025-12-25,2026-02-23,347,347,22.04,active
BATCH-000767,P0087,S03,P0087-S03-HIST,2025-01-01,2024-12-26,2025-02-24,229,0,22.04,depleted
BATCH-000768,P0088,S03,P0088-S03-CURRENT,2025-12-31,2025-12-27,2026-02-10,190,190,14.71,active
BATCH-000769,P0088,S03,P0088-S03-HIST,2025-01-01,2024-12-28,2025-02-11,125,0,14.71,depleted
BATCH-000770,P0089,S03,P0089-S03-CURRENT,2025-12-31,2025-12-27,2026-02-10,217,217,11.66,active
BATCH-000771,P0089,S03,P0089-S03-HIST,2025-01-01,2024-12-28,2025-02-11,185,0,11.66,depleted
BATCH-000772,P0090,S03,P0090-S03-CURRENT,2025-12-31,2025-12-24,2026-03-24,455,455,12.09,active
BATCH-000773,P0090,S03,P0090-S03-HIST,2025-01-01,2024-12-25,2025-03-25,312,0,12.09,depleted
BATCH-000774,P0091,S03,P0091-S03-CURRENT,2025-12-31,2025-12-28,2026-01-27,36,36,24.15,active
BATCH-000775,P0091,S03,P0091-S03-HIST,2025-01-01,2024-12-29,2025-01-28,210,0,24.15,depleted
BATCH-000776,P0092,S03,P0092-S03-CURRENT,2025-12-31,2025-12-25,2026-02-23,340,340,24.26,active
BATCH-000777,P0092,S03,P0092-S03-HIST,2025-01-01,2024-12-26,2025-02-24,193,0,24.26,depleted
BATCH-000778,P0093,S03,P0093-S03-CURRENT,2025-12-31,2025-12-25,2026-02-23,68,68,21.55,active
BATCH-000779,P0093,S03,P0093-S03-HIST,2025-01-01,2024-12-26,2025-02-24,39,0,21.55,depleted
BATCH-000780,P0094,S03,P0094-S03-CURRENT,2025-12-31,2025-12-24,2026-12-24,89,89,2.71,active
BATCH-000781,P0094,S03,P0094-S03-HIST,2025-01-01,2024-12-25,2025-12-25,57,0,2.71,depleted
BATCH-000782,P0095,S03,P0095-S03-CURRENT,2025-12-31,2025-12-27,2026-02-10,67,67,7.69,active
BATCH-000783,P0095,S03,P0095-S03-HIST,2025-01-01,2024-12-28,2025-02-11,157,0,7.69,depleted
BATCH-000784,P0096,S03,P0096-S03-CURRENT,2025-12-31,2025-12-27,2026-02-10,69,69,21.84,active
BATCH-000785,P0096,S03,P0096-S03-HIST,2025-01-01,2024-12-28,2025-02-11,96,0,21.84,depleted
BATCH-000786,P0097,S03,P0097-S03-CURRENT,2025-12-31,2025-12-24,2026-03-24,301,301,16.84,active
BATCH-000787,P0097,S03,P0097-S03-HIST,2025-01-01,2024-12-25,2025-03-25,242,0,16.84,depleted
BATCH-000788,P0098,S03,P0098-S03-CURRENT,2025-12-31,2025-12-24,2026-12-24,122,122,7.83,active
BATCH-000789,P0098,S03,P0098-S03-HIST,2025-01-01,2024-12-25,2025-12-25,309,0,7.83,depleted
BATCH-000790,P0099,S03,P0099-S03-CURRENT,2025-12-31,2025-12-24,2026-06-22,177,177,6.31,active
BATCH-000791,P0099,S03,P0099-S03-HIST,2025-01-01,2024-12-25,2025-06-23,131,0,6.31,depleted
BATCH-000792,P0100,S03,P0100-S03-CURRENT,2025-12-31,2025-12-24,2026-12-24,281,281,14.37,active
BATCH-000793,P0100,S03,P0100-S03-HIST,2025-01-01,2024-12-25,2025-12-25,203,0,14.37,depleted
BATCH-000794,P0101,S03,P0101-S03-CURRENT,2025-12-31,2025-12-24,2026-06-23,41,41,79.05,active
BATCH-000795,P0101,S03,P0101-S03-HIST,2025-01-01,2024-12-25,2025-06-24,100,0,79.05,depleted
BATCH-000796,P0102,S03,P0102-S03-CURRENT,2025-12-31,2025-12-24,2026-06-23,181,181,137.12,active
BATCH-000797,P0102,S03,P0102-S03-HIST,2025-01-01,2024-12-25,2025-06-24,177,0,137.12,depleted
BATCH-000798,P0103,S03,P0103-S03-CURRENT,2025-12-31,2025-12-30,2026-01-12,59,59,78.53,near_expiry
BATCH-000799,P0103,S03,P0103-S03-HIST,2025-01-01,2024-12-31,2025-01-13,126,0,78.53,depleted
BATCH-000800,P0104,S03,P0104-S03-CURRENT,2025-12-31,2025-12-30,2026-01-13,227,227,323.55,near_expiry
BATCH-000801,P0104,S03,P0104-S03-HIST,2025-01-01,2024-12-31,2025-01-14,93,0,323.55,depleted
BATCH-000802,P0105,S03,P0105-S03-CURRENT,2025-12-31,2025-12-30,2026-01-10,177,177,190.0,near_expiry
BATCH-000803,P0105,S03,P0105-S03-HIST,2025-01-01,2024-12-31,2025-01-11,203,0,190.0,depleted
BATCH-000804,P0106,S03,P0106-S03-CURRENT,2025-12-31,2025-12-30,2026-01-07,191,191,111.71,near_expiry
BATCH-000805,P0106,S03,P0106-S03-HIST,2025-01-01,2024-12-31,2025-01-08,171,0,111.71,depleted
BATCH-000806,P0107,S03,P0107-S03-CURRENT,2025-12-31,2025-12-24,2026-12-30,94,94,162.2,active
BATCH-000807,P0107,S03,P0107-S03-HIST,2025-01-01,2024-12-25,2025-12-31,135,0,162.2,depleted
BATCH-000808,P0108,S03,P0108-S03-CURRENT,2025-12-31,2025-12-24,2026-12-26,48,48,140.51,active
BATCH-000809,P0108,S03,P0108-S03-HIST,2025-01-01,2024-12-25,2025-12-27,227,0,140.51,depleted
BATCH-000810,P0109,S03,P0109-S03-CURRENT,2025-12-31,2025-12-24,2027-06-24,59,59,163.65,active
BATCH-000811,P0109,S03,P0109-S03-HIST,2025-01-01,2024-12-25,2026-06-25,50,0,163.65,depleted
BATCH-000812,P0110,S03,P0110-S03-CURRENT,2025-12-31,2025-12-24,2027-12-30,41,41,283.16,active
BATCH-000813,P0110,S03,P0110-S03-HIST,2025-01-01,2024-12-25,2026-12-31,139,0,283.16,depleted
BATCH-000814,P0111,S03,P0111-S03-CURRENT,2025-12-31,2025-12-24,2026-06-25,129,129,332.45,active
BATCH-000815,P0111,S03,P0111-S03-HIST,2025-01-01,2024-12-25,2025-06-26,202,0,332.45,depleted
BATCH-000816,P0112,S03,P0112-S03-CURRENT,2025-12-31,2025-12-24,2026-12-31,95,95,125.38,active
BATCH-000817,P0112,S03,P0112-S03-HIST,2025-01-01,2024-12-25,2026-01-01,133,0,125.38,depleted
BATCH-000818,P0113,S03,P0113-S03-CURRENT,2025-12-31,2025-12-24,2026-06-24,111,111,106.31,active
BATCH-000819,P0113,S03,P0113-S03-HIST,2025-01-01,2024-12-25,2025-06-25,70,0,106.31,depleted
BATCH-000820,P0114,S03,P0114-S03-CURRENT,2025-12-31,2025-12-24,2026-06-24,76,76,211.41,active
BATCH-000821,P0114,S03,P0114-S03-HIST,2025-01-01,2024-12-25,2025-06-25,134,0,211.41,depleted
BATCH-000822,P0115,S03,P0115-S03-CURRENT,2025-12-31,2025-12-30,2026-01-12,36,36,201.0,near_expiry
BATCH-000823,P0115,S03,P0115-S03-HIST,2025-01-01,2024-12-31,2025-01-13,128,0,201.0,depleted
BATCH-000824,P0116,S03,P0116-S03-HIST,2025-01-01,2024-12-31,2025-01-09,111,0,183.29,depleted
BATCH-000825,P0117,S03,P0117-S03-HIST,2025-01-01,2024-12-31,2025-01-12,90,0,210.47,depleted
BATCH-000826,P0118,S03,P0118-S03-CURRENT,2025-12-31,2025-12-30,2026-01-11,37,37,191.4,near_expiry
BATCH-000827,P0118,S03,P0118-S03-HIST,2025-01-01,2024-12-31,2025-01-12,75,0,191.4,depleted
BATCH-000828,P0119,S03,P0119-S03-CURRENT,2025-12-31,2025-12-24,2026-12-26,117,117,50.84,active
BATCH-000829,P0119,S03,P0119-S03-HIST,2025-01-01,2024-12-25,2025-12-27,72,0,50.84,depleted
BATCH-000830,P0120,S03,P0120-S03-CURRENT,2025-12-31,2025-12-24,2026-12-22,122,122,138.22,active
BATCH-000831,P0120,S03,P0120-S03-HIST,2025-01-01,2024-12-25,2025-12-23,56,0,138.22,depleted
BATCH-000832,P0121,S03,P0121-S03-CURRENT,2025-12-31,2025-12-24,2027-06-16,229,229,207.13,active
BATCH-000833,P0121,S03,P0121-S03-HIST,2025-01-01,2024-12-25,2026-06-17,97,0,207.13,depleted
BATCH-000834,P0122,S03,P0122-S03-CURRENT,2025-12-31,2025-12-24,2027-12-31,81,81,313.17,active
BATCH-000835,P0122,S03,P0122-S03-HIST,2025-01-01,2024-12-25,2027-01-01,71,0,313.17,depleted
BATCH-000836,P0123,S03,P0123-S03-CURRENT,2025-12-31,2025-12-24,2026-06-20,20,20,332.53,active
BATCH-000837,P0123,S03,P0123-S03-HIST,2025-01-01,2024-12-25,2025-06-21,295,0,332.53,depleted
BATCH-000838,P0124,S03,P0124-S03-CURRENT,2025-12-31,2025-12-24,2026-12-24,6,6,241.7,active
BATCH-000839,P0124,S03,P0124-S03-HIST,2025-01-01,2024-12-25,2025-12-25,51,0,241.7,depleted
BATCH-000840,P0125,S03,P0125-S03-CURRENT,2025-12-31,2025-12-24,2026-06-29,47,47,24.24,active
BATCH-000841,P0125,S03,P0125-S03-HIST,2025-01-01,2024-12-25,2025-06-30,40,0,24.24,depleted
BATCH-000842,P0126,S03,P0126-S03-CURRENT,2025-12-31,2025-12-24,2026-06-26,67,67,206.13,active
BATCH-000843,P0126,S03,P0126-S03-HIST,2025-01-01,2024-12-25,2025-06-27,189,0,206.13,depleted
BATCH-000844,P0127,S03,P0127-S03-CURRENT,2025-12-31,2025-12-30,2026-01-14,48,48,82.12,near_expiry
BATCH-000845,P0127,S03,P0127-S03-HIST,2025-01-01,2024-12-31,2025-01-15,82,0,82.12,depleted
BATCH-000846,P0128,S03,P0128-S03-CURRENT,2025-12-31,2025-12-30,2026-01-10,7,7,237.67,near_expiry
BATCH-000847,P0128,S03,P0128-S03-HIST,2025-01-01,2024-12-31,2025-01-11,235,0,237.67,depleted
BATCH-000848,P0129,S03,P0129-S03-CURRENT,2025-12-31,2025-12-30,2026-01-11,78,78,96.98,near_expiry
BATCH-000849,P0129,S03,P0129-S03-HIST,2025-01-01,2024-12-31,2025-01-12,202,0,96.98,depleted
BATCH-000850,P0130,S03,P0130-S03-CURRENT,2025-12-31,2025-12-30,2026-01-05,107,107,223.12,near_expiry
BATCH-000851,P0130,S03,P0130-S03-HIST,2025-01-01,2024-12-31,2025-01-06,101,0,223.12,depleted
BATCH-000852,P0131,S03,P0131-S03-CURRENT,2025-12-31,2025-12-24,2026-12-27,37,37,42.35,active
BATCH-000853,P0131,S03,P0131-S03-HIST,2025-01-01,2024-12-25,2025-12-28,132,0,42.35,depleted
BATCH-000854,P0132,S03,P0132-S03-CURRENT,2025-12-31,2025-12-24,2026-12-28,77,77,126.04,active
BATCH-000855,P0132,S03,P0132-S03-HIST,2025-01-01,2024-12-25,2025-12-29,102,0,126.04,depleted
BATCH-000856,P0133,S03,P0133-S03-CURRENT,2025-12-31,2025-12-24,2027-06-19,66,66,240.64,active
BATCH-000857,P0133,S03,P0133-S03-HIST,2025-01-01,2024-12-25,2026-06-20,111,0,240.64,depleted
BATCH-000858,P0134,S03,P0134-S03-CURRENT,2025-12-31,2025-12-24,2027-12-22,44,44,47.69,active
BATCH-000859,P0134,S03,P0134-S03-HIST,2025-01-01,2024-12-25,2026-12-23,82,0,47.69,depleted
BATCH-000860,P0135,S03,P0135-S03-CURRENT,2025-12-31,2025-12-24,2026-06-29,85,85,190.31,active
BATCH-000861,P0135,S03,P0135-S03-HIST,2025-01-01,2024-12-25,2025-06-30,210,0,190.31,depleted
BATCH-000862,P0136,S03,P0136-S03-CURRENT,2025-12-31,2025-12-24,2026-12-25,27,27,125.16,active
BATCH-000863,P0136,S03,P0136-S03-HIST,2025-01-01,2024-12-25,2025-12-26,69,0,125.16,depleted
BATCH-000864,P0137,S03,P0137-S03-CURRENT,2025-12-31,2025-12-24,2026-06-22,24,24,238.85,active
BATCH-000865,P0137,S03,P0137-S03-HIST,2025-01-01,2024-12-25,2025-06-23,171,0,238.85,depleted
BATCH-000866,P0138,S03,P0138-S03-CURRENT,2025-12-31,2025-12-24,2026-06-25,185,185,336.3,active
BATCH-000867,P0138,S03,P0138-S03-HIST,2025-01-01,2024-12-25,2025-06-26,166,0,336.3,depleted
BATCH-000868,P0139,S03,P0139-S03-CURRENT,2025-12-31,2025-12-30,2026-01-16,209,209,313.53,active
BATCH-000869,P0139,S03,P0139-S03-HIST,2025-01-01,2024-12-31,2025-01-17,136,0,313.53,depleted
BATCH-000870,P0140,S03,P0140-S03-CURRENT,2025-12-31,2025-12-30,2026-01-11,113,113,297.94,near_expiry
BATCH-000871,P0140,S03,P0140-S03-HIST,2025-01-01,2024-12-31,2025-01-12,249,0,297.94,depleted
BATCH-000872,P0141,S03,P0141-S03-CURRENT,2025-12-31,2025-12-30,2026-01-05,34,34,219.45,near_expiry
BATCH-000873,P0141,S03,P0141-S03-HIST,2025-01-01,2024-12-31,2025-01-06,85,0,219.45,depleted
BATCH-000874,P0142,S03,P0142-S03-CURRENT,2025-12-31,2025-12-30,2026-01-07,22,22,337.95,near_expiry
BATCH-000875,P0142,S03,P0142-S03-HIST,2025-01-01,2024-12-31,2025-01-08,99,0,337.95,depleted
BATCH-000876,P0143,S03,P0143-S03-CURRENT,2025-12-31,2025-12-24,2026-12-29,103,103,141.33,active
BATCH-000877,P0143,S03,P0143-S03-HIST,2025-01-01,2024-12-25,2025-12-30,70,0,141.33,depleted
BATCH-000878,P0144,S03,P0144-S03-CURRENT,2025-12-31,2025-12-24,2026-12-31,87,87,125.2,active
BATCH-000879,P0144,S03,P0144-S03-HIST,2025-01-01,2024-12-25,2026-01-01,150,0,125.2,depleted
BATCH-000880,P0145,S03,P0145-S03-CURRENT,2025-12-31,2025-12-24,2027-06-17,140,140,240.43,active
BATCH-000881,P0145,S03,P0145-S03-HIST,2025-01-01,2024-12-25,2026-06-18,105,0,240.43,depleted
BATCH-000882,P0146,S03,P0146-S03-CURRENT,2025-12-31,2025-12-24,2027-12-26,71,71,80.61,active
BATCH-000883,P0146,S03,P0146-S03-HIST,2025-01-01,2024-12-25,2026-12-27,225,0,80.61,depleted
BATCH-000884,P0147,S03,P0147-S03-CURRENT,2025-12-31,2025-12-24,2026-06-24,78,78,164.59,active
BATCH-000885,P0147,S03,P0147-S03-HIST,2025-01-01,2024-12-25,2025-06-25,62,0,164.59,depleted
BATCH-000886,P0148,S03,P0148-S03-CURRENT,2025-12-31,2025-12-24,2026-12-25,72,72,34.22,active
BATCH-000887,P0148,S03,P0148-S03-HIST,2025-01-01,2024-12-25,2025-12-26,70,0,34.22,depleted
BATCH-000888,P0149,S03,P0149-S03-CURRENT,2025-12-31,2025-12-24,2026-06-23,80,80,59.75,active
BATCH-000889,P0149,S03,P0149-S03-HIST,2025-01-01,2024-12-25,2025-06-24,71,0,59.75,depleted
BATCH-000890,P0150,S03,P0150-S03-CURRENT,2025-12-31,2025-12-24,2026-06-23,212,212,207.3,active
BATCH-000891,P0150,S03,P0150-S03-HIST,2025-01-01,2024-12-25,2025-06-24,198,0,207.3,depleted
BATCH-000892,P0001,S04,P0001-S04-CURRENT,2025-12-31,2025-12-24,2026-12-24,43,43,3.92,active
BATCH-000893,P0001,S04,P0001-S04-HIST,2025-01-01,2024-12-25,2025-12-25,142,0,3.92,depleted
BATCH-000894,P0002,S04,P0002-S04-CURRENT,2025-12-31,2025-12-27,2026-02-10,122,122,12.88,active
BATCH-000895,P0002,S04,P0002-S04-HIST,2025-01-01,2024-12-28,2025-02-11,100,0,12.88,depleted
BATCH-000896,P0003,S04,P0003-S04-CURRENT,2025-12-31,2025-12-25,2026-02-23,94,94,7.31,active
BATCH-000897,P0003,S04,P0003-S04-HIST,2025-01-01,2024-12-26,2025-02-24,171,0,7.31,depleted
BATCH-000898,P0004,S04,P0004-S04-CURRENT,2025-12-31,2025-12-24,2026-03-24,119,119,18.38,active
BATCH-000899,P0004,S04,P0004-S04-HIST,2025-01-01,2024-12-25,2025-03-25,139,0,18.38,depleted
BATCH-000900,P0005,S04,P0005-S04-CURRENT,2025-12-31,2025-12-25,2026-02-23,429,429,1.62,active
BATCH-000901,P0005,S04,P0005-S04-HIST,2025-01-01,2024-12-26,2025-02-24,174,0,1.62,depleted
BATCH-000902,P0006,S04,P0006-S04-CURRENT,2025-12-31,2025-12-25,2026-02-23,67,67,20.94,active
BATCH-000903,P0006,S04,P0006-S04-HIST,2025-01-01,2024-12-26,2025-02-24,141,0,20.94,depleted
BATCH-000904,P0007,S04,P0007-S04-CURRENT,2025-12-31,2025-12-24,2026-12-24,128,128,11.83,active
BATCH-000905,P0007,S04,P0007-S04-HIST,2025-01-01,2024-12-25,2025-12-25,138,0,11.83,depleted
BATCH-000906,P0008,S04,P0008-S04-CURRENT,2025-12-31,2025-12-24,2026-06-22,213,213,7.06,active
BATCH-000907,P0008,S04,P0008-S04-HIST,2025-01-01,2024-12-25,2025-06-23,238,0,7.06,depleted
BATCH-000908,P0009,S04,P0009-S04-CURRENT,2025-12-31,2025-12-24,2026-06-22,126,126,3.92,active
BATCH-000909,P0009,S04,P0009-S04-HIST,2025-01-01,2024-12-25,2025-06-23,95,0,3.92,depleted
BATCH-000910,P0010,S04,P0010-S04-CURRENT,2025-12-31,2025-12-28,2026-01-27,111,111,12.59,active
BATCH-000911,P0010,S04,P0010-S04-HIST,2025-01-01,2024-12-29,2025-01-28,60,0,12.59,depleted
BATCH-000912,P0011,S04,P0011-S04-CURRENT,2025-12-31,2025-12-25,2026-02-23,398,398,15.1,active
BATCH-000913,P0011,S04,P0011-S04-HIST,2025-01-01,2024-12-26,2025-02-24,298,0,15.1,depleted
BATCH-000914,P0012,S04,P0012-S04-CURRENT,2025-12-31,2025-12-28,2026-01-27,38,38,7.69,active
BATCH-000915,P0012,S04,P0012-S04-HIST,2025-01-01,2024-12-29,2025-01-28,214,0,7.69,depleted
BATCH-000916,P0013,S04,P0013-S04-CURRENT,2025-12-31,2025-12-25,2026-02-23,125,125,12.94,active
BATCH-000917,P0013,S04,P0013-S04-HIST,2025-01-01,2024-12-26,2025-02-24,351,0,12.94,depleted
BATCH-000918,P0014,S04,P0014-S04-CURRENT,2025-12-31,2025-12-25,2026-02-23,117,117,3.24,active
BATCH-000919,P0014,S04,P0014-S04-HIST,2025-01-01,2024-12-26,2025-02-24,110,0,3.24,depleted
BATCH-000920,P0015,S04,P0015-S04-CURRENT,2025-12-31,2025-12-24,2026-03-24,30,30,19.26,active
BATCH-000921,P0015,S04,P0015-S04-HIST,2025-01-01,2024-12-25,2025-03-25,173,0,19.26,depleted
BATCH-000922,P0016,S04,P0016-S04-CURRENT,2025-12-31,2025-12-24,2026-12-24,110,110,5.43,active
BATCH-000923,P0016,S04,P0016-S04-HIST,2025-01-01,2024-12-25,2025-12-25,163,0,5.43,depleted
BATCH-000924,P0017,S04,P0017-S04-CURRENT,2025-12-31,2025-12-27,2026-02-10,8,8,8.78,active
BATCH-000925,P0017,S04,P0017-S04-HIST,2025-01-01,2024-12-28,2025-02-11,43,0,8.78,depleted
BATCH-000926,P0018,S04,P0018-S04-CURRENT,2025-12-31,2025-12-24,2026-12-24,326,326,2.24,active
BATCH-000927,P0018,S04,P0018-S04-HIST,2025-01-01,2024-12-25,2025-12-25,151,0,2.24,depleted
BATCH-000928,P0019,S04,P0019-S04-CURRENT,2025-12-31,2025-12-28,2026-01-27,59,59,20.28,active
BATCH-000929,P0019,S04,P0019-S04-HIST,2025-01-01,2024-12-29,2025-01-28,148,0,20.28,depleted
BATCH-000930,P0020,S04,P0020-S04-CURRENT,2025-12-31,2025-12-28,2026-01-27,286,286,16.51,active
BATCH-000931,P0020,S04,P0020-S04-HIST,2025-01-01,2024-12-29,2025-01-28,300,0,16.51,depleted
BATCH-000932,P0021,S04,P0021-S04-CURRENT,2025-12-31,2025-12-25,2026-02-23,245,245,11.49,active
BATCH-000933,P0021,S04,P0021-S04-HIST,2025-01-01,2024-12-26,2025-02-24,358,0,11.49,depleted
BATCH-000934,P0022,S04,P0022-S04-CURRENT,2025-12-31,2025-12-28,2026-01-27,51,51,24.98,active
BATCH-000935,P0022,S04,P0022-S04-HIST,2025-01-01,2024-12-29,2025-01-28,136,0,24.98,depleted
BATCH-000936,P0023,S04,P0023-S04-CURRENT,2025-12-31,2025-12-24,2026-03-24,196,196,4.53,active
BATCH-000937,P0023,S04,P0023-S04-HIST,2025-01-01,2024-12-25,2025-03-25,77,0,4.53,depleted
BATCH-000938,P0024,S04,P0024-S04-CURRENT,2025-12-31,2025-12-25,2026-02-23,97,97,18.1,active
BATCH-000939,P0024,S04,P0024-S04-HIST,2025-01-01,2024-12-26,2025-02-24,200,0,18.1,depleted
BATCH-000940,P0025,S04,P0025-S04-CURRENT,2025-12-31,2025-12-24,2026-06-22,129,129,14.81,active
BATCH-000941,P0025,S04,P0025-S04-HIST,2025-01-01,2024-12-25,2025-06-23,200,0,14.81,depleted
BATCH-000942,P0026,S04,P0026-S04-CURRENT,2025-12-31,2025-12-24,2026-06-22,212,212,21.61,active
BATCH-000943,P0026,S04,P0026-S04-HIST,2025-01-01,2024-12-25,2025-06-23,258,0,21.61,depleted
BATCH-000944,P0027,S04,P0027-S04-CURRENT,2025-12-31,2025-12-25,2026-02-23,208,208,14.8,active
BATCH-000945,P0027,S04,P0027-S04-HIST,2025-01-01,2024-12-26,2025-02-24,215,0,14.8,depleted
BATCH-000946,P0028,S04,P0028-S04-CURRENT,2025-12-31,2025-12-25,2026-02-23,25,25,16.96,active
BATCH-000947,P0028,S04,P0028-S04-HIST,2025-01-01,2024-12-26,2025-02-24,182,0,16.96,depleted
BATCH-000948,P0029,S04,P0029-S04-CURRENT,2025-12-31,2025-12-27,2026-02-10,130,130,23.36,active
BATCH-000949,P0029,S04,P0029-S04-HIST,2025-01-01,2024-12-28,2025-02-11,81,0,23.36,depleted
BATCH-000950,P0030,S04,P0030-S04-CURRENT,2025-12-31,2025-12-24,2026-12-24,155,155,20.52,active
BATCH-000951,P0030,S04,P0030-S04-HIST,2025-01-01,2024-12-25,2025-12-25,89,0,20.52,depleted
BATCH-000952,P0031,S04,P0031-S04-CURRENT,2025-12-31,2025-12-27,2026-02-10,148,148,15.32,active
BATCH-000953,P0031,S04,P0031-S04-HIST,2025-01-01,2024-12-28,2025-02-11,119,0,15.32,depleted
BATCH-000954,P0032,S04,P0032-S04-CURRENT,2025-12-31,2025-12-27,2026-02-10,284,284,1.58,active
BATCH-000955,P0032,S04,P0032-S04-HIST,2025-01-01,2024-12-28,2025-02-11,162,0,1.58,depleted
BATCH-000956,P0033,S04,P0033-S04-CURRENT,2025-12-31,2025-12-27,2026-02-10,99,99,2.34,active
BATCH-000957,P0033,S04,P0033-S04-HIST,2025-01-01,2024-12-28,2025-02-11,276,0,2.34,depleted
BATCH-000958,P0034,S04,P0034-S04-CURRENT,2025-12-31,2025-12-28,2026-01-27,123,123,9.43,active
BATCH-000959,P0034,S04,P0034-S04-HIST,2025-01-01,2024-12-29,2025-01-28,254,0,9.43,depleted
BATCH-000960,P0035,S04,P0035-S04-CURRENT,2025-12-31,2025-12-24,2026-06-22,308,308,22.16,active
BATCH-000961,P0035,S04,P0035-S04-HIST,2025-01-01,2024-12-25,2025-06-23,362,0,22.16,depleted
BATCH-000962,P0036,S04,P0036-S04-CURRENT,2025-12-31,2025-12-24,2026-03-24,108,108,18.55,active
BATCH-000963,P0036,S04,P0036-S04-HIST,2025-01-01,2024-12-25,2025-03-25,61,0,18.55,depleted
BATCH-000964,P0037,S04,P0037-S04-CURRENT,2025-12-31,2025-12-25,2026-02-23,53,53,5.39,active
BATCH-000965,P0037,S04,P0037-S04-HIST,2025-01-01,2024-12-26,2025-02-24,109,0,5.39,depleted
BATCH-000966,P0038,S04,P0038-S04-CURRENT,2025-12-31,2025-12-25,2026-02-23,204,204,7.33,active
BATCH-000967,P0038,S04,P0038-S04-HIST,2025-01-01,2024-12-26,2025-02-24,232,0,7.33,depleted
BATCH-000968,P0039,S04,P0039-S04-CURRENT,2025-12-31,2025-12-27,2026-02-10,63,63,3.33,active
BATCH-000969,P0039,S04,P0039-S04-HIST,2025-01-01,2024-12-28,2025-02-11,50,0,3.33,depleted
BATCH-000970,P0040,S04,P0040-S04-CURRENT,2025-12-31,2025-12-24,2026-03-24,56,56,15.35,active
BATCH-000971,P0040,S04,P0040-S04-HIST,2025-01-01,2024-12-25,2025-03-25,30,0,15.35,depleted
BATCH-000972,P0041,S04,P0041-S04-CURRENT,2025-12-31,2025-12-24,2026-12-24,270,270,18.13,active
BATCH-000973,P0041,S04,P0041-S04-HIST,2025-01-01,2024-12-25,2025-12-25,187,0,18.13,depleted
BATCH-000974,P0042,S04,P0042-S04-CURRENT,2025-12-31,2025-12-25,2026-02-23,205,205,21.28,active
BATCH-000975,P0042,S04,P0042-S04-HIST,2025-01-01,2024-12-26,2025-02-24,195,0,21.28,depleted
BATCH-000976,P0043,S04,P0043-S04-CURRENT,2025-12-31,2025-12-24,2026-03-24,168,168,3.62,active
BATCH-000977,P0043,S04,P0043-S04-HIST,2025-01-01,2024-12-25,2025-03-25,242,0,3.62,depleted
BATCH-000978,P0044,S04,P0044-S04-CURRENT,2025-12-31,2025-12-24,2026-06-22,47,47,5.65,active
BATCH-000979,P0044,S04,P0044-S04-HIST,2025-01-01,2024-12-25,2025-06-23,196,0,5.65,depleted
BATCH-000980,P0045,S04,P0045-S04-CURRENT,2025-12-31,2025-12-24,2026-06-22,306,306,4.66,active
BATCH-000981,P0045,S04,P0045-S04-HIST,2025-01-01,2024-12-25,2025-06-23,290,0,4.66,depleted
BATCH-000982,P0046,S04,P0046-S04-CURRENT,2025-12-31,2025-12-24,2026-03-24,254,254,4.11,active
BATCH-000983,P0046,S04,P0046-S04-HIST,2025-01-01,2024-12-25,2025-03-25,169,0,4.11,depleted
BATCH-000984,P0047,S04,P0047-S04-CURRENT,2025-12-31,2025-12-28,2026-01-27,118,118,6.48,active
BATCH-000985,P0047,S04,P0047-S04-HIST,2025-01-01,2024-12-29,2025-01-28,106,0,6.48,depleted
BATCH-000986,P0048,S04,P0048-S04-CURRENT,2025-12-31,2025-12-24,2026-03-24,291,291,6.61,active
BATCH-000987,P0048,S04,P0048-S04-HIST,2025-01-01,2024-12-25,2025-03-25,263,0,6.61,depleted
BATCH-000988,P0049,S04,P0049-S04-CURRENT,2025-12-31,2025-12-24,2026-03-24,65,65,10.96,active
BATCH-000989,P0049,S04,P0049-S04-HIST,2025-01-01,2024-12-25,2025-03-25,180,0,10.96,depleted
BATCH-000990,P0050,S04,P0050-S04-CURRENT,2025-12-31,2025-12-24,2026-12-24,189,189,6.36,active
BATCH-000991,P0050,S04,P0050-S04-HIST,2025-01-01,2024-12-25,2025-12-25,150,0,6.36,depleted
BATCH-000992,P0051,S04,P0051-S04-CURRENT,2025-12-31,2025-12-27,2026-02-10,133,133,4.2,active
BATCH-000993,P0051,S04,P0051-S04-HIST,2025-01-01,2024-12-28,2025-02-11,122,0,4.2,depleted
BATCH-000994,P0052,S04,P0052-S04-CURRENT,2025-12-31,2025-12-24,2026-03-24,244,244,2.03,active
BATCH-000995,P0052,S04,P0052-S04-HIST,2025-01-01,2024-12-25,2025-03-25,131,0,2.03,depleted
BATCH-000996,P0053,S04,P0053-S04-CURRENT,2025-12-31,2025-12-24,2026-03-24,53,53,21.41,active
BATCH-000997,P0053,S04,P0053-S04-HIST,2025-01-01,2024-12-25,2025-03-25,85,0,21.41,depleted
BATCH-000998,P0054,S04,P0054-S04-CURRENT,2025-12-31,2025-12-24,2026-03-24,62,62,8.74,active
BATCH-000999,P0054,S04,P0054-S04-HIST,2025-01-01,2024-12-25,2025-03-25,42,0,8.74,depleted
BATCH-001000,P0055,S04,P0055-S04-CURRENT,2025-12-31,2025-12-27,2026-02-10,155,155,11.0,active
BATCH-001001,P0055,S04,P0055-S04-HIST,2025-01-01,2024-12-28,2025-02-11,163,0,11.0,depleted
BATCH-001002,P0056,S04,P0056-S04-CURRENT,2025-12-31,2025-12-24,2026-03-24,50,50,19.15,active
BATCH-001003,P0056,S04,P0056-S04-HIST,2025-01-01,2024-12-25,2025-03-25,176,0,19.15,depleted
BATCH-001004,P0057,S04,P0057-S04-CURRENT,2025-12-31,2025-12-24,2026-12-24,39,39,16.43,active
BATCH-001005,P0057,S04,P0057-S04-HIST,2025-01-01,2024-12-25,2025-12-25,76,0,16.43,depleted
BATCH-001006,P0058,S04,P0058-S04-CURRENT,2025-12-31,2025-12-27,2026-02-10,82,82,12.1,active
BATCH-001007,P0058,S04,P0058-S04-HIST,2025-01-01,2024-12-28,2025-02-11,122,0,12.1,depleted
BATCH-001008,P0059,S04,P0059-S04-CURRENT,2025-12-31,2025-12-27,2026-02-10,160,160,18.1,active
BATCH-001009,P0059,S04,P0059-S04-HIST,2025-01-01,2024-12-28,2025-02-11,155,0,18.1,depleted
BATCH-001010,P0060,S04,P0060-S04-CURRENT,2025-12-31,2025-12-24,2026-12-24,393,393,5.36,active
BATCH-001011,P0060,S04,P0060-S04-HIST,2025-01-01,2024-12-25,2025-12-25,239,0,5.36,depleted
BATCH-001012,P0061,S04,P0061-S04-CURRENT,2025-12-31,2025-12-28,2026-01-27,146,146,13.55,active
BATCH-001013,P0061,S04,P0061-S04-HIST,2025-01-01,2024-12-29,2025-01-28,340,0,13.55,depleted
BATCH-001014,P0062,S04,P0062-S04-CURRENT,2025-12-31,2025-12-24,2026-12-24,97,97,16.07,active
BATCH-001015,P0062,S04,P0062-S04-HIST,2025-01-01,2024-12-25,2025-12-25,106,0,16.07,depleted
BATCH-001016,P0063,S04,P0063-S04-CURRENT,2025-12-31,2025-12-25,2026-02-23,170,170,20.73,active
BATCH-001017,P0063,S04,P0063-S04-HIST,2025-01-01,2024-12-26,2025-02-24,125,0,20.73,depleted
BATCH-001018,P0064,S04,P0064-S04-CURRENT,2025-12-31,2025-12-27,2026-02-10,42,42,1.2,active
BATCH-001019,P0064,S04,P0064-S04-HIST,2025-01-01,2024-12-28,2025-02-11,133,0,1.2,depleted
BATCH-001020,P0065,S04,P0065-S04-CURRENT,2025-12-31,2025-12-28,2026-01-27,105,105,0.75,active
BATCH-001021,P0065,S04,P0065-S04-HIST,2025-01-01,2024-12-29,2025-01-28,219,0,0.75,depleted
BATCH-001022,P0066,S04,P0066-S04-CURRENT,2025-12-31,2025-12-27,2026-02-10,118,118,19.93,active
BATCH-001023,P0066,S04,P0066-S04-HIST,2025-01-01,2024-12-28,2025-02-11,126,0,19.93,depleted
BATCH-001024,P0067,S04,P0067-S04-CURRENT,2025-12-31,2025-12-24,2026-12-24,362,362,13.51,active
BATCH-001025,P0067,S04,P0067-S04-HIST,2025-01-01,2024-12-25,2025-12-25,304,0,13.51,depleted
BATCH-001026,P0068,S04,P0068-S04-CURRENT,2025-12-31,2025-12-28,2026-01-27,136,136,3.46,active
BATCH-001027,P0068,S04,P0068-S04-HIST,2025-01-01,2024-12-29,2025-01-28,69,0,3.46,depleted
BATCH-001028,P0069,S04,P0069-S04-CURRENT,2025-12-31,2025-12-25,2026-02-23,207,207,7.76,active
BATCH-001029,P0069,S04,P0069-S04-HIST,2025-01-01,2024-12-26,2025-02-24,127,0,7.76,depleted
BATCH-001030,P0070,S04,P0070-S04-CURRENT,2025-12-31,2025-12-24,2026-12-24,232,232,7.66,active
BATCH-001031,P0070,S04,P0070-S04-HIST,2025-01-01,2024-12-25,2025-12-25,202,0,7.66,depleted
BATCH-001032,P0071,S04,P0071-S04-CURRENT,2025-12-31,2025-12-28,2026-01-27,93,93,11.29,active
BATCH-001033,P0071,S04,P0071-S04-HIST,2025-01-01,2024-12-29,2025-01-28,50,0,11.29,depleted
BATCH-001034,P0072,S04,P0072-S04-CURRENT,2025-12-31,2025-12-27,2026-02-10,177,177,15.92,active
BATCH-001035,P0072,S04,P0072-S04-HIST,2025-01-01,2024-12-28,2025-02-11,126,0,15.92,depleted
BATCH-001036,P0073,S04,P0073-S04-CURRENT,2025-12-31,2025-12-25,2026-02-23,29,29,9.82,active
BATCH-001037,P0073,S04,P0073-S04-HIST,2025-01-01,2024-12-26,2025-02-24,236,0,9.82,depleted
BATCH-001038,P0074,S04,P0074-S04-CURRENT,2025-12-31,2025-12-27,2026-02-10,100,100,5.67,active
BATCH-001039,P0074,S04,P0074-S04-HIST,2025-01-01,2024-12-28,2025-02-11,143,0,5.67,depleted
BATCH-001040,P0075,S04,P0075-S04-CURRENT,2025-12-31,2025-12-28,2026-01-27,168,168,17.39,active
BATCH-001041,P0075,S04,P0075-S04-HIST,2025-01-01,2024-12-29,2025-01-28,269,0,17.39,depleted
BATCH-001042,P0076,S04,P0076-S04-CURRENT,2025-12-31,2025-12-24,2026-12-24,52,52,6.22,active
BATCH-001043,P0076,S04,P0076-S04-HIST,2025-01-01,2024-12-25,2025-12-25,54,0,6.22,depleted
BATCH-001044,P0077,S04,P0077-S04-CURRENT,2025-12-31,2025-12-25,2026-02-23,87,87,2.25,active
BATCH-001045,P0077,S04,P0077-S04-HIST,2025-01-01,2024-12-26,2025-02-24,44,0,2.25,depleted
BATCH-001046,P0078,S04,P0078-S04-CURRENT,2025-12-31,2025-12-28,2026-01-27,181,181,12.76,active
BATCH-001047,P0078,S04,P0078-S04-HIST,2025-01-01,2024-12-29,2025-01-28,217,0,12.76,depleted
BATCH-001048,P0079,S04,P0079-S04-CURRENT,2025-12-31,2025-12-24,2026-06-22,413,413,6.11,active
BATCH-001049,P0079,S04,P0079-S04-HIST,2025-01-01,2024-12-25,2025-06-23,321,0,6.11,depleted
BATCH-001050,P0080,S04,P0080-S04-CURRENT,2025-12-31,2025-12-25,2026-02-23,51,51,13.21,active
BATCH-001051,P0080,S04,P0080-S04-HIST,2025-01-01,2024-12-26,2025-02-24,133,0,13.21,depleted
BATCH-001052,P0081,S04,P0081-S04-CURRENT,2025-12-31,2025-12-27,2026-02-10,376,376,8.67,active
BATCH-001053,P0081,S04,P0081-S04-HIST,2025-01-01,2024-12-28,2025-02-11,285,0,8.67,depleted
BATCH-001054,P0082,S04,P0082-S04-CURRENT,2025-12-31,2025-12-28,2026-01-27,385,385,2.66,active
BATCH-001055,P0082,S04,P0082-S04-HIST,2025-01-01,2024-12-29,2025-01-28,235,0,2.66,depleted
BATCH-001056,P0083,S04,P0083-S04-CURRENT,2025-12-31,2025-12-24,2026-03-24,91,91,5.1,active
BATCH-001057,P0083,S04,P0083-S04-HIST,2025-01-01,2024-12-25,2025-03-25,71,0,5.1,depleted
BATCH-001058,P0084,S04,P0084-S04-CURRENT,2025-12-31,2025-12-28,2026-01-27,72,72,22.08,active
BATCH-001059,P0084,S04,P0084-S04-HIST,2025-01-01,2024-12-29,2025-01-28,63,0,22.08,depleted
BATCH-001060,P0085,S04,P0085-S04-CURRENT,2025-12-31,2025-12-28,2026-01-27,381,381,6.01,active
BATCH-001061,P0085,S04,P0085-S04-HIST,2025-01-01,2024-12-29,2025-01-28,279,0,6.01,depleted
BATCH-001062,P0086,S04,P0086-S04-CURRENT,2025-12-31,2025-12-27,2026-02-10,75,75,20.95,active
BATCH-001063,P0086,S04,P0086-S04-HIST,2025-01-01,2024-12-28,2025-02-11,69,0,20.95,depleted
BATCH-001064,P0087,S04,P0087-S04-CURRENT,2025-12-31,2025-12-25,2026-02-23,293,293,22.04,active
BATCH-001065,P0087,S04,P0087-S04-HIST,2025-01-01,2024-12-26,2025-02-24,335,0,22.04,depleted
BATCH-001066,P0088,S04,P0088-S04-CURRENT,2025-12-31,2025-12-27,2026-02-10,163,163,14.71,active
BATCH-001067,P0088,S04,P0088-S04-HIST,2025-01-01,2024-12-28,2025-02-11,181,0,14.71,depleted
BATCH-001068,P0089,S04,P0089-S04-CURRENT,2025-12-31,2025-12-27,2026-02-10,91,91,11.66,active
BATCH-001069,P0089,S04,P0089-S04-HIST,2025-01-01,2024-12-28,2025-02-11,190,0,11.66,depleted
BATCH-001070,P0090,S04,P0090-S04-CURRENT,2025-12-31,2025-12-24,2026-03-24,127,127,12.09,active
BATCH-001071,P0090,S04,P0090-S04-HIST,2025-01-01,2024-12-25,2025-03-25,173,0,12.09,depleted
BATCH-001072,P0091,S04,P0091-S04-CURRENT,2025-12-31,2025-12-28,2026-01-27,180,180,24.15,active
BATCH-001073,P0091,S04,P0091-S04-HIST,2025-01-01,2024-12-29,2025-01-28,239,0,24.15,depleted
BATCH-001074,P0092,S04,P0092-S04-CURRENT,2025-12-31,2025-12-25,2026-02-23,335,335,24.26,active
BATCH-001075,P0092,S04,P0092-S04-HIST,2025-01-01,2024-12-26,2025-02-24,232,0,24.26,depleted
BATCH-001076,P0093,S04,P0093-S04-CURRENT,2025-12-31,2025-12-25,2026-02-23,68,68,21.55,active
BATCH-001077,P0093,S04,P0093-S04-HIST,2025-01-01,2024-12-26,2025-02-24,50,0,21.55,depleted
BATCH-001078,P0094,S04,P0094-S04-CURRENT,2025-12-31,2025-12-24,2026-12-24,91,91,2.71,active
BATCH-001079,P0094,S04,P0094-S04-HIST,2025-01-01,2024-12-25,2025-12-25,70,0,2.71,depleted
BATCH-001080,P0095,S04,P0095-S04-CURRENT,2025-12-31,2025-12-27,2026-02-10,238,238,7.69,active
BATCH-001081,P0095,S04,P0095-S04-HIST,2025-01-01,2024-12-28,2025-02-11,125,0,7.69,depleted
BATCH-001082,P0096,S04,P0096-S04-CURRENT,2025-12-31,2025-12-27,2026-02-10,59,59,21.84,active
BATCH-001083,P0096,S04,P0096-S04-HIST,2025-01-01,2024-12-28,2025-02-11,46,0,21.84,depleted
BATCH-001084,P0097,S04,P0097-S04-CURRENT,2025-12-31,2025-12-24,2026-03-24,163,163,16.84,active
BATCH-001085,P0097,S04,P0097-S04-HIST,2025-01-01,2024-12-25,2025-03-25,241,0,16.84,depleted
BATCH-001086,P0098,S04,P0098-S04-CURRENT,2025-12-31,2025-12-24,2026-12-24,265,265,7.83,active
BATCH-001087,P0098,S04,P0098-S04-HIST,2025-01-01,2024-12-25,2025-12-25,198,0,7.83,depleted
BATCH-001088,P0099,S04,P0099-S04-CURRENT,2025-12-31,2025-12-24,2026-06-22,194,194,6.31,active
BATCH-001089,P0099,S04,P0099-S04-HIST,2025-01-01,2024-12-25,2025-06-23,88,0,6.31,depleted
BATCH-001090,P0100,S04,P0100-S04-CURRENT,2025-12-31,2025-12-24,2026-12-24,361,361,14.37,active
BATCH-001091,P0100,S04,P0100-S04-HIST,2025-01-01,2024-12-25,2025-12-25,230,0,14.37,depleted
BATCH-001092,P0101,S04,P0101-S04-CURRENT,2025-12-31,2025-12-24,2026-06-23,40,40,79.05,active
BATCH-001093,P0101,S04,P0101-S04-HIST,2025-01-01,2024-12-25,2025-06-24,90,0,79.05,depleted
BATCH-001094,P0102,S04,P0102-S04-CURRENT,2025-12-31,2025-12-24,2026-06-23,85,85,137.12,active
BATCH-001095,P0102,S04,P0102-S04-HIST,2025-01-01,2024-12-25,2025-06-24,166,0,137.12,depleted
BATCH-001096,P0103,S04,P0103-S04-CURRENT,2025-12-31,2025-12-30,2026-01-12,14,14,78.53,near_expiry
BATCH-001097,P0103,S04,P0103-S04-HIST,2025-01-01,2024-12-31,2025-01-13,102,0,78.53,depleted
BATCH-001098,P0104,S04,P0104-S04-CURRENT,2025-12-31,2025-12-30,2026-01-13,205,205,323.55,near_expiry
BATCH-001099,P0104,S04,P0104-S04-HIST,2025-01-01,2024-12-31,2025-01-14,145,0,323.55,depleted
BATCH-001100,P0105,S04,P0105-S04-CURRENT,2025-12-31,2025-12-30,2026-01-10,97,97,190.0,near_expiry
BATCH-001101,P0105,S04,P0105-S04-HIST,2025-01-01,2024-12-31,2025-01-11,211,0,190.0,depleted
BATCH-001102,P0106,S04,P0106-S04-CURRENT,2025-12-31,2025-12-30,2026-01-07,69,69,111.71,near_expiry
BATCH-001103,P0106,S04,P0106-S04-HIST,2025-01-01,2024-12-31,2025-01-08,190,0,111.71,depleted
BATCH-001104,P0107,S04,P0107-S04-CURRENT,2025-12-31,2025-12-24,2026-12-30,196,196,162.2,active
BATCH-001105,P0107,S04,P0107-S04-HIST,2025-01-01,2024-12-25,2025-12-31,206,0,162.2,depleted
BATCH-001106,P0108,S04,P0108-S04-CURRENT,2025-12-31,2025-12-24,2026-12-26,41,41,140.51,active
BATCH-001107,P0108,S04,P0108-S04-HIST,2025-01-01,2024-12-25,2025-12-27,151,0,140.51,depleted
BATCH-001108,P0109,S04,P0109-S04-CURRENT,2025-12-31,2025-12-24,2027-06-24,301,301,163.65,active
BATCH-001109,P0109,S04,P0109-S04-HIST,2025-01-01,2024-12-25,2026-06-25,239,0,163.65,depleted
BATCH-001110,P0110,S04,P0110-S04-CURRENT,2025-12-31,2025-12-24,2027-12-30,13,13,283.16,active
BATCH-001111,P0110,S04,P0110-S04-HIST,2025-01-01,2024-12-25,2026-12-31,165,0,283.16,depleted
BATCH-001112,P0111,S04,P0111-S04-CURRENT,2025-12-31,2025-12-24,2026-06-25,94,94,332.45,active
BATCH-001113,P0111,S04,P0111-S04-HIST,2025-01-01,2024-12-25,2025-06-26,120,0,332.45,depleted
BATCH-001114,P0112,S04,P0112-S04-CURRENT,2025-12-31,2025-12-24,2026-12-31,29,29,125.38,active
BATCH-001115,P0112,S04,P0112-S04-HIST,2025-01-01,2024-12-25,2026-01-01,55,0,125.38,depleted
BATCH-001116,P0113,S04,P0113-S04-CURRENT,2025-12-31,2025-12-24,2026-06-24,33,33,106.31,active
BATCH-001117,P0113,S04,P0113-S04-HIST,2025-01-01,2024-12-25,2025-06-25,170,0,106.31,depleted
BATCH-001118,P0114,S04,P0114-S04-CURRENT,2025-12-31,2025-12-24,2026-06-24,15,15,211.41,active
BATCH-001119,P0114,S04,P0114-S04-HIST,2025-01-01,2024-12-25,2025-06-25,263,0,211.41,depleted
BATCH-001120,P0115,S04,P0115-S04-CURRENT,2025-12-31,2025-12-30,2026-01-12,72,72,201.0,near_expiry
BATCH-001121,P0115,S04,P0115-S04-HIST,2025-01-01,2024-12-31,2025-01-13,52,0,201.0,depleted
BATCH-001122,P0116,S04,P0116-S04-CURRENT,2025-12-31,2025-12-30,2026-01-08,32,32,183.29,near_expiry
BATCH-001123,P0116,S04,P0116-S04-HIST,2025-01-01,2024-12-31,2025-01-09,95,0,183.29,depleted
BATCH-001124,P0117,S04,P0117-S04-HIST,2025-01-01,2024-12-31,2025-01-12,51,0,210.47,depleted
BATCH-001125,P0118,S04,P0118-S04-CURRENT,2025-12-31,2025-12-30,2026-01-11,84,84,191.4,near_expiry
BATCH-001126,P0118,S04,P0118-S04-HIST,2025-01-01,2024-12-31,2025-01-12,119,0,191.4,depleted
BATCH-001127,P0119,S04,P0119-S04-CURRENT,2025-12-31,2025-12-24,2026-12-26,144,144,50.84,active
BATCH-001128,P0119,S04,P0119-S04-HIST,2025-01-01,2024-12-25,2025-12-27,117,0,50.84,depleted
BATCH-001129,P0120,S04,P0120-S04-CURRENT,2025-12-31,2025-12-24,2026-12-22,172,172,138.22,active
BATCH-001130,P0120,S04,P0120-S04-HIST,2025-01-01,2024-12-25,2025-12-23,66,0,138.22,depleted
BATCH-001131,P0121,S04,P0121-S04-CURRENT,2025-12-31,2025-12-24,2027-06-16,64,64,207.13,active
BATCH-001132,P0121,S04,P0121-S04-HIST,2025-01-01,2024-12-25,2026-06-17,173,0,207.13,depleted
BATCH-001133,P0122,S04,P0122-S04-CURRENT,2025-12-31,2025-12-24,2027-12-31,25,25,313.17,active
BATCH-001134,P0122,S04,P0122-S04-HIST,2025-01-01,2024-12-25,2027-01-01,129,0,313.17,depleted
BATCH-001135,P0123,S04,P0123-S04-CURRENT,2025-12-31,2025-12-24,2026-06-20,8,8,332.53,active
BATCH-001136,P0123,S04,P0123-S04-HIST,2025-01-01,2024-12-25,2025-06-21,224,0,332.53,depleted
BATCH-001137,P0124,S04,P0124-S04-CURRENT,2025-12-31,2025-12-24,2026-12-24,17,17,241.7,active
BATCH-001138,P0124,S04,P0124-S04-HIST,2025-01-01,2024-12-25,2025-12-25,94,0,241.7,depleted
BATCH-001139,P0125,S04,P0125-S04-CURRENT,2025-12-31,2025-12-24,2026-06-29,26,26,24.24,active
BATCH-001140,P0125,S04,P0125-S04-HIST,2025-01-01,2024-12-25,2025-06-30,232,0,24.24,depleted
BATCH-001141,P0126,S04,P0126-S04-CURRENT,2025-12-31,2025-12-24,2026-06-26,93,93,206.13,active
BATCH-001142,P0126,S04,P0126-S04-HIST,2025-01-01,2024-12-25,2025-06-27,164,0,206.13,depleted
BATCH-001143,P0127,S04,P0127-S04-CURRENT,2025-12-31,2025-12-30,2026-01-14,115,115,82.12,near_expiry
BATCH-001144,P0127,S04,P0127-S04-HIST,2025-01-01,2024-12-31,2025-01-15,234,0,82.12,depleted
BATCH-001145,P0128,S04,P0128-S04-HIST,2025-01-01,2024-12-31,2025-01-11,88,0,237.67,depleted
BATCH-001146,P0129,S04,P0129-S04-CURRENT,2025-12-31,2025-12-30,2026-01-11,157,157,96.98,near_expiry
BATCH-001147,P0129,S04,P0129-S04-HIST,2025-01-01,2024-12-31,2025-01-12,150,0,96.98,depleted
BATCH-001148,P0130,S04,P0130-S04-HIST,2025-01-01,2024-12-31,2025-01-06,218,0,223.12,depleted
BATCH-001149,P0131,S04,P0131-S04-CURRENT,2025-12-31,2025-12-24,2026-12-27,46,46,42.35,active
BATCH-001150,P0131,S04,P0131-S04-HIST,2025-01-01,2024-12-25,2025-12-28,129,0,42.35,depleted
BATCH-001151,P0132,S04,P0132-S04-CURRENT,2025-12-31,2025-12-24,2026-12-28,101,101,126.04,active
BATCH-001152,P0132,S04,P0132-S04-HIST,2025-01-01,2024-12-25,2025-12-29,101,0,126.04,depleted
BATCH-001153,P0133,S04,P0133-S04-CURRENT,2025-12-31,2025-12-24,2027-06-19,89,89,240.64,active
BATCH-001154,P0133,S04,P0133-S04-HIST,2025-01-01,2024-12-25,2026-06-20,82,0,240.64,depleted
BATCH-001155,P0134,S04,P0134-S04-CURRENT,2025-12-31,2025-12-24,2027-12-22,66,66,47.69,active
BATCH-001156,P0134,S04,P0134-S04-HIST,2025-01-01,2024-12-25,2026-12-23,53,0,47.69,depleted
BATCH-001157,P0135,S04,P0135-S04-CURRENT,2025-12-31,2025-12-24,2026-06-29,32,32,190.31,active
BATCH-001158,P0135,S04,P0135-S04-HIST,2025-01-01,2024-12-25,2025-06-30,282,0,190.31,depleted
BATCH-001159,P0136,S04,P0136-S04-CURRENT,2025-12-31,2025-12-24,2026-12-25,48,48,125.16,active
BATCH-001160,P0136,S04,P0136-S04-HIST,2025-01-01,2024-12-25,2025-12-26,107,0,125.16,depleted
BATCH-001161,P0137,S04,P0137-S04-CURRENT,2025-12-31,2025-12-24,2026-06-22,43,43,238.85,active
BATCH-001162,P0137,S04,P0137-S04-HIST,2025-01-01,2024-12-25,2025-06-23,70,0,238.85,depleted
BATCH-001163,P0138,S04,P0138-S04-CURRENT,2025-12-31,2025-12-24,2026-06-25,126,126,336.3,active
BATCH-001164,P0138,S04,P0138-S04-HIST,2025-01-01,2024-12-25,2025-06-26,197,0,336.3,depleted
BATCH-001165,P0139,S04,P0139-S04-CURRENT,2025-12-31,2025-12-30,2026-01-16,119,119,313.53,active
BATCH-001166,P0139,S04,P0139-S04-HIST,2025-01-01,2024-12-31,2025-01-17,46,0,313.53,depleted
BATCH-001167,P0140,S04,P0140-S04-CURRENT,2025-12-31,2025-12-30,2026-01-11,236,236,297.94,near_expiry
BATCH-001168,P0140,S04,P0140-S04-HIST,2025-01-01,2024-12-31,2025-01-12,224,0,297.94,depleted
BATCH-001169,P0141,S04,P0141-S04-HIST,2025-01-01,2024-12-31,2025-01-06,73,0,219.45,depleted
BATCH-001170,P0142,S04,P0142-S04-CURRENT,2025-12-31,2025-12-30,2026-01-07,33,33,337.95,near_expiry
BATCH-001171,P0142,S04,P0142-S04-HIST,2025-01-01,2024-12-31,2025-01-08,69,0,337.95,depleted
BATCH-001172,P0143,S04,P0143-S04-CURRENT,2025-12-31,2025-12-24,2026-12-29,25,25,141.33,active
BATCH-001173,P0143,S04,P0143-S04-HIST,2025-01-01,2024-12-25,2025-12-30,72,0,141.33,depleted
BATCH-001174,P0144,S04,P0144-S04-CURRENT,2025-12-31,2025-12-24,2026-12-31,56,56,125.2,active
BATCH-001175,P0144,S04,P0144-S04-HIST,2025-01-01,2024-12-25,2026-01-01,125,0,125.2,depleted
BATCH-001176,P0145,S04,P0145-S04-CURRENT,2025-12-31,2025-12-24,2027-06-17,92,92,240.43,active
BATCH-001177,P0145,S04,P0145-S04-HIST,2025-01-01,2024-12-25,2026-06-18,154,0,240.43,depleted
BATCH-001178,P0146,S04,P0146-S04-CURRENT,2025-12-31,2025-12-24,2027-12-26,174,174,80.61,active
BATCH-001179,P0146,S04,P0146-S04-HIST,2025-01-01,2024-12-25,2026-12-27,63,0,80.61,depleted
BATCH-001180,P0147,S04,P0147-S04-CURRENT,2025-12-31,2025-12-24,2026-06-24,131,131,164.59,active
BATCH-001181,P0147,S04,P0147-S04-HIST,2025-01-01,2024-12-25,2025-06-25,142,0,164.59,depleted
BATCH-001182,P0148,S04,P0148-S04-CURRENT,2025-12-31,2025-12-24,2026-12-25,67,67,34.22,active
BATCH-001183,P0148,S04,P0148-S04-HIST,2025-01-01,2024-12-25,2025-12-26,58,0,34.22,depleted
BATCH-001184,P0149,S04,P0149-S04-CURRENT,2025-12-31,2025-12-24,2026-06-23,109,109,59.75,active
BATCH-001185,P0149,S04,P0149-S04-HIST,2025-01-01,2024-12-25,2025-06-24,87,0,59.75,depleted
BATCH-001186,P0150,S04,P0150-S04-HIST,2025-01-01,2024-12-25,2025-06-24,245,0,207.3,depleted
BATCH-001187,P0001,S05,P0001-S05-CURRENT,2025-12-31,2025-12-24,2026-12-24,266,266,3.92,active
BATCH-001188,P0001,S05,P0001-S05-HIST,2025-01-01,2024-12-25,2025-12-25,161,0,3.92,depleted
BATCH-001189,P0002,S05,P0002-S05-CURRENT,2025-12-31,2025-12-27,2026-02-10,86,86,12.88,active
BATCH-001190,P0002,S05,P0002-S05-HIST,2025-01-01,2024-12-28,2025-02-11,211,0,12.88,depleted
BATCH-001191,P0003,S05,P0003-S05-CURRENT,2025-12-31,2025-12-25,2026-02-23,175,175,7.31,active
BATCH-001192,P0003,S05,P0003-S05-HIST,2025-01-01,2024-12-26,2025-02-24,135,0,7.31,depleted
BATCH-001193,P0004,S05,P0004-S05-CURRENT,2025-12-31,2025-12-24,2026-03-24,103,103,18.38,active
BATCH-001194,P0004,S05,P0004-S05-HIST,2025-01-01,2024-12-25,2025-03-25,98,0,18.38,depleted
BATCH-001195,P0005,S05,P0005-S05-CURRENT,2025-12-31,2025-12-25,2026-02-23,51,51,1.62,active
BATCH-001196,P0005,S05,P0005-S05-HIST,2025-01-01,2024-12-26,2025-02-24,331,0,1.62,depleted
BATCH-001197,P0006,S05,P0006-S05-CURRENT,2025-12-31,2025-12-25,2026-02-23,167,167,20.94,active
BATCH-001198,P0006,S05,P0006-S05-HIST,2025-01-01,2024-12-26,2025-02-24,130,0,20.94,depleted
BATCH-001199,P0007,S05,P0007-S05-CURRENT,2025-12-31,2025-12-24,2026-12-24,120,120,11.83,active
BATCH-001200,P0007,S05,P0007-S05-HIST,2025-01-01,2024-12-25,2025-12-25,122,0,11.83,depleted
BATCH-001201,P0008,S05,P0008-S05-CURRENT,2025-12-31,2025-12-24,2026-06-22,218,218,7.06,active
BATCH-001202,P0008,S05,P0008-S05-HIST,2025-01-01,2024-12-25,2025-06-23,244,0,7.06,depleted
BATCH-001203,P0009,S05,P0009-S05-CURRENT,2025-12-31,2025-12-24,2026-06-22,136,136,3.92,active
BATCH-001204,P0009,S05,P0009-S05-HIST,2025-01-01,2024-12-25,2025-06-23,115,0,3.92,depleted
BATCH-001205,P0010,S05,P0010-S05-CURRENT,2025-12-31,2025-12-28,2026-01-27,104,104,12.59,active
BATCH-001206,P0010,S05,P0010-S05-HIST,2025-01-01,2024-12-29,2025-01-28,83,0,12.59,depleted
BATCH-001207,P0011,S05,P0011-S05-CURRENT,2025-12-31,2025-12-25,2026-02-23,167,167,15.1,active
BATCH-001208,P0011,S05,P0011-S05-HIST,2025-01-01,2024-12-26,2025-02-24,147,0,15.1,depleted
BATCH-001209,P0012,S05,P0012-S05-CURRENT,2025-12-31,2025-12-28,2026-01-27,413,413,7.69,active
BATCH-001210,P0012,S05,P0012-S05-HIST,2025-01-01,2024-12-29,2025-01-28,208,0,7.69,depleted
BATCH-001211,P0013,S05,P0013-S05-CURRENT,2025-12-31,2025-12-25,2026-02-23,303,303,12.94,active
BATCH-001212,P0013,S05,P0013-S05-HIST,2025-01-01,2024-12-26,2025-02-24,310,0,12.94,depleted
BATCH-001213,P0014,S05,P0014-S05-CURRENT,2025-12-31,2025-12-25,2026-02-23,162,162,3.24,active
BATCH-001214,P0014,S05,P0014-S05-HIST,2025-01-01,2024-12-26,2025-02-24,73,0,3.24,depleted
BATCH-001215,P0015,S05,P0015-S05-CURRENT,2025-12-31,2025-12-24,2026-03-24,239,239,19.26,active
BATCH-001216,P0015,S05,P0015-S05-HIST,2025-01-01,2024-12-25,2025-03-25,222,0,19.26,depleted
BATCH-001217,P0016,S05,P0016-S05-CURRENT,2025-12-31,2025-12-24,2026-12-24,201,201,5.43,active
BATCH-001218,P0016,S05,P0016-S05-HIST,2025-01-01,2024-12-25,2025-12-25,179,0,5.43,depleted
BATCH-001219,P0017,S05,P0017-S05-CURRENT,2025-12-31,2025-12-27,2026-02-10,35,35,8.78,active
BATCH-001220,P0017,S05,P0017-S05-HIST,2025-01-01,2024-12-28,2025-02-11,59,0,8.78,depleted
BATCH-001221,P0018,S05,P0018-S05-CURRENT,2025-12-31,2025-12-24,2026-12-24,102,102,2.24,active
BATCH-001222,P0018,S05,P0018-S05-HIST,2025-01-01,2024-12-25,2025-12-25,127,0,2.24,depleted
BATCH-001223,P0019,S05,P0019-S05-CURRENT,2025-12-31,2025-12-28,2026-01-27,231,231,20.28,active
BATCH-001224,P0019,S05,P0019-S05-HIST,2025-01-01,2024-12-29,2025-01-28,166,0,20.28,depleted
BATCH-001225,P0020,S05,P0020-S05-CURRENT,2025-12-31,2025-12-28,2026-01-27,224,224,16.51,active
BATCH-001226,P0020,S05,P0020-S05-HIST,2025-01-01,2024-12-29,2025-01-28,291,0,16.51,depleted
BATCH-001227,P0021,S05,P0021-S05-CURRENT,2025-12-31,2025-12-25,2026-02-23,309,309,11.49,active
BATCH-001228,P0021,S05,P0021-S05-HIST,2025-01-01,2024-12-26,2025-02-24,264,0,11.49,depleted
BATCH-001229,P0022,S05,P0022-S05-CURRENT,2025-12-31,2025-12-28,2026-01-27,94,94,24.98,active
BATCH-001230,P0022,S05,P0022-S05-HIST,2025-01-01,2024-12-29,2025-01-28,202,0,24.98,depleted
BATCH-001231,P0023,S05,P0023-S05-CURRENT,2025-12-31,2025-12-24,2026-03-24,123,123,4.53,active
BATCH-001232,P0023,S05,P0023-S05-HIST,2025-01-01,2024-12-25,2025-03-25,102,0,4.53,depleted
BATCH-001233,P0024,S05,P0024-S05-CURRENT,2025-12-31,2025-12-25,2026-02-23,125,125,18.1,active
BATCH-001234,P0024,S05,P0024-S05-HIST,2025-01-01,2024-12-26,2025-02-24,126,0,18.1,depleted
BATCH-001235,P0025,S05,P0025-S05-CURRENT,2025-12-31,2025-12-24,2026-06-22,100,100,14.81,active
BATCH-001236,P0025,S05,P0025-S05-HIST,2025-01-01,2024-12-25,2025-06-23,136,0,14.81,depleted
BATCH-001237,P0026,S05,P0026-S05-CURRENT,2025-12-31,2025-12-24,2026-06-22,67,67,21.61,active
BATCH-001238,P0026,S05,P0026-S05-HIST,2025-01-01,2024-12-25,2025-06-23,183,0,21.61,depleted
BATCH-001239,P0027,S05,P0027-S05-CURRENT,2025-12-31,2025-12-25,2026-02-23,126,126,14.8,active
BATCH-001240,P0027,S05,P0027-S05-HIST,2025-01-01,2024-12-26,2025-02-24,148,0,14.8,depleted
BATCH-001241,P0028,S05,P0028-S05-CURRENT,2025-12-31,2025-12-25,2026-02-23,208,208,16.96,active
BATCH-001242,P0028,S05,P0028-S05-HIST,2025-01-01,2024-12-26,2025-02-24,140,0,16.96,depleted
BATCH-001243,P0029,S05,P0029-S05-CURRENT,2025-12-31,2025-12-27,2026-02-10,130,130,23.36,active
BATCH-001244,P0029,S05,P0029-S05-HIST,2025-01-01,2024-12-28,2025-02-11,94,0,23.36,depleted
BATCH-001245,P0030,S05,P0030-S05-CURRENT,2025-12-31,2025-12-24,2026-12-24,49,49,20.52,active
BATCH-001246,P0030,S05,P0030-S05-HIST,2025-01-01,2024-12-25,2025-12-25,80,0,20.52,depleted
BATCH-001247,P0031,S05,P0031-S05-CURRENT,2025-12-31,2025-12-27,2026-02-10,87,87,15.32,active
BATCH-001248,P0031,S05,P0031-S05-HIST,2025-01-01,2024-12-28,2025-02-11,196,0,15.32,depleted
BATCH-001249,P0032,S05,P0032-S05-CURRENT,2025-12-31,2025-12-27,2026-02-10,398,398,1.58,active
BATCH-001250,P0032,S05,P0032-S05-HIST,2025-01-01,2024-12-28,2025-02-11,271,0,1.58,depleted
BATCH-001251,P0033,S05,P0033-S05-CURRENT,2025-12-31,2025-12-27,2026-02-10,290,290,2.34,active
BATCH-001252,P0033,S05,P0033-S05-HIST,2025-01-01,2024-12-28,2025-02-11,160,0,2.34,depleted
BATCH-001253,P0034,S05,P0034-S05-CURRENT,2025-12-31,2025-12-28,2026-01-27,369,369,9.43,active
BATCH-001254,P0034,S05,P0034-S05-HIST,2025-01-01,2024-12-29,2025-01-28,264,0,9.43,depleted
BATCH-001255,P0035,S05,P0035-S05-CURRENT,2025-12-31,2025-12-24,2026-06-22,436,436,22.16,active
BATCH-001256,P0035,S05,P0035-S05-HIST,2025-01-01,2024-12-25,2025-06-23,248,0,22.16,depleted
BATCH-001257,P0036,S05,P0036-S05-CURRENT,2025-12-31,2025-12-24,2026-03-24,78,78,18.55,active
BATCH-001258,P0036,S05,P0036-S05-HIST,2025-01-01,2024-12-25,2025-03-25,53,0,18.55,depleted
BATCH-001259,P0037,S05,P0037-S05-CURRENT,2025-12-31,2025-12-25,2026-02-23,85,85,5.39,active
BATCH-001260,P0037,S05,P0037-S05-HIST,2025-01-01,2024-12-26,2025-02-24,85,0,5.39,depleted
BATCH-001261,P0038,S05,P0038-S05-CURRENT,2025-12-31,2025-12-25,2026-02-23,83,83,7.33,active
BATCH-001262,P0038,S05,P0038-S05-HIST,2025-01-01,2024-12-26,2025-02-24,190,0,7.33,depleted
BATCH-001263,P0039,S05,P0039-S05-CURRENT,2025-12-31,2025-12-27,2026-02-10,37,37,3.33,active
BATCH-001264,P0039,S05,P0039-S05-HIST,2025-01-01,2024-12-28,2025-02-11,44,0,3.33,depleted
BATCH-001265,P0040,S05,P0040-S05-CURRENT,2025-12-31,2025-12-24,2026-03-24,68,68,15.35,active
BATCH-001266,P0040,S05,P0040-S05-HIST,2025-01-01,2024-12-25,2025-03-25,51,0,15.35,depleted
BATCH-001267,P0041,S05,P0041-S05-CURRENT,2025-12-31,2025-12-24,2026-12-24,242,242,18.13,active
BATCH-001268,P0041,S05,P0041-S05-HIST,2025-01-01,2024-12-25,2025-12-25,130,0,18.13,depleted
BATCH-001269,P0042,S05,P0042-S05-CURRENT,2025-12-31,2025-12-25,2026-02-23,126,126,21.28,active
BATCH-001270,P0042,S05,P0042-S05-HIST,2025-01-01,2024-12-26,2025-02-24,124,0,21.28,depleted
BATCH-001271,P0043,S05,P0043-S05-CURRENT,2025-12-31,2025-12-24,2026-03-24,110,110,3.62,active
BATCH-001272,P0043,S05,P0043-S05-HIST,2025-01-01,2024-12-25,2025-03-25,231,0,3.62,depleted
BATCH-001273,P0044,S05,P0044-S05-CURRENT,2025-12-31,2025-12-24,2026-06-22,222,222,5.65,active
BATCH-001274,P0044,S05,P0044-S05-HIST,2025-01-01,2024-12-25,2025-06-23,170,0,5.65,depleted
BATCH-001275,P0045,S05,P0045-S05-CURRENT,2025-12-31,2025-12-24,2026-06-22,304,304,4.66,active
BATCH-001276,P0045,S05,P0045-S05-HIST,2025-01-01,2024-12-25,2025-06-23,235,0,4.66,depleted
BATCH-001277,P0046,S05,P0046-S05-CURRENT,2025-12-31,2025-12-24,2026-03-24,46,46,4.11,active
BATCH-001278,P0046,S05,P0046-S05-HIST,2025-01-01,2024-12-25,2025-03-25,196,0,4.11,depleted
BATCH-001279,P0047,S05,P0047-S05-CURRENT,2025-12-31,2025-12-28,2026-01-27,137,137,6.48,active
BATCH-001280,P0047,S05,P0047-S05-HIST,2025-01-01,2024-12-29,2025-01-28,129,0,6.48,depleted
BATCH-001281,P0048,S05,P0048-S05-CURRENT,2025-12-31,2025-12-24,2026-03-24,157,157,6.61,active
BATCH-001282,P0048,S05,P0048-S05-HIST,2025-01-01,2024-12-25,2025-03-25,197,0,6.61,depleted
BATCH-001283,P0049,S05,P0049-S05-CURRENT,2025-12-31,2025-12-24,2026-03-24,246,246,10.96,active
BATCH-001284,P0049,S05,P0049-S05-HIST,2025-01-01,2024-12-25,2025-03-25,211,0,10.96,depleted
BATCH-001285,P0050,S05,P0050-S05-CURRENT,2025-12-31,2025-12-24,2026-12-24,84,84,6.36,active
BATCH-001286,P0050,S05,P0050-S05-HIST,2025-01-01,2024-12-25,2025-12-25,96,0,6.36,depleted
BATCH-001287,P0051,S05,P0051-S05-CURRENT,2025-12-31,2025-12-27,2026-02-10,25,25,4.2,active
BATCH-001288,P0051,S05,P0051-S05-HIST,2025-01-01,2024-12-28,2025-02-11,113,0,4.2,depleted
BATCH-001289,P0052,S05,P0052-S05-CURRENT,2025-12-31,2025-12-24,2026-03-24,180,180,2.03,active
BATCH-001290,P0052,S05,P0052-S05-HIST,2025-01-01,2024-12-25,2025-03-25,189,0,2.03,depleted
BATCH-001291,P0053,S05,P0053-S05-CURRENT,2025-12-31,2025-12-24,2026-03-24,119,119,21.41,active
BATCH-001292,P0053,S05,P0053-S05-HIST,2025-01-01,2024-12-25,2025-03-25,123,0,21.41,depleted
BATCH-001293,P0054,S05,P0054-S05-CURRENT,2025-12-31,2025-12-24,2026-03-24,97,97,8.74,active
BATCH-001294,P0054,S05,P0054-S05-HIST,2025-01-01,2024-12-25,2025-03-25,61,0,8.74,depleted
BATCH-001295,P0055,S05,P0055-S05-CURRENT,2025-12-31,2025-12-27,2026-02-10,208,208,11.0,active
BATCH-001296,P0055,S05,P0055-S05-HIST,2025-01-01,2024-12-28,2025-02-11,110,0,11.0,depleted
BATCH-001297,P0056,S05,P0056-S05-CURRENT,2025-12-31,2025-12-24,2026-03-24,83,83,19.15,active
BATCH-001298,P0056,S05,P0056-S05-HIST,2025-01-01,2024-12-25,2025-03-25,196,0,19.15,depleted
BATCH-001299,P0057,S05,P0057-S05-CURRENT,2025-12-31,2025-12-24,2026-12-24,95,95,16.43,active
BATCH-001300,P0057,S05,P0057-S05-HIST,2025-01-01,2024-12-25,2025-12-25,71,0,16.43,depleted
BATCH-001301,P0058,S05,P0058-S05-CURRENT,2025-12-31,2025-12-27,2026-02-10,69,69,12.1,active
BATCH-001302,P0058,S05,P0058-S05-HIST,2025-01-01,2024-12-28,2025-02-11,123,0,12.1,depleted
BATCH-001303,P0059,S05,P0059-S05-CURRENT,2025-12-31,2025-12-27,2026-02-10,95,95,18.1,active
BATCH-001304,P0059,S05,P0059-S05-HIST,2025-01-01,2024-12-28,2025-02-11,212,0,18.1,depleted
BATCH-001305,P0060,S05,P0060-S05-CURRENT,2025-12-31,2025-12-24,2026-12-24,265,265,5.36,active
BATCH-001306,P0060,S05,P0060-S05-HIST,2025-01-01,2024-12-25,2025-12-25,172,0,5.36,depleted
BATCH-001307,P0061,S05,P0061-S05-CURRENT,2025-12-31,2025-12-28,2026-01-27,354,354,13.55,active
BATCH-001308,P0061,S05,P0061-S05-HIST,2025-01-01,2024-12-29,2025-01-28,249,0,13.55,depleted
BATCH-001309,P0062,S05,P0062-S05-CURRENT,2025-12-31,2025-12-24,2026-12-24,56,56,16.07,active
BATCH-001310,P0062,S05,P0062-S05-HIST,2025-01-01,2024-12-25,2025-12-25,89,0,16.07,depleted
BATCH-001311,P0063,S05,P0063-S05-CURRENT,2025-12-31,2025-12-25,2026-02-23,70,70,20.73,active
BATCH-001312,P0063,S05,P0063-S05-HIST,2025-01-01,2024-12-26,2025-02-24,70,0,20.73,depleted
BATCH-001313,P0064,S05,P0064-S05-CURRENT,2025-12-31,2025-12-27,2026-02-10,218,218,1.2,active
BATCH-001314,P0064,S05,P0064-S05-HIST,2025-01-01,2024-12-28,2025-02-11,171,0,1.2,depleted
BATCH-001315,P0065,S05,P0065-S05-CURRENT,2025-12-31,2025-12-28,2026-01-27,59,59,0.75,active
BATCH-001316,P0065,S05,P0065-S05-HIST,2025-01-01,2024-12-29,2025-01-28,139,0,0.75,depleted
BATCH-001317,P0066,S05,P0066-S05-CURRENT,2025-12-31,2025-12-27,2026-02-10,109,109,19.93,active
BATCH-001318,P0066,S05,P0066-S05-HIST,2025-01-01,2024-12-28,2025-02-11,102,0,19.93,depleted
BATCH-001319,P0067,S05,P0067-S05-CURRENT,2025-12-31,2025-12-24,2026-12-24,376,376,13.51,active
BATCH-001320,P0067,S05,P0067-S05-HIST,2025-01-01,2024-12-25,2025-12-25,152,0,13.51,depleted
BATCH-001321,P0068,S05,P0068-S05-CURRENT,2025-12-31,2025-12-28,2026-01-27,75,75,3.46,active
BATCH-001322,P0068,S05,P0068-S05-HIST,2025-01-01,2024-12-29,2025-01-28,127,0,3.46,depleted
BATCH-001323,P0069,S05,P0069-S05-CURRENT,2025-12-31,2025-12-25,2026-02-23,185,185,7.76,active
BATCH-001324,P0069,S05,P0069-S05-HIST,2025-01-01,2024-12-26,2025-02-24,209,0,7.76,depleted
BATCH-001325,P0070,S05,P0070-S05-CURRENT,2025-12-31,2025-12-24,2026-12-24,13,13,7.66,active
BATCH-001326,P0070,S05,P0070-S05-HIST,2025-01-01,2024-12-25,2025-12-25,319,0,7.66,depleted
BATCH-001327,P0071,S05,P0071-S05-CURRENT,2025-12-31,2025-12-28,2026-01-27,108,108,11.29,active
BATCH-001328,P0071,S05,P0071-S05-HIST,2025-01-01,2024-12-29,2025-01-28,38,0,11.29,depleted
BATCH-001329,P0072,S05,P0072-S05-CURRENT,2025-12-31,2025-12-27,2026-02-10,52,52,15.92,active
BATCH-001330,P0072,S05,P0072-S05-HIST,2025-01-01,2024-12-28,2025-02-11,116,0,15.92,depleted
BATCH-001331,P0073,S05,P0073-S05-CURRENT,2025-12-31,2025-12-25,2026-02-23,72,72,9.82,active
BATCH-001332,P0073,S05,P0073-S05-HIST,2025-01-01,2024-12-26,2025-02-24,183,0,9.82,depleted
BATCH-001333,P0074,S05,P0074-S05-CURRENT,2025-12-31,2025-12-27,2026-02-10,214,214,5.67,active
BATCH-001334,P0074,S05,P0074-S05-HIST,2025-01-01,2024-12-28,2025-02-11,173,0,5.67,depleted
BATCH-001335,P0075,S05,P0075-S05-CURRENT,2025-12-31,2025-12-28,2026-01-27,281,281,17.39,active
BATCH-001336,P0075,S05,P0075-S05-HIST,2025-01-01,2024-12-29,2025-01-28,245,0,17.39,depleted
BATCH-001337,P0076,S05,P0076-S05-CURRENT,2025-12-31,2025-12-24,2026-12-24,81,81,6.22,active
BATCH-001338,P0076,S05,P0076-S05-HIST,2025-01-01,2024-12-25,2025-12-25,60,0,6.22,depleted
BATCH-001339,P0077,S05,P0077-S05-CURRENT,2025-12-31,2025-12-25,2026-02-23,64,64,2.25,active
BATCH-001340,P0077,S05,P0077-S05-HIST,2025-01-01,2024-12-26,2025-02-24,47,0,2.25,depleted
BATCH-001341,P0078,S05,P0078-S05-CURRENT,2025-12-31,2025-12-28,2026-01-27,155,155,12.76,active
BATCH-001342,P0078,S05,P0078-S05-HIST,2025-01-01,2024-12-29,2025-01-28,282,0,12.76,depleted
BATCH-001343,P0079,S05,P0079-S05-CURRENT,2025-12-31,2025-12-24,2026-06-22,97,97,6.11,active
BATCH-001344,P0079,S05,P0079-S05-HIST,2025-01-01,2024-12-25,2025-06-23,297,0,6.11,depleted
BATCH-001345,P0080,S05,P0080-S05-CURRENT,2025-12-31,2025-12-25,2026-02-23,273,273,13.21,active
BATCH-001346,P0080,S05,P0080-S05-HIST,2025-01-01,2024-12-26,2025-02-24,132,0,13.21,depleted
BATCH-001347,P0081,S05,P0081-S05-CURRENT,2025-12-31,2025-12-27,2026-02-10,367,367,8.67,active
BATCH-001348,P0081,S05,P0081-S05-HIST,2025-01-01,2024-12-28,2025-02-11,262,0,8.67,depleted
BATCH-001349,P0082,S05,P0082-S05-CURRENT,2025-12-31,2025-12-28,2026-01-27,404,404,2.66,active
BATCH-001350,P0082,S05,P0082-S05-HIST,2025-01-01,2024-12-29,2025-01-28,305,0,2.66,depleted
BATCH-001351,P0083,S05,P0083-S05-CURRENT,2025-12-31,2025-12-24,2026-03-24,141,141,5.1,active
BATCH-001352,P0083,S05,P0083-S05-HIST,2025-01-01,2024-12-25,2025-03-25,72,0,5.1,depleted
BATCH-001353,P0084,S05,P0084-S05-CURRENT,2025-12-31,2025-12-28,2026-01-27,101,101,22.08,active
BATCH-001354,P0084,S05,P0084-S05-HIST,2025-01-01,2024-12-29,2025-01-28,81,0,22.08,depleted
BATCH-001355,P0085,S05,P0085-S05-CURRENT,2025-12-31,2025-12-28,2026-01-27,71,71,6.01,active
BATCH-001356,P0085,S05,P0085-S05-HIST,2025-01-01,2024-12-29,2025-01-28,156,0,6.01,depleted
BATCH-001357,P0086,S05,P0086-S05-CURRENT,2025-12-31,2025-12-27,2026-02-10,59,59,20.95,active
BATCH-001358,P0086,S05,P0086-S05-HIST,2025-01-01,2024-12-28,2025-02-11,89,0,20.95,depleted
BATCH-001359,P0087,S05,P0087-S05-CURRENT,2025-12-31,2025-12-25,2026-02-23,69,69,22.04,active
BATCH-001360,P0087,S05,P0087-S05-HIST,2025-01-01,2024-12-26,2025-02-24,179,0,22.04,depleted
BATCH-001361,P0088,S05,P0088-S05-CURRENT,2025-12-31,2025-12-27,2026-02-10,258,258,14.71,active
BATCH-001362,P0088,S05,P0088-S05-HIST,2025-01-01,2024-12-28,2025-02-11,200,0,14.71,depleted
BATCH-001363,P0089,S05,P0089-S05-CURRENT,2025-12-31,2025-12-27,2026-02-10,119,119,11.66,active
BATCH-001364,P0089,S05,P0089-S05-HIST,2025-01-01,2024-12-28,2025-02-11,99,0,11.66,depleted
BATCH-001365,P0090,S05,P0090-S05-CURRENT,2025-12-31,2025-12-24,2026-03-24,270,270,12.09,active
BATCH-001366,P0090,S05,P0090-S05-HIST,2025-01-01,2024-12-25,2025-03-25,182,0,12.09,depleted
BATCH-001367,P0091,S05,P0091-S05-CURRENT,2025-12-31,2025-12-28,2026-01-27,245,245,24.15,active
BATCH-001368,P0091,S05,P0091-S05-HIST,2025-01-01,2024-12-29,2025-01-28,126,0,24.15,depleted
BATCH-001369,P0092,S05,P0092-S05-CURRENT,2025-12-31,2025-12-25,2026-02-23,209,209,24.26,active
BATCH-001370,P0092,S05,P0092-S05-HIST,2025-01-01,2024-12-26,2025-02-24,177,0,24.26,depleted
BATCH-001371,P0093,S05,P0093-S05-CURRENT,2025-12-31,2025-12-25,2026-02-23,68,68,21.55,active
BATCH-001372,P0093,S05,P0093-S05-HIST,2025-01-01,2024-12-26,2025-02-24,39,0,21.55,depleted
BATCH-001373,P0094,S05,P0094-S05-CURRENT,2025-12-31,2025-12-24,2026-12-24,80,80,2.71,active
BATCH-001374,P0094,S05,P0094-S05-HIST,2025-01-01,2024-12-25,2025-12-25,63,0,2.71,depleted
BATCH-001375,P0095,S05,P0095-S05-CURRENT,2025-12-31,2025-12-27,2026-02-10,60,60,7.69,active
BATCH-001376,P0095,S05,P0095-S05-HIST,2025-01-01,2024-12-28,2025-02-11,152,0,7.69,depleted
BATCH-001377,P0096,S05,P0096-S05-CURRENT,2025-12-31,2025-12-27,2026-02-10,106,106,21.84,active
BATCH-001378,P0096,S05,P0096-S05-HIST,2025-01-01,2024-12-28,2025-02-11,54,0,21.84,depleted
BATCH-001379,P0097,S05,P0097-S05-CURRENT,2025-12-31,2025-12-24,2026-03-24,196,196,16.84,active
BATCH-001380,P0097,S05,P0097-S05-HIST,2025-01-01,2024-12-25,2025-03-25,219,0,16.84,depleted
BATCH-001381,P0098,S05,P0098-S05-CURRENT,2025-12-31,2025-12-24,2026-12-24,189,189,7.83,active
BATCH-001382,P0098,S05,P0098-S05-HIST,2025-01-01,2024-12-25,2025-12-25,232,0,7.83,depleted
BATCH-001383,P0099,S05,P0099-S05-CURRENT,2025-12-31,2025-12-24,2026-06-22,183,183,6.31,active
BATCH-001384,P0099,S05,P0099-S05-HIST,2025-01-01,2024-12-25,2025-06-23,73,0,6.31,depleted
BATCH-001385,P0100,S05,P0100-S05-CURRENT,2025-12-31,2025-12-24,2026-12-24,352,352,14.37,active
BATCH-001386,P0100,S05,P0100-S05-HIST,2025-01-01,2024-12-25,2025-12-25,247,0,14.37,depleted
BATCH-001387,P0101,S05,P0101-S05-CURRENT,2025-12-31,2025-12-24,2026-06-23,18,18,79.05,active
BATCH-001388,P0101,S05,P0101-S05-HIST,2025-01-01,2024-12-25,2025-06-24,47,0,79.05,depleted
BATCH-001389,P0102,S05,P0102-S05-CURRENT,2025-12-31,2025-12-24,2026-06-23,310,310,137.12,active
BATCH-001390,P0102,S05,P0102-S05-HIST,2025-01-01,2024-12-25,2025-06-24,326,0,137.12,depleted
BATCH-001391,P0103,S05,P0103-S05-CURRENT,2025-12-31,2025-12-30,2026-01-12,20,20,78.53,near_expiry
BATCH-001392,P0103,S05,P0103-S05-HIST,2025-01-01,2024-12-31,2025-01-13,135,0,78.53,depleted
BATCH-001393,P0104,S05,P0104-S05-CURRENT,2025-12-31,2025-12-30,2026-01-13,30,30,323.55,near_expiry
BATCH-001394,P0104,S05,P0104-S05-HIST,2025-01-01,2024-12-31,2025-01-14,286,0,323.55,depleted
BATCH-001395,P0105,S05,P0105-S05-CURRENT,2025-12-31,2025-12-30,2026-01-10,27,27,190.0,near_expiry
BATCH-001396,P0105,S05,P0105-S05-HIST,2025-01-01,2024-12-31,2025-01-11,180,0,190.0,depleted
BATCH-001397,P0106,S05,P0106-S05-CURRENT,2025-12-31,2025-12-30,2026-01-07,164,164,111.71,near_expiry
BATCH-001398,P0106,S05,P0106-S05-HIST,2025-01-01,2024-12-31,2025-01-08,140,0,111.71,depleted
BATCH-001399,P0107,S05,P0107-S05-CURRENT,2025-12-31,2025-12-24,2026-12-30,109,109,162.2,active
BATCH-001400,P0107,S05,P0107-S05-HIST,2025-01-01,2024-12-25,2025-12-31,183,0,162.2,depleted
BATCH-001401,P0108,S05,P0108-S05-CURRENT,2025-12-31,2025-12-24,2026-12-26,176,176,140.51,active
BATCH-001402,P0108,S05,P0108-S05-HIST,2025-01-01,2024-12-25,2025-12-27,173,0,140.51,depleted
BATCH-001403,P0109,S05,P0109-S05-CURRENT,2025-12-31,2025-12-24,2027-06-24,241,241,163.65,active
BATCH-001404,P0109,S05,P0109-S05-HIST,2025-01-01,2024-12-25,2026-06-25,231,0,163.65,depleted
BATCH-001405,P0110,S05,P0110-S05-CURRENT,2025-12-31,2025-12-24,2027-12-30,104,104,283.16,active
BATCH-001406,P0110,S05,P0110-S05-HIST,2025-01-01,2024-12-25,2026-12-31,62,0,283.16,depleted
BATCH-001407,P0111,S05,P0111-S05-CURRENT,2025-12-31,2025-12-24,2026-06-25,101,101,332.45,active
BATCH-001408,P0111,S05,P0111-S05-HIST,2025-01-01,2024-12-25,2025-06-26,153,0,332.45,depleted
BATCH-001409,P0112,S05,P0112-S05-CURRENT,2025-12-31,2025-12-24,2026-12-31,102,102,125.38,active
BATCH-001410,P0112,S05,P0112-S05-HIST,2025-01-01,2024-12-25,2026-01-01,117,0,125.38,depleted
BATCH-001411,P0113,S05,P0113-S05-CURRENT,2025-12-31,2025-12-24,2026-06-24,127,127,106.31,active
BATCH-001412,P0113,S05,P0113-S05-HIST,2025-01-01,2024-12-25,2025-06-25,131,0,106.31,depleted
BATCH-001413,P0114,S05,P0114-S05-CURRENT,2025-12-31,2025-12-24,2026-06-24,114,114,211.41,active
BATCH-001414,P0114,S05,P0114-S05-HIST,2025-01-01,2024-12-25,2025-06-25,278,0,211.41,depleted
BATCH-001415,P0115,S05,P0115-S05-CURRENT,2025-12-31,2025-12-30,2026-01-12,37,37,201.0,near_expiry
BATCH-001416,P0115,S05,P0115-S05-HIST,2025-01-01,2024-12-31,2025-01-13,147,0,201.0,depleted
BATCH-001417,P0116,S05,P0116-S05-HIST,2025-01-01,2024-12-31,2025-01-09,162,0,183.29,depleted
BATCH-001418,P0117,S05,P0117-S05-HIST,2025-01-01,2024-12-31,2025-01-12,67,0,210.47,depleted
BATCH-001419,P0118,S05,P0118-S05-CURRENT,2025-12-31,2025-12-30,2026-01-11,57,57,191.4,near_expiry
BATCH-001420,P0118,S05,P0118-S05-HIST,2025-01-01,2024-12-31,2025-01-12,187,0,191.4,depleted
BATCH-001421,P0119,S05,P0119-S05-CURRENT,2025-12-31,2025-12-24,2026-12-26,49,49,50.84,active
BATCH-001422,P0119,S05,P0119-S05-HIST,2025-01-01,2024-12-25,2025-12-27,175,0,50.84,depleted
BATCH-001423,P0120,S05,P0120-S05-CURRENT,2025-12-31,2025-12-24,2026-12-22,32,32,138.22,active
BATCH-001424,P0120,S05,P0120-S05-HIST,2025-01-01,2024-12-25,2025-12-23,159,0,138.22,depleted
BATCH-001425,P0121,S05,P0121-S05-CURRENT,2025-12-31,2025-12-24,2027-06-16,54,54,207.13,active
BATCH-001426,P0121,S05,P0121-S05-HIST,2025-01-01,2024-12-25,2026-06-17,196,0,207.13,depleted
BATCH-001427,P0122,S05,P0122-S05-CURRENT,2025-12-31,2025-12-24,2027-12-31,57,57,313.17,active
BATCH-001428,P0122,S05,P0122-S05-HIST,2025-01-01,2024-12-25,2027-01-01,66,0,313.17,depleted
BATCH-001429,P0123,S05,P0123-S05-CURRENT,2025-12-31,2025-12-24,2026-06-20,51,51,332.53,active
BATCH-001430,P0123,S05,P0123-S05-HIST,2025-01-01,2024-12-25,2025-06-21,329,0,332.53,depleted
BATCH-001431,P0124,S05,P0124-S05-CURRENT,2025-12-31,2025-12-24,2026-12-24,35,35,241.7,active
BATCH-001432,P0124,S05,P0124-S05-HIST,2025-01-01,2024-12-25,2025-12-25,73,0,241.7,depleted
BATCH-001433,P0125,S05,P0125-S05-CURRENT,2025-12-31,2025-12-24,2026-06-29,36,36,24.24,active
BATCH-001434,P0125,S05,P0125-S05-HIST,2025-01-01,2024-12-25,2025-06-30,103,0,24.24,depleted
BATCH-001435,P0126,S05,P0126-S05-CURRENT,2025-12-31,2025-12-24,2026-06-26,128,128,206.13,active
BATCH-001436,P0126,S05,P0126-S05-HIST,2025-01-01,2024-12-25,2025-06-27,273,0,206.13,depleted
BATCH-001437,P0127,S05,P0127-S05-CURRENT,2025-12-31,2025-12-30,2026-01-14,164,164,82.12,near_expiry
BATCH-001438,P0127,S05,P0127-S05-HIST,2025-01-01,2024-12-31,2025-01-15,175,0,82.12,depleted
BATCH-001439,P0128,S05,P0128-S05-CURRENT,2025-12-31,2025-12-30,2026-01-10,92,92,237.67,near_expiry
BATCH-001440,P0128,S05,P0128-S05-HIST,2025-01-01,2024-12-31,2025-01-11,196,0,237.67,depleted
BATCH-001441,P0129,S05,P0129-S05-CURRENT,2025-12-31,2025-12-30,2026-01-11,74,74,96.98,near_expiry
BATCH-001442,P0129,S05,P0129-S05-HIST,2025-01-01,2024-12-31,2025-01-12,173,0,96.98,depleted
BATCH-001443,P0130,S05,P0130-S05-CURRENT,2025-12-31,2025-12-30,2026-01-05,27,27,223.12,near_expiry
BATCH-001444,P0130,S05,P0130-S05-HIST,2025-01-01,2024-12-31,2025-01-06,55,0,223.12,depleted
BATCH-001445,P0131,S05,P0131-S05-CURRENT,2025-12-31,2025-12-24,2026-12-27,116,116,42.35,active
BATCH-001446,P0131,S05,P0131-S05-HIST,2025-01-01,2024-12-25,2025-12-28,89,0,42.35,depleted
BATCH-001447,P0132,S05,P0132-S05-CURRENT,2025-12-31,2025-12-24,2026-12-28,129,129,126.04,active
BATCH-001448,P0132,S05,P0132-S05-HIST,2025-01-01,2024-12-25,2025-12-29,135,0,126.04,depleted
BATCH-001449,P0133,S05,P0133-S05-CURRENT,2025-12-31,2025-12-24,2027-06-19,11,11,240.64,active
BATCH-001450,P0133,S05,P0133-S05-HIST,2025-01-01,2024-12-25,2026-06-20,44,0,240.64,depleted
BATCH-001451,P0134,S05,P0134-S05-CURRENT,2025-12-31,2025-12-24,2027-12-22,91,91,47.69,active
BATCH-001452,P0134,S05,P0134-S05-HIST,2025-01-01,2024-12-25,2026-12-23,52,0,47.69,depleted
BATCH-001453,P0135,S05,P0135-S05-CURRENT,2025-12-31,2025-12-24,2026-06-29,109,109,190.31,active
BATCH-001454,P0135,S05,P0135-S05-HIST,2025-01-01,2024-12-25,2025-06-30,141,0,190.31,depleted
BATCH-001455,P0136,S05,P0136-S05-CURRENT,2025-12-31,2025-12-24,2026-12-25,68,68,125.16,active
BATCH-001456,P0136,S05,P0136-S05-HIST,2025-01-01,2024-12-25,2025-12-26,110,0,125.16,depleted
BATCH-001457,P0137,S05,P0137-S05-CURRENT,2025-12-31,2025-12-24,2026-06-22,75,75,238.85,active
BATCH-001458,P0137,S05,P0137-S05-HIST,2025-01-01,2024-12-25,2025-06-23,173,0,238.85,depleted
BATCH-001459,P0138,S05,P0138-S05-CURRENT,2025-12-31,2025-12-24,2026-06-25,13,13,336.3,active
BATCH-001460,P0138,S05,P0138-S05-HIST,2025-01-01,2024-12-25,2025-06-26,90,0,336.3,depleted
BATCH-001461,P0139,S05,P0139-S05-CURRENT,2025-12-31,2025-12-30,2026-01-16,140,140,313.53,active
BATCH-001462,P0139,S05,P0139-S05-HIST,2025-01-01,2024-12-31,2025-01-17,59,0,313.53,depleted
BATCH-001463,P0140,S05,P0140-S05-HIST,2025-01-01,2024-12-31,2025-01-12,258,0,297.94,depleted
BATCH-001464,P0141,S05,P0141-S05-HIST,2025-01-01,2024-12-31,2025-01-06,75,0,219.45,depleted
BATCH-001465,P0142,S05,P0142-S05-CURRENT,2025-12-31,2025-12-30,2026-01-07,64,64,337.95,near_expiry
BATCH-001466,P0142,S05,P0142-S05-HIST,2025-01-01,2024-12-31,2025-01-08,122,0,337.95,depleted
BATCH-001467,P0143,S05,P0143-S05-CURRENT,2025-12-31,2025-12-24,2026-12-29,38,38,141.33,active
BATCH-001468,P0143,S05,P0143-S05-HIST,2025-01-01,2024-12-25,2025-12-30,86,0,141.33,depleted
BATCH-001469,P0144,S05,P0144-S05-CURRENT,2025-12-31,2025-12-24,2026-12-31,76,76,125.2,active
BATCH-001470,P0144,S05,P0144-S05-HIST,2025-01-01,2024-12-25,2026-01-01,108,0,125.2,depleted
BATCH-001471,P0145,S05,P0145-S05-CURRENT,2025-12-31,2025-12-24,2027-06-17,63,63,240.43,active
BATCH-001472,P0145,S05,P0145-S05-HIST,2025-01-01,2024-12-25,2026-06-18,135,0,240.43,depleted
BATCH-001473,P0146,S05,P0146-S05-CURRENT,2025-12-31,2025-12-24,2027-12-26,59,59,80.61,active
BATCH-001474,P0146,S05,P0146-S05-HIST,2025-01-01,2024-12-25,2026-12-27,88,0,80.61,depleted
BATCH-001475,P0147,S05,P0147-S05-CURRENT,2025-12-31,2025-12-24,2026-06-24,62,62,164.59,active
BATCH-001476,P0147,S05,P0147-S05-HIST,2025-01-01,2024-12-25,2025-06-25,130,0,164.59,depleted
BATCH-001477,P0148,S05,P0148-S05-CURRENT,2025-12-31,2025-12-24,2026-12-25,34,34,34.22,active
BATCH-001478,P0148,S05,P0148-S05-HIST,2025-01-01,2024-12-25,2025-12-26,73,0,34.22,depleted
BATCH-001479,P0149,S05,P0149-S05-CURRENT,2025-12-31,2025-12-24,2026-06-23,87,87,59.75,active
BATCH-001480,P0149,S05,P0149-S05-HIST,2025-01-01,2024-12-25,2025-06-24,47,0,59.75,depleted
BATCH-001481,P0150,S05,P0150-S05-CURRENT,2025-12-31,2025-12-24,2026-06-23,67,67,207.3,active
BATCH-001482,P0150,S05,P0150-S05-HIST,2025-01-01,2024-12-25,2025-06-24,178,0,207.3,depleted
